Mode,Crash In Disadvantaged Community,MasterFile,CollisionDate,CollisionTime,CollisionDayWeekCode,RoadwayName_HouseBusinessNumber_,RoadwayName_RoadwayName_,RoadwayName_Direction_,RoadwayName_RoadwaySuffix_,RoadwayfromReport,CurrentRoadwayNumber,RSEUniqueGIS,RoadwayIdentifier,ParkingLotIndicator,Latitude,Longitude,MannerofCollisionCode,YR,KABCO,KTC_RT,KTC_MP,Motorcyclist,Commercial Vehicle,Young Driver,Mature Driver,Pedestrian,Bicyclist,Distracted,Aggressive,Impaired,Unrestrained,Intersection,Roadway Departure,Median Cross-over,In City Limits?
Motor Vehicle,DAC,72152212,20180208,1108,4,NULL,DIXIE,N,AVE,US0031W,US0031W,047 US-0031W,US0031W,N,37.71282,-85.8763,1,2018,C,047-US-0031W -000,18.336,0,0,0,0,0,0,0,1,0,0,1,0,0,Y
Motor Vehicle,DAC,72152215,20180211,836,0,NULL,MAIN,N,ST,NULL,NULL,047 CS-1320,CS1320,N,37.70784,-85.84067,9,2018,O,047-CS-1320  -000,1.399,0,0,0,0,0,0,1,1,0,0,0,1,0,Y
Motor Vehicle,DAC,72152411,20180211,2018,0,NULL,DIXIE,N,AVE,US0031W,US0031W,047 US-31W,US0031W,N,37.73108,-85.88538,5,2018,O,047-US-0031W -000,19.691,0,0,0,0,0,0,1,0,0,0,0,0,0,Y
Motor Vehicle,Non DAC,72152753,20180212,656,1,NULL,BLACK BRANCH,N,RD,NULL,NULL,047 CS-1551,CS1551,N,37.67532,-85.92158,7,2018,O,047-CS-1551  -000,1.158,0,0,0,0,0,0,0,0,0,0,0,1,0,Y
Motor Vehicle,Non DAC,72152821,20180212,841,1,NULL,HODGENVILLE,NULL,RD,KY0210,KY0210,047 KY-210,KY0210,N,37.66656,-85.83839,1,2018,O,047-KY-0210  -000,0.63,0,0,0,0,0,0,1,0,0,0,1,0,0,Y
Motor Vehicle,Non DAC,72152853,20180209,1444,5,NULL,RING,NULL,RD,KY3005,KY3005,047 KY-3005,KY3005,N,37.68421,-85.91564,1,2018,O,047-KY-3005  -000,2.813,0,1,0,0,0,0,0,1,0,0,1,0,0,Y
Motor Vehicle,DAC,72153054,20180212,2032,1,NULL,MULBERRY,N,ST,US0062,US0062,047 US-62,US0062,N,37.70822,-85.84015,1,2018,A,047-US-0062  -000,19.431,0,0,1,0,0,0,0,1,0,0,0,0,0,Y
Motor Vehicle,Non DAC,72153076,20180212,2018,1,NULL,DIXIE,N,AVE,US0031W,US0031W,047 US-31W-10,US0031W,N,37.74577,-85.89273,4,2018,O,047-US-0031W -000,20.771,0,0,0,0,0,0,0,1,0,0,1,0,0,Y
Motor Vehicle,Non DAC,72153082,20180212,2105,1,NULL,DIXIE,S,HWY,US0031W,US0031W,047 US-31W,US0031W,N,37.66967,-85.84651,1,2018,O,047-US-0031W -000,14.8,0,0,0,0,0,0,1,1,0,0,1,0,0,Y
Motor Vehicle,DAC,72153266,20180213,1147,2,NULL,DIXIE,W,AVE,US0031W,US0031W,047 US-31W,US0031W,N,37.70128,-85.86802,5,2018,O,047-US-0031W -000,17.409,0,0,1,0,0,0,1,0,0,0,0,0,0,Y
Motor Vehicle,DAC,72153274,20180110,849,3,NULL,US31W BYP,NULL,NULL,US0031WB,US0031WB,047 US-0031WB,US0031WB,N,37.69108,-85.87061,5,2018,O,047-US-0031WB-000,1.272,0,0,0,0,0,0,1,0,0,0,0,0,0,Y
Motor Vehicle,DAC,72153275,20180212,757,1,NULL,NICHOLAS,NULL,ST,NULL,NULL,047 CS-1389,NICHOLAS ST,N,37.68921,-85.86379,9,2018,O,047-CS-1389  -000,0.498,0,0,0,0,0,0,0,1,0,0,1,0,0,Y
Motor Vehicle,DAC,72153276,20180212,923,1,NULL,MAIN,N,ST,NULL,NULL,047 CS-1320,MAIN ST N,N,37.70781,-85.84064,9,2018,O,047-CS-1320  -000,1.392,0,0,0,1,0,0,0,1,0,0,0,1,0,Y
Motor Vehicle,Non DAC,72153277,20180212,1225,1,NULL,PETERSON,NULL,DR,NULL,NULL,047 CS-1251,PETERSON DR,N,37.68474,-85.90765,3,2018,O,047-CS-1251  -000,0.446,0,0,0,0,0,0,0,0,0,0,0,0,0,Y
Motor Vehicle,DAC,72153278,20180212,1344,1,NULL,SAINT JOHN,NULL,RD,KY1357,KY1357,047 KY-1357,KY1357,N,37.70425,-85.8712,1,2018,O,047-KY-1357  -000,16.981,0,0,0,1,0,0,0,1,0,0,1,0,0,Y
Motor Vehicle,DAC,72153499,20180212,615,1,319,ROBIN,NULL,RD,NULL,NULL,047 CS-1049,CS1049,N,37.70057,-85.86096,8,2018,O,047-CS-1049  -000,0.022,0,0,0,0,0,0,0,0,0,0,0,0,0,Y
Motor Vehicle,DAC,72153507,20180208,1546,4,NULL,DIXIE,N,AVE,US0031W,US0031W,047 US-31W,US0031W,N,37.74055,-85.88997,5,2018,O,047-US-0031W -000,20.381,0,0,0,0,0,0,1,1,0,0,0,0,0,Y
Motor Vehicle,Non DAC,72153552,20180210,922,6,NULL,RING,NULL,RD,KY3005,KY3005,047 KY-3005,KY3005,N,37.72222,-85.8976,9,2018,C,047-KY-3005  -000,5.703,0,0,0,1,0,0,0,0,0,0,0,1,0,Y
Motor Vehicle,DAC,72153774,20180214,1125,3,NULL,MULBERRY,N,ST,US0062,US0062,047 US-62,US0062,N,37.70066,-85.85317,8,2018,O,047-US-0062  -000,18.548,0,0,0,0,0,0,0,0,0,0,0,1,0,Y
Motor Vehicle,DAC,72153969,20180214,1548,3,NULL,31W,NULL,BYP,US0031WB,US0031WB,047 US-31WB,US0031WB,N,37.69156,-85.87106,8,2018,O,047-US-0031WB-000,1.317,0,0,0,0,0,0,1,1,0,0,0,1,0,Y
Motor Vehicle,DAC,72153970,20180214,1631,3,NULL,31W,NULL,BYP,US0031WB,US0031WB,047 US-31WB-10,US0031WB,N,37.69384,-85.87499,5,2018,O,047-US-0031WB-000,1.577,0,0,0,0,0,0,0,1,0,0,0,0,0,Y
Motor Vehicle,DAC,72154265,20180209,2147,5,NULL,MULBERRY,S,ST,US0062,US0062,047 US-62,US0062,N,37.6919,-85.86124,1,2018,O,047-US-0062  -000,17.8,0,0,0,0,0,0,1,0,0,0,0,0,0,Y
Motor Vehicle,Non DAC,72154325,20180215,1643,4,NULL,RING,NULL,RD,KY3005,KY3005,047 KY-3005-10,KY3005,N,37.72643,-85.88981,5,2018,O,047-KY-3005  -000,6.22,0,0,1,0,0,0,1,1,0,0,0,0,0,Y
Motor Vehicle,DAC,72154372,20180214,1950,3,NULL,HODGENVILLE,NULL,RD,KY0210,KY0210,047 KY-210,KY0210,N,37.67232,-85.84365,1,2018,O,047-KY-0210  -000,0.133,0,0,0,0,0,0,0,1,0,0,1,0,0,Y
Motor Vehicle,DAC,72154772,20180216,1411,5,NULL,DIXIE,N,AVE,US0031W,US0031W,047 US-31W-10,US0031W,N,37.72826,-85.88424,1,2018,O,047-US-0031W -000,19.488,0,0,1,0,0,0,0,1,0,0,1,0,0,Y
Motor Vehicle,DAC,72154812,20180216,1730,5,NULL,NULL,NULL,NULL,I 0065,I 0065,NULL,NULL,N,37.71318,-85.83073,5,2018,O,047-I -0065  -531,0.263,0,0,0,1,0,0,1,0,0,0,0,0,0,Y
Motor Vehicle,DAC,72155200,20180218,804,0,NULL,US31W BYP S TURN LANE,NULL,NULL,US0031WB,US0031WB,047 US-31WB-25,US0031WB,N,37.71925,-85.88011,9,2018,O,047-US-0031WB-025,0.036,0,0,1,0,0,0,0,0,0,0,0,0,0,Y
Motor Vehicle,Non DAC,72155429,20180218,1030,0,NULL,LAWSON,NULL,BLVD,NULL,NULL,NULL,NULL,N,37.66353,-85.84946,2,2018,O,047-CS-1483  -000,0.091,0,0,0,1,0,0,1,0,0,0,0,0,0,Y
Motor Vehicle,DAC,72155702,20180219,958,1,NULL,VALLEY CREEK,NULL,RD,KY0567,KY0567,047 KY-567,KY0567,N,37.67221,-85.84374,9,2018,O,047-KY-0567  -000,0,0,0,1,0,0,0,1,0,0,0,0,1,0,Y
Motor Vehicle,DAC,72156136,20180220,1352,2,NULL,DIXIE,N,AVE,US0031W,US0031W,047 US-31W-10,US0031W,N,37.73117,-85.88568,1,2018,O,047-US-0031W -000,19.704,0,0,0,1,0,0,0,1,0,0,1,0,0,Y
Motor Vehicle,DAC,72156201,20180220,1602,2,NULL,MANTLE,N,AVE,NULL,NULL,047 CS-1025,CS1025,N,37.70098,-85.86747,1,2018,O,047-CS-1025  -000,0.01,0,0,0,1,0,0,1,1,0,0,0,0,0,Y
Motor Vehicle,DAC,72156345,20180221,750,3,NULL,MILES,N,ST,KY0251,KY0251,047 KY-251,KY0251,N,37.6971,-85.86193,4,2018,O,047-KY-0251  -000,0.09,0,0,1,1,0,0,0,0,0,1,1,0,0,Y
Motor Vehicle,DAC,72156430,20180221,934,3,NULL,NEW GLENDALE,NULL,RD,KY1136,KY1136,047 KY-1136,KY1136,N,37.68261,-85.8522,9,2018,O,047-KY-1136  -000,10.542,0,0,0,1,0,0,0,0,0,0,0,0,0,Y
Motor Vehicle,DAC,72156442,20180221,755,3,NULL,31W,NULL,BYP,US0031WB,US0031WB,047 US-31WB,US0031WB,N,37.69095,-85.8701,5,2018,C,047-US-0031WB-000,1.25,0,0,0,0,0,0,0,1,0,0,0,0,0,Y
Motor Vehicle,DAC,72156533,20180221,725,3,NULL,DIXIE,N,HWY,US0031W,US0031W,047 US-31W-10,US0031W,N,37.75791,-85.89829,9,2018,O,047-US-0031W -000,21.684,0,0,0,0,0,0,0,1,0,0,1,0,0,Y
Motor Vehicle,Non DAC,72156568,20180221,1130,3,NULL,ST JOHN,NULL,RD,KY1357,KY1357,047 KY-1357,KY1357,N,37.69844,-85.88659,5,2018,O,047-KY-1357  -000,16.038,0,0,0,0,0,0,1,0,0,0,0,0,0,Y
Motor Vehicle,DAC,72156656,20180221,1904,3,NULL,MULBERRY,N,ST,US0062,US0062,047 US-62-10,US0062,N,37.71261,-85.83191,5,2018,O,047-US-0062  -000,19.973,0,0,1,1,0,0,1,1,0,0,0,0,0,Y
Motor Vehicle,DAC,72156812,20180222,745,4,NULL,DIXIE,E,AVE,US0031W,US0031W,047 US-31W,US0031W,N,37.68986,-85.85472,5,2018,O,047-US-0031W -000,16.317,0,0,1,0,0,0,0,1,0,0,0,0,0,Y
Motor Vehicle,DAC,72157084,20180219,1937,1,NULL,A JENKINS,W,RD,KY2802,KY2802,047 KY-2802,KY2802,N,37.75769,-85.89886,8,2018,O,047-KY-2802  -000,2.624,0,0,1,1,0,0,1,1,0,0,0,1,0,Y
Motor Vehicle,Non DAC,72157176,20180222,1314,4,NULL,PATRIOT,NULL,PKWY,KY0361,KY0361,047 KY-361-10,KY0361,N,37.71729,-85.90355,5,2018,O,047-KY-0361  -000,1.825,0,0,1,0,0,0,1,0,0,0,1,0,0,Y
Motor Vehicle,Non DAC,72157213,20180222,1720,4,NULL,RING,NULL,RD,KY3005,KY3005,047 KY-3005,KY3005,N,37.71883,-85.90152,1,2018,B,047-KY-3005  -000,5.387,0,0,0,0,0,0,1,1,0,0,0,0,0,Y
Motor Vehicle,DAC,72157264,20180223,2155,5,NULL,SYCAMORE,NULL,ST,NULL,NULL,047 CS-1026,CS1026,N,37.70305,-85.86644,7,2018,O,047-CS-1026  -000,0.145,0,0,0,0,0,0,0,0,1,0,0,0,0,Y
Motor Vehicle,DAC,72157313,20180222,1420,4,NULL,MULBERRY,S,ST,US0062,US0062,047 US-62,US0062,N,37.69147,-85.86166,5,2018,O,047-US-0062  -000,17.762,0,0,1,0,0,0,1,0,0,0,1,0,0,Y
Motor Vehicle,DAC,72157589,20180223,1427,5,NULL,DIXIE,N,AVE,US0031W,US0031W,047 US-31W,US0031W,N,37.73099,-85.88534,8,2018,O,047-US-0031W -000,19.685,0,0,0,1,0,0,1,1,0,0,0,1,0,Y
Motor Vehicle,Non DAC,72157670,20180222,1916,4,NULL,MULBERRY,N,ST,US0062,US0062,NULL,NULL,N,37.71417,-85.82839,3,2018,O,047-US-0062  -000,20.175,0,0,0,0,0,0,1,0,0,0,0,1,0,Y
Motor Vehicle,Non DAC,72157854,20180220,1544,2,NULL,HODGENVILLE,NULL,RD,KY0210,KY0210,047 KY-210,KY0210,N,37.66644,-85.83826,5,2018,O,047-KY-0210  -000,0.621,0,0,0,0,0,0,1,0,0,0,0,0,0,Y
Motor Vehicle,Non DAC,72157867,20180224,1112,6,NULL,DIXIE,S,HWY,US0031W,US0031W,047 US-31W,US0031W,N,37.66876,-85.84671,5,2018,O,047-US-0031W -000,14.73,0,0,0,0,0,0,1,1,0,0,0,0,0,Y
Motor Vehicle,Non DAC,72157900,20180224,1334,6,NULL,TOWNE,NULL,DR,NULL,NULL,047 CS-1448,CS1448,N,37.73352,-85.88851,5,2018,O,047-CS-1448  -000,0.098,0,0,0,0,0,0,1,0,0,0,0,0,0,Y
Motor Vehicle,Non DAC,72158099,20180223,1935,5,NULL,TOWNE,NULL,DR,NULL,NULL,047 CS-1448,CS1448,N,37.73044,-85.89408,5,2018,O,047-CS-1448  -000,0.485,0,0,0,0,0,0,1,1,0,0,0,0,0,Y
Motor Vehicle,DAC,72158301,20180223,2152,5,NULL,31W,NULL,BYP,US0031WB,US0031WB,047 US-31WB-10,US0031WB,N,37.69903,-85.8813,9,2018,O,047-US-0031WB-000,2.078,0,0,0,0,0,0,0,0,0,0,0,1,0,Y
Motor Vehicle,Non DAC,72158848,20180226,1355,1,NULL,TOWNE,NULL,DR,NULL,NULL,047 CS-1448,CS1448,N,37.73053,-85.89361,1,2018,O,047-CS-1448  -000,0.458,0,0,0,1,0,0,0,1,0,0,0,0,0,Y
Motor Vehicle,DAC,72158898,20180226,1221,1,NULL,WALMART,NULL,LN,NULL,NULL,047 PR-1004,PR1004,N,37.72954,-85.88216,4,2018,O,047-PR-1004  -000,0.041,0,0,0,1,0,0,1,1,0,0,0,0,0,Y
Motor Vehicle,DAC,72158926,20180226,1557,1,NULL,DIXIE,N,AVE,US0031W,US0031W,047 US-31W-10,US0031W,N,37.73758,-85.88886,1,2018,O,047-US-0031W -000,20.201,0,0,0,1,0,0,1,1,0,0,0,0,0,Y
Motor Vehicle,DAC,72158932,20180226,1738,1,NULL,MULBERRY,S,ST,US0062,US0062,047 US-62,US0062,N,37.69176,-85.8614,8,2018,O,047-US-0062  -000,17.775,0,0,0,0,0,0,0,0,0,0,0,1,0,Y
Motor Vehicle,DAC,72158987,20180119,1823,5,NULL,31W,NULL,BYP,US0031WB,US0031WB,047 US-31WB,US0031WB,N,37.69232,-85.87221,5,2018,O,047-US-0031WB-000,1.399,0,0,0,0,0,0,1,0,0,0,1,0,0,Y
Motor Vehicle,DAC,72159006,20180226,1559,1,NULL,MULBERRY,N,ST,US0062,US0062,047 US-62-10,US0062,N,37.71257,-85.83196,1,2018,O,047-US-0062  -000,19.977,0,0,0,0,0,0,0,1,0,0,1,0,0,Y
Motor Vehicle,DAC,72159007,20180226,1724,1,NULL,DIXIE,N,AVE,US0031W,US0031W,047 US-31W-10,US0031W,N,37.71998,-85.88016,5,2018,O,047-US-0031W -000,18.873,0,0,0,1,0,0,0,0,0,0,0,0,0,Y
Motor Vehicle,DAC,72159164,20180221,750,3,NULL,DIXIE,N,AVE,US0031W,US0031W,047 US-31W-10,US0031W,N,37.73798,-85.88906,4,2018,O,047-US-0031W -000,20.219,0,0,1,0,0,0,0,1,0,0,1,0,0,Y
Motor Vehicle,Non DAC,72159421,20180227,1800,2,NULL,RING,NULL,RD,KY3005,KY3005,047 KY-3005,KY3005,N,37.68468,-85.91562,8,2018,O,047-KY-3005  -000,2.847,0,0,1,0,0,0,1,0,0,0,0,1,0,Y
Motor Vehicle,Non DAC,72159440,20180227,1644,2,NULL,DIXIE,N,AVE,US0031W,US0031W,047 US-31W-10,US0031W,N,37.74621,-85.89293,5,2018,O,047-US-0031W -000,20.806,0,0,0,0,0,0,0,0,0,0,0,0,0,Y
Motor Vehicle,Non DAC,72159489,20180227,1224,2,NULL,RING,NULL,RD,KY3005,KY3005,047 KY-3005,KY3005,N,37.68427,-85.91573,4,2018,O,047-KY-3005  -000,2.808,0,0,0,0,0,0,1,0,0,0,1,0,0,Y
Motor Vehicle,DAC,72159789,20180228,1331,3,NULL,RING,NULL,RD,KY3005,KY3005,047 KY-3005,KY3005,N,37.7282,-85.8841,8,2018,O,047-KY-3005  -000,6.532,0,0,0,1,0,0,0,0,0,0,1,0,0,Y
Motor Vehicle,Non DAC,72159790,20180228,1349,3,NULL,TOWNE,NULL,DR,NULL,NULL,047 CS-1448,CS1448,N,37.7331,-85.88984,1,2018,O,047-CS-1448  -000,0.176,0,0,0,0,0,0,1,0,0,0,0,0,0,Y
Motor Vehicle,DAC,72159867,20180228,1925,3,NULL,DIXIE,N,AVE,US0031W,US0031W,047 US-31W,US0031W,N,37.72795,-85.88387,5,2018,O,047-US-0031W -000,19.454,0,0,0,0,0,0,1,0,0,0,0,0,0,Y
Motor Vehicle,DAC,72159911,20180228,1637,3,NULL,DIXIE,N,AVE,US0031W,US0031W,047 US-31W,US0031W,N,37.73107,-85.88538,8,2018,O,047-US-0031W -000,19.691,0,0,0,0,0,0,1,0,0,0,0,1,0,Y
Motor Vehicle,DAC,72160190,20180301,1159,4,NULL,RING,NULL,RD,KY3005,KY3005,047 KY-3005,KY3005,N,37.7284,-85.88368,8,2018,O,047-KY-3005  -000,6.569,0,0,0,0,0,0,0,0,0,0,0,1,0,Y
Motor Vehicle,Non DAC,72160200,20180301,22,4,NULL,DIXIE,S,HWY,US0031W,US0031W,047 US-31W,US0031W,N,37.65989,-85.84883,9,2018,O,047-US-0031W -000,14.109,0,0,0,0,0,0,0,0,0,0,0,0,0,Y
Motor Vehicle,DAC,72160258,20180216,1929,5,NULL,DIXIE,E,AVE,US0031W,US0031W,047 US-31W,US0031W,N,37.68823,-85.85316,5,2018,O,047-US-0031W -000,16.171,0,0,1,0,0,0,0,1,0,0,0,0,0,Y
Motor Vehicle,DAC,72160386,20180215,1452,4,NULL,ST JAMES,NULL,AVE,NULL,NULL,047 CS-1028,CS1028,N,37.70599,-85.85728,9,2018,O,047-CS-1028  -000,0.103,0,0,1,0,0,0,0,0,0,0,0,1,0,Y
Motor Vehicle,Non DAC,72160437,20180302,653,5,805,GREENVIEW,NULL,CIR,NULL,NULL,047 CS-1535,CS1535,N,37.75629,-85.88213,7,2018,O,047-CS-1535  -000,0.105,0,0,0,0,0,0,1,0,0,0,0,0,0,Y
Motor Vehicle,DAC,72160532,20180210,1202,6,501,PEAR ORCHARD,NULL,RD,NULL,NULL,047 CS-1327,CS1327,N,37.72051,-85.85816,9,2018,O,047-CS-1327  -000,0.691,0,0,0,0,0,0,0,0,0,0,0,1,0,Y
Motor Vehicle,DAC,72160534,20180228,829,3,NULL,ST JOHN,NULL,RD,KY1357,KY1357,047 KY-1357,KY1357,N,37.70418,-85.87134,2,2018,O,047-KY-1357  -000,16.972,0,0,0,0,0,0,0,0,0,0,0,0,0,Y
Motor Vehicle,DAC,72160538,20180224,1757,6,NULL,POPLAR,W,ST,NULL,NULL,047 CS-1068,CS1068,N,37.703,-85.86798,1,2018,O,047-CS-1068  -000,0.867,0,0,1,0,0,0,1,1,0,0,1,0,0,Y
Motor Vehicle,DAC,72160586,20180228,1726,3,NULL,DIXIE,N,AVE,US0031W,US0031W,047 US-31W-10,US0031W,N,37.72335,-85.88183,1,2018,B,047-US-0031W -000,19.121,0,0,0,0,0,0,1,1,0,0,1,0,0,Y
Motor Vehicle,DAC,72160792,20180302,1414,5,NULL,RING,NULL,RD,KY3005,KY3005,047 KY-3005,KY3005,N,37.71509,-85.84032,5,2018,O,047-KY-3005  -000,10.151,0,0,0,0,0,0,1,0,0,0,0,0,0,Y
Motor Vehicle,DAC,72160856,20180226,1515,1,NULL,RING,NULL,RD,KY3005,KY3005,047 KY-3005,KY3005,N,37.72716,-85.83915,1,2018,O,047-KY-3005  -000,9.31,0,0,0,1,0,0,1,0,0,0,0,0,1,Y
Motor Vehicle,DAC,72160857,20180302,1730,5,NULL,DIXIE,N,AVE,US0031W,US0031W,047 US-31W,US0031W,N,37.71146,-85.87556,8,2018,O,047-US-0031W -000,18.234,0,0,0,1,0,0,1,0,0,0,0,1,0,Y
Motor Vehicle,DAC,72160858,20180302,1400,5,NULL,MULBERRY,N,ST,US0062,US0062,047 US-62-10,US0062,N,37.71238,-85.83241,2,2018,O,047-US-0062  -000,19.945,0,0,0,0,0,0,1,0,0,0,0,0,0,Y
Motor Vehicle,DAC,72160980,20180208,1140,4,NULL,DIXIE,E,AVE,US0031W,US0031W,047 US-0031W,US0031W,N,37.69285,-85.8577,5,2018,O,047-US-0031W -000,16.587,0,0,0,1,0,0,0,0,0,0,0,0,0,Y
Motor Vehicle,DAC,72160981,20180212,741,1,NULL,US31W BYP,NULL,NULL,US0031WB,US0031WB,047 US-0031WB,US0031WB,N,37.68876,-85.8668,9,2018,B,047-US-0031WB-000,0.994,0,0,0,0,0,0,0,0,0,0,1,0,0,Y
Motor Vehicle,DAC,72160982,20180226,656,1,NULL,MULBERRY,N,ST,US0062,US0062,047 US-0062,US0062,N,37.71215,-85.83266,5,2018,O,047-US-0062  -000,19.924,0,0,0,0,0,0,1,1,0,0,0,0,0,Y
Motor Vehicle,DAC,72160983,20180226,819,1,NULL,DOLPHIN,NULL,DR,NULL,NULL,047 CS-1430,DOLPHIN DR,N,37.71239,-85.83758,1,2018,O,047-CS-1430  -000,0.186,0,0,0,0,0,0,0,1,0,0,0,0,0,Y
Motor Vehicle,DAC,72160984,20180226,1209,1,NULL,DIXIE,E,AVE,US0031W,US0031W,047 US-0031W,US0031W,N,37.69266,-85.85732,1,2018,O,047-US-0031W -000,16.562,0,0,0,0,0,0,0,1,0,0,1,0,0,Y
Motor Vehicle,DAC,72160985,20180302,628,5,NULL,MAIN,N,ST,NULL,NULL,047 CS-1320,MAIN ST N,N,37.70573,-85.84232,1,2018,O,047-CS-1320  -000,1.222,0,0,0,0,0,0,0,1,0,0,1,0,0,Y
Motor Vehicle,DAC,72161165,20180303,,6,NULL,SUNSET,NULL,RD,NULL,NULL,047 CS-1070,CS1070,N,37.70415,-85.86862,,2018,O,047-CS-1070  -000,0.107,0,0,0,0,0,0,0,0,0,0,0,0,0,Y
Motor Vehicle,Non DAC,72161187,20180303,2300,6,NULL,PATRIOT,NULL,PKWY,KY0361,KY0361,047 KY-361-10,KY0361,N,37.7278,-85.91696,1,2018,B,047-KY-0361  -000,2.862,0,0,1,0,0,0,1,0,0,0,1,0,0,Y
Motor Vehicle,DAC,72161314,20180304,1333,0,NULL,DIXIE,N,AVE,US0031W,US0031W,047 US-31W,US0031W,N,37.71826,-85.87902,5,2018,O,047-US-0031W -000,18.743,0,0,0,0,0,0,1,0,0,0,0,0,0,Y
Motor Vehicle,DAC,72161377,20180302,1546,5,NULL,DIXIE,W,AVE,US0031W,US0031W,047 US-31W,US0031W,N,37.70154,-85.86822,5,2018,C,047-US-0031W -000,17.43,0,0,0,1,0,0,0,1,0,0,0,0,0,Y
Motor Vehicle,DAC,72162279,20180306,1318,2,NULL,MULBERRY,N,ST,US0062,US0062,047 US-62-10,US0062,N,37.71371,-85.82965,5,2018,O,047-US-0062  -000,20.105,0,0,0,0,0,0,1,0,0,0,0,0,0,Y
Motor Vehicle,DAC,72162677,20180307,1258,3,NULL,DIXIE,N,AVE,US0031W,US0031W,047 US-31W-10,US0031W,N,37.74144,-85.89077,5,2018,O,047-US-0031W -000,20.457,0,0,0,0,0,0,0,0,0,0,0,0,0,Y
Motor Vehicle,DAC,72163055,20180308,1124,4,NULL,MULBERRY,N,ST,US0062,US0062,047 US-62-10,US0062,N,37.71253,-85.83193,4,2018,O,047-US-0062  -000,19.973,0,0,1,0,0,0,1,0,0,0,1,0,0,Y
Motor Vehicle,Non DAC,72163285,20180308,1913,4,NULL,LEITCHFIELD,NULL,RD,US0062,US0062,047 US-62,US0062,N,37.67623,-85.90042,9,2018,O,047-US-0062  -000,15.279,0,0,1,0,0,0,0,0,0,0,0,1,0,Y
Motor Vehicle,Non DAC,72163364,20180308,2034,4,NULL,DIXIE,N,AVE,US0031W,US0031W,047 US-31W-10,US0031W,N,37.75064,-85.89496,4,2018,B,047-US-0031W -000,21.143,0,0,1,0,0,0,1,1,0,0,1,0,0,Y
Motor Vehicle,DAC,72163381,20180305,857,1,NULL,US31W BYP S TURN LANE,NULL,NULL,US0031WB,US0031WB,047 US-31WB-25,US0031WB,N,37.7192,-85.88016,5,2018,O,047-US-0031WB-025,0.041,0,0,1,0,0,0,1,0,0,0,0,0,0,Y
Motor Vehicle,DAC,72164031,20180310,1833,6,NULL,MULBERRY,N,ST,US0062,US0062,047 US-62,US0062,N,37.69948,-85.85436,5,2018,O,047-US-0062  -000,18.441,0,0,1,0,0,0,1,0,0,0,1,0,0,Y
Motor Vehicle,DAC,72164682,20180312,1138,1,NULL,RING,NULL,RD,KY3005,KY3005,047 KY-3005,KY3005,N,37.73216,-85.84435,1,2018,O,047-KY-3005  -000,8.829,0,0,0,0,0,0,1,1,0,0,1,0,0,Y
Motor Vehicle,Non DAC,72164759,20180312,1350,1,NULL,DIXIE,N,HWY,US0031W,US0031W,047 US-31W-10,US0031W,N,37.75094,-85.89507,5,2018,O,047-US-0031W -000,21.166,0,0,1,0,0,0,1,0,0,0,0,0,0,Y
Motor Vehicle,DAC,72164815,20180312,927,1,NULL,MAIN,N,ST,NULL,NULL,047 CS-1320,CS1320,N,37.70338,-85.84471,1,2018,O,047-CS-1320  -000,1.014,0,0,0,0,0,0,0,1,0,0,1,0,0,Y
Motor Vehicle,DAC,72164869,20180312,1714,1,NULL,DIXIE,N,AVE,US0031W,US0031W,047 US-31W-10,US0031W,N,37.70507,-85.87185,5,2018,O,047-US-0031W -000,17.732,0,0,0,0,0,0,1,0,0,0,0,0,0,Y
Motor Vehicle,DAC,72164896,20180312,1900,1,NULL,DIXIE,N,AVE,US0031W,US0031W,047 US-31W,US0031W,N,37.73106,-85.8853,5,2018,O,047-US-0031W -000,19.688,0,0,1,0,0,0,1,0,0,0,0,0,0,Y
Motor Vehicle,Non DAC,72164910,20180311,1911,0,NULL,PATRIOT,NULL,PKWY,KY0361,KY0361,047 KY-361-10,KY0361,N,37.73189,-85.91931,9,2018,C,047-KY-0361  -000,3.172,0,0,0,0,0,0,0,0,0,0,0,1,0,Y
Motor Vehicle,Non DAC,72164997,20180313,802,2,NULL,PATRIOT,NULL,PKWY,KY0361,KY0361,047 KY-361,KY0361,N,37.72163,-85.90938,5,2018,O,047-KY-0361  -000,2.268,0,0,0,0,0,0,0,0,0,0,0,0,0,Y
Motor Vehicle,DAC,72165118,20180313,1013,2,NULL,RING,NULL,RD,KY3005,KY3005,047 KY-3005,KY3005,N,37.72861,-85.88311,5,2018,O,047-KY-3005  -000,6.603,0,0,0,1,0,0,0,0,0,0,0,0,0,Y
Motor Vehicle,DAC,72165345,20180313,1729,2,NULL,RING,NULL,RD,KY3005,KY3005,047 KY-3005,KY3005,N,37.7307,-85.87539,5,2018,O,047-KY-3005  -000,7.055,0,0,0,0,0,0,1,0,0,0,0,0,0,Y
Motor Vehicle,DAC,72165388,20180313,1628,2,NULL,DIXIE,N,AVE,US0031W,US0031W,047 US-31W-10,US0031W,N,37.71792,-85.87897,1,2018,B,047-US-0031W -000,18.713,0,0,0,0,0,0,1,0,0,0,1,0,0,Y
Motor Vehicle,Non DAC,72165532,20180314,639,3,NULL,PATRIOT,NULL,PKWY,KY0361,KY0361,047 KY-361-10,KY0361,N,37.71727,-85.90339,1,2018,O,047-KY-0361  -000,1.823,0,0,0,0,0,0,0,0,0,0,1,0,0,Y
Motor Vehicle,DAC,72165600,20180314,1004,3,NULL,RING,NULL,RD,KY3005,KY3005,047 KY-3005,KY3005,N,37.73216,-85.84434,1,2018,O,047-KY-3005  -000,8.829,0,0,0,0,0,0,1,0,0,0,1,0,0,Y
Motor Vehicle,DAC,72165826,20180314,1702,3,301,WATERWORKS,NULL,DR,NULL,NULL,047 CS-1383,CS1383,N,37.67906,-85.87873,9,2018,O,047-CS-1383  -000,0.178,0,0,0,0,0,0,1,0,0,0,0,1,0,Y
Motor Vehicle,DAC,72165882,20180314,2207,3,NULL,DIXIE,W,AVE,US0031W,US0031W,047 US-31W,US0031W,N,37.70006,-85.86674,9,2018,O,047-US-0031W -000,17.3,0,0,0,0,0,0,1,0,1,0,0,1,0,Y
Motor Vehicle,DAC,72165942,20180312,1643,1,NULL,DIXIE,W,AVE,US0031W,US0031W,047 US-31W,US0031W,N,37.69543,-85.86222,5,2018,O,047-US-0031W -000,16.899,0,0,1,1,0,0,1,0,0,0,0,0,0,Y
Motor Vehicle,DAC,72166008,20180301,1042,4,NULL,DIXIE,N,AVE,US0031W,US0031W,047 US-31W,US0031W,N,37.72821,-85.88395,5,2018,O,047-US-0031W -000,19.472,0,0,1,0,0,0,1,0,0,0,0,0,0,Y
Motor Vehicle,DAC,72166010,20180306,1346,2,NULL,US31W BYP N TURN LANE FROM  COLLEGE ST W,NULL,NULL,US0031WB,US0031WB,047 US-31WB-27,US0031WB,N,37.69225,-85.8719,5,2018,O,047-US-0031WB-027,0.017,0,0,1,0,0,0,1,0,0,0,0,0,0,Y
Motor Vehicle,Non DAC,72166011,20180307,1422,3,NULL,DIXIE,N,AVE,US0031W,US0031W,047 US-31W,US0031W,N,37.74578,-85.89247,5,2018,O,047-US-0031W -000,20.776,0,0,0,0,0,0,0,0,0,0,0,0,0,Y
Motor Vehicle,DAC,72166012,20180306,1543,2,NULL,RING,NULL,RD,KY3005,KY3005,047 KY-3005,KY3005,N,37.731,-85.87462,1,2018,O,047-KY-3005  -000,7.102,0,0,1,1,0,0,0,1,0,0,0,1,0,Y
Motor Vehicle,DAC,72166014,20180313,1913,2,217,FRENCH,NULL,ST,NULL,NULL,047 CS-1390,CS1390,N,37.70722,-85.84833,8,2018,O,047-CS-1390  -000,0.429,0,0,1,0,0,0,0,1,0,0,0,1,0,Y
Motor Vehicle,DAC,72166046,20180315,911,4,NULL,BROWN,E,ST,NULL,NULL,047 CS-1006,CS1006,N,37.69638,-85.8536,1,2018,O,047-CS-1006  -000,0.169,0,0,0,0,0,0,1,0,0,1,0,0,0,Y
Motor Vehicle,DAC,72166114,20180315,1225,4,NULL,CARDINAL,NULL,DR,KY0361,KY0361,047 KY-361,KY0361,N,37.70964,-85.88165,7,2018,O,047-KY-0361  -000,0.508,0,0,0,0,0,0,0,0,0,0,0,1,0,Y
Motor Vehicle,DAC,72166250,20180315,1743,4,NULL,POPLAR,W,ST,NULL,NULL,047 CS-1068,CS1068,N,37.70153,-85.86673,1,2018,O,047-CS-1068  -000,0.742,0,0,0,0,0,0,1,1,0,0,1,0,0,Y
Motor Vehicle,DAC,72166468,20180316,813,5,NULL,DIXIE,E,AVE,US0031W,US0031W,047 US-31W,US0031W,N,37.69268,-85.85736,5,2018,O,047-US-0031W -000,16.565,0,0,0,0,0,0,1,0,0,0,0,0,0,Y
Motor Vehicle,DAC,72166588,20180316,1100,5,NULL,NULL,NULL,NULL,I 0065,I 0065,NULL,NULL,N,37.71332,-85.83073,5,2018,O,047-I -0065  -531,0.253,0,0,0,0,0,0,1,0,0,0,0,0,0,Y
Motor Vehicle,Non DAC,72166645,20180316,700,5,NULL,LINCOLN,NULL,PKWY,KY0061,KY0061,047 KY-61-10,KY0061,N,37.66185,-85.83794,5,2018,O,047-KY-0061  -000,4.547,0,0,0,0,0,0,1,1,0,0,0,0,0,Y
Motor Vehicle,DAC,72166724,20180316,1800,5,NULL,REGENCY,NULL,WAY,NULL,NULL,047 CS-1360,CS1360,N,37.71764,-85.8366,1,2018,O,047-CS-1360  -000,0.01,0,0,0,0,0,0,1,0,0,0,0,1,0,Y
Motor Vehicle,DAC,72166735,20180315,1211,4,NULL,MULBERRY,N,ST,US0062,US0062,047 US-62-10,US0062,N,37.71225,-85.83265,1,2018,O,047-US-0062  -000,19.926,0,0,0,1,0,0,0,1,0,0,0,0,0,Y
Motor Vehicle,DAC,72166825,20180317,1215,6,NULL,DIXIE,N,AVE,US0031W,US0031W,047 US-31W,US0031W,N,37.72812,-85.88388,8,2018,O,047-US-0031W -000,19.465,0,0,0,1,0,0,1,0,0,0,0,1,0,Y
Motor Vehicle,Non DAC,72167173,20180317,2144,6,NULL,DIXIE,N,AVE,US0031W,US0031W,047 US-31W,US0031W,N,37.7507,-85.8948,1,2018,C,047-US-0031W -000,21.139,0,0,1,1,0,0,0,1,0,0,1,0,0,Y
Motor Vehicle,Non DAC,72167245,20180319,146,1,NULL,DIXIE,N,AVE,US0031W,US0031W,047 US-31W,US0031W,N,37.74273,-85.89108,5,2018,C,047-US-0031W -000,20.54,0,0,0,0,0,0,0,1,0,0,0,0,0,Y
Motor Vehicle,DAC,72167288,20180313,1550,2,NULL,DIXIE,N,AVE,US0031W,US0031W,047 US-31W-10,US0031W,N,37.71082,-85.87528,5,2018,O,047-US-0031W -000,18.302,0,0,0,0,0,0,1,0,0,0,0,0,0,Y
Motor Vehicle,DAC,72167289,20180313,1618,2,NULL,STEWART,NULL,ST,NULL,NULL,047 CS-1509,CS1509,N,37.6972,-85.85506,1,2018,O,047-CS-1509  -000,0.095,0,0,0,1,0,0,0,1,0,0,1,0,0,Y
Motor Vehicle,DAC,72167304,20180319,705,1,NULL,MULBERRY,N,ST,US0062,US0062,047 US-62-10,US0062,N,37.70933,-85.83852,1,2018,C,047-US-0062  -000,19.55,0,0,0,1,0,0,0,0,0,0,1,0,0,Y
Motor Vehicle,DAC,72167791,20180319,1721,1,NULL,RING,NULL,RD,KY3005,KY3005,047 KY-3005,KY3005,N,37.72956,-85.87986,5,2018,O,047-KY-3005  -000,6.795,0,0,0,0,0,0,0,1,0,0,0,0,0,Y