Mode,Crash In Disadvantaged Community,MasterFile,CollisionDate,CollisionTime,CollisionDayWeekCode,RoadwayName_HouseBusinessNumber_,RoadwayName_RoadwayName_,RoadwayName_Direction_,RoadwayName_RoadwaySuffix_,RoadwayfromReport,CurrentRoadwayNumber,RSEUniqueGIS,RoadwayIdentifier,ParkingLotIndicator,Latitude,Longitude,MannerofCollisionCode,YR,KABCO,KTC_RT,KTC_MP,Motorcyclist,Commercial Vehicle,Young Driver,Mature Driver,Pedestrian,Bicyclist,Distracted,Aggressive,Impaired,Unrestrained,Intersection,Roadway Departure,Median Cross-over,In City Limits?
Motor Vehicle,DAC,72167792,20180319,1834,1,NULL,DIXIE,W,AVE,US0031W,US0031W,047 US-31W,US0031W,N,37.70424,-85.87121,1,2018,O,047-US-0031W -000,17.677,0,0,0,0,0,0,0,1,0,0,1,0,0,Y
Motor Vehicle,Non DAC,72167930,20180316,1327,5,NULL,TOWNE,NULL,CTR,NULL,NULL,047 PR-1010,PR1010,N,37.73134,-85.8867,1,2018,O,047-PR-1010  -000,0.258,0,0,1,0,0,0,1,1,0,0,0,0,0,Y
Motor Vehicle,Non DAC,72168152,20180320,1620,2,NULL,RING,NULL,RD,KY3005,KY3005,047 KY-3005,KY3005,N,37.69463,-85.91119,5,2018,O,047-KY-3005  -000,3.547,0,0,1,0,0,0,1,0,0,0,0,0,0,Y
Motor Vehicle,Non DAC,72168191,20180320,1656,2,NULL,ST JOHN,NULL,RD,KY1357,KY1357,047 KY-1357,KY1357,N,37.69574,-85.91043,5,2018,O,047-KY-1357  -000,14.6,0,0,0,0,0,0,1,0,0,0,1,0,0,Y
Motor Vehicle,Non DAC,72168398,20180304,1514,0,NULL,PATRIOT,NULL,PKWY,KY0361,KY0361,047 KY-361,KY0361,N,37.72154,-85.90927,9,2018,O,047-KY-0361  -000,2.259,0,0,0,0,0,0,1,0,0,0,0,1,0,Y
Motor Vehicle,Non DAC,72168400,20180311,1848,0,NULL,RING,NULL,RD,KY3005,KY3005,047 KY-3005,KY3005,N,37.71757,-85.9033,5,2018,O,047-KY-3005  -000,5.263,0,0,0,1,0,0,0,1,0,0,0,0,0,Y
Motor Vehicle,DAC,72168401,20180312,1545,1,NULL,PEAR ORCHARD,NULL,RD,NULL,NULL,047 CS-1327,CS1327,N,37.71356,-85.85402,4,2018,O,047-CS-1327  -000,0.161,0,0,1,0,0,0,0,1,0,0,1,0,0,Y
Motor Vehicle,DAC,72168658,20180321,1858,3,NULL,ST JOHN,NULL,RD,KY1357,KY1357,047 KY-1357,KY1357,N,37.70205,-85.87767,8,2018,O,047-KY-1357  -000,16.59,0,0,0,0,0,0,1,0,0,0,0,1,0,Y
Motor Vehicle,DAC,72168691,20180320,1854,2,NULL,MULBERRY,N,ST,US0062,US0062,047 US-62,US0062,N,37.70789,-85.84072,4,2018,O,047-US-0062  -000,19.39,0,0,1,0,0,0,0,1,0,0,1,0,0,Y
Motor Vehicle,DAC,72168895,20180322,1041,4,NULL,MULBERRY,N,ST,US0062,US0062,047 US-62,US0062,N,37.71247,-85.83188,4,2018,O,047-US-0062  -000,19.975,0,0,1,0,0,0,0,1,0,0,1,0,0,Y
Motor Vehicle,DAC,72169098,20180322,1759,4,NULL,RING,NULL,RD,KY3005,KY3005,047 KY-3005,KY3005,N,37.7283,-85.88399,8,2018,O,047-KY-3005  -000,6.55,0,0,0,1,0,0,0,0,0,0,0,1,0,Y
Motor Vehicle,DAC,72169154,20180319,1246,1,NULL,MILES,N,ST,KY0251,KY0251,047 KY-251,KY0251,N,37.73216,-85.84434,4,2018,C,047-KY-0251  -000,2.681,0,0,0,0,0,0,1,0,0,0,1,0,0,Y
Motor Vehicle,Non DAC,72169378,20180323,1239,5,NULL,RING,NULL,RD,KY3005,KY3005,047 KY-3005,KY3005,N,37.71704,-85.90354,5,2018,O,047-KY-3005  -000,5.221,0,0,0,0,0,0,1,0,0,0,0,0,0,Y
Motor Vehicle,Non DAC,72169401,20180323,1101,5,NULL,PATRIOT,NULL,PKWY,KY0361,KY0361,047 KY-361-10,KY0361,N,37.7134,-85.89528,1,2018,O,047-KY-0361  -000,1.305,0,0,0,1,0,0,0,1,0,1,1,0,0,Y
Motor Vehicle,DAC,72169429,20180322,1932,4,NULL,RING,NULL,RD,KY3005,KY3005,047 KY-3005,KY3005,N,37.72831,-85.88395,5,2018,O,047-KY-3005  -000,6.552,0,0,0,0,0,0,1,0,0,0,0,0,0,Y
Motor Vehicle,DAC,72169484,20180323,1655,5,NULL,DIXIE,W,AVE,US0031W,US0031W,047 US-31W,US0031W,N,37.6957,-85.86266,5,2018,O,047-US-0031W -000,16.926,0,0,0,0,0,0,1,0,0,0,0,0,0,Y
Motor Vehicle,DAC,72169530,20180323,2048,5,701,MONIN,NULL,RD,NULL,NULL,047 CS-1358,CS1358,N,37.71138,-85.86365,1,2018,O,047-CS-1358  -000,0.07,0,0,0,0,0,0,0,0,0,0,0,0,0,Y
Motor Vehicle,DAC,72169562,20180323,2118,5,NULL,RING,NULL,RD,KY3005,KY3005,047 KY-3005,KY3005,N,37.72891,-85.88219,2,2018,O,047-KY-3005  -000,6.659,0,0,1,0,0,0,0,0,0,0,0,0,0,Y
Motor Vehicle,DAC,72169661,20180319,1657,1,NULL,MAIN,N,ST,NULL,NULL,047 CS-1320,CS1320,N,37.70788,-85.84069,5,2018,O,047-CS-1320  -000,1.402,0,0,1,0,0,0,0,0,0,0,1,0,0,Y
Motor Vehicle,DAC,72169772,20180324,1120,6,NULL,DIXIE,N,AVE,US0031W,US0031W,047 US-31W,US0031W,N,37.72829,-85.88406,8,2018,O,047-US-0031W -000,19.474,0,0,0,1,0,0,1,0,0,0,1,0,0,Y
Motor Vehicle,Non DAC,72170034,20180325,1119,0,NULL,DIXIE,S,HWY,US0031W,US0031W,047 US-31W,US0031W,N,37.66644,-85.84736,9,2018,C,047-US-0031W -000,14.568,0,0,1,0,0,0,1,0,0,0,0,1,0,Y
Motor Vehicle,DAC,72170166,20180325,1515,0,NULL,DIXIE,N,AVE,US0031W,US0031W,047 US-31W-10,US0031W,N,37.73263,-85.88639,5,2018,O,047-US-0031W -000,19.797,0,0,0,1,0,0,1,0,0,0,1,0,0,Y
Motor Vehicle,DAC,72170471,20180319,1431,1,NULL,POPLAR,W,ST,NULL,NULL,047 CS-1068,CS1068,N,37.695,-85.85841,4,2018,O,047-CS-1068  -000,0.096,0,0,0,1,0,0,0,1,0,0,1,0,0,Y
Motor Vehicle,DAC,72170512,20180326,922,1,NULL,DIXIE,E,AVE,US0031W,US0031W,047 US-31W,US0031W,N,37.69213,-85.8565,9,2018,O,047-US-0031W -000,16.504,0,0,0,0,0,0,0,1,0,0,0,1,0,Y
Motor Vehicle,DAC,72171010,20180323,1610,5,NULL,US31W,NULL,BYP,US0031WB,US0031WB,047 US-31WB,US0031WB,N,37.6955,-85.87759,8,2018,O,047-US-0031WB-000,1.762,0,0,0,0,0,0,1,0,0,0,0,1,0,Y
Motor Vehicle,DAC,72171403,20180328,618,3,NULL,DIXIE,N,AVE,US0031W,US0031W,047 US-31W-10,US0031W,N,37.71275,-85.87659,1,2018,O,047-US-0031W -000,18.337,0,0,0,1,0,0,0,1,0,0,1,0,0,Y
Motor Vehicle,DAC,72171594,20180328,1409,3,NULL,MULBERRY,N,ST,US0062,US0062,047 US-62,US0062,N,37.71342,-85.83,5,2018,O,047-US-0062  -000,20.08,0,0,0,1,0,0,1,0,0,0,0,1,0,Y
Motor Vehicle,DAC,72171673,20180327,1641,2,NULL,DIXIE,N,AVE,US0031W,US0031W,047 US-31W,US0031W,N,37.7246,-85.88221,8,2018,O,047-US-0031W -000,19.208,0,0,0,1,0,0,1,0,0,0,0,1,0,Y
Motor Vehicle,DAC,72172093,20180329,730,4,NULL,CARDINAL,NULL,DR,KY0361,KY0361,047 KY-361,KY0361,N,37.71084,-85.88812,4,2018,C,047-KY-0361  -000,0.876,0,0,0,0,0,0,1,0,0,0,0,0,0,Y
Motor Vehicle,DAC,72172235,20180328,1715,3,NULL,US31W BYP S TURN LANE,NULL,NULL,US0031WB,US0031WB,047 US-31WB-23,US0031WB,N,37.69982,-85.88187,5,2018,O,047-US-0031WB-023,0.034,0,0,0,0,0,0,1,0,0,0,0,0,0,Y
Motor Vehicle,DAC,72172302,20180329,716,4,NULL,DIXIE,N,AVE,US0031W,US0031W,047 US-31W-10,US0031W,N,37.70426,-85.87124,1,2018,O,047-US-0031W -000,17.679,0,0,0,0,0,0,0,1,0,0,1,0,0,Y
Motor Vehicle,DAC,72172710,20180330,1446,5,NULL,LINCOLN,NULL,PKWY,KY0061,KY0061,047 KY-61,KY0061,N,37.66993,-85.84643,5,2018,O,047-KY-0061  -000,5.305,0,0,0,0,0,0,1,0,0,0,1,0,0,Y
Motor Vehicle,DAC,72172744,20180330,2035,5,NULL,DIXON,NULL,AVE,NULL,NULL,047 CS-1508,CS1508,N,37.6852,-85.86646,2,2018,O,047-CS-1508  -000,0.184,0,0,0,0,0,0,1,0,0,0,0,0,0,Y
Motor Vehicle,DAC,72172777,20180330,1553,5,NULL,DIXIE,N,AVE,US0031W,US0031W,047 US-31W,US0031W,N,37.72639,-85.88306,5,2018,O,047-US-0031W -000,19.339,0,0,0,0,0,0,1,0,0,0,0,0,0,Y
Motor Vehicle,DAC,72172883,20180331,944,6,NULL,MULBERRY,N,ST,US0062,US0062,047 US-62-10,US0062,N,37.71262,-85.83199,1,2018,B,047-US-0062  -000,19.973,0,0,1,1,0,0,0,1,0,0,1,0,0,Y
Motor Vehicle,Non DAC,72173048,20180331,1306,6,NULL,RING,NULL,RD,KY3005,KY3005,047 KY-3005-10,KY3005,N,37.72685,-85.88884,1,2018,O,047-KY-3005  -000,6.281,0,0,0,1,0,0,1,1,0,0,0,0,0,Y
Motor Vehicle,DAC,72173287,20180331,2204,6,NULL,DIXIE,E,AVE,US0031W,US0031W,047 US-31W,US0031W,N,37.68331,-85.85034,8,2018,O,047-US-0031W -000,15.769,0,0,0,1,0,0,0,1,0,0,1,0,0,Y
Motor Vehicle,DAC,72173294,20180331,2003,6,NULL,DIXIE,N,AVE,US0031W,US0031W,047 US-31W-10,US0031W,N,37.73451,-85.88735,8,2018,O,047-US-0031W -000,19.972,0,0,0,0,0,0,1,1,0,0,0,1,0,Y
Motor Vehicle,Non DAC,72173303,20180331,1554,6,NULL,TOWNE,NULL,CTR,NULL,NULL,047 PR-1010,PR1010,N,37.73195,-85.88692,8,2018,O,047-PR-1010  -000,0.302,0,0,0,0,0,0,1,0,0,0,0,1,0,Y
Motor Vehicle,DAC,72173742,20180402,1208,1,NULL,DIXIE,N,AVE,US0031W,US0031W,047 US-31W-10,US0031W,N,37.71276,-85.87657,1,2018,O,047-US-0031W -000,18.338,0,0,0,1,0,0,1,0,0,0,1,0,0,Y
Motor Vehicle,DAC,72174001,20180402,1026,1,NULL,CARDINAL,NULL,DR,KY0361,KY0361,047 KY-361,KY0361,N,37.70944,-85.8804,7,2018,O,047-KY-0361  -000,0.438,0,0,0,0,0,0,0,0,0,0,0,1,0,Y
Motor Vehicle,Non DAC,72174070,20180403,645,2,NULL,BLACK BRANCH,N,RD,NULL,NULL,047 CS-1551,CS1551,N,37.6792,-85.91506,5,2018,O,047-CS-1551  -000,0.708,0,0,0,0,0,0,0,1,0,0,0,0,0,Y
Motor Vehicle,DAC,72174273,20180328,1827,3,NULL,DIXIE,N,AVE,US0031W,US0031W,047 US-31W-10,US0031W,N,37.70874,-85.87423,1,2018,B,047-US-0031W -000,18.032,0,0,0,1,0,0,0,0,0,0,1,0,0,Y
Motor Vehicle,DAC,72174275,20180329,1554,4,NULL,RING,NULL,RD,KY3005,KY3005,047 KY-3005,KY3005,N,37.7285,-85.88341,5,2018,O,047-KY-3005  -000,6.585,0,0,0,0,0,0,1,0,0,0,0,0,0,Y
Motor Vehicle,DAC,72174512,20180404,950,3,NULL,MILES,N,ST,KY0251,KY0251,047 KY-251,KY0251,N,37.71162,-85.85293,1,2018,C,047-KY-0251  -000,1.19,0,0,1,0,0,0,1,0,0,0,1,0,0,Y
Motor Vehicle,DAC,72174681,20180403,1504,2,NULL,DIXIE,N,HWY,US0031W,US0031W,047 US-31W-10,US0031W,N,37.758,-85.89833,5,2018,O,047-US-0031W -000,21.678,0,0,0,0,0,0,1,0,0,0,1,0,0,Y
Motor Vehicle,DAC,72174682,20180403,2053,2,NULL,31W,NULL,BYP,US0031WB,US0031WB,047 US-31WB-10,US0031WB,N,37.70027,-85.88197,5,2018,O,047-US-0031WB-000,2.158,0,0,0,0,0,0,1,0,0,0,1,0,0,Y
Motor Vehicle,Non DAC,72174857,20180404,1156,3,NULL,RING,NULL,RD,KY3005,KY3005,047 KY-3005-10,KY3005,N,37.72706,-85.88816,5,2018,O,047-KY-3005  -000,6.32,0,0,0,0,0,0,1,0,0,0,0,0,0,Y
Motor Vehicle,DAC,72175097,20180405,2030,4,218,DIXIE,W,AVE,US0031W,US0031W,047 US-31W,US0031W,N,37.69482,-85.86114,9,2018,C,047-US-0031W -000,16.831,0,0,0,0,0,0,0,0,0,0,0,1,0,Y
Motor Vehicle,DAC,72175252,20180319,1344,1,NULL,MULBERRY,S,ST,US0062,US0062,047 US-62,US0062,N,37.69216,-85.86099,8,2018,O,047-US-0062  -000,17.823,0,0,0,1,0,0,0,0,0,0,0,1,0,Y
Motor Vehicle,Non DAC,72175253,20180323,1152,5,NULL,MULBERRY,S,ST,US0062,US0062,047 US-62-10,US0062,N,37.6788,-85.88109,5,2018,O,047-US-0062  -000,16.362,0,0,0,1,0,0,0,0,0,0,0,0,0,Y
Motor Vehicle,DAC,72175255,20180324,1537,6,NULL,DIXIE,N,AVE,US0031W,US0031W,047 US-31W-10,US0031W,N,37.73322,-85.88671,5,2018,O,047-US-0031W -000,19.854,0,0,0,0,0,0,0,0,0,0,0,0,0,Y
Motor Vehicle,Non DAC,72175374,20180406,1116,5,NULL,BACON CREEK,NULL,RD,KY1904,KY1904,047 KY-1904,KY1904,N,37.67542,-85.90171,5,2018,O,047-KY-1904  -000,4.686,0,0,0,1,0,0,1,0,0,0,0,0,0,N
Motor Vehicle,DAC,72175510,20180403,1625,2,NULL,DIECKS,NULL,DR,NULL,NULL,047 CS-1061,CS1061,N,37.70883,-85.87396,5,2018,O,047-CS-1061  -000,0.002,0,0,0,0,0,0,1,0,0,0,0,0,0,Y
Motor Vehicle,DAC,72175631,20180407,1000,6,1500,DIXIE,N,AVE,US0031W,US0031W,047 US-31W,US0031W,N,37.7271,-85.88338,8,2018,O,047-US-0031W -000,19.39,0,0,0,0,0,0,0,0,0,0,0,1,0,Y
Motor Vehicle,Non DAC,72175651,20180407,1157,6,NULL,HODGENVILLE,NULL,RD,KY0210,KY0210,047 KY-210,KY0210,N,37.66899,-85.84001,4,2018,O,047-KY-0210  -000,0.436,0,0,0,0,0,0,1,0,0,0,0,0,0,Y
Motor Vehicle,Non DAC,72176094,20180408,2235,0,NULL,RING,NULL,RD,KY3005,KY3005,047 KY-3005,KY3005,N,37.67165,-85.91194,4,2018,O,047-KY-3005  -000,1.913,0,0,0,0,0,0,0,1,0,0,1,0,0,N
Motor Vehicle,DAC,72176574,20180409,1730,1,NULL,COLLEGE,NULL,ST,NULL,NULL,047 CS-1730,CS1730,N,37.69154,-85.86179,1,2018,O,047-CS-1730  -000,0.591,0,0,0,0,0,0,0,0,0,0,1,0,0,Y
Motor Vehicle,DAC,72176633,20180409,2141,1,NULL,DIXIE,E,AVE,US0031W,US0031W,047 US-31W,US0031W,N,37.67263,-85.8459,8,2018,O,047-US-0031W -000,14.993,0,0,1,0,0,0,1,1,0,0,0,1,0,Y
Motor Vehicle,Non DAC,72176814,20180409,741,1,NULL,PINE VALLEY,NULL,DR,NULL,NULL,047 CS-1533,CS1533,N,37.75107,-85.89393,5,2018,O,047-CS-1533  -000,0.051,0,0,0,0,0,0,1,0,0,0,0,0,0,Y
Motor Vehicle,DAC,72176968,20180410,1520,2,NULL,RING,NULL,RD,KY3005,KY3005,047 KY-3005,KY3005,N,37.72525,-85.83879,5,2018,O,047-KY-3005  -000,9.444,0,0,1,0,0,0,1,0,0,0,0,0,0,Y
Motor Vehicle,DAC,72177000,20180405,1518,4,NULL,DIXIE,N,AVE,US0031W,US0031W,047 US-31W,US0031W,N,37.72648,-85.88312,5,2018,O,047-US-0031W -000,19.346,0,0,0,0,0,0,1,0,0,1,0,0,0,Y
Motor Vehicle,Non DAC,72177018,20180406,1712,5,NULL,RING,NULL,RD,KY3005,KY3005,047 KY-3005,KY3005,N,37.71622,-85.90487,5,2018,O,047-KY-3005  -000,5.12,0,0,1,0,0,0,1,0,0,0,0,0,0,Y
Motor Vehicle,Non DAC,72177414,20180406,1533,5,NULL,VETERANS,NULL,WAY,NULL,NULL,047 CS-1683,CS1683,N,37.72575,-85.89176,5,2018,O,047-CS-1683  -000,0.034,0,0,0,0,0,0,1,0,0,0,0,0,0,Y
Motor Vehicle,DAC,72177415,20180410,1938,2,NULL,NULL,NULL,NULL,I 0065,I 0065,NULL,NULL,N,37.71333,-85.83068,5,2018,O,047-I -0065  -531,0.252,0,0,0,1,0,0,1,0,0,0,0,0,0,Y
Motor Vehicle,DAC,72177663,20180412,1002,4,NULL,US31W BYP N TURN LANE,NULL,NULL,US0031WB,US0031WB,047 US-31WB-24,US0031WB,N,37.7188,-85.87968,5,2018,O,047-US-0031WB-024,0.046,0,0,0,0,0,0,1,0,0,0,0,0,0,Y
Motor Vehicle,Non DAC,72177677,20180412,1237,4,NULL,RING,NULL,RD,KY3005,KY3005,047 KY-3005,KY3005,N,37.71697,-85.90363,5,2018,O,047-KY-3005  -000,5.214,0,0,0,1,0,0,1,0,0,0,0,0,0,Y
Motor Vehicle,DAC,72178124,20180413,1040,5,NULL,DIXIE,N,AVE,US0031W,US0031W,047 US-31W-10,US0031W,N,37.72555,-85.88296,1,2018,O,047-US-0031W -000,19.283,0,0,0,0,0,0,1,0,0,0,0,0,0,Y
Motor Vehicle,DAC,72178125,20180413,859,5,NULL,RING,NULL,RD,KY3005,KY3005,047 KY-3005,KY3005,N,37.7323,-85.84725,5,2018,O,047-KY-3005  -000,8.67,0,0,0,0,0,0,0,0,0,0,0,0,0,Y
Motor Vehicle,DAC,72178278,20180413,1912,5,NULL,BUFFALO CREEK,NULL,DR,NULL,NULL,047 CS-1431,CS1431,N,37.71321,-85.8327,5,2018,O,047-CS-1431  -000,0.072,0,0,0,0,0,0,1,0,0,0,0,0,0,Y
Motor Vehicle,DAC,72178316,20180413,2055,5,NULL,DIXIE,N,AVE,US0031W,US0031W,047 US-31W-10,US0031W,N,37.72243,-85.88137,8,2018,O,047-US-0031W -000,19.047,0,0,0,0,0,0,1,0,0,0,0,1,0,Y
Motor Vehicle,DAC,72178358,20180413,2046,5,NULL,DIXIE,N,AVE,US0031W,US0031W,047 US-31W-10,US0031W,N,37.72039,-85.88035,8,2018,O,047-US-0031W -000,18.904,0,0,0,0,0,0,1,0,0,0,0,1,0,Y
Motor Vehicle,DAC,72178365,20180413,2326,5,NULL,RING,NULL,RD,KY3005,KY3005,047 KY-3005,KY3005,N,37.73349,-85.85517,9,2018,O,047-KY-3005  -000,8.186,0,0,0,0,0,0,0,0,0,0,0,0,0,Y
Motor Vehicle,DAC,72178434,20180414,1239,6,NULL,MULBERRY,S,ST,US0062,US0062,047 US-62-10,US0062,N,37.68794,-85.8684,1,2018,O,047-US-0062  -000,17.309,0,0,1,0,0,0,0,1,0,0,1,0,0,Y
Motor Vehicle,DAC,72178453,20180414,1413,6,NULL,DIXIE,W,AVE,US0031W,US0031W,047 US-31W,US0031W,N,37.69358,-85.85892,5,2018,O,047-US-0031W -000,16.674,0,0,1,0,0,0,1,0,0,0,0,0,0,Y
Motor Vehicle,DAC,72178590,20180414,1349,6,NULL,DIXIE,N,AVE,US0031W,US0031W,047 US-31W-10,US0031W,N,37.72041,-85.88038,5,2018,O,047-US-0031W -000,18.906,0,0,0,0,0,0,1,1,0,0,0,0,0,Y
Motor Vehicle,DAC,72178718,20180415,847,0,NULL,ROBIN,NULL,RD,NULL,NULL,047 CS-1049,CS1049,N,37.70153,-85.86237,7,2018,O,047-CS-1049  -000,0.125,0,0,0,0,0,0,0,0,0,1,0,0,0,Y
Motor Vehicle,DAC,72178812,20180415,1315,0,NULL,31W,NULL,BYP,US0031WB,US0031WB,047 US-31WB-10,US0031WB,N,37.69986,-85.88188,5,2018,O,047-US-0031WB-000,2.145,0,0,1,0,0,0,1,0,0,0,0,0,0,Y
Motor Vehicle,Non DAC,72178832,20180415,1239,0,NULL,DIXIE,N,AVE,US0031W,US0031W,047 US-31W-10,US0031W,N,37.74633,-85.89298,5,2018,O,047-US-0031W -000,20.815,0,0,0,0,0,0,1,1,0,0,0,0,0,Y
Motor Vehicle,DAC,72178853,20180415,1337,0,NULL,TOWNE,NULL,DR,NULL,NULL,047 CS-1448-10,CS1448,N,37.7339,-85.88717,5,2018,O,047-CS-1448  -000,0.02,0,0,0,0,0,0,1,1,0,0,0,0,0,Y
Motor Vehicle,Non DAC,72178864,20180413,1336,5,NULL,ST JOHN,NULL,RD,KY1357,KY1357,047 KY-1357,KY1357,N,37.69453,-85.89637,5,2018,O,047-KY-1357  -000,15.454,0,0,0,0,0,0,1,0,0,0,0,0,0,Y
Motor Vehicle,DAC,72178865,20180415,1500,0,NULL,RING,NULL,RD,KY3005,KY3005,047 KY-3005,KY3005,N,37.73178,-85.87215,5,2018,B,047-KY-3005  -000,7.25,0,0,0,0,0,0,1,0,1,0,0,0,0,Y
Motor Vehicle,DAC,72179246,20180416,820,1,NULL,DIXIE,N,AVE,US0031W,US0031W,047 US-31W,US0031W,N,37.73337,-85.88664,5,2018,O,047-US-0031W -000,19.861,0,0,0,0,0,0,1,0,0,0,0,0,0,Y
Motor Vehicle,Non DAC,72179334,20180416,1250,1,NULL,DIXIE,N,HWY,US0031W,US0031W,047 US-31W-10,US0031W,N,37.75114,-85.89519,8,2018,O,047-US-0031W -000,21.438,0,0,1,1,0,0,1,0,0,0,0,1,0,Y
Motor Vehicle,DAC,72179490,20180416,1632,1,NULL,DIXIE,N,AVE,US0031W,US0031W,047 US-31W,US0031W,N,37.72815,-85.88417,8,2018,O,047-US-0031W -000,19.466,0,0,1,1,0,0,1,0,0,0,1,0,0,Y
Motor Vehicle,Non DAC,72179780,20180417,1140,2,NULL,DIXIE,N,AVE,US0031W,US0031W,047 US-31W,US0031W,N,37.75073,-85.89475,1,2018,O,047-US-0031W -000,21.143,0,0,1,0,0,0,1,1,0,0,1,0,0,Y
Motor Vehicle,Non DAC,72180240,20180418,1306,3,NULL,DIXIE,N,AVE,US0031W,US0031W,047 US-31W,US0031W,N,37.75083,-85.89477,1,2018,O,047-US-0031W -000,21.136,0,0,0,1,0,0,0,1,0,0,1,0,0,Y
Motor Vehicle,Non DAC,72180380,20180418,1521,3,NULL,UNIVERSITY,NULL,DR,NULL,NULL,047 CS-1133,CS1133,N,37.69904,-85.8832,5,2018,O,047-CS-1133  -000,0.041,0,0,1,0,0,0,0,1,0,0,0,0,0,Y
Motor Vehicle,DAC,72180427,20180418,1536,3,NULL,MANTLE,N,AVE,NULL,NULL,047 CS-1025,CS1025,N,37.70688,-85.85989,1,2018,O,047-CS-1025  -000,0.592,0,0,1,1,0,0,0,1,0,0,1,0,0,Y
Motor Vehicle,DAC,72180471,20180321,1424,3,NULL,DIXIE,N,AVE,US0031W,US0031W,047 US-31W,US0031W,N,37.72036,-85.88008,5,2018,O,047-US-0031W -000,18.897,0,0,1,1,0,0,0,1,0,0,0,0,0,Y
Motor Vehicle,DAC,72180472,20180322,1729,4,NULL,MULBERRY,N,ST,US0062,US0062,047 US-62,US0062,N,37.695,-85.85841,1,2018,B,047-US-0062  -000,18.06,0,0,1,0,0,0,1,0,0,0,1,0,0,Y
Motor Vehicle,Non DAC,72180474,20180328,1355,3,NULL,LEITCHFIELD,NULL,RD,US0062,US0062,047 US-62-10,US0062,N,37.67221,-85.91078,1,2018,O,047-US-0062  -000,14.62,0,0,0,0,0,0,0,1,0,0,0,0,0,N
Motor Vehicle,Non DAC,72180475,20180327,2012,2,NULL,DIXIE,N,AVE,US0031W,US0031W,047 US-31W,US0031W,N,37.74583,-85.8925,4,2018,O,047-US-0031W -000,20.772,0,0,0,0,0,0,0,1,0,0,1,0,0,Y
Motor Vehicle,DAC,72180477,20180403,1701,2,NULL,RING,NULL,RD,KY3005,KY3005,047 KY-3005,KY3005,N,37.72727,-85.8392,1,2018,B,047-KY-3005  -000,9.302,0,0,0,1,0,0,0,1,0,0,0,0,0,Y
Motor Vehicle,DAC,72180478,20180404,1602,3,NULL,DIXIE,N,AVE,US0031W,US0031W,047 US-31W-10,US0031W,N,37.71627,-85.87833,1,2018,C,047-US-0031W -000,18.601,0,0,0,0,0,0,0,1,0,0,0,0,0,Y
Motor Vehicle,DAC,72180660,20180419,1318,4,NULL,ST JAMES,NULL,AVE,NULL,NULL,047 CS-1028,CS1028,N,37.70687,-85.85988,5,2018,O,047-CS-1028  -000,0.259,0,0,0,0,0,0,1,0,0,1,0,0,0,Y
Motor Vehicle,DAC,72180765,20180419,1618,4,NULL,ST JOHN,NULL,RD,KY1357,KY1357,047 KY-1357-10,KY1357,N,37.70069,-85.88067,7,2018,O,047-KY-1357  -000,16.4,0,0,1,0,0,0,0,0,0,0,1,0,0,Y
Motor Vehicle,DAC,72180787,20180419,1528,4,NULL,RING,NULL,RD,KY3005,KY3005,047 KY-3005-10,KY3005,N,37.72822,-85.88438,1,2018,O,047-KY-3005  -000,6.53,0,0,0,1,0,0,0,0,0,0,0,0,0,Y
Motor Vehicle,DAC,72180829,20180419,2114,4,NULL,DIXIE,N,AVE,US0031W,US0031W,047 US-31W-10,US0031W,N,37.73882,-85.88946,5,2018,O,047-US-0031W -000,20.276,0,0,1,0,0,0,0,0,1,1,0,0,0,Y
Motor Vehicle,DAC,72180846,20180417,1238,2,NULL,OAK,NULL,DR,NULL,NULL,047 CS-1181,CS1181,N,37.7111,-85.88361,2,2018,O,047-CS-1181  -000,0.07,0,1,0,0,0,0,1,0,0,0,0,0,0,Y
Motor Vehicle,DAC,72181127,20180420,1352,5,NULL,MULBERRY,N,ST,US0062,US0062,047 US-62-10,US0062,N,37.7099,-85.83736,1,2018,O,047-US-0062  -000,19.62,0,0,0,1,0,0,1,1,0,0,1,0,0,Y
Motor Vehicle,Non DAC,72181136,20180420,1529,5,NULL,RING,NULL,RD,KY3005,KY3005,047 KY-3005-10,KY3005,N,37.72545,-85.89153,8,2018,O,047-KY-3005  -000,6.103,0,0,0,0,0,0,1,1,0,0,1,0,0,Y
Motor Vehicle,DAC,72181230,20180420,1730,5,NULL,DIXIE,N,HWY,US0031W,US0031W,047 US-31W-10,US0031W,N,37.7581,-85.89838,8,2018,O,047-US-0031W -000,21.674,0,0,0,0,0,0,1,0,1,0,0,1,0,Y
Motor Vehicle,DAC,72181231,20180420,1935,5,NULL,MULBERRY,N,ST,US0062,US0062,047 US-62,US0062,N,37.69403,-85.85931,5,2018,O,047-US-0062  -000,17.978,0,0,0,0,0,0,1,0,0,0,0,0,0,Y
Motor Vehicle,DAC,72181298,20180420,2136,5,NULL,RING,NULL,RD,KY3005,KY3005,047 KY-3005,KY3005,N,37.72924,-85.88097,5,2018,O,047-KY-3005  -000,6.73,0,0,1,0,0,0,1,0,0,0,0,0,0,Y
Motor Vehicle,DAC,72181350,20180421,1011,6,NULL,DIXIE,E,AVE,US0031W,US0031W,NULL,NULL,N,37.68641,-85.85175,5,2018,O,047-US-0031W -000,16.006,0,0,0,1,0,0,1,1,0,0,0,0,0,Y
Motor Vehicle,Non DAC,72181528,20180420,1540,5,NULL,RING,NULL,RD,KY3005,KY3005,047 KY-3005-10,KY3005,N,37.72552,-85.89178,5,2018,O,047-KY-3005  -000,6.089,0,0,1,0,0,0,1,0,0,0,0,0,0,Y
Motor Vehicle,DAC,72181607,20180417,1200,2,NULL,DIXIE,N,AVE,US0031W,US0031W,047 US-31W-10,US0031W,N,37.71279,-85.8765,1,2018,C,047-US-0031W -000,18.273,0,0,0,1,0,0,1,1,0,0,1,0,0,Y
Motor Vehicle,Non DAC,72181608,20180420,1358,5,NULL,ST JOHN,NULL,RD,KY1357,KY1357,047 KY-1357,KY1357,N,37.69577,-85.91051,1,2018,O,047-KY-1357  -000,14.609,0,0,0,0,0,0,1,1,0,0,1,0,0,Y
Motor Vehicle,DAC,72181673,20180421,602,6,NULL,MULBERRY,N,ST,US0062,US0062,047 US-62-10,US0062,N,37.71257,-85.83196,4,2018,B,047-US-0062  -000,19.977,0,0,0,1,0,0,1,1,0,0,1,0,0,Y
Motor Vehicle,DAC,72181910,20180422,1340,0,NULL,31W,NULL,BYP,US0031WB,US0031WB,047 US-31WB,US0031WB,N,37.69203,-85.87179,9,2018,O,047-US-0031WB-000,1.369,0,0,0,0,0,0,0,1,0,0,1,0,0,Y
Motor Vehicle,DAC,72182199,20180423,1030,1,NULL,MULBERRY,N,ST,US0062,US0062,047 US-62,US0062,N,37.69508,-85.85835,5,2018,O,047-US-0062  -000,18.055,0,0,1,0,0,0,1,1,0,0,0,0,0,Y
Motor Vehicle,DAC,72182400,20180423,1448,1,NULL,BUFFALO CREEK,NULL,DR,NULL,NULL,047 CS-1431,CS1431,N,37.71253,-85.83193,8,2018,O,047-CS-1431  -000,0.007,0,0,0,1,0,0,1,0,0,0,1,0,0,Y
Motor Vehicle,DAC,72182517,20180423,1648,1,NULL,31W,NULL,BYP,US0031WB,US0031WB,047 US-31WB-10,US0031WB,N,37.70354,-85.8841,5,2018,O,047-US-0031WB-000,2.425,0,0,0,0,0,0,1,0,0,0,0,0,0,Y
Motor Vehicle,DAC,72182656,20180424,,2,515,CHURCHILL,NULL,CT,NULL,NULL,047 CS-1023,CS1023,N,37.7013,-85.85592,8,2018,O,047-CS-1023  -000,0.051,0,0,0,0,0,0,0,0,0,0,0,0,0,Y
Motor Vehicle,Non DAC,72183005,20180424,2111,2,NULL,PATRIOT,NULL,PKWY,KY0361,KY0361,047 KY-361,KY0361,N,37.71745,-85.90351,1,2018,O,047-KY-0361  -000,1.836,0,0,1,0,0,0,0,1,0,0,0,0,0,Y
Motor Vehicle,DAC,72183042,20180424,2031,2,NULL,PEAR ORCHARD,NULL,RD,NULL,NULL,047 CS-1327,CS1327,N,37.72707,-85.86066,9,2018,O,047-CS-1327  -000,1.168,0,0,0,0,0,0,0,0,0,0,0,0,0,Y
Motor Vehicle,Non DAC,72183206,20180424,1221,2,NULL,DIXIE,N,AVE,US0031W,US0031W,047 US-31W,US0031W,N,37.74351,-85.89146,1,2018,O,047-US-0031W -000,20.599,0,0,0,1,0,0,1,0,0,0,0,0,0,Y
Motor Vehicle,DAC,72183441,20180425,1904,3,214,FRENCH,NULL,ST,NULL,NULL,047 CS-1390,CS1390,N,37.70613,-85.84842,9,2018,C,047-CS-1390  -000,0.498,0,0,0,0,0,0,0,0,0,0,0,0,0,Y
Motor Vehicle,DAC,72183701,20180426,1034,4,NULL,HELM,NULL,ST,NULL,NULL,047 CS-1127,CS1127,N,37.69548,-85.86634,2,2018,O,047-CS-1127  -000,0.509,0,0,0,1,0,0,1,0,0,0,0,0,0,Y
Motor Vehicle,DAC,72183725,20180426,1229,4,NULL,SYCAMORE,NULL,ST,NULL,NULL,047 CS-1026,CS1026,N,37.70316,-85.86634,4,2018,O,047-CS-1026  -000,0.154,0,0,0,0,0,0,0,1,0,0,0,0,0,Y
Motor Vehicle,DAC,72183881,20180426,1911,4,NULL,RING,NULL,RD,KY3005,KY3005,047 KY-3005,KY3005,N,37.72847,-85.88348,5,2018,O,047-KY-3005  -000,6.581,0,0,0,0,0,0,1,0,0,0,0,0,0,Y
Motor Vehicle,DAC,72184143,20180427,1257,5,NULL,COLLEGE,NULL,ST,NULL,NULL,047 CS-1730-10,CS1730,N,37.69239,-85.87142,5,2018,O,047-CS-1730  -000,0.033,0,0,0,1,0,0,1,0,0,0,0,0,0,Y
Motor Vehicle,Non DAC,72184286,20180427,1847,5,NULL,KENTUCKY,NULL,DR,NULL,NULL,047 CS-1552,CS1552,N,37.67994,-85.91027,2,2018,O,047-CS-1552  -000,0.036,0,0,0,0,0,0,1,0,0,0,0,0,0,Y
Motor Vehicle,Non DAC,72184326,20180427,1653,5,NULL,DIXIE,S,HWY,US0031W,US0031W,047 US-31W,US0031W,N,37.65969,-85.84895,5,2018,O,047-US-0031W -000,14.094,0,0,0,0,0,0,1,0,0,0,0,0,0,Y
Motor Vehicle,DAC,72184327,20180427,1731,5,NULL,DIXIE,N,AVE,US0031W,US0031W,047 US-31W-10,US0031W,N,37.70986,-85.875,5,2018,O,047-US-0031W -000,18.12,0,0,0,0,0,0,1,0,0,0,0,0,0,Y
Motor Vehicle,Non DAC,72184374,20180422,1607,0,NULL,SUNNINGDALE,NULL,WAY,NULL,NULL,047 CS-1617,CS1617,N,37.75436,-85.88305,2,2018,O,047-CS-1617  -000,0.302,0,0,0,0,0,0,0,1,0,0,0,0,0,Y
Motor Vehicle,Non DAC,72184375,20180423,1610,1,NULL,VETERANS,NULL,WAY,NULL,NULL,047 CS-1683,CS1683,N,37.72567,-85.89168,5,2018,O,047-CS-1683  -000,0.027,0,0,1,0,0,0,1,0,0,0,0,0,0,Y
Motor Vehicle,DAC,72184385,20180427,1611,5,NULL,DIXIE,N,AVE,US0031W,US0031W,047 US-31W-10,US0031W,N,37.72945,-85.88484,5,2018,O,047-US-0031W -000,19.576,0,0,0,0,0,0,1,0,0,0,0,0,0,Y