Mode,Crash In Disadvantaged Community,MasterFile,CollisionDate,CollisionTime,CollisionDayWeekCode,RoadwayName_HouseBusinessNumber_,RoadwayName_RoadwayName_,RoadwayName_Direction_,RoadwayName_RoadwaySuffix_,RoadwayfromReport,CurrentRoadwayNumber,RSEUniqueGIS,RoadwayIdentifier,ParkingLotIndicator,Latitude,Longitude,MannerofCollisionCode,YR,KABCO,KTC_RT,KTC_MP,Motorcyclist,Commercial Vehicle,Young Driver,Mature Driver,Pedestrian,Bicyclist,Distracted,Aggressive,Impaired,Unrestrained,Intersection,Roadway Departure,Median Cross-over,In City Limits?
Motor Vehicle,DAC,72184479,20180423,1330,1,1631,RING,NULL,RD,KY3005,KY3005,047 KY-3005,KY3005,N,37.72867,-85.88297,2,2018,O,047-KY-3005  -000,6.612,0,0,0,0,0,0,0,0,0,0,0,0,0,Y
Motor Vehicle,DAC,72184685,20180428,2138,6,NULL,DIXIE,N,AVE,US0031W,US0031W,047 US-31W,US0031W,N,37.71795,-85.87887,1,2018,O,047-US-0031W -000,18.721,0,0,1,0,0,0,1,0,0,0,1,0,0,Y
Motor Vehicle,Non DAC,72184719,20180428,1352,6,NULL,RING,NULL,RD,KY3005,KY3005,047 KY-3005-10,KY3005,N,37.7277,-85.88585,8,2018,O,047-KY-3005  -000,6.455,0,0,0,1,0,0,0,0,0,0,1,0,0,Y
Motor Vehicle,DAC,72184773,20180422,1416,0,NULL,DIXIE,N,AVE,US0031W,US0031W,047 US-31W-10,US0031W,N,37.71276,-85.87657,4,2018,O,047-US-0031W -000,18.338,0,0,1,1,0,0,1,1,0,0,1,0,0,Y
Motor Vehicle,DAC,72184778,20180423,1427,1,NULL,MULBERRY,S,ST,US0062,US0062,047 US-62-10,US0062,N,37.68109,-85.87712,1,2018,O,047-US-0062  -000,16.644,0,0,0,1,0,0,1,1,0,0,1,0,0,Y
Motor Vehicle,Non DAC,72184779,20180427,1431,5,NULL,MULBERRY,N,ST,US0062,US0062,047 US-62,US0062,N,37.71459,-85.82776,8,2018,O,047-US-0062  -000,20.223,0,0,0,1,0,0,1,0,0,0,1,0,0,Y
Motor Vehicle,DAC,72184837,20180429,1638,0,NULL,31W,NULL,BYP,US0031WB,US0031WB,047 US-31WB-10,US0031WB,N,37.70034,-85.88211,5,2018,O,047-US-0031WB-000,2.169,0,0,1,0,0,0,1,1,0,0,0,0,0,Y
Motor Vehicle,DAC,72184901,20180428,1643,6,NULL,NIGHTINGALE,NULL,DR,NULL,NULL,047 CS-1275,CS1275,N,37.73245,-85.87817,1,2018,A,047-CS-1275  -000,0.163,0,0,1,0,0,0,0,1,0,0,1,0,0,Y
Motor Vehicle,DAC,72184902,20180429,,0,NULL,WHITEHALL,NULL,ST,NULL,NULL,047 CS-1577,CS1577,N,37.69768,-85.86967,,2018,O,047-CS-1577  -000,0.064,0,0,0,0,0,0,0,0,0,0,0,0,0,Y
Motor Vehicle,Non DAC,72184918,20180429,2,0,NULL,DIXIE,N,AVE,US0031W,US0031W,047 US-31W-10,US0031W,N,37.74566,-85.89267,1,2018,O,047-US-0031W -000,20.765,0,0,1,0,0,0,0,1,0,0,1,0,0,Y
Motor Vehicle,DAC,72185320,20180423,1119,1,NULL,DIXIE,N,AVE,US0031W,US0031W,047 US-31W,US0031W,N,37.71667,-85.87821,9,2018,O,047-US-0031W -000,18.625,0,0,0,0,0,0,0,1,0,0,0,1,0,Y
Motor Vehicle,DAC,72185337,20180430,702,1,NULL,DIXIE,N,AVE,US0031W,US0031W,047 US-31W,US0031W,N,37.74121,-85.89037,5,2018,O,047-US-0031W -000,20.426,0,0,0,0,0,0,1,0,0,0,0,0,0,Y
Motor Vehicle,DAC,72185412,20180430,1558,1,NULL,DIXIE,N,AVE,US0031W,US0031W,NULL,NULL,N,37.71916,-85.87973,1,2018,O,047-US-0031W -000,18.817,0,0,0,0,0,0,0,0,0,0,1,0,0,Y
Motor Vehicle,DAC,72185911,20180430,1811,1,NULL,US31W BYP N TURN LANE,NULL,NULL,US0031WB,US0031WB,047 US-31WB-24,US0031WB,N,37.719,-85.88008,7,2018,O,047-US-0031WB-024,0.025,0,0,0,0,0,0,1,0,0,0,1,0,0,Y
Motor Vehicle,Non DAC,72185950,20180427,1614,5,NULL,HARVARD,NULL,DR,NULL,NULL,047 CS-1233,CS1233,N,37.69693,-85.89204,5,2018,O,047-CS-1233  -000,0.034,0,0,1,0,0,0,1,0,0,0,0,0,0,Y
Motor Vehicle,DAC,72186023,20180501,1316,2,NULL,NEW GLENDALE,NULL,RD,KY1136,KY1136,047 KY-1136,KY1136,N,37.68146,-85.85522,5,2018,O,047-KY-1136  -000,10.359,0,0,0,0,0,0,1,0,0,0,1,0,0,Y
Motor Vehicle,DAC,72186025,20180501,2125,2,NULL,31W,NULL,BYP,US0031WB,US0031WB,047 US-31WB,US0031WB,N,37.69211,-85.87192,4,2018,B,047-US-0031WB-000,1.377,0,0,0,1,0,0,1,1,0,0,1,0,0,Y
Motor Vehicle,DAC,72186047,20180501,1423,2,NULL,RING,NULL,RD,KY3005,KY3005,047 KY-3005,KY3005,N,37.72836,-85.88383,5,2018,O,047-KY-3005  -000,6.56,0,0,0,1,0,0,1,0,0,0,0,0,0,Y
Motor Vehicle,DAC,72186267,20180427,1327,5,NULL,DIXIE,N,AVE,US0031W,US0031W,047 US-31W,US0031W,N,37.73406,-85.8871,4,2018,B,047-US-0031W -000,19.872,0,0,0,0,0,0,1,0,0,0,1,0,0,Y
Motor Vehicle,Non DAC,72186359,20180502,1034,3,NULL,PATRIOT,NULL,PKWY,KY0361,KY0361,047 KY-361,KY0361,N,37.72195,-85.90981,4,2018,B,047-KY-0361  -000,2.3,0,0,0,1,0,0,1,1,0,0,1,0,0,Y
Motor Vehicle,DAC,72186432,20180502,1650,3,NULL,POPLAR,W,ST,NULL,NULL,047 CS-1068,CS1068,N,37.70466,-85.87008,5,2018,O,047-CS-1068  -000,1.034,0,0,1,0,0,0,1,0,0,0,0,0,0,Y
Motor Vehicle,DAC,72186444,20180501,1936,2,NULL,RING,NULL,RD,KY3005,KY3005,047 KY-3005,KY3005,N,37.70944,-85.83863,5,2018,O,047-KY-3005  -000,10.559,0,0,1,0,0,0,1,0,0,0,0,0,0,Y
Motor Vehicle,Non DAC,72186499,20180502,644,3,NULL,LEITCHFIELD,NULL,RD,US0062,US0062,047 US-62-10,US0062,N,37.67499,-85.90388,1,2018,O,047-US-0062  -000,15.018,0,0,0,0,0,0,0,1,0,0,1,0,0,N
Motor Vehicle,DAC,72186683,20180503,1211,4,NULL,COLLEGE,NULL,ST,NULL,NULL,047 CS-1730-10,CS1730,N,37.69227,-85.87163,5,2018,O,047-CS-1730  -000,0.058,0,0,0,1,0,0,1,0,0,0,0,0,0,Y
Motor Vehicle,DAC,72186862,20180503,1739,4,NULL,WK9001 E,NULL,NULL,WK9001,WK9001,047 WK-9001,WK9001,N,37.66991,-85.84661,5,2018,O,047-WK-9001  -000,136.787,0,0,0,0,0,0,1,0,0,0,0,0,0,Y
Motor Vehicle,DAC,72186868,20180503,1630,4,NULL,31W,NULL,BYP,US0031WB,US0031WB,047 US-31WB-10,US0031WB,N,37.70464,-85.88473,5,2018,O,047-US-0031WB-000,2.508,0,0,1,0,0,0,0,0,0,0,0,0,0,Y
Motor Vehicle,DAC,72187419,20180501,707,2,NULL,DIXIE,N,AVE,US0031W,US0031W,047 US-31W,US0031W,N,37.73124,-85.88546,1,2018,B,047-US-0031W -000,19.704,0,0,0,0,0,0,1,0,0,0,1,0,0,Y
Motor Vehicle,DAC,72187802,20180505,1120,6,NULL,DIXIE,N,AVE,US0031W,US0031W,047 US-31W-10,US0031W,N,37.7317,-85.88594,5,2018,C,047-US-0031W -000,19.744,0,0,0,0,0,0,1,0,0,0,0,0,0,Y
Motor Vehicle,Non DAC,72188448,20180505,908,6,NULL,LINCOLN,NULL,PKWY,KY0061,KY0061,047 KY-61,KY0061,N,37.66536,-85.83955,5,2018,O,047-KY-0061  -000,4.802,0,0,0,0,0,0,1,0,0,0,0,0,0,Y
Motor Vehicle,DAC,72188579,20180430,1429,1,NULL,EVERGREEN,NULL,TRL,NULL,NULL,NULL,NULL,N,37.7337,-85.85538,5,2018,O,047-CS-1676  -000,0.011,0,0,0,0,0,0,1,0,0,0,0,0,0,Y
Motor Vehicle,DAC,72188689,20180507,2048,1,NULL,CARDINAL,NULL,DR,KY0361,KY0361,047 KY-361,KY0361,N,37.7101,-85.88432,9,2018,O,047-KY-0361  -000,0.661,0,0,1,0,0,0,0,0,0,0,0,1,0,Y
Motor Vehicle,DAC,72188701,20180412,1530,4,NULL,MULBERRY,N,ST,US0062,US0062,047 US-62,US0062,N,37.69954,-85.85431,5,2018,O,047-US-0062  -000,18.437,0,0,0,0,0,0,1,0,0,0,0,0,0,Y
Motor Vehicle,Non DAC,72188702,20180427,1600,5,NULL,LEITCHFIELD,NULL,RD,US0062,US0062,047 US-62,US0062,N,37.6713,-85.91255,9,2018,B,047-US-0062  -000,14.534,0,0,0,1,0,0,0,0,0,0,0,1,0,N
Motor Vehicle,Non DAC,72188734,20180505,1523,6,NULL,HAWKINS,NULL,DR,NULL,NULL,047 CS-1553,CS1553,N,37.67047,-85.84054,1,2018,O,047-CS-1553  -000,0.067,0,0,1,0,0,0,0,0,1,0,0,0,0,Y
Motor Vehicle,DAC,72189209,20180508,2024,2,NULL,MULBERRY,S,ST,US0062,US0062,047 US-62,US0062,N,37.69002,-85.8646,1,2018,O,047-US-0062  -000,17.571,0,0,0,0,0,0,0,1,0,0,0,0,0,Y
Motor Vehicle,Non DAC,72189531,20180407,1508,6,NULL,TOWNE,NULL,CTR,NULL,NULL,047 PR-1010,PR1010,N,37.73072,-85.88647,8,2018,O,047-PR-1010  -000,0.212,0,0,1,0,0,0,0,0,0,0,0,1,0,Y
Motor Vehicle,DAC,72189532,20180408,1258,0,NULL,DIXIE,W,AVE,US0031W,US0031W,047 US-31W,US0031W,N,37.70132,-85.86806,5,2018,O,047-US-0031W -000,17.413,0,0,1,0,0,0,1,1,0,0,0,0,0,Y
Motor Vehicle,DAC,72189533,20180409,1232,1,NULL,RING,NULL,RD,KY3005,KY3005,047 KY-3005,KY3005,N,37.72929,-85.88085,8,2018,O,047-KY-3005  -000,6.736,0,0,0,1,0,0,0,0,0,0,0,1,0,Y
Motor Vehicle,Non DAC,72189535,20180414,1638,6,NULL,DIXIE,N,AVE,US0031W,US0031W,047 US-31W,US0031W,N,37.74583,-85.8925,1,2018,C,047-US-0031W -000,20.773,0,0,0,1,0,0,1,1,0,0,1,0,1,Y
Motor Vehicle,DAC,72189536,20180509,1559,3,NULL,RING,NULL,RD,KY3005,KY3005,047 KY-3005,KY3005,N,37.72861,-85.88315,5,2018,O,047-KY-3005  -000,6.601,0,0,0,1,0,0,0,0,0,0,0,0,0,Y
Motor Vehicle,DAC,72189602,20180509,2233,3,NULL,HENRY,NULL,ST,NULL,NULL,047 CS-1022,CS1022,N,37.7005,-85.8578,9,2018,O,047-CS-1022  -000,0.378,0,0,0,0,0,0,0,0,0,0,0,1,0,Y
Motor Vehicle,DAC,72189652,20180508,728,2,NULL,RING,NULL,RD,KY3005,KY3005,047 KY-3005,KY3005,N,37.73277,-85.85267,5,2018,B,047-KY-3005  -000,8.363,0,0,0,0,0,0,1,0,0,0,1,0,0,Y
Motor Vehicle,Non DAC,72189843,20180510,1140,4,NULL,RING,NULL,RD,KY3005,KY3005,047 KY-3005-10,KY3005,N,37.69047,-85.91357,1,2018,B,047-KY-3005  -000,3.256,0,0,0,0,0,0,1,1,0,0,1,0,0,Y
Motor Vehicle,Non DAC,72190020,20180510,1500,4,NULL,DIXIE,N,AVE,US0031W,US0031W,047 US-31W,US0031W,N,37.74513,-85.89218,6,2018,O,047-US-0031W -000,20.72,0,0,0,1,0,0,0,0,0,0,0,0,0,Y
Motor Vehicle,DAC,72190021,20180510,1805,4,NULL,DIXIE,W,AVE,US0031W,US0031W,047 US-31W,US0031W,N,37.6944,-85.86039,5,2018,O,047-US-0031W -000,16.78,0,0,0,0,0,0,0,0,0,0,0,0,0,Y
Motor Vehicle,Non DAC,72190037,20180510,2131,4,NULL,DIXIE,N,AVE,US0031W,US0031W,047 US-31W-10,US0031W,N,37.74575,-85.89273,1,2018,O,047-US-0031W -000,20.773,0,0,1,0,0,0,1,1,0,0,1,0,0,Y
Motor Vehicle,DAC,72190038,20180510,1533,4,NULL,MULBERRY,N,ST,US0062,US0062,047 US-62,US0062,N,37.69828,-85.85547,1,2018,C,047-US-0062  -000,18.338,0,0,1,0,0,0,1,1,0,0,1,0,0,Y
Motor Vehicle,Non DAC,72190391,20180410,2303,2,NULL,PARK,W,RD,NULL,NULL,047 CS-1542,CS1542,N,37.68717,-85.88301,9,2018,O,047-CS-1542  -000,2.661,0,0,0,0,0,0,1,0,0,0,1,0,0,Y
Motor Vehicle,DAC,72190424,20180503,1212,4,NULL,DIXIE,N,AVE,US0031W,US0031W,047 US-31W-10,US0031W,N,37.72653,-85.8834,5,2018,O,047-US-0031W -000,19.354,0,0,0,0,0,0,1,0,0,0,0,0,0,Y
Motor Vehicle,DAC,72190641,20180507,1000,1,NULL,MANTLE,N,AVE,NULL,NULL,047 CS-1025,CS1025,N,37.70098,-85.86747,2,2018,O,047-CS-1025  -000,0.01,0,0,0,1,0,0,1,0,0,0,0,0,0,Y
Motor Vehicle,DAC,72190642,20180511,756,5,NULL,POPLAR,W,ST,NULL,NULL,047 CS-1068,CS1068,N,37.70154,-85.86671,1,2018,O,047-CS-1068  -000,0.743,0,0,1,0,0,0,1,1,0,0,1,0,0,Y
Motor Vehicle,DAC,72191113,20180507,1702,1,NULL,COMMERCE,NULL,DR,NULL,NULL,047 CS-1108,CS1108,N,37.71037,-85.8331,1,2018,O,047-CS-1108  -000,0.088,0,0,0,1,0,0,0,1,0,0,1,0,0,Y
Motor Vehicle,Non DAC,72191115,20180512,1639,6,NULL,VETERANS,NULL,WAY,NULL,NULL,047 CS-1683,CS1683,N,37.72545,-85.89152,5,2018,O,047-CS-1683  -000,0.009,0,0,0,0,0,0,1,0,0,0,0,0,0,Y
Motor Vehicle,Non DAC,72191116,20180512,1726,6,NULL,VETERANS,NULL,WAY,NULL,NULL,047 CS-1683,CS1683,N,37.7287,-85.89366,9,2018,O,047-CS-1683  -000,0.263,0,0,0,0,0,0,0,0,0,0,0,0,0,Y
Motor Vehicle,DAC,72191117,20180513,1907,0,NULL,MULBERRY,N,ST,US0062,US0062,047 US-62-10,US0062,N,37.71214,-85.83283,1,2018,B,047-US-0062  -000,19.912,0,0,0,0,0,0,0,1,0,0,0,0,0,Y
Motor Vehicle,DAC,72191478,20180511,807,5,NULL,MULBERRY,S,ST,US0062,US0062,047 US-62-10,US0062,N,37.69144,-85.86198,5,2018,O,047-US-0062  -000,17.749,0,0,1,0,0,0,1,0,0,0,0,0,0,Y
Motor Vehicle,DAC,72191641,20180512,1051,6,NULL,MULBERRY,N,ST,US0062,US0062,047 US-62,US0062,N,37.70135,-85.85206,8,2018,O,047-US-0062  -000,18.617,0,0,0,0,0,0,1,0,0,0,0,1,0,Y
Motor Vehicle,DAC,72191650,20180514,752,1,NULL,DIXIE,N,AVE,US0031W,US0031W,047 US-31W-10,US0031W,N,37.72822,-85.88422,5,2018,C,047-US-0031W -000,19.485,0,0,0,0,0,0,1,0,0,0,1,0,0,Y
Motor Vehicle,DAC,72191811,20180515,325,2,404,MAPLE,S,ST,NULL,NULL,047 CS-1606,CS1606,N,37.69526,-85.86828,9,2018,O,047-CS-1606  -000,0.279,0,0,0,0,0,0,1,0,1,0,0,1,0,Y
Motor Vehicle,DAC,72191816,20180511,1259,5,NULL,ST JOHN,NULL,RD,KY1357,KY1357,047 KY-1357-10,KY1357,N,37.70071,-85.88061,1,2018,O,047-KY-1357  -000,16.403,0,0,0,1,0,0,1,0,0,0,1,0,0,Y
Motor Vehicle,DAC,72191827,20180510,1112,4,NULL,POPLAR,W,ST,NULL,NULL,047 CS-1068,CS1068,N,37.70225,-85.86749,5,2018,O,047-CS-1068  -000,0.808,0,0,0,1,0,0,1,0,0,0,1,0,0,Y
Motor Vehicle,DAC,72191964,20180510,1041,4,NULL,DIXIE,E,AVE,US0031W,US0031W,047 US-31W,US0031W,N,37.67406,-85.84577,8,2018,O,047-US-0031W -000,15.088,0,0,0,0,0,0,0,1,0,0,0,1,0,Y
Motor Vehicle,Non DAC,72192220,20180515,1628,2,NULL,NULL,NULL,NULL,I 0065,I 0065,NULL,NULL,N,37.71428,-85.82795,1,2018,O,047-I -0065  -512,0.02,0,0,0,0,0,0,1,1,0,0,0,0,0,Y
Motor Vehicle,DAC,72192365,20180508,1251,2,NULL,DIXIE,N,AVE,US0031W,US0031W,047 US-31W,US0031W,N,37.73146,-85.88555,5,2018,O,047-US-0031W -000,19.72,0,0,0,1,0,0,1,0,0,0,0,1,0,Y
Motor Vehicle,DAC,72192632,20180515,2039,2,NULL,DIXIE,E,AVE,US0031W,US0031W,047 US-31W,US0031W,N,37.66988,-85.84646,1,2018,O,047-US-0031W -000,14.807,0,0,0,0,0,0,1,0,0,0,1,0,0,Y
Motor Vehicle,DAC,72192721,20180511,1547,5,NULL,31W,NULL,BYP,US0031WB,US0031WB,047 US-31WB-10,US0031WB,N,37.70034,-85.88211,5,2018,O,047-US-0031WB-000,2.155,0,0,0,0,0,0,1,0,0,0,0,0,0,Y
Motor Vehicle,DAC,72192722,20180511,1015,5,NULL,DIXIE,N,AVE,US0031W,US0031W,047 US-31W,US0031W,N,37.73118,-85.88542,5,2018,O,047-US-0031W -000,19.709,0,0,0,1,0,0,0,0,0,0,0,0,0,Y
Motor Vehicle,DAC,72192723,20180516,1414,3,NULL,NULL,NULL,NULL,I 0065,I 0065,NULL,NULL,N,37.71336,-85.83067,5,2018,O,047-I -0065  -531,0.25,0,0,0,0,0,0,1,0,0,0,0,0,0,Y
Motor Vehicle,DAC,72192726,20180511,2107,5,NULL,RING,NULL,RD,KY3005,KY3005,047 KY-3005,KY3005,N,37.72934,-85.88063,5,2018,O,047-KY-3005  -000,6.728,0,0,0,0,0,0,1,0,1,0,0,0,0,Y
Motor Vehicle,Non DAC,72192797,20180515,1619,2,NULL,MULBERRY,S,ST,US0062,US0062,047 US-62-10,US0062,N,37.68114,-85.87719,1,2018,O,047-US-0062  -000,16.639,0,1,0,0,0,0,0,1,0,0,1,0,0,Y
Motor Vehicle,DAC,72192798,20180516,1614,3,NULL,MULBERRY,N,ST,US0062,US0062,047 US-62-10,US0062,N,37.71049,-85.8362,5,2018,B,047-US-0062  -000,19.693,0,0,0,0,0,0,1,0,0,0,0,0,0,Y
Motor Vehicle,DAC,72192799,20180516,1817,3,NULL,31W,NULL,BYP,US0031WB,US0031WB,047 US-31WB,US0031WB,N,37.69692,-85.87932,9,2018,B,047-US-0031WB-000,1.904,0,0,0,0,0,0,1,0,1,0,0,1,0,Y
Motor Vehicle,DAC,72192871,20180516,1435,3,NULL,DOLPHIN,NULL,DR,NULL,NULL,047 CS-1430,CS1430,N,37.71108,-85.83758,1,2018,O,047-CS-1430  -000,0.096,0,0,0,1,0,0,1,0,0,0,1,0,0,Y
Motor Vehicle,DAC,72193032,20180517,549,4,NULL,MULBERRY,S,ST,US0062,US0062,047 US-62,US0062,N,37.69148,-85.86164,4,2018,O,047-US-0062  -000,17.762,0,0,0,1,0,0,0,0,0,0,1,0,0,Y
Motor Vehicle,Non DAC,72193033,20180517,800,4,NULL,HUTCHERSON,NULL,LN,KY2802,KY2802,047 KY-2802,KY2802,N,37.73558,-85.90812,1,2018,O,047-KY-2802  -000,1.05,0,0,0,0,0,0,0,1,0,0,0,0,0,Y
Motor Vehicle,DAC,72193041,20180517,856,4,NULL,NULL,NULL,NULL,I 0065,I 0065,NULL,NULL,N,37.7134,-85.83067,5,2018,O,047-I -0065  -531,0.247,0,0,0,1,0,0,1,0,0,0,0,0,0,Y
Motor Vehicle,DAC,72193258,20180517,1659,4,NULL,RING,NULL,RD,KY3005,KY3005,047 KY-3005,KY3005,N,37.72928,-85.88082,8,2018,O,047-KY-3005  -000,6.736,0,0,1,0,0,0,1,1,0,0,1,0,0,Y
Motor Vehicle,DAC,72193291,20180517,1703,4,NULL,MOORE,NULL,DR,NULL,NULL,047 CS-1492,CS1492,N,37.68309,-85.85916,2,2018,O,047-CS-1492  -000,0.249,0,0,0,0,0,0,1,0,0,0,0,0,0,Y
Motor Vehicle,DAC,72193306,20180517,1620,4,NULL,MULBERRY,N,ST,US0062,US0062,047 US-62-10,US0062,N,37.71254,-85.83188,5,2018,O,047-US-0062  -000,19.972,0,0,0,0,0,0,0,1,0,0,0,0,0,Y
Motor Vehicle,Non DAC,72193503,20180518,824,5,NULL,MULBERRY,N,ST,US0062,US0062,047 US-62,US0062,N,37.71553,-85.82575,9,2018,O,047-US-0062  -000,20.346,0,0,0,0,0,0,0,0,0,0,0,1,0,Y
Motor Vehicle,DAC,72193620,20180518,1310,5,NULL,DIXIE,N,AVE,US0031W,US0031W,047 US-31W-10,US0031W,N,37.73444,-85.88731,5,2018,O,047-US-0031W -000,19.964,0,0,1,0,0,0,0,1,0,0,0,0,0,Y
Motor Vehicle,DAC,72193754,20180518,1537,5,NULL,MULBERRY,N,ST,US0062,US0062,047 US-62-10,US0062,N,37.70958,-85.83812,8,2018,O,047-US-0062  -000,19.531,0,0,1,0,0,0,1,0,0,0,0,1,0,Y
Motor Vehicle,DAC,72193799,20180518,1659,5,NULL,MULBERRY,N,ST,US0062,US0062,047 US-62-10,US0062,N,37.70988,-85.83737,1,2018,O,047-US-0062  -000,19.618,0,0,0,0,0,0,1,1,0,0,1,0,0,Y
Motor Vehicle,DAC,72193800,20180518,1843,5,NULL,DIXIE,E,AVE,US0031W,US0031W,NULL,NULL,N,37.67523,-85.84599,5,2018,O,047-US-0031W -000,15.169,0,0,1,0,0,0,1,0,0,0,0,0,0,Y
Motor Vehicle,Non DAC,72193981,20180519,1024,6,NULL,PETERSON,NULL,DR,NULL,NULL,047 CS-1251,CS1251,N,37.68231,-85.89854,1,2018,O,047-CS-1251  -000,0.991,0,0,0,1,0,0,1,0,0,0,0,0,0,Y
Motor Vehicle,DAC,72194069,20180519,1304,6,NULL,MULBERRY,N,ST,US0062,US0062,047 US-62-10,US0062,N,37.71301,-85.83107,5,2018,O,047-US-0062  -000,20.021,0,0,1,0,0,0,1,0,0,0,0,0,0,Y
Motor Vehicle,DAC,72194134,20180519,1916,6,NULL,MILES,N,ST,KY0251,KY0251,047 KY-251,KY0251,N,37.69896,-85.86021,8,2018,O,047-KY-0251  -000,0.253,0,0,1,0,0,0,1,0,0,0,0,1,0,Y
Motor Vehicle,DAC,72194176,20180514,1552,1,NULL,COLLEGE,NULL,ST,NULL,NULL,047 CS-1730,CS1730,N,37.69306,-85.8651,7,2018,O,047-CS-1730  -000,0.382,0,0,1,0,0,0,1,0,0,0,0,1,0,Y
Motor Vehicle,Non DAC,72194178,20180519,2215,6,NULL,LEITCHFIELD,NULL,RD,US0062,US0062,047 US-62,US0062,N,37.66514,-85.92761,9,2018,C,047-US-0062  -000,13.568,0,0,0,0,0,0,1,0,0,1,0,0,0,N
Motor Vehicle,Non DAC,72194199,20180518,1025,5,NULL,PETERSON,NULL,DR,NULL,NULL,047 CS-1251,CS1251,N,37.67855,-85.88844,1,2018,O,047-CS-1251  -000,1.621,0,1,0,1,0,0,1,0,0,0,0,0,0,Y
Motor Vehicle,DAC,72194277,20180520,1201,0,NULL,MULBERRY,N,ST,US0062,US0062,047 US-62,US0062,N,37.71195,-85.83287,5,2018,O,047-US-0062  -000,19.905,0,0,0,0,0,0,1,0,0,0,0,0,0,Y
Motor Vehicle,DAC,72194398,20180518,1604,5,NULL,RING,NULL,RD,KY3005,KY3005,047 KY-3005,KY3005,N,37.73029,-85.87693,5,2018,C,047-KY-3005  -000,6.965,0,0,0,0,0,0,1,0,0,0,0,0,0,Y
Motor Vehicle,DAC,72194794,20180521,916,1,NULL,NULL,NULL,NULL,US0031WB,US0031WB,NULL,NULL,N,37.68781,-85.86879,5,2018,O,047-US-0031WB-131,0.187,0,0,0,1,0,0,1,0,0,0,0,0,0,Y
Motor Vehicle,DAC,72194889,20180521,1339,1,NULL,WALMART,NULL,LN,NULL,NULL,047 PR-1004,PR1004,N,37.7314,-85.88367,1,2018,O,047-PR-1004  -000,0.204,0,0,0,0,0,0,1,0,0,0,0,0,0,Y
Motor Vehicle,DAC,72195092,20180521,1524,1,NULL,DIXIE,N,AVE,US0031W,US0031W,047 US-31W-10,US0031W,N,37.72831,-85.88423,5,2018,O,047-US-0031W -000,19.491,0,0,0,0,0,0,1,0,0,0,0,0,0,Y
Motor Vehicle,DAC,72195095,20180521,2025,1,NULL,RING,NULL,RD,KY3005,KY3005,047 KY-3005,KY3005,N,37.73306,-85.86735,5,2018,C,047-KY-3005  -000,7.531,0,0,1,0,0,0,1,0,0,0,0,0,0,Y
Motor Vehicle,Non DAC,72195150,20180521,1451,1,NULL,PATRIOT,NULL,PKWY,KY0361,KY0361,047 KY-361-10,KY0361,N,37.72186,-85.90995,5,2018,O,047-KY-0361  -000,2.308,0,0,0,1,0,0,1,0,0,0,0,0,0,Y
Motor Vehicle,DAC,72195558,20180522,1519,2,NULL,MILES,N,ST,KY0251,KY0251,047 KY-251,KY0251,N,37.69707,-85.86192,8,2018,O,047-KY-0251  -000,0.092,0,0,0,0,0,0,0,0,0,0,1,0,0,Y
Motor Vehicle,Non DAC,72195936,20180522,1452,2,NULL,PATRIOT,NULL,PKWY,KY0361,KY0361,NULL,NULL,N,37.72185,-85.90995,2,2018,O,047-KY-0361  -000,2.302,0,0,0,0,0,0,1,0,0,0,0,0,0,Y
Motor Vehicle,DAC,72195937,20180522,1536,2,NULL,DIXIE,E,AVE,US0031W,US0031W,NULL,NULL,N,37.68818,-85.85299,1,2018,C,047-US-0031W -000,16.181,0,0,0,1,0,0,1,1,0,0,1,0,0,Y
Motor Vehicle,DAC,72195938,20180522,1741,2,NULL,DIXIE,E,AVE,US0031W,US0031W,NULL,NULL,N,37.67676,-85.84657,1,2018,O,047-US-0031W -000,15.279,0,0,0,0,0,0,1,1,0,0,1,0,0,Y
Motor Vehicle,DAC,72196098,20180523,1511,3,NULL,DIXIE,N,AVE,US0031W,US0031W,047 US-31W-10,US0031W,N,37.72887,-85.88457,8,2018,O,047-US-0031W -000,19.533,0,0,0,1,0,0,1,1,0,0,0,1,0,Y
Motor Vehicle,DAC,72196106,20180519,1450,6,NULL,MULBERRY,S,ST,US0062,US0062,047 US-62,US0062,N,37.69381,-85.85947,5,2018,O,047-US-0062  -000,17.962,0,0,0,1,0,0,1,0,0,0,0,0,0,Y
Motor Vehicle,DAC,72196119,20180413,1517,5,NULL,MILES,S,ST,NULL,NULL,047 CS-1126,CS1126,N,37.69461,-85.86415,1,2018,O,047-CS-1126  -000,0.109,0,0,0,0,0,0,0,1,0,0,1,0,0,Y
Motor Vehicle,DAC,72196120,20180413,1549,5,NULL,NALLS,E,RD,NULL,NULL,047 CS-1214,CS1214,N,37.72765,-85.88157,1,2018,O,047-CS-1214  -000,0.427,0,0,0,1,0,0,0,1,0,0,0,0,0,Y
Motor Vehicle,DAC,72196121,20180504,1533,5,NULL,US31W BYP N TURN LANE FROM  COLLEGE ST W,NULL,NULL,US0031WB,US0031WB,047 US-31WB-27,US0031WB,N,37.69228,-85.8721,5,2018,O,047-US-0031WB-027,0.028,0,0,0,0,0,0,1,0,0,0,0,0,0,Y
Motor Vehicle,Non DAC,72196122,20180504,1544,5,NULL,RING,NULL,RD,KY3005,KY3005,047 KY-3005-10,KY3005,N,37.71996,-85.90039,8,2018,O,047-KY-3005  -000,5.486,0,0,0,1,0,0,0,1,0,0,0,1,0,Y
Motor Vehicle,DAC,72196126,20180523,1715,3,NULL,DIXIE,N,AVE,US0031W,US0031W,047 US-31W-10,US0031W,N,37.7079,-85.87363,5,2018,O,047-US-0031W -000,17.951,0,0,1,1,0,0,1,0,0,0,0,0,0,Y
Motor Vehicle,Non DAC,72196291,20180524,808,4,NULL,ANNISTON,NULL,WAY,NULL,NULL,047 CS-1537,CS1537,N,37.76298,-85.87522,3,2018,O,047-CS-1537  -000,0.189,0,0,1,1,0,0,1,1,0,0,1,0,0,Y
Motor Vehicle,DAC,72196396,20180514,653,1,NULL,MAIN,S,ST,NULL,NULL,047 CS-1321,CS1321,N,37.69231,-85.85868,8,2018,O,047-CS-1321  -000,0.154,0,0,0,0,0,0,0,0,0,0,0,0,0,Y
Motor Vehicle,DAC,72196397,20180514,1450,1,NULL,MULBERRY,S,ST,US0062,US0062,047 US-62-10,US0062,N,37.69137,-85.86201,5,2018,O,047-US-0062  -000,17.744,0,0,0,0,0,0,1,1,0,0,0,0,0,Y
Motor Vehicle,DAC,72196398,20180523,1313,3,NULL,MANTLE,N,AVE,NULL,NULL,047 CS-1025,CS1025,N,37.70154,-85.86671,1,2018,O,047-CS-1025  -000,0.066,0,0,0,1,0,0,1,0,0,0,1,0,0,Y
Motor Vehicle,DAC,72196610,20180524,1600,4,NULL,LINDA,NULL,LN,NULL,NULL,047 CS-1311,CS1311,N,37.74548,-85.88519,9,2018,O,047-CS-1311  -000,0.268,0,0,0,0,0,0,0,0,0,0,0,1,0,Y
Motor Vehicle,DAC,72196835,20180525,1222,5,NULL,DIXIE,N,AVE,US0031W,US0031W,047 US-31W,US0031W,N,37.727,-85.88333,5,2018,O,047-US-0031W -000,19.383,0,0,0,0,0,0,1,1,0,0,0,0,0,Y
Motor Vehicle,DAC,72196988,20180525,1735,5,NULL,NULL,NULL,NULL,US0031WB,US0031WB,NULL,NULL,N,37.68776,-85.8688,5,2018,O,047-US-0031WB-131,0.217,0,0,0,1,0,0,1,0,0,0,0,0,0,Y
Motor Vehicle,DAC,72197095,20180524,2303,4,603,DEBRA,NULL,LN,NULL,NULL,047 CS-1367,CS1367,N,37.71338,-85.85492,2,2018,O,047-CS-1367  -000,0.236,0,0,0,0,0,0,1,0,0,0,0,0,0,Y
Motor Vehicle,DAC,72197173,20180522,1215,2,NULL,MULBERRY,N,ST,US0062,US0062,047 US-62,US0062,N,37.70175,-85.85138,8,2018,O,047-US-0062  -000,18.673,0,0,0,1,0,0,1,0,0,0,0,1,0,Y
Motor Vehicle,Non DAC,72197451,20180527,348,0,404,TIMBER,NULL,LN,NULL,NULL,047 CS-1199,CS1199,N,37.70641,-85.89574,9,2018,O,047-CS-1199  -000,0.51,0,0,0,0,0,0,0,0,0,0,1,0,0,Y
Motor Vehicle,DAC,72197464,20180526,1404,6,NULL,MILES,S,ST,NULL,NULL,047 CS-1126,CS1126,N,37.69507,-85.86375,1,2018,O,047-CS-1126  -000,0.064,0,0,0,0,0,0,1,1,0,0,0,0,0,Y
Motor Vehicle,DAC,72197957,20180525,1128,5,NULL,US31W BYP S TURN LANE,NULL,NULL,US0031WB,US0031WB,047 US-31WB-22,US0031WB,N,37.70035,-85.88226,5,2018,O,047-US-0031WB-022,0.025,0,0,1,0,0,0,1,0,0,0,0,0,0,Y
Motor Vehicle,DAC,72197988,20180528,1312,1,NULL,WALMART,NULL,DR,NULL,NULL,047 CS-1558,CS1558,N,37.73125,-85.88546,8,2018,O,047-CS-1558  -000,0.08,0,0,0,1,0,0,1,0,0,0,1,0,0,Y
Motor Vehicle,DAC,72198145,20180528,1544,1,NULL,DIXIE,W,AVE,US0031W,US0031W,047 US-31W,US0031W,N,37.70179,-85.86854,5,2018,O,047-US-0031W -000,17.454,0,0,1,0,0,0,0,0,0,0,0,0,0,Y
Motor Vehicle,DAC,72198182,20180528,2311,1,NULL,DIXIE,N,AVE,US0031W,US0031W,047 US-31W,US0031W,N,37.73123,-85.88547,1,2018,O,047-US-0031W -000,19.705,0,0,0,0,0,0,0,1,0,0,1,0,0,Y
Motor Vehicle,DAC,72198186,20180528,2118,1,NULL,DIXIE,W,AVE,US0031W,US0031W,047 US-31W,US0031W,N,37.70089,-85.86763,1,2018,B,047-US-0031W -000,17.373,0,0,0,0,0,0,1,1,0,0,1,0,0,Y
Motor Vehicle,DAC,72198192,20180528,2301,1,NULL,HODGENVILLE,NULL,RD,KY0210,KY0210,047 KY-210,KY0210,N,37.67275,-85.8444,9,2018,O,047-KY-0210  -000,0.086,0,0,1,0,0,0,1,0,0,0,0,1,0,Y
Motor Vehicle,DAC,72198349,20180529,1238,2,NULL,DIXIE,N,AVE,US0031W,US0031W,047 US-31W,US0031W,N,37.73607,-85.88786,5,2018,O,047-US-0031W -000,20.116,0,0,0,1,0,0,1,0,0,0,0,0,0,Y
Motor Vehicle,DAC,72200188,20180527,1200,0,NULL,DIXIE,N,AVE,US0031W,US0031W,047 US-31W,US0031W,N,37.73538,-85.88777,3,2018,O,047-US-0031W -000,20.055,0,0,0,0,0,0,0,0,0,0,0,0,0,Y
Motor Vehicle,DAC,72200434,20180602,1348,6,NULL,DIXIE,E,AVE,US0031W,US0031W,047 US-31W,US0031W,N,37.68274,-85.85001,5,2018,O,047-US-0031W -000,15.727,0,0,1,0,0,0,1,0,0,0,0,0,0,Y
Motor Vehicle,DAC,72200557,20180602,1745,6,NULL,RING,NULL,RD,KY3005,KY3005,047 KY-3005,KY3005,N,37.73179,-85.87208,5,2018,O,047-KY-3005  -000,7.254,0,0,0,0,0,0,1,0,0,0,0,0,0,Y
Motor Vehicle,DAC,72200652,20180602,934,6,NULL,NULL,NULL,NULL,US0031WB,US0031WB,NULL,NULL,N,37.68788,-85.86877,5,2018,O,047-US-0031WB-131,0.209,0,0,1,0,0,0,1,0,0,0,0,0,0,Y
Motor Vehicle,Non DAC,72200724,20180603,1203,0,NULL,WOODLAND,NULL,DR,NULL,NULL,047 CS-1193,CS1193,N,37.72757,-85.88574,5,2018,O,047-CS-1193  -000,0.002,0,0,0,0,0,0,1,0,0,0,0,0,0,Y