Mode,Crash In Disadvantaged Community,MasterFile,CollisionDate,CollisionTime,CollisionDayWeekCode,RoadwayName_HouseBusinessNumber_,RoadwayName_RoadwayName_,RoadwayName_Direction_,RoadwayName_RoadwaySuffix_,RoadwayfromReport,CurrentRoadwayNumber,RSEUniqueGIS,RoadwayIdentifier,ParkingLotIndicator,Latitude,Longitude,MannerofCollisionCode,YR,KABCO,KTC_RT,KTC_MP,Motorcyclist,Commercial Vehicle,Young Driver,Mature Driver,Pedestrian,Bicyclist,Distracted,Aggressive,Impaired,Unrestrained,Intersection,Roadway Departure,Median Cross-over,In City Limits?
Motor Vehicle,DAC,72201239,20180604,1342,1,NULL,DIXIE,N,AVE,US0031W,US0031W,047 US-31W-10,US0031W,N,37.72701,-85.88363,1,2018,C,047-US-0031W -000,19.388,0,0,0,0,0,0,0,0,0,0,0,0,0,Y
Motor Vehicle,Non DAC,72201461,20180604,2144,1,NULL,RING,NULL,RD,KY3005,KY3005,047 KY-3005-10,KY3005,N,37.67923,-85.91504,5,2018,O,047-KY-3005  -000,2.472,0,0,1,0,0,0,1,0,0,0,0,0,0,Y
Motor Vehicle,DAC,72201686,20180605,1029,2,NULL,STEEL,NULL,DR,NULL,NULL,047 CS-1471,CS1471,N,37.67791,-85.84495,8,2018,O,047-CS-1471  -000,0.104,0,0,0,0,0,0,1,0,0,0,0,1,0,Y
Motor Vehicle,DAC,72202340,20180605,2220,2,NULL,DIXIE,N,AVE,US0031W,US0031W,047 US-31W-10,US0031W,N,37.72896,-85.88455,4,2018,O,047-US-0031W -000,19.539,0,0,0,0,0,0,1,0,0,0,0,0,0,Y
Motor Vehicle,DAC,72202344,20180605,1515,2,NULL,MULBERRY,N,ST,US0062,US0062,047 US-62,US0062,N,37.71103,-85.83469,5,2018,O,047-US-0062  -000,19.784,0,0,0,0,0,0,0,0,0,0,0,0,0,Y
Motor Vehicle,DAC,72202794,20180606,1538,3,NULL,DIECKS,NULL,DR,NULL,NULL,047 CS-1061,CS1061,N,37.70901,-85.87363,4,2018,O,047-CS-1061  -000,0.025,0,0,0,0,0,0,0,1,0,0,0,0,0,Y
Motor Vehicle,DAC,72202803,20180607,2143,4,NULL,DIXIE,N,AVE,US0031W,US0031W,047 US-31W,US0031W,N,37.71795,-85.87887,1,2018,O,047-US-0031W -000,18.721,0,0,1,0,0,0,1,1,0,0,1,0,0,Y
Motor Vehicle,DAC,72202922,20180606,1211,3,NULL,MULBERRY,N,ST,US0062,US0062,047 US-62,US0062,N,37.695,-85.85842,1,2018,O,047-US-0062  -000,18.06,0,0,0,0,0,0,0,1,0,0,1,0,0,Y
Motor Vehicle,DAC,72202923,20180608,754,5,NULL,NULL,NULL,NULL,US0031WB,US0031WB,NULL,NULL,N,37.68785,-85.86876,6,2018,O,047-US-0031WB-131,0.211,0,0,0,0,0,0,1,0,0,0,0,0,0,Y
Motor Vehicle,Non DAC,72202989,20180608,1257,5,NULL,TOWNE,NULL,CTR,NULL,NULL,047 PR-1010,PR1010,N,37.73176,-85.88688,1,2018,O,047-PR-1010  -000,0.289,0,0,1,1,0,0,1,0,0,0,0,0,0,Y
Motor Vehicle,DAC,72203233,20180608,1501,5,NULL,DIXIE,N,AVE,US0031W,US0031W,047 US-31W,US0031W,N,37.7284,-85.88406,8,2018,O,047-US-0031W -000,19.486,0,0,0,0,0,0,0,0,0,0,0,1,0,Y
Motor Vehicle,Non DAC,72203277,20180603,5,0,NULL,DIXIE,N,AVE,US0031W,US0031W,047 US-31W-10,US0031W,N,37.74576,-85.89275,1,2018,O,047-US-0031W -000,20.771,0,0,0,0,0,0,0,1,0,0,1,0,0,Y
Motor Vehicle,DAC,72203830,20180608,1109,5,NULL,DIXIE,N,AVE,US0031W,US0031W,NULL,NULL,N,37.70894,-85.87409,8,2018,O,047-US-0031W -000,18.041,0,0,0,1,0,0,0,1,0,0,0,1,0,Y
Motor Vehicle,DAC,72203831,20180601,1422,5,NULL,DIXIE,N,AVE,US0031W,US0031W,047 US-31W,US0031W,N,37.72737,-85.88353,5,2018,O,047-US-0031W -000,19.4,0,0,1,0,0,0,0,0,0,0,0,0,0,Y
Motor Vehicle,DAC,72203833,20180609,1120,6,NULL,MILES,N,ST,KY0251,KY0251,047 KY-251,KY0251,N,37.69812,-85.86098,2,2018,O,047-KY-0251  -000,0.181,0,0,0,0,0,0,1,1,0,0,0,0,0,Y
Motor Vehicle,DAC,72203835,20180609,1340,6,NULL,HILLCREST,NULL,DR,NULL,NULL,NULL,NULL,N,37.69843,-85.86128,2,2018,O,047-CS-1054  -000,0.054,0,0,0,0,0,0,0,0,0,0,0,0,0,Y
Motor Vehicle,Non DAC,72204001,20180611,1231,1,NULL,RING,NULL,RD,KY3005,KY3005,047 KY-3005-10,KY3005,N,37.69047,-85.9136,1,2018,O,047-KY-3005  -000,3.256,0,0,0,1,0,0,0,1,0,0,1,0,0,Y
Motor Vehicle,DAC,72204097,20180608,1653,5,NULL,31W,NULL,BYP,US0031WB,US0031WB,NULL,NULL,N,37.69288,-85.87347,5,2018,O,047-US-0031WB-000,1.469,0,0,1,0,0,0,1,1,0,0,0,0,0,Y
Motor Vehicle,DAC,72204450,20180611,1644,1,NULL,DIXIE,W,AVE,US0031W,US0031W,047 US-31W,US0031W,N,37.70089,-85.86761,4,2018,O,047-US-0031W -000,17.374,0,0,0,1,0,0,0,1,0,0,1,0,0,Y
Motor Vehicle,DAC,72204482,20180609,1927,6,NULL,POPLAR,W,ST,NULL,NULL,047 CS-1068,CS1068,N,37.69502,-85.85848,1,2018,O,047-CS-1068  -000,0.093,0,0,0,1,0,0,1,1,0,0,1,0,0,Y
Motor Vehicle,DAC,72204636,20180611,1410,1,NULL,ST JOHN,NULL,RD,KY1357,KY1357,047 KY-1357,KY1357,N,37.70424,-85.87121,2,2018,O,047-KY-1357  -000,16.98,0,0,0,0,0,0,1,0,0,0,0,0,0,Y
Motor Vehicle,DAC,72204760,20180612,1326,2,NULL,RING,NULL,RD,KY3005,KY3005,047 KY-3005,KY3005,N,37.72834,-85.88391,8,2018,O,047-KY-3005  -000,6.555,0,0,0,1,0,0,1,0,0,0,0,1,0,Y
Motor Vehicle,DAC,72204995,20180612,734,2,NULL,RING,NULL,RD,KY3005,KY3005,047 KY-3005,KY3005,N,37.73381,-85.86196,3,2018,O,047-KY-3005  -000,7.835,0,0,0,0,0,0,1,0,0,0,1,0,0,Y
Motor Vehicle,Non DAC,72205446,20180613,1428,3,NULL,TOWNE,NULL,CTR,NULL,NULL,047 PR-1010,PR1010,N,37.731,-85.88651,8,2018,O,047-PR-1010  -000,0.232,0,0,0,0,0,0,1,0,0,0,0,1,0,Y
Motor Vehicle,DAC,72205723,20180612,1620,2,NULL,DIXIE,W,AVE,US0031W,US0031W,047 US-31W,US0031W,N,37.69515,-85.86171,5,2018,O,047-US-0031W -000,16.867,0,0,0,0,0,0,1,0,0,0,0,0,0,Y
Motor Vehicle,DAC,72205724,20180613,1525,3,NULL,JOSALE,NULL,DR,NULL,NULL,047 CS-1643,CS1643,N,37.71108,-85.83759,1,2018,O,047-CS-1643  -000,0.127,0,0,0,1,0,0,1,0,0,0,1,0,0,Y
Motor Vehicle,DAC,72206100,20180615,1326,5,NULL,DIXIE,N,AVE,US0031W,US0031W,047 US-31W,US0031W,N,37.73807,-85.88885,5,2018,O,047-US-0031W -000,20.222,0,0,1,0,0,0,1,1,0,0,0,0,0,Y
Motor Vehicle,DAC,72206304,20180613,1814,3,NULL,MULBERRY,N,ST,US0062,US0062,047 US-62,US0062,N,37.70104,-85.85256,8,2018,C,047-US-0062  -000,18.59,0,0,0,0,0,0,0,0,0,0,0,1,0,Y
Motor Vehicle,Non DAC,72206305,20180614,1840,4,NULL,RING,NULL,RD,KY3005,KY3005,NULL,NULL,N,37.71761,-85.90311,5,2018,O,047-KY-3005  -000,5.265,0,0,1,0,0,0,0,0,0,0,0,0,0,Y
Motor Vehicle,DAC,72206686,20180617,1458,0,NULL,FREEMAN LAKE PARK,NULL,RD,NULL,NULL,047 CS-1728,CS1728,N,37.71799,-85.8788,5,2018,O,047-CS-1728  -000,0.005,0,0,0,0,0,0,1,0,0,0,0,0,0,Y
Motor Vehicle,DAC,72207212,20180615,1410,5,NULL,DIXIE,N,AVE,US0031W,US0031W,047 US-31W,US0031W,N,37.73447,-85.88701,5,2018,O,047-US-0031W -000,19.958,0,0,0,0,0,0,0,0,0,0,0,0,0,Y
Motor Vehicle,DAC,72207449,20180618,1705,1,NULL,DIXIE,N,AVE,US0031W,US0031W,NULL,NULL,N,37.7313,-85.88542,5,2018,O,047-US-0031W -000,19.708,0,0,0,0,0,0,1,0,0,0,1,0,0,Y
Motor Vehicle,Non DAC,72207579,20180619,1100,2,NULL,LINCOLN,NULL,PKWY,KY0061,KY0061,047 KY-61,KY0061,N,37.66985,-85.84607,5,2018,O,047-KY-0061  -000,5.287,0,0,0,0,0,0,1,0,0,0,0,0,0,Y
Motor Vehicle,DAC,72207995,20180613,1140,3,NULL,RING,NULL,RD,KY3005,KY3005,NULL,NULL,N,37.73218,-85.84424,5,2018,O,047-KY-3005  -000,8.824,0,0,0,0,0,0,1,1,0,0,0,0,0,Y
Motor Vehicle,Non DAC,72208052,20180620,1200,3,NULL,WOODLAND,NULL,DR,NULL,NULL,047 CS-1193,CS1193,N,37.72418,-85.88464,5,2018,O,047-CS-1193  -000,0.243,0,0,0,0,0,0,1,0,0,0,0,0,0,Y
Motor Vehicle,DAC,72208211,20180619,1629,2,NULL,BEECH,NULL,ST,NULL,NULL,047 CS-1030,CS1030,N,37.69959,-85.8545,1,2018,O,047-CS-1030  -000,0.068,0,0,1,0,0,0,1,0,0,0,0,0,0,Y
Motor Vehicle,DAC,72208297,20180620,1600,3,NULL,DIXIE,N,AVE,US0031W,US0031W,047 US-31W,US0031W,N,37.70425,-85.8712,4,2018,O,047-US-0031W -000,17.677,0,0,0,0,0,0,1,0,0,0,1,0,0,Y
Motor Vehicle,Non DAC,72208978,20180622,819,5,NULL,RING,NULL,RD,KY3005,KY3005,047 KY-3005,KY3005,N,37.7268,-85.8887,5,2018,O,047-KY-3005  -000,6.284,0,0,1,0,0,0,1,0,0,0,0,0,0,Y
Motor Vehicle,Non DAC,72208979,20180622,830,5,NULL,VETERANS,NULL,WAY,NULL,NULL,047 CS-1683,CS1683,N,37.7256,-85.89161,5,2018,O,047-CS-1683  -000,0.02,0,0,0,1,0,0,1,0,0,0,0,0,0,Y
Motor Vehicle,DAC,72209070,20180622,1246,5,NULL,MAIN,N,ST,NULL,NULL,047 CS-1320,CS1320,N,37.70789,-85.8407,9,2018,C,047-CS-1320  -000,1.403,0,0,0,0,0,0,0,0,0,0,0,1,0,Y
Motor Vehicle,DAC,72209079,20180622,1156,5,NULL,DIXIE,N,AVE,US0031W,US0031W,047 US-31W,US0031W,N,37.71566,-85.87772,1,2018,B,047-US-0031W -000,18.549,0,0,0,0,0,0,1,1,0,0,0,0,0,Y
Motor Vehicle,DAC,72209089,20180618,1627,1,NULL,US31W BYP N TURN LANE,NULL,NULL,US0031WB,US0031WB,047 US-31WB-21,US0031WB,N,37.70061,-85.882,5,2018,O,047-US-0031WB-021,0.036,0,0,0,0,0,0,1,0,0,0,1,0,0,Y
Motor Vehicle,DAC,72209241,20180622,1659,5,NULL,DIXIE,W,AVE,US0031W,US0031W,047 US-31W,US0031W,N,37.69908,-85.86572,9,2018,C,047-US-0031W -000,17.212,0,0,0,0,0,0,0,0,0,0,0,0,0,Y
Motor Vehicle,DAC,72209300,20180622,1758,5,NULL,MULBERRY,N,ST,US0062,US0062,047 US-62-10,US0062,N,37.71314,-85.83084,5,2018,O,047-US-0062  -000,20.033,0,0,1,0,0,0,0,0,0,0,0,0,0,Y
Motor Vehicle,DAC,72209374,20180623,830,6,NULL,DIXIE,N,AVE,US0031W,US0031W,047 US-31W,US0031W,N,37.73049,-85.8852,1,2018,O,047-US-0031W -000,19.61,0,0,0,0,0,0,0,0,0,0,0,0,0,Y
Motor Vehicle,Non DAC,72209440,20180622,1751,5,NULL,DIXIE,N,AVE,US0031W,US0031W,047 US-31W-10,US0031W,N,37.74227,-85.89112,5,2018,O,047-US-0031W -000,20.517,0,0,0,0,0,0,0,0,0,0,0,0,0,Y
Motor Vehicle,DAC,72209573,20180623,2023,6,NULL,MULBERRY,S,ST,US0062,US0062,047 US-62,US0062,N,37.68779,-85.86833,1,2018,O,047-US-0062  -000,17.313,0,0,0,1,0,0,1,1,0,1,1,0,0,Y
Motor Vehicle,Non DAC,72209672,20180607,1036,4,NULL,MULBERRY,N,ST,US0062,US0062,047 US-62-10,US0062,N,37.71524,-85.82637,1,2018,O,047-US-0062  -000,20.31,0,0,0,0,0,0,0,0,0,0,0,0,0,Y
Motor Vehicle,Non DAC,72209673,20180614,1352,4,NULL,RING,NULL,RD,KY3005,KY3005,047 KY-3005-10,KY3005,N,37.70181,-85.90779,9,2018,O,047-KY-3005  -000,4.103,0,0,0,0,0,0,0,0,0,0,0,0,0,Y
Motor Vehicle,DAC,72209674,20180615,1403,5,NULL,DIXIE,N,AVE,US0031W,US0031W,047 US-31W,US0031W,N,37.73484,-85.88733,1,2018,C,047-US-0031W -000,20,0,0,0,0,0,0,0,1,0,0,0,0,0,Y
Motor Vehicle,DAC,72210211,20180625,957,1,NULL,DIXIE,N,AVE,US0031W,US0031W,047 US-31W,US0031W,N,37.7078,-85.87328,5,2018,O,047-US-0031W -000,17.944,0,0,0,1,0,0,1,0,0,0,0,0,0,Y
Motor Vehicle,DAC,72210298,20180625,1357,1,NULL,RING,NULL,RD,KY3005,KY3005,047 KY-3005,KY3005,N,37.72037,-85.83964,5,2018,C,047-KY-3005  -000,9.784,0,0,0,1,0,0,1,0,0,0,0,0,0,Y
Motor Vehicle,DAC,72210387,20180625,2001,1,NULL,WARFIELD,E,ST,NULL,NULL,047 CS-1563,CS1563,N,37.69704,-85.8518,1,2018,O,047-CS-1563  -000,0.14,0,0,0,0,0,0,0,1,0,0,1,0,0,Y
Motor Vehicle,DAC,72210443,20180625,1728,1,NULL,DIXIE,E,AVE,US0031W,US0031W,047 US-31W,US0031W,N,37.69079,-85.85531,8,2018,O,047-US-0031W -000,16.388,0,0,0,0,0,0,0,1,0,0,0,1,0,Y
Motor Vehicle,Non DAC,72210501,20180321,634,3,NULL,LEITCHFIELD,NULL,RD,US0062,US0062,047 US-62-10,US0062,N,37.67167,-85.91206,1,2018,O,047-US-0062  -000,14.571,0,0,0,0,0,0,0,1,0,0,1,0,0,N
Motor Vehicle,DAC,72210502,20180321,655,3,NULL,US31W BYP N TURN LANE,NULL,NULL,US0031WB,US0031WB,047 US-31WB-24,US0031WB,N,37.71885,-85.87975,5,2018,O,047-US-0031WB-024,0.041,0,0,0,1,0,0,1,0,0,0,0,0,0,Y
Motor Vehicle,DAC,72210503,20180322,1157,4,NULL,MANTLE,N,AVE,NULL,NULL,047 CS-1025,CS1025,N,37.70192,-85.86621,1,2018,O,047-CS-1025  -000,0.105,0,0,0,0,0,0,0,1,0,0,0,0,0,Y
Motor Vehicle,Non DAC,72210507,20180429,1424,0,NULL,RING,NULL,RD,KY3005,KY3005,047 KY-3005-10,KY3005,N,37.72721,-85.88773,5,2018,O,047-KY-3005  -000,6.346,0,0,0,0,0,0,1,0,0,0,0,0,0,Y
Motor Vehicle,Non DAC,72210510,20180507,1035,1,NULL,RING,NULL,RD,KY3005,KY3005,047 KY-3005,KY3005,N,37.67265,-85.91253,8,2018,O,047-KY-3005  -000,1.991,0,0,0,0,0,0,0,1,0,0,0,1,0,Y
Motor Vehicle,Non DAC,72210511,20180507,805,1,NULL,LEITCHFIELD,NULL,RD,US0062,US0062,047 US-62-10,US0062,N,37.6785,-85.88281,5,2018,O,047-US-0062  -000,16.263,0,0,1,0,0,0,0,0,0,0,0,0,0,Y
Motor Vehicle,DAC,72210512,20180507,1402,1,NULL,PUBLIC,NULL,SQ,US0031W,US0031W,047 US-31W,US0031W,N,37.69313,-85.85776,1,2018,O,047-US-0031W -000,16.609,0,0,0,0,0,0,0,0,0,0,0,0,0,Y
Motor Vehicle,DAC,72210513,20180524,1334,4,NULL,BEECH,NULL,ST,NULL,NULL,047 CS-1030,CS1030,N,37.69913,-85.85378,1,2018,B,047-CS-1030  -000,0.035,0,0,0,0,0,0,0,1,0,0,1,0,0,Y
Motor Vehicle,Non DAC,72210514,20180607,735,4,NULL,WOODLAND,NULL,DR,NULL,NULL,047 CS-1193,CS1193,N,37.7265,-85.88554,1,2018,O,047-CS-1193  -000,0.076,0,0,0,1,0,0,0,1,0,0,1,0,0,Y
Motor Vehicle,Non DAC,72210515,20180612,804,2,NULL,STEEL,NULL,DR,NULL,NULL,047 CS-1471,CS1471,N,37.67852,-85.84375,8,2018,O,047-CS-1471  -000,0.208,0,1,0,0,0,0,0,1,0,0,0,1,0,Y
Motor Vehicle,Non DAC,72210516,20180619,801,2,308,PETERSON,NULL,DR,NULL,NULL,047 CS-1251,CS1251,N,37.68358,-85.90421,1,2018,C,047-CS-1251  -000,0.654,0,0,0,0,0,0,0,1,0,0,0,0,0,Y
Motor Vehicle,DAC,72210517,20180625,1105,1,NULL,RING,NULL,RD,KY3005,KY3005,047 KY-3005,KY3005,N,37.73382,-85.86198,1,2018,O,047-KY-3005  -000,7.834,0,0,0,0,0,0,0,1,0,0,1,0,0,Y
Motor Vehicle,DAC,72210871,20180626,1922,2,NULL,DIXIE,N,AVE,US0031W,US0031W,047 US-31W,US0031W,N,37.70859,-85.87372,1,2018,O,047-US-0031W -000,18.007,0,0,1,0,0,0,0,1,0,0,1,0,0,Y
Motor Vehicle,DAC,72210977,20180621,1443,4,500,COVINGTON RIDGE,NULL,RD,NULL,NULL,047 CS-1721,CS1721,N,37.74761,-85.87157,9,2018,O,047-CS-1721  -000,0.086,0,0,0,0,0,0,0,0,0,0,0,1,0,Y
Motor Vehicle,DAC,72211158,20180627,1246,3,NULL,DIXIE,N,AVE,US0031W,US0031W,NULL,NULL,N,37.70438,-85.8714,5,2018,O,047-US-0031W -000,17.689,0,0,0,0,0,0,1,1,0,0,0,0,0,Y
Motor Vehicle,DAC,72211424,20180627,1718,3,NULL,MILES,N,ST,KY0251,KY0251,047 KY-251,KY0251,N,37.69708,-85.86193,1,2018,O,047-KY-0251  -000,0.091,0,0,0,0,0,0,0,1,0,0,1,0,0,Y
Motor Vehicle,Non DAC,72211491,20180628,630,4,NULL,KY1600,NULL,NULL,KY1600,KY1600,047 KY-1600,KY1600,N,37.72758,-85.91679,5,2018,O,047-KY-1600  -000,0.009,0,0,0,0,0,0,1,0,0,0,1,0,0,Y
Motor Vehicle,DAC,72211684,20180628,1357,4,NULL,RING,NULL,RD,KY3005,KY3005,047 KY-3005,KY3005,N,37.72849,-85.8835,1,2018,O,047-KY-3005  -000,6.58,0,0,0,1,0,0,0,1,0,0,0,0,0,Y
Motor Vehicle,DAC,72211887,20180628,1729,4,NULL,MULBERRY,S,ST,US0062,US0062,047 US-62,US0062,N,37.69169,-85.86145,9,2018,O,047-US-0062  -000,17.782,0,0,0,0,0,0,0,0,0,0,0,1,0,Y
Motor Vehicle,Non DAC,72211888,20180628,1710,4,NULL,DIXIE,N,AVE,US0031W,US0031W,047 US-31W-10,US0031W,N,37.74272,-85.89137,5,2018,O,047-US-0031W -000,20.551,0,0,0,0,0,0,1,0,0,0,0,0,0,Y
Motor Vehicle,DAC,72211893,20180628,1844,4,NULL,NULL,NULL,NULL,I 0065,I 0065,NULL,NULL,N,37.71335,-85.83067,5,2018,O,047-I -0065  -531,0.251,0,0,0,0,0,0,1,0,0,0,0,0,0,Y
Motor Vehicle,Non DAC,72211894,20180628,1540,4,NULL,RING,NULL,RD,KY3005,KY3005,047 KY-3005,KY3005,N,37.72741,-85.88682,5,2018,O,047-KY-3005  -000,6.395,0,0,0,0,0,0,1,0,0,0,0,0,0,Y
Motor Vehicle,Non DAC,72211920,20180628,2220,4,NULL,LINCOLN,NULL,PKWY,KY0061,KY0061,047 KY-61,KY0061,N,37.66501,-85.83961,9,2018,O,047-KY-0061  -000,4.778,0,0,0,0,0,0,0,0,0,0,0,0,0,Y
Motor Vehicle,DAC,72211953,20180629,1344,5,NULL,DIXIE,N,AVE,US0031W,US0031W,047 US-31W,US0031W,N,37.72846,-85.88408,1,2018,O,047-US-0031W -000,19.491,0,0,0,1,0,0,1,0,0,0,0,0,0,Y
Motor Vehicle,Non DAC,72212101,20180620,1437,3,NULL,RING,NULL,RD,KY3005,KY3005,047 KY-3005-10,KY3005,N,37.67282,-85.91274,1,2018,O,047-KY-3005  -000,2.006,0,1,0,1,0,0,0,1,0,0,0,0,0,Y
Motor Vehicle,Non DAC,72212102,20180625,944,1,NULL,MULBERRY,N,ST,US0062,US0062,047 US-62,US0062,N,37.71535,-85.82601,1,2018,O,047-US-0062  -000,20.328,0,0,0,0,0,0,1,1,0,0,0,0,0,Y
Motor Vehicle,DAC,72212327,20180629,1545,5,NULL,DIXIE,E,AVE,US0031W,US0031W,047 US-31W,US0031W,N,37.69293,-85.85768,8,2018,O,047-US-0031W -000,16.581,0,0,0,1,0,0,0,1,0,0,0,1,0,Y
Motor Vehicle,DAC,72212403,20180629,1420,5,NULL,COMMERCE,NULL,DR,NULL,NULL,047 CS-1108,CS1108,N,37.71037,-85.8331,1,2018,O,047-CS-1108  -000,0.088,0,0,0,1,0,0,1,1,0,0,1,0,0,Y
Motor Vehicle,DAC,72212649,20180630,1938,6,NULL,DIXIE,N,AVE,US0031W,US0031W,047 US-31W,US0031W,N,37.73261,-85.88613,1,2018,O,047-US-0031W -000,19.804,0,0,0,0,0,0,1,1,0,0,1,0,0,Y
Motor Vehicle,Non DAC,72212894,20180701,1613,0,NULL,LEITCHFIELD,NULL,RD,US0062,US0062,047 US-62,US0062,N,37.67011,-85.91541,1,2018,C,047-US-0062  -000,14.35,0,0,0,0,0,0,1,1,0,0,0,0,0,N
Motor Vehicle,DAC,72213018,20180701,1531,0,NULL,NICHOLAS,NULL,ST,NULL,NULL,047 CS-1389,CS1389,N,37.6783,-85.87332,9,2018,O,047-CS-1389  -000,1.51,0,0,0,0,0,0,0,0,1,0,0,1,0,Y
Motor Vehicle,DAC,72213070,20180701,1640,0,NULL,STARLITE,NULL,DR,NULL,NULL,047 CS-1286,CS1286,N,37.73381,-85.88668,5,2018,O,047-CS-1286  -000,0.002,0,0,0,0,0,0,1,0,0,0,0,0,0,Y
Motor Vehicle,DAC,72213240,20180629,1312,5,NULL,DIECKS,NULL,DR,NULL,NULL,047 CS-1061,CS1061,N,37.70923,-85.87299,1,2018,O,047-CS-1061  -000,0.063,0,0,0,1,0,0,0,1,0,0,0,0,0,Y
Motor Vehicle,DAC,72213314,20180629,934,5,100,WALMART,NULL,DR,NULL,NULL,047 CS-1558,CS1558,N,37.73155,-85.88458,8,2018,O,047-CS-1558  -000,0.04,0,0,0,1,0,0,0,1,0,0,0,1,0,Y
Motor Vehicle,DAC,72213358,20180702,804,1,NULL,RING,NULL,RD,KY3005,KY3005,047 KY-3005,KY3005,N,37.72833,-85.8839,5,2018,O,047-KY-3005  -000,6.556,0,0,0,0,0,0,0,0,0,0,0,0,0,Y
Motor Vehicle,Non DAC,72213497,20180701,2324,0,311,VALLEY CREEK,NULL,RD,KY0567,KY0567,047 KY-567,KY0567,N,37.67401,-85.83533,9,2018,B,047-KY-0567  -000,0.514,0,0,0,0,0,0,0,0,0,1,0,1,0,Y
Motor Vehicle,DAC,72213889,20180701,1316,0,NULL,DIXIE,N,AVE,US0031W,US0031W,047 US-31W-10,US0031W,N,37.72899,-85.8846,1,2018,O,047-US-0031W -000,19.542,0,0,0,0,0,0,1,0,0,0,0,0,0,Y
Motor Vehicle,DAC,72214072,20180704,949,3,NULL,DIXIE,N,AVE,US0031W,US0031W,047 US-31W,US0031W,N,37.70429,-85.87122,1,2018,O,047-US-0031W -000,17.68,0,0,0,1,0,0,0,1,0,0,0,0,0,Y
Motor Vehicle,DAC,72214488,20180702,1525,1,NULL,RING,NULL,RD,KY3005,KY3005,047 KY-3005,KY3005,N,37.72946,-85.88037,5,2018,O,047-KY-3005  -000,6.766,0,0,0,0,0,0,1,0,0,0,0,0,0,Y
Motor Vehicle,DAC,72214489,20180702,1911,1,NULL,DIECKS,NULL,DR,NULL,NULL,047 CS-1061,CS1061,N,37.70838,-85.86526,9,2018,O,047-CS-1061  -000,0.491,0,0,0,0,0,0,1,0,0,0,1,0,0,Y
Motor Vehicle,Non DAC,72214505,20180703,1512,2,NULL,RING,NULL,RD,KY3005,KY3005,047 KY-3005-10,KY3005,N,37.67184,-85.91219,8,2018,O,047-KY-3005  -000,1.932,0,0,1,0,0,0,1,1,0,0,0,1,0,N
Motor Vehicle,DAC,72214636,20180705,1554,4,NULL,PUBLIC,NULL,SQ,US0031W,US0031W,047 US-31W-1,US0031W,N,37.69283,-85.85804,8,2018,O,047-US-0031W -001,16.608,0,0,0,0,0,0,0,0,0,0,0,1,0,Y
Motor Vehicle,DAC,72214747,20180705,1144,4,NULL,NULL,NULL,NULL,US0031WB,US0031WB,NULL,NULL,N,37.68775,-85.8688,5,2018,O,047-US-0031WB-131,0.217,0,0,0,0,0,0,1,0,0,0,0,0,0,Y
Motor Vehicle,DAC,72214750,20180705,1233,4,NULL,PEAR ORCHARD,NW,RD,NULL,NULL,047 CS-1297,CS1297,N,37.74133,-85.89,9,2018,O,047-CS-1297  -000,1.01,0,1,0,0,0,0,1,0,0,0,0,1,0,Y
Motor Vehicle,DAC,72214895,20180706,1257,5,NULL,DIXIE,N,AVE,US0031W,US0031W,047 US-31W-10,US0031W,N,37.71915,-85.87975,1,2018,O,047-US-0031W -000,18.818,0,0,0,1,0,0,1,0,0,0,1,0,0,Y
Motor Vehicle,DAC,72214904,20180706,1335,5,NULL,DIXIE,N,AVE,US0031W,US0031W,047 US-31W-10,US0031W,N,37.70784,-85.87358,5,2018,O,047-US-0031W -000,17.945,0,0,0,0,0,0,1,0,0,0,0,0,0,Y
Motor Vehicle,Non DAC,72215089,20180706,1910,5,NULL,TOWNE,NULL,DR,NULL,NULL,047 CS-1448,CS1448,N,37.73045,-85.89396,5,2018,O,047-CS-1448  -000,0.479,0,0,0,1,0,0,1,0,0,0,0,0,0,Y
Motor Vehicle,Non DAC,72215129,20180611,1356,1,32O,RING,NULL,RD,KY3005,KY3005,047 KY-3005-10,KY3005,N,37.68809,-85.91505,9,2018,O,047-KY-3005  -000,3.083,0,0,0,0,0,0,0,0,0,0,0,1,0,Y
Motor Vehicle,DAC,72215130,20180627,1328,3,NULL,31W,NULL,BYP,US0031WB,US0031WB,047 US-31WB,US0031WB,N,37.69206,-85.87185,3,2018,O,047-US-0031WB-000,1.372,0,0,0,1,0,0,0,0,0,0,1,0,0,Y
Motor Vehicle,DAC,72215131,20180627,1358,3,NULL,COLLEGE,NULL,ST,NULL,NULL,047 CS-1730,CS1730,N,37.69242,-85.87112,5,2018,O,047-CS-1730  -000,0.045,0,0,0,0,0,0,1,0,0,0,0,0,0,Y
Motor Vehicle,Non DAC,72215132,20180628,845,4,NULL,MULBERRY,N,ST,US0062,US0062,047 US-62,US0062,N,37.71511,-85.82654,5,2018,O,047-US-0062  -000,20.294,0,0,0,0,0,0,0,1,0,0,0,0,0,Y
Motor Vehicle,DAC,72215466,20180707,2244,6,NULL,POPLAR,W,ST,NULL,NULL,047 CS-1068,CS1068,N,37.70055,-85.86528,3,2018,O,047-CS-1068  -000,0.639,0,0,0,0,0,0,1,0,0,0,0,0,0,Y
Motor Vehicle,Non DAC,72215595,20180708,1332,0,NULL,LINCOLN,NULL,PKWY,KY0061,KY0061,047 KY-61,KY0061,N,37.6695,-85.84511,5,2018,O,047-KY-0061  -000,5.229,0,0,0,0,0,0,1,0,0,0,0,0,0,Y
Motor Vehicle,DAC,72216044,20180708,2245,0,NULL,WASHINGTON,NULL,ST,NULL,NULL,047 CS-1565,CS1565,N,37.69948,-85.86737,2,2018,O,047-CS-1565  -000,0.226,0,0,0,0,0,0,0,0,0,0,0,0,0,Y
Motor Vehicle,Non DAC,72216160,20180709,1112,1,NULL,RING,NULL,RD,KY3005,KY3005,047 KY-3005-10,KY3005,N,37.69011,-85.91384,8,2018,O,047-KY-3005  -000,3.229,0,0,0,0,0,0,1,0,0,0,0,1,0,Y
Motor Vehicle,DAC,72216286,20180630,1649,6,NULL,DIXIE,E,AVE,US0031W,US0031W,047 US-31W,US0031W,N,37.68332,-85.85036,1,2018,O,047-US-0031W -000,15.768,0,0,0,0,0,0,1,0,0,0,1,0,0,Y
Motor Vehicle,DAC,72216645,20180710,1223,2,NULL,DIXIE,W,AVE,US0031W,US0031W,047 US-31W,US0031W,N,37.70154,-85.8683,5,2018,O,047-US-0031W -000,17.432,0,0,0,0,0,0,1,1,0,0,0,0,0,Y
Motor Vehicle,DAC,72216699,20180710,1614,2,NULL,DIECKS,NULL,DR,NULL,NULL,047 CS-1061,CS1061,N,37.70899,-85.86914,1,2018,O,047-CS-1061  -000,0.277,0,0,0,0,0,0,1,0,0,0,1,0,0,Y
Motor Vehicle,DAC,72216744,20180705,150,4,NULL,WALMART,NULL,LN,NULL,NULL,047 PR-1004,PR1004,N,37.73351,-85.88362,1,2018,O,047-PR-1004  -000,0.377,0,0,1,0,0,0,1,0,0,1,0,0,0,Y
Motor Vehicle,DAC,72216892,20180711,1255,3,NULL,MULBERRY,S,ST,US0062,US0062,047 US-62,US0062,N,37.68998,-85.86447,3,2018,C,047-US-0062  -000,17.576,0,0,1,0,0,0,1,0,0,1,0,1,0,Y
Motor Vehicle,DAC,72216909,20180711,1142,3,NULL,US31W BYP N TURN LANE,NULL,NULL,US0031WB,US0031WB,047 US-31WB-21,US0031WB,N,37.70054,-85.88184,5,2018,O,047-US-0031WB-021,0.026,0,0,0,0,0,0,1,0,0,0,0,0,0,Y
Motor Vehicle,DAC,72217265,20180712,1030,4,NULL,DIECKS,NULL,DR,NULL,NULL,047 CS-1061,CS1061,N,37.70931,-85.87251,1,2018,O,047-CS-1061  -000,0.089,0,0,0,0,0,0,0,1,0,0,0,0,0,Y
Motor Vehicle,DAC,72217579,20180712,1151,4,NULL,JAMES,NULL,ST,NULL,NULL,047 CS-1051,CS1051,N,37.70135,-85.85173,2,2018,O,047-CS-1051  -000,0.01,0,0,0,0,0,0,1,0,0,0,0,0,0,Y
Motor Vehicle,DAC,72217928,20180712,1055,4,NULL,DIXIE,E,AVE,US0031W,US0031W,047 US-31W,US0031W,N,37.69252,-85.85704,8,2018,O,047-US-0031W -000,16.544,0,0,0,0,0,0,0,0,0,0,0,1,0,Y
Motor Vehicle,DAC,72217972,20180713,1708,5,NULL,POPLAR,E,ST,NULL,NULL,047 CS-1002,CS1002,N,37.69382,-85.85634,1,2018,O,047-CS-1002  -000,0.298,0,0,0,0,0,0,0,0,0,0,1,0,0,Y
Motor Vehicle,Non DAC,72218079,20180714,1110,6,NULL,TOWNE,NULL,CTR,NULL,NULL,047 PR-1010,PR1010,N,37.73143,-85.88672,8,2018,O,047-PR-1010  -000,0.264,0,0,0,1,0,0,1,0,0,0,0,1,0,Y
Motor Vehicle,Non DAC,72219787,20180718,1120,3,NULL,DIXIE,N,AVE,US0031W,US0031W,047 US-31W-10,US0031W,N,37.74641,-85.89304,5,2018,O,047-US-0031W -000,20.823,0,0,0,0,0,0,1,0,0,0,0,0,0,Y
Motor Vehicle,Non DAC,72220044,20180714,1045,6,NULL,KY1600,NULL,NULL,KY1600,KY1600,NULL,NULL,N,37.72745,-85.9188,7,2018,O,047-KY-1600  -000,0.082,0,0,0,0,0,0,1,0,0,0,0,1,0,N
Motor Vehicle,DAC,72220442,20180719,1517,4,NULL,RING,NULL,RD,KY3005,KY3005,047 KY-3005,KY3005,N,37.73373,-85.86237,5,2018,O,047-KY-3005  -000,7.811,0,0,0,0,0,0,0,1,0,0,0,0,0,Y
Motor Vehicle,DAC,72222580,20180724,1832,2,NULL,MULBERRY,N,ST,US0062,US0062,047 US-62,US0062,N,37.6994,-85.85442,8,2018,O,047-US-0062  -000,18.437,0,0,0,0,0,0,0,0,0,0,0,1,0,Y
Motor Vehicle,DAC,72222683,20180724,1250,2,NULL,DIXIE,N,AVE,US0031W,US0031W,047 US-31W,US0031W,N,37.7262,-85.88331,4,2018,C,047-US-0031W -000,19.331,0,0,0,1,0,0,0,1,0,0,0,0,0,Y
Motor Vehicle,DAC,72222980,20180724,2316,2,NULL,DIXIE,N,AVE,US0031W,US0031W,NULL,NULL,N,37.74126,-85.89041,9,2018,O,047-US-0031W -000,20.429,0,0,0,0,0,0,0,0,0,0,0,1,0,Y
Motor Vehicle,DAC,72223005,20180725,1557,3,NULL,DIXIE,N,AVE,US0031W,US0031W,047 US-31W,US0031W,N,37.72807,-85.88384,5,2018,O,047-US-0031W -000,19.461,0,0,0,0,0,0,1,0,0,0,0,0,0,Y
Motor Vehicle,DAC,72223012,20180724,1138,2,NULL,DIXIE,N,AVE,US0031W,US0031W,047 US-31W,US0031W,N,37.7271,-85.88333,5,2018,C,047-US-0031W -000,19.389,0,0,0,1,0,0,1,0,0,0,0,0,0,Y
Motor Vehicle,DAC,72223014,20180719,1454,4,NULL,DIXIE,N,AVE,US0031W,US0031W,047 US-31W-10,US0031W,N,37.71635,-85.8784,5,2018,B,047-US-0031W -000,18.607,0,0,1,1,0,0,1,1,0,0,0,0,0,Y
Motor Vehicle,DAC,72223144,20180719,2229,4,NULL,DIXIE,E,AVE,US0031W,US0031W,047 US-31W,US0031W,N,37.67351,-85.84577,9,2018,O,047-US-0031W -000,15.048,0,0,0,0,0,0,0,0,0,0,1,0,0,Y
Motor Vehicle,DAC,72223723,20180727,944,5,NULL,DIXIE,W,AVE,US0031W,US0031W,047 US-31W,US0031W,N,37.70088,-85.86774,1,2018,O,047-US-0031W -000,17.368,0,0,0,0,0,0,1,1,0,0,1,0,0,Y