Mode,Crash In Disadvantaged Community,MasterFile,CollisionDate,CollisionTime,CollisionDayWeekCode,RoadwayName_HouseBusinessNumber_,RoadwayName_RoadwayName_,RoadwayName_Direction_,RoadwayName_RoadwaySuffix_,RoadwayfromReport,CurrentRoadwayNumber,RSEUniqueGIS,RoadwayIdentifier,ParkingLotIndicator,Latitude,Longitude,MannerofCollisionCode,YR,KABCO,KTC_RT,KTC_MP,Motorcyclist,Commercial Vehicle,Young Driver,Mature Driver,Pedestrian,Bicyclist,Distracted,Aggressive,Impaired,Unrestrained,Intersection,Roadway Departure,Median Cross-over,In City Limits?
Motor Vehicle,DAC,72224107,20180728,1020,6,NULL,NICHOLAS ST CONN,NULL,NULL,NULL,NULL,047 CS-1389-71,CS1389,N,37.68763,-85.86816,2,2018,O,047-CS-1389  -071,0.014,0,0,0,0,0,0,1,0,0,0,0,0,0,Y
Motor Vehicle,DAC,72224168,20180728,1249,6,NULL,CHURCHILL,NULL,CT,NULL,NULL,047 CS-1023,CS1023,N,37.69629,-85.86045,1,2018,O,047-CS-1023  -000,0.479,0,0,0,0,0,0,1,0,0,0,0,0,0,Y
Motor Vehicle,DAC,72224419,20180728,1318,6,NULL,POPLAR,E,ST,NULL,NULL,047 CS-1002,CS1002,N,37.69326,-85.85525,2,2018,O,047-CS-1002  -000,0.226,0,0,0,0,0,0,0,0,0,0,0,0,0,Y
Motor Vehicle,DAC,72224490,20180729,1323,0,NULL,DIXIE,N,AVE,US0031W,US0031W,047 US-31W,US0031W,N,37.73106,-85.88539,5,2018,O,047-US-0031W -000,19.69,0,0,0,0,0,0,0,0,0,0,0,0,0,Y
Motor Vehicle,DAC,72224985,20180730,1612,1,NULL,DIXIE,E,AVE,US0031W,US0031W,047 US-31W,US0031W,N,37.67679,-85.84658,5,2018,O,047-US-0031W -000,15.281,0,0,1,0,0,0,1,0,0,0,0,0,0,Y
Motor Vehicle,DAC,72225027,20180729,1930,0,NULL,CHURCHILL,NULL,CT,NULL,NULL,047 CS-1023,CS1023,N,37.70093,-85.85631,2,2018,O,047-CS-1023  -000,0.086,0,0,0,0,0,0,1,0,0,0,0,0,0,Y
Motor Vehicle,Non DAC,72225177,20180730,2125,1,NULL,DIXIE,N,AVE,US0031W,US0031W,047 US-31W,US0031W,N,37.75046,-85.89462,9,2018,O,047-US-0031W -000,21.123,0,0,0,0,0,0,0,0,0,0,0,0,0,Y
Motor Vehicle,DAC,72225229,20180728,1234,6,NULL,MULBERRY,S,ST,US0062,US0062,047 US-62,US0062,N,37.68765,-85.86858,1,2018,O,047-US-0062  -000,17.296,0,0,0,0,0,0,1,0,0,0,0,0,0,Y
Motor Vehicle,DAC,72225431,20180731,959,2,1505,DIXIE,N,AVE,US0031W,US0031W,NULL,NULL,N,37.72649,-85.88308,1,2018,C,047-US-0031W -000,19.345,0,0,0,1,0,0,1,1,0,0,0,0,0,Y
Motor Vehicle,DAC,72225471,20180731,1310,2,NULL,POPLAR,E,ST,NULL,NULL,047 CS-1002,CS1002,N,37.69339,-85.85558,3,2018,O,047-CS-1002  -000,0.247,0,0,0,1,0,0,1,0,0,0,0,0,0,Y
Motor Vehicle,DAC,72225489,20180731,1337,2,NULL,DIXIE,N,AVE,US0031W,US0031W,NULL,NULL,N,37.73126,-85.88547,1,2018,O,047-US-0031W -000,19.705,0,0,0,0,0,0,1,0,0,0,1,0,0,Y
Motor Vehicle,Non DAC,72225678,20180729,2147,0,NULL,ST JOHN,NULL,RD,KY1357,KY1357,047 KY-1357,KY1357,N,37.69594,-85.89315,8,2018,C,047-KY-1357  -000,15.634,0,0,0,0,0,0,1,1,0,0,0,1,0,Y
Motor Vehicle,DAC,72225727,20180731,1005,2,NULL,DIXIE,W,AVE,US0031W,US0031W,047 US-31W,US0031W,N,37.69585,-85.86293,5,2018,O,047-US-0031W -000,16.94,0,0,0,0,0,0,1,0,0,0,0,0,0,Y
Motor Vehicle,Non DAC,72225864,20180722,1305,0,NULL,31W,NULL,BYP,US0031WB,US0031WB,047 US-31WB-10,US0031WB,N,37.6761,-85.85946,5,2018,O,047-US-0031WB-000,0.015,0,0,0,0,0,0,1,0,0,0,0,0,0,Y
Motor Vehicle,DAC,72225865,20180723,1259,1,NULL,DIXIE,N,AVE,US0031W,US0031W,047 US-31W,US0031W,N,37.71318,-85.87658,8,2018,O,047-US-0031W -000,18.365,0,0,0,0,0,0,1,0,0,0,0,1,0,Y
Motor Vehicle,Non DAC,72225866,20180727,908,5,NULL,MULBERRY,N,ST,US0062,US0062,047 US-62,US0062,N,37.71572,-85.82482,3,2018,O,047-US-0062  -000,20.395,0,0,0,1,0,0,1,0,0,0,1,0,0,Y
Motor Vehicle,DAC,72226081,20180801,1547,3,NULL,DIXIE,N,AVE,US0031W,US0031W,NULL,NULL,N,37.72924,-85.8847,5,2018,C,047-US-0031W -000,19.56,0,0,0,0,0,0,1,1,0,0,0,0,0,Y
Motor Vehicle,Non DAC,72226157,20180731,1633,2,NULL,RING,NULL,RD,KY3005,KY3005,047 KY-3005,KY3005,N,37.72765,-85.88556,5,2018,O,047-KY-3005  -000,6.465,0,0,1,1,0,0,1,0,0,0,0,0,0,Y
Motor Vehicle,DAC,72226158,20180731,1823,2,NULL,RING,NULL,RD,KY3005,KY3005,047 KY-3005,KY3005,N,37.72927,-85.88101,5,2018,O,047-KY-3005  -000,6.728,0,0,1,1,0,0,1,0,0,0,0,0,0,Y
Motor Vehicle,DAC,72226337,20180802,1214,4,NULL,DIXIE,W,AVE,US0031W,US0031W,047 US-31W,US0031W,N,37.70406,-85.87103,5,2018,O,047-US-0031W -000,17.662,0,0,0,0,0,0,0,1,0,0,0,0,0,Y
Motor Vehicle,DAC,72226516,20180802,1436,4,NULL,DIXIE,N,AVE,US0031W,US0031W,NULL,NULL,N,37.71545,-85.87789,5,2018,O,047-US-0031W -000,18.539,0,0,0,1,0,0,1,1,0,0,0,0,0,Y
Motor Vehicle,DAC,72226712,20180312,1207,1,NULL,ST JOHN,NULL,RD,KY1357,KY1357,047 KY-1357,KY1357,N,37.70076,-85.88063,1,2018,O,047-KY-1357  -000,16.406,0,0,0,1,0,0,1,0,0,0,0,0,0,Y
Motor Vehicle,Non DAC,72226714,20180412,652,4,NULL,PATRIOT,NULL,PKWY,KY0361,KY0361,047 KY-361,KY0361,N,37.71169,-85.8907,1,2018,C,047-KY-0361  -000,1.029,0,0,0,0,0,0,1,1,0,0,0,1,0,Y
Motor Vehicle,DAC,72226715,20180415,1350,0,1602,DIXIE,N,AVE,US0031W,US0031W,047 US-31W-10,US0031W,N,37.72835,-85.88429,2,2018,O,047-US-0031W -000,19.495,0,0,0,1,0,0,1,0,0,0,0,0,0,Y
Motor Vehicle,DAC,72226716,20180423,1038,1,NULL,MULBERRY,N,ST,US0062,US0062,047 US-62,US0062,N,37.69534,-85.85811,1,2018,O,047-US-0062  -000,18.089,0,0,0,0,0,0,0,0,0,0,0,0,0,Y
Motor Vehicle,DAC,72226718,20180707,1250,6,NULL,MAIN,N,ST,NULL,NULL,047 CS-1320,CS1320,N,37.70321,-85.84485,5,2018,O,047-CS-1320  -000,0.999,0,0,1,0,0,0,1,0,0,0,0,0,0,Y
Motor Vehicle,DAC,72227006,20180728,1429,6,NULL,31W,NULL,BYP,US0031WB,US0031WB,047 US-31WB,US0031WB,N,37.7001,-85.88176,5,2018,O,047-US-0031WB-000,2.163,0,0,0,0,0,0,1,0,0,0,0,0,0,Y
Motor Vehicle,Non DAC,72227007,20180731,1820,2,1235,EASTERN,NULL,ST,NULL,NULL,047 CS-1626,CS1626,N,37.6775,-85.90613,9,2018,O,047-CS-1626  -000,0.173,0,0,0,0,0,0,1,0,0,0,0,1,0,Y
Motor Vehicle,DAC,72227100,20180801,1544,3,NULL,DIXIE,N,AVE,US0031W,US0031W,047 US-31W,US0031W,N,37.71854,-85.87903,8,2018,O,047-US-0031W -000,18.76,0,0,1,0,0,0,1,0,0,0,0,1,0,Y
Motor Vehicle,DAC,72227354,20180804,200,6,NULL,ARDMORE,NULL,CT,NULL,NULL,047 CS-1014,CS1014,N,37.73947,-85.8804,9,2018,O,047-CS-1014  -000,0.058,0,0,0,0,0,0,1,0,1,0,0,0,0,Y
Motor Vehicle,DAC,72227720,20180804,2301,6,NULL,MAIN,N,ST,NULL,NULL,047 CS-1320,CS1320,N,37.70783,-85.84067,9,2018,O,047-CS-1320  -000,1.398,0,0,0,0,0,0,0,0,1,0,0,1,0,Y
Motor Vehicle,Non DAC,72227794,20180729,1318,0,NULL,TOWNE,NULL,DR,NULL,NULL,047 CS-1448,CS1448,N,37.73358,-85.88822,8,2018,O,047-CS-1448  -000,0.083,0,0,0,1,0,0,1,0,0,1,0,1,0,Y
Motor Vehicle,DAC,72227872,20180806,907,1,1704,DIXIE,N,AVE,US0031W,US0031W,047 US-31W,US0031W,N,37.72938,-85.88453,2,2018,O,047-US-0031W -000,19.561,0,0,0,0,0,0,0,0,0,1,0,0,0,Y
Motor Vehicle,DAC,72227999,20180806,1256,1,NULL,DIXIE,N,AVE,US0031W,US0031W,047 US-31W,US0031W,N,37.72686,-85.88331,5,2018,O,047-US-0031W -000,19.373,0,0,0,0,0,0,1,0,0,0,0,0,0,Y
Motor Vehicle,Non DAC,72228029,20180806,1158,1,NULL,PATRIOT,NULL,PKWY,KY0361,KY0361,047 KY-361-10,KY0361,N,37.71709,-85.90318,1,2018,O,047-KY-0361  -000,1.806,0,0,0,1,0,0,1,0,0,0,0,0,0,Y
Motor Vehicle,DAC,72228252,20180805,1534,0,NULL,MILES,N,ST,KY0251,KY0251,047 KY-251,KY0251,N,37.71162,-85.85291,1,2018,O,047-KY-0251  -000,1.189,0,0,0,0,0,0,0,1,0,0,1,0,0,Y
Motor Vehicle,DAC,72228349,20180802,1733,4,NULL,31W,NULL,BYP,US0031WB,US0031WB,047 US-31WB-10,US0031WB,N,37.70414,-85.88438,5,2018,O,047-US-0031WB-000,2.468,0,0,0,1,0,0,0,1,0,0,0,0,0,Y
Motor Vehicle,DAC,72228548,20180807,1405,2,NULL,DIXIE,W,AVE,US0031W,US0031W,NULL,NULL,N,37.7009,-85.8676,1,2018,O,047-US-0031W -000,17.373,0,0,0,1,0,0,1,1,0,0,1,0,0,Y
Motor Vehicle,DAC,72228624,20180731,1538,2,NULL,DIXIE,N,AVE,US0031W,US0031W,047 US-31W-10,US0031W,N,37.7328,-85.8865,5,2018,O,047-US-0031W -000,19.825,0,0,1,0,0,0,1,1,0,0,0,0,0,Y
Motor Vehicle,DAC,72228961,20180807,1611,2,NULL,DIXIE,N,AVE,US0031W,US0031W,047 US-31W-10,US0031W,N,37.73615,-85.88819,5,2018,O,047-US-0031W -000,20.089,0,0,0,0,0,0,1,1,0,0,0,0,0,Y
Motor Vehicle,Non DAC,72229038,20180808,1547,3,NULL,HODGENVILLE,NULL,RD,KY0210,KY0210,NULL,NULL,N,37.66913,-85.84008,5,2018,O,047-KY-0210  -000,0.442,0,0,1,0,0,0,1,1,0,0,1,0,0,Y
Motor Vehicle,DAC,72229168,20180808,1706,3,NULL,RING,NULL,RD,KY3005,KY3005,047 KY-3005,KY3005,N,37.73215,-85.84403,8,2018,O,047-KY-3005  -000,8.847,0,0,0,0,0,0,1,0,0,0,0,1,0,Y
Motor Vehicle,DAC,72229210,20180807,1526,2,NULL,BEECH,NULL,ST,NULL,NULL,047 CS-1030,CS1030,N,37.70216,-85.85675,5,2018,O,047-CS-1030  -000,0.302,0,0,0,0,0,0,1,0,0,0,0,0,0,Y
Motor Vehicle,DAC,72229510,20180809,1515,4,NULL,MILES,S,ST,NULL,NULL,047 CS-1126,CS1126,N,37.6946,-85.86415,1,2018,B,047-CS-1126  -000,0.109,0,0,0,0,0,0,1,1,1,0,1,0,0,Y
Motor Vehicle,DAC,72229775,20180804,1650,6,NULL,31W,NULL,BYP,US0031WB,US0031WB,047 US-31WB,US0031WB,N,37.69197,-85.87171,5,2018,O,047-US-0031WB-000,1.363,0,0,0,0,0,0,1,0,0,0,0,0,0,Y
Motor Vehicle,DAC,72229776,20180803,1514,5,NULL,MULBERRY,N,ST,US0062,US0062,047 US-62-10,US0062,N,37.70801,-85.84095,1,2018,O,047-US-0062  -000,19.385,0,0,1,0,0,0,0,0,0,0,1,0,0,Y
Motor Vehicle,DAC,72230141,20180806,1452,1,NULL,DIXIE,N,AVE,US0031W,US0031W,047 US-31W,US0031W,N,37.71731,-85.87855,1,2018,B,047-US-0031W -000,18.673,0,0,0,0,0,0,0,1,0,0,0,0,0,Y
Motor Vehicle,Non DAC,72230276,20180810,1435,5,NULL,RING,NULL,RD,KY3005,KY3005,047 KY-3005-10,KY3005,N,37.72569,-85.89105,5,2018,O,047-KY-3005  -000,6.135,0,0,0,0,0,0,1,0,0,0,0,0,0,Y
Motor Vehicle,DAC,72230494,20180811,1830,6,NULL,DIXIE,N,AVE,US0031W,US0031W,047 US-31W,US0031W,N,37.70876,-85.87393,5,2018,O,047-US-0031W -000,18.025,0,0,0,1,0,0,1,0,0,0,0,0,0,Y
Motor Vehicle,DAC,72230543,20180811,1403,6,NULL,MAIN,N,ST,NULL,NULL,047 CS-1320,CS1320,N,37.69348,-85.85762,2,2018,O,047-CS-1320  -000,0.022,0,0,0,1,0,0,1,0,0,0,0,0,0,Y
Motor Vehicle,DAC,72230789,20180812,1920,0,NULL,NULL,NULL,NULL,I 0065,I 0065,NULL,NULL,N,37.7133,-85.83069,5,2018,O,047-I -0065  -531,0.254,0,0,0,0,0,0,1,0,0,0,0,0,0,Y
Motor Vehicle,Non DAC,72230860,20180812,2040,0,NULL,BLACK BRANCH,N,RD,NULL,NULL,047 CS-1551,CS1551,N,37.67924,-85.91489,1,2018,B,047-CS-1551  -000,0.696,0,0,1,0,0,0,1,1,0,0,1,0,0,Y
Motor Vehicle,DAC,72232056,20180815,930,3,NULL,MULBERRY,N,ST,US0062,US0062,047 US-62,US0062,N,37.695,-85.85841,4,2018,O,047-US-0062  -000,18.06,0,0,0,1,0,0,1,1,0,0,1,0,0,Y
Motor Vehicle,DAC,72232337,20180814,1650,2,NULL,RING,NULL,RD,KY3005,KY3005,047 KY-3005,KY3005,N,37.72934,-85.88067,5,2018,O,047-KY-3005  -000,6.729,0,0,0,1,0,0,1,0,0,0,0,0,0,Y
Motor Vehicle,Non DAC,72232390,20180815,2049,3,4971,DIXIE,N,HWY,US0031W,US0031W,047 US-31W-10,US0031W,N,37.75727,-85.8985,5,2018,O,047-US-0031W -000,21.645,0,0,0,0,0,0,1,0,0,0,0,0,0,N
Motor Vehicle,Non DAC,72232896,20180815,1842,3,1017,GREENWAY,NULL,DR,NULL,NULL,NULL,NULL,N,37.66906,-85.83664,1,2018,O,047-CS-1505  -000,0.427,0,0,0,0,0,0,1,0,0,0,0,0,0,Y
Motor Vehicle,Non DAC,72233004,20180816,750,4,NULL,SOUTHERN LAKE,NULL,DR,NULL,NULL,047 CS-1743,CS1743,N,37.65664,-85.84145,2,2018,O,047-CS-1743  -000,0.003,0,0,0,0,0,0,1,0,0,0,0,0,0,Y
Motor Vehicle,DAC,72233008,20180816,1157,4,NULL,LINDA,NULL,LN,NULL,NULL,047 CS-1311,CS1311,N,37.74577,-85.88455,1,2018,O,047-CS-1311  -000,0.227,0,0,1,0,0,0,0,0,0,0,1,0,0,Y
Motor Vehicle,DAC,72233081,20180813,1337,1,NULL,DIXIE,E,AVE,US0031W,US0031W,047 US-31W,US0031W,N,37.69092,-85.85534,8,2018,O,047-US-0031W -000,16.397,0,0,0,1,0,0,1,1,0,0,0,1,0,Y
Motor Vehicle,DAC,72233252,20180810,1430,5,NULL,RING,NULL,RD,KY3005,KY3005,047 KY-3005,KY3005,N,37.73233,-85.84635,5,2018,O,047-KY-3005  -000,8.719,0,0,1,0,0,0,1,0,0,0,0,0,0,Y
Motor Vehicle,Non DAC,72233253,20180814,642,2,NULL,RING,NULL,RD,KY3005,KY3005,047 KY-3005-10,KY3005,N,37.68522,-85.91554,5,2018,O,047-KY-3005  -000,2.884,0,0,0,0,0,0,0,0,0,0,0,0,0,Y
Motor Vehicle,DAC,72233374,20180817,1550,5,NULL,NULL,NULL,NULL,I 0065,I 0065,NULL,NULL,N,37.71324,-85.83072,5,2018,O,047-I -0065  -531,0.259,0,0,0,0,0,0,1,0,0,0,0,0,0,Y
Motor Vehicle,DAC,72233449,20180817,2230,5,NULL,DIXIE,N,AVE,US0031W,US0031W,047 US-31W-10,US0031W,N,37.71022,-85.87528,8,2018,O,047-US-0031W -000,18.149,0,0,1,0,0,0,0,0,0,0,0,1,0,Y
Motor Vehicle,Non DAC,72233487,20180817,1400,5,NULL,LINCOLN,NULL,PKWY,KY0061,KY0061,047 KY-61-10,KY0061,N,37.66594,-85.84015,5,2018,O,047-KY-0061  -000,4.857,0,0,0,0,0,0,1,0,0,0,0,0,0,Y
Motor Vehicle,Non DAC,72233501,20180817,638,5,NULL,LINCOLN,NULL,PKWY,KY0061,KY0061,047 KY-61,KY0061,N,37.66973,-85.84581,5,2018,O,047-KY-0061  -000,5.271,0,0,0,0,0,0,1,0,0,0,0,0,0,Y
Motor Vehicle,DAC,72233840,20180818,1342,6,NULL,MULBERRY,N,ST,US0062,US0062,047 US-62,US0062,N,37.71241,-85.83194,5,2018,O,047-US-0062  -000,19.971,0,0,0,0,0,0,1,0,0,0,0,0,0,Y
Motor Vehicle,DAC,72233852,20180818,1257,6,NULL,31W,NULL,BYP,US0031WB,US0031WB,047 US-31WB-10,US0031WB,N,37.7015,-85.88283,5,2018,O,047-US-0031WB-000,2.269,0,0,0,0,0,0,1,0,0,0,0,0,0,Y
Motor Vehicle,DAC,72234149,20180817,1716,5,NULL,US31W BYP N TURN LANE,NULL,NULL,US0031WB,US0031WB,NULL,NULL,N,37.69985,-85.88194,5,2018,O,047-US-0031WB-020,0.023,0,0,1,0,0,0,1,0,0,0,0,0,0,Y
Motor Vehicle,DAC,72234216,20180817,1717,5,NULL,DIXIE,N,AVE,US0031W,US0031W,NULL,NULL,N,37.73269,-85.88643,5,2018,O,047-US-0031W -000,19.817,0,0,1,0,0,0,1,1,0,0,0,0,0,Y
Motor Vehicle,Non DAC,72234487,20180812,2201,0,NULL,RING,NULL,RD,KY3005,KY3005,047 KY-3005-10,KY3005,N,37.6829,-85.91585,5,2018,O,047-KY-3005  -000,2.723,0,0,0,0,0,0,1,0,0,0,0,1,0,Y
Motor Vehicle,DAC,72234599,20180820,1722,1,NULL,DIXIE,N,AVE,US0031W,US0031W,047 US-31W,US0031W,N,37.7336,-85.88664,5,2018,O,047-US-0031W -000,19.875,0,0,1,0,0,0,0,1,1,0,0,0,0,Y
Motor Vehicle,DAC,72234607,20180820,1916,1,690,WESTPORT,NULL,RD,NULL,NULL,047 CS-1573,CS1573,N,37.70804,-85.88481,6,2018,O,047-CS-1573  -000,1.109,0,0,0,0,0,0,1,0,0,0,0,0,0,Y
Motor Vehicle,Non DAC,72234636,20180820,2031,1,NULL,PATRIOT,NULL,PKWY,KY0361,KY0361,NULL,NULL,N,37.72198,-85.90989,1,2018,C,047-KY-0361  -000,2.305,0,0,1,0,0,0,1,1,0,0,1,0,0,Y
Motor Vehicle,DAC,72234880,20180816,1346,4,NULL,DIXIE,E,AVE,US0031W,US0031W,047 US-31W,US0031W,N,37.67635,-85.84635,8,2018,O,047-US-0031W -000,15.249,0,0,0,1,0,0,1,0,0,0,0,1,0,Y
Motor Vehicle,Non DAC,72234915,20180821,1410,2,NULL,LEITCHFIELD,NULL,RD,US0062,US0062,NULL,NULL,N,37.67811,-85.8851,1,2018,O,047-US-0062  -000,16.138,0,0,0,0,0,0,1,1,0,0,1,0,0,Y
Motor Vehicle,Non DAC,72235003,20180821,1640,2,NULL,RING,NULL,RD,KY3005,KY3005,047 KY-3005-10,KY3005,N,37.71764,-85.90319,5,2018,O,047-KY-3005  -000,5.265,0,0,0,0,0,0,1,0,0,0,1,0,0,Y
Motor Vehicle,DAC,72235206,20180821,1547,2,NULL,DIXIE,N,AVE,US0031W,US0031W,047 US-31W-10,US0031W,N,37.72836,-85.88429,5,2018,O,047-US-0031W -000,19.485,0,0,0,0,0,0,1,0,0,0,0,0,0,Y
Motor Vehicle,DAC,72235212,20180805,1551,0,NULL,31W,NULL,BYP,US0031WB,US0031WB,047 US-31WB-10,US0031WB,N,37.69194,-85.87198,1,2018,O,047-US-0031WB-000,1.36,0,0,1,0,0,0,1,0,0,0,1,0,0,Y
Motor Vehicle,DAC,72235213,20180806,1938,1,NULL,DIXIE,N,AVE,US0031W,US0031W,047 US-31W-10,US0031W,N,37.71497,-85.87768,1,2018,O,047-US-0031W -000,18.503,0,0,0,0,0,0,1,0,0,0,0,0,0,Y
Motor Vehicle,DAC,72235531,20180822,1527,3,NULL,MULBERRY,S,ST,US0062,US0062,NULL,NULL,N,37.68778,-85.86833,1,2018,O,047-US-0062  -000,17.313,0,0,1,0,0,0,1,1,0,0,1,0,0,Y
Motor Vehicle,DAC,72235643,20180822,747,3,NULL,DIXIE,N,AVE,US0031W,US0031W,047 US-31W-10,US0031W,N,37.73245,-85.88632,1,2018,O,047-US-0031W -000,19.801,0,0,0,1,0,0,1,1,0,0,0,0,0,Y
Motor Vehicle,Non DAC,72235709,20180823,746,4,KY61,LINCOLN,NULL,PKWY,KY0061,KY0061,047 KY-61,KY0061,N,37.66952,-85.84522,5,2018,C,047-KY-0061  -000,5.236,0,0,0,0,0,0,1,0,0,0,0,0,0,Y
Motor Vehicle,DAC,72235813,20180817,1456,5,31W,DIXIE,E,AVE,US0031W,US0031W,047 US-31W,US0031W,N,37.69268,-85.85736,8,2018,O,047-US-0031W -000,16.565,0,0,0,0,0,0,1,0,0,0,0,1,0,Y
Motor Vehicle,Non DAC,72236019,20180823,1438,4,NULL,DIXIE,N,AVE,US0031W,US0031W,047 US-31W,US0031W,N,37.74498,-85.89207,5,2018,O,047-US-0031W -000,20.708,0,0,0,0,0,0,1,0,0,0,0,0,0,Y
Motor Vehicle,DAC,72236133,20180822,1229,3,1117,WOODLAND,NULL,DR,NULL,NULL,047 CS-1193,CS1193,N,37.71465,-85.88136,3,2018,B,047-CS-1193  -000,0.927,0,0,0,1,0,0,0,0,0,0,1,0,0,Y
Motor Vehicle,DAC,72236299,20180824,956,5,NULL,DIXIE,N,AVE,US0031W,US0031W,NULL,NULL,N,37.731,-85.88534,5,2018,O,047-US-0031W -000,19.685,0,0,0,0,0,0,1,1,0,0,0,0,0,Y
Motor Vehicle,Non DAC,72236627,20180818,1150,6,NULL,PATRIOT,NULL,PKWY,KY0361,KY0361,047 KY-361-10,KY0361,N,37.72184,-85.90993,5,2018,O,047-KY-0361  -000,2.301,0,0,0,0,0,0,1,0,1,0,1,0,0,Y
Motor Vehicle,Non DAC,72236733,20180812,1219,0,NULL,PATRIOT,NULL,PKWY,KY0361,KY0361,047 KY-361-10,KY0361,N,37.71727,-85.90351,1,2018,O,047-KY-0361  -000,1.827,0,0,0,0,0,0,1,1,0,0,1,0,0,Y
Motor Vehicle,DAC,72236734,20180812,1909,0,NULL,DIXIE,W,AVE,US0031W,US0031W,047 US-31W,US0031W,N,37.69388,-85.85945,2,2018,O,047-US-0031W -000,16.701,0,0,0,0,0,0,0,0,0,0,0,0,0,Y
Motor Vehicle,DAC,72236735,20180813,1415,1,NULL,DIXIE,N,AVE,US0031W,US0031W,047 US-31W,US0031W,N,37.73102,-85.88537,8,2018,O,047-US-0031W -000,19.687,0,0,0,0,0,0,0,1,0,0,0,1,0,Y
Motor Vehicle,DAC,72236736,20180818,1338,6,NULL,DIXIE,N,AVE,US0031W,US0031W,047 US-31W,US0031W,N,37.72937,-85.88452,5,2018,O,047-US-0031W -000,19.56,0,0,0,0,0,0,0,1,0,0,0,0,0,Y
Motor Vehicle,DAC,72236737,20180813,1147,1,NULL,DIXIE,N,AVE,US0031W,US0031W,047 US-31W-10,US0031W,N,37.7316,-85.88592,5,2018,O,047-US-0031W -000,19.737,0,0,0,0,0,0,1,0,0,0,0,0,0,Y
Motor Vehicle,Non DAC,72236738,20180822,1856,3,NULL,DIXIE,N,HWY,US0031W,US0031W,047 US-31W-10,US0031W,N,37.75131,-85.89527,8,2018,O,047-US-0031W -000,21.194,0,0,0,0,0,0,0,1,0,0,0,1,0,Y
Motor Vehicle,DAC,72236851,20180825,1150,6,NULL,DIXIE,N,AVE,US0031W,US0031W,NULL,NULL,N,37.71432,-85.87707,5,2018,O,047-US-0031W -000,18.449,0,0,0,0,0,0,1,0,0,0,0,0,0,Y
Motor Vehicle,DAC,72236852,20180825,1314,6,NULL,ST JOHN,NULL,RD,KY1357,KY1357,047 KY-1357-10,KY1357,N,37.70053,-85.88129,5,2018,O,047-KY-1357  -000,16.355,0,0,0,0,0,0,1,0,0,0,0,0,0,Y
Motor Vehicle,DAC,72237188,20180826,1508,0,NULL,MILES,N,ST,KY0251,KY0251,047 KY-251,KY0251,N,37.71162,-85.85292,1,2018,O,047-KY-0251  -000,1.189,0,0,0,0,0,0,0,1,0,0,1,0,0,Y
Motor Vehicle,DAC,72237294,20180809,1353,4,NULL,RING,NULL,RD,KY3005,KY3005,047 KY-3005,KY3005,N,37.73217,-85.84434,1,2018,O,047-KY-3005  -000,8.829,0,0,1,0,0,0,1,1,0,0,1,0,0,Y
Motor Vehicle,Non DAC,72237295,20180816,653,4,NULL,RING,NULL,RD,KY3005,KY3005,047 KY-3005-10,KY3005,N,37.72546,-85.89151,5,2018,O,047-KY-3005  -000,6.103,0,0,0,0,0,0,1,0,0,0,1,0,0,Y
Motor Vehicle,Non DAC,72237312,20180827,808,1,NULL,RING,NULL,RD,KY3005,KY3005,NULL,NULL,N,37.72771,-85.88534,5,2018,O,047-KY-3005  -000,6.476,0,0,0,1,0,0,1,1,0,0,0,0,0,Y
Motor Vehicle,DAC,72237653,20180826,1648,0,NULL,DIXIE,N,AVE,US0031W,US0031W,047 US-31W,US0031W,N,37.73123,-85.88545,4,2018,O,047-US-0031W -000,19.705,0,0,1,0,0,0,1,1,0,0,1,0,0,Y
Motor Vehicle,DAC,72237654,20180823,539,4,NULL,DIXIE,N,AVE,US0031W,US0031W,047 US-31W,US0031W,N,37.73398,-85.88708,9,2018,O,047-US-0031W -000,19.873,0,0,0,0,0,0,0,0,0,0,0,1,0,Y
Motor Vehicle,Non DAC,72237723,20180827,1431,1,NULL,NEW GLENDALE,NULL,RD,KY1136,KY1136,047 KY-1136,KY1136,N,37.67592,-85.8593,1,2018,C,047-KY-1136  -000,9.925,0,0,0,0,0,0,1,1,0,0,1,0,0,Y
Motor Vehicle,DAC,72238141,20180828,2110,2,NULL,DIXIE,E,AVE,US0031W,US0031W,047 US-31W,US0031W,N,37.67186,-85.84602,1,2018,O,047-US-0031W -000,14.943,0,0,1,0,0,0,1,0,0,0,1,0,0,Y
Motor Vehicle,Non DAC,72239188,20180825,2322,6,NULL,RING,NULL,RD,KY3005,KY3005,047 KY-3005-10,KY3005,N,37.69048,-85.91359,5,2018,O,047-KY-3005  -000,3.256,0,0,0,0,0,0,0,1,0,0,1,0,0,Y
Motor Vehicle,DAC,72239573,20180831,1815,5,NULL,31W,NULL,BYP,US0031WB,US0031WB,047 US-31WB-10,US0031WB,N,37.69065,-85.86994,6,2018,O,047-US-0031WB-000,1.226,0,0,0,1,0,0,1,0,0,0,0,0,0,Y
Motor Vehicle,DAC,72239630,20180827,2021,1,NULL,ST JOHN,NULL,RD,KY1357,KY1357,047 KY-1357,KY1357,N,37.70014,-85.88199,1,2018,C,047-KY-1357  -000,16.318,0,0,0,0,0,0,0,1,1,1,1,0,0,Y
Motor Vehicle,DAC,72239631,20180827,1642,1,2016,PLEASANT VIEW,NULL,DR,NULL,NULL,047 CS-1314,CS1314,N,37.74077,-85.88708,9,2018,O,047-CS-1314  -000,0.086,0,0,0,0,0,0,0,0,1,0,0,1,0,Y
Motor Vehicle,DAC,72239647,20180831,1625,5,NULL,31W,NULL,BYP,US0031WB,US0031WB,047 US-31WB-10,US0031WB,N,37.68874,-85.86694,5,2018,O,047-US-0031WB-000,1.009,0,0,0,1,0,0,0,0,0,0,0,0,0,Y
Motor Vehicle,DAC,72239648,20180831,1732,5,NULL,31W,NULL,BYP,US0031WB,US0031WB,047 US-31WB-10,US0031WB,N,37.68872,-85.86689,5,2018,O,047-US-0031WB-000,1.006,0,0,1,0,0,0,0,0,0,0,0,0,0,Y
Motor Vehicle,DAC,72239779,20180831,1917,5,NULL,DIXIE,N,AVE,US0031W,US0031W,047 US-31W-10,US0031W,N,37.73274,-85.88646,5,2018,O,047-US-0031W -000,19.821,0,0,0,0,0,0,1,1,0,0,0,0,0,Y
Motor Vehicle,DAC,72239941,20180901,1637,6,824,DIXIE,E,AVE,US0031W,US0031W,047 US-31W,US0031W,N,37.67159,-85.8461,1,2018,O,047-US-0031W -000,14.925,0,0,0,0,0,0,1,1,0,0,0,0,0,Y
Motor Vehicle,DAC,72240122,20180901,1255,6,NULL,DIXIE,E,AVE,US0031W,US0031W,047 US-31W,US0031W,N,37.68401,-85.85078,5,2018,O,047-US-0031W -000,15.825,0,0,0,0,0,0,0,1,0,0,0,0,0,Y
Motor Vehicle,DAC,72240142,20180901,1345,6,1040,MULBERRY,N,ST,US0062,US0062,047 US-62,US0062,N,37.71165,-85.83393,2,2018,O,047-US-0062  -000,19.835,0,0,0,0,0,0,0,0,0,1,0,0,0,Y
Motor Vehicle,DAC,72240727,20180903,2223,1,NULL,MILES,N,ST,KY0251,KY0251,047 KY-251,KY0251,N,37.70557,-85.85549,1,2018,O,047-KY-0251  -000,0.762,0,0,1,0,0,0,1,0,0,0,1,0,0,Y
Motor Vehicle,Non DAC,72240743,20180902,348,0,102,FRONT NINE,NULL,DR,NULL,NULL,047 CS-1517,CS1517,N,37.67231,-85.83778,9,2018,O,047-CS-1517  -000,0.03,0,0,0,0,0,0,0,0,1,1,0,1,0,Y
Motor Vehicle,DAC,72240777,20180903,1931,1,NULL,NULL,NULL,NULL,I 0065,I 0065,NULL,NULL,N,37.7132,-85.83074,5,2018,O,047-I -0065  -531,0.262,0,0,0,0,0,0,1,0,0,0,0,0,0,Y
Motor Vehicle,DAC,72240877,20180828,1620,2,NULL,VAUGHN,NULL,LN,NULL,NULL,047 CS-1494,CS1494,N,37.68433,-85.85736,3,2018,O,047-CS-1494  -000,0.18,0,0,0,0,0,0,0,0,1,0,1,0,0,Y
Motor Vehicle,DAC,72241076,20180830,1645,4,NULL,ST JOHN,NULL,RD,KY1357,KY1357,047 KY-1357,KY1357,N,37.70017,-85.8819,8,2018,O,047-KY-1357  -000,16.323,0,0,0,1,0,0,0,0,0,0,1,0,0,Y
Motor Vehicle,DAC,72241225,20180904,1745,2,NULL,NULL,NULL,NULL,US0031WB,US0031WB,NULL,NULL,N,37.68777,-85.8688,5,2018,O,047-US-0031WB-131,0.216,0,0,0,1,0,0,1,0,0,0,1,0,0,Y
Motor Vehicle,DAC,72241338,20180830,1600,4,NULL,DIXIE,N,AVE,US0031W,US0031W,047 US-31W-10,US0031W,N,37.72829,-85.88425,1,2018,C,047-US-0031W -000,19.364,0,0,0,1,0,0,1,1,0,0,1,0,0,Y
Motor Vehicle,DAC,72241352,20180904,1333,2,NULL,DIXIE,N,AVE,US0031W,US0031W,047 US-31W,US0031W,N,37.72709,-85.88343,5,2018,O,047-US-0031W -000,19.39,0,0,1,0,0,0,1,0,0,0,0,0,0,Y
Motor Vehicle,Non DAC,72241725,20180905,1720,3,NULL,BARDSTOWN,NULL,RD,US0062,US0062,047 US-62,US0062,N,37.71639,-85.82346,5,2018,O,047-US-0062  -000,20.49,0,0,0,0,0,0,1,0,0,0,0,0,0,N
Motor Vehicle,Non DAC,72241823,20180905,130,3,NULL,DIXIE,N,AVE,US0031W,US0031W,047 US-31W-10,US0031W,N,37.74161,-85.89084,5,2018,B,047-US-0031W -000,20.469,0,0,0,0,0,0,1,0,1,0,0,0,0,Y
Motor Vehicle,DAC,72242076,20180906,1248,4,NULL,DIXIE,N,AVE,US0031W,US0031W,047 US-31W,US0031W,N,37.7085,-85.87378,5,2018,O,047-US-0031W -000,18.004,0,0,0,0,0,0,1,0,0,0,0,0,0,Y
Motor Vehicle,Non DAC,72242287,20180906,1530,4,NULL,PARK,W,RD,NULL,NULL,047 CS-1542,CS1542,N,37.69031,-85.91303,5,2018,O,047-CS-1542  -000,0.818,0,0,0,0,0,0,1,0,0,0,0,0,0,Y
Motor Vehicle,Non DAC,72242371,20180906,912,4,NULL,PATRIOT,NULL,PKWY,KY0361,KY0361,047 KY-361,KY0361,N,37.72393,-85.9126,1,2018,C,047-KY-0361  -000,2.498,0,0,0,1,0,0,1,1,0,1,1,0,0,Y
Motor Vehicle,DAC,72243259,20180907,,5,NULL,POPLAR,W,ST,NULL,NULL,047 CS-1068,CS1068,N,37.69714,-85.86184,1,2018,O,047-CS-1068  -000,0.271,0,0,0,0,0,0,0,1,0,0,1,0,0,Y
Motor Vehicle,DAC,72243633,20180908,2010,6,NULL,DIXIE,N,AVE,US0031W,US0031W,047 US-31W-10,US0031W,N,37.73186,-85.88602,5,2018,O,047-US-0031W -000,19.756,0,0,1,0,0,0,0,0,0,0,0,0,0,Y
Motor Vehicle,Non DAC,72243755,20180910,807,1,NULL,RING,NULL,RD,KY3005,KY3005,NULL,NULL,N,37.71743,-85.90333,2,2018,O,047-KY-3005  -000,5.248,0,0,1,0,0,0,1,0,0,0,0,0,0,Y
Motor Vehicle,DAC,72243897,20180910,1315,1,1700,DIXIE,N,AVE,US0031W,US0031W,NULL,NULL,N,37.7322,-85.88616,5,2018,O,047-US-0031W -000,19.781,0,0,0,0,0,0,1,1,0,0,0,0,0,Y