Mode,Crash In Disadvantaged Community,MasterFile,CollisionDate,CollisionTime,CollisionDayWeekCode,RoadwayName_HouseBusinessNumber_,RoadwayName_RoadwayName_,RoadwayName_Direction_,RoadwayName_RoadwaySuffix_,RoadwayfromReport,CurrentRoadwayNumber,RSEUniqueGIS,RoadwayIdentifier,ParkingLotIndicator,Latitude,Longitude,MannerofCollisionCode,YR,KABCO,KTC_RT,KTC_MP,Motorcyclist,Commercial Vehicle,Young Driver,Mature Driver,Pedestrian,Bicyclist,Distracted,Aggressive,Impaired,Unrestrained,Intersection,Roadway Departure,Median Cross-over,In City Limits?
Motor Vehicle,DAC,72244089,20180910,1726,1,NULL,RING,NULL,RD,KY3005,KY3005,047 KY-3005,KY3005,N,37.70964,-85.83866,5,2018,O,047-KY-3005  -000,10.545,0,0,0,0,0,0,0,1,0,0,0,0,0,Y
Motor Vehicle,Non DAC,72244254,20180910,1537,1,NULL,LEITCHFIELD,NULL,RD,US0062,US0062,047 US-62,US0062,N,37.67154,-85.91198,5,2018,O,047-US-0062  -000,14.571,0,0,0,0,0,0,1,0,0,0,1,0,0,N
Motor Vehicle,DAC,72244339,20180911,738,2,NULL,ST JAMES,NULL,AVE,NULL,NULL,047 CS-1028,CS1028,N,37.70557,-85.8556,5,2018,O,047-CS-1028  -000,0.007,0,0,0,0,0,0,1,0,0,0,0,0,0,Y
Motor Vehicle,DAC,72245100,20180912,2349,3,NULL,MURPHY,NULL,DR,NULL,NULL,047 CS-1460,CS1460,N,37.68368,-85.84872,2,2018,O,047-CS-1460  -000,0.025,0,0,0,0,0,0,0,0,1,1,0,0,0,Y
Motor Vehicle,Non DAC,72245507,20180913,1540,4,NULL,DIXIE,N,AVE,US0031W,US0031W,047 US-31W-10,US0031W,N,37.74801,-85.89371,5,2018,O,047-US-0031W -000,20.943,0,0,0,0,0,0,0,0,0,0,0,0,0,Y
Motor Vehicle,Non DAC,72245599,20180913,549,4,NULL,PATRIOT,NULL,PKWY,KY0361,KY0361,047 KY-361-10,KY0361,N,37.71721,-85.90347,1,2018,O,047-KY-0361  -000,1.824,0,0,0,0,0,0,1,1,0,0,1,0,0,Y
Motor Vehicle,DAC,72245607,20180913,422,4,NULL,MILES,N,ST,KY0251,KY0251,047 KY-251,KY0251,N,37.72523,-85.84767,9,2018,O,047-KY-0251  -000,2.17,0,0,0,0,0,0,1,0,1,0,0,1,0,Y
Motor Vehicle,DAC,72245796,20180914,1215,5,NULL,MULBERRY,S,ST,US0062,US0062,047 US-62-10,US0062,N,37.69156,-85.86181,1,2018,O,047-US-0062  -000,17.761,0,0,1,0,0,0,1,1,0,0,1,0,0,Y
Motor Vehicle,DAC,72245839,20180914,1326,5,NULL,DIXIE,N,AVE,US0031W,US0031W,047 US-31W,US0031W,N,37.71553,-85.87766,1,2018,C,047-US-0031W -000,18.539,0,0,0,1,0,0,0,1,0,0,0,0,0,Y
Motor Vehicle,Non DAC,72246112,20180914,745,5,NULL,NULL,NULL,NULL,I 0065,I 0065,NULL,NULL,N,37.71425,-85.82783,5,2018,O,047-I -0065  -511,0.286,0,0,0,0,0,0,1,0,0,0,0,0,0,Y
Motor Vehicle,DAC,72246113,20180914,1311,5,NULL,DIXIE,W,AVE,US0031W,US0031W,047 US-31W,US0031W,N,37.70419,-85.87115,5,2018,O,047-US-0031W -000,17.672,0,0,1,1,0,0,1,0,0,0,0,0,0,Y
Motor Vehicle,DAC,72246362,20180823,744,4,NULL,MANTLE,N,AVE,NULL,NULL,047 CS-1025,CS1025,N,37.70471,-85.86238,1,2018,O,047-CS-1025  -000,0.389,0,0,0,0,0,0,0,0,0,0,1,0,0,Y
Motor Vehicle,DAC,72246733,20180914,1651,5,NULL,DIXIE,W,AVE,US0031W,US0031W,047 US-31W,US0031W,N,37.70198,-85.86873,5,2018,O,047-US-0031W -000,17.47,0,0,0,1,0,0,1,0,0,0,0,0,0,Y
Motor Vehicle,DAC,72246927,20180917,745,1,NULL,ST JOHN,NULL,RD,KY1357,KY1357,047 KY-1357,KY1357,N,37.69992,-85.88201,5,2018,O,047-KY-1357  -000,16.278,0,0,0,0,0,0,1,0,0,0,1,0,0,Y
Motor Vehicle,DAC,72247051,20180915,855,6,NULL,DIXIE,W,AVE,US0031W,US0031W,047 US-31W,US0031W,N,37.70089,-85.86761,1,2018,B,047-US-0031W -000,17.374,0,0,1,0,0,0,1,1,0,0,1,0,0,Y
Motor Vehicle,DAC,72247052,20180916,1459,0,NULL,PUBLIC,NULL,SQ,US0031W,US0031W,047 US-31W-1,US0031W,N,37.69292,-85.85829,8,2018,O,047-US-0031W -001,16.625,0,0,1,0,0,0,1,0,0,0,0,1,0,Y
Motor Vehicle,Non DAC,72247166,20180917,1545,1,NULL,DIXIE,N,HWY,US0031W,US0031W,NULL,NULL,N,37.75089,-85.89507,5,2018,O,047-US-0031W -000,21.162,0,0,0,0,0,0,1,1,0,0,0,0,0,Y
Motor Vehicle,Non DAC,72247704,20180914,1930,5,NULL,DIXIE,N,AVE,US0031W,US0031W,047 US-31W,US0031W,N,37.74463,-85.89198,5,2018,O,047-US-0031W -000,20.683,0,0,0,0,0,0,1,1,0,0,0,0,0,Y
Motor Vehicle,DAC,72247823,20180918,1756,2,NULL,31W,NULL,BYP,US0031WB,US0031WB,047 US-31WB-10,US0031WB,N,37.69318,-85.87392,5,2018,O,047-US-0031WB-000,1.502,0,0,1,0,0,0,1,0,0,0,0,0,0,Y
Motor Vehicle,DAC,72248703,20180920,1720,4,NULL,MULBERRY,N,ST,US0062,US0062,NULL,NULL,N,37.71158,-85.83352,5,2018,C,047-US-0062  -000,19.855,0,0,0,0,0,0,1,0,0,0,1,0,0,Y
Motor Vehicle,DAC,72248739,20180918,2038,2,NULL,RING,NULL,RD,KY3005,KY3005,047 KY-3005,KY3005,N,37.7283,-85.88398,5,2018,O,047-KY-3005  -000,6.551,0,0,0,0,0,0,1,0,0,0,1,0,0,Y
Motor Vehicle,Non DAC,72248761,20180920,1303,4,NULL,RING,NULL,RD,KY3005,KY3005,047 KY-3005-10,KY3005,N,37.72752,-85.88653,5,2018,O,047-KY-3005  -000,6.416,0,0,0,0,0,0,0,0,0,0,0,0,0,Y
Motor Vehicle,Non DAC,72248794,20180802,1213,4,NULL,WOODLAND,NULL,DR,NULL,NULL,047 CS-1193,CS1193,N,37.71939,-85.88285,1,2018,O,047-CS-1193  -000,0.589,0,0,0,0,0,0,0,1,0,0,0,0,0,Y
Motor Vehicle,DAC,72248825,20180921,903,5,NULL,NICHOLAS,NULL,ST,NULL,NULL,047 CS-1389,CS1389,N,37.68897,-85.85891,7,2018,O,047-CS-1389  -000,0.243,0,0,0,0,0,0,0,0,0,0,0,1,0,Y
Motor Vehicle,DAC,72248971,20180921,1348,5,NULL,MULBERRY,N,ST,US0062,US0062,NULL,NULL,N,37.70951,-85.83818,8,2018,O,047-US-0062  -000,19.572,0,0,1,0,0,0,1,0,0,0,0,1,0,Y
Motor Vehicle,DAC,72249044,20180921,1649,5,NULL,DIXIE,E,AVE,US0031W,US0031W,NULL,NULL,N,37.69098,-85.85542,8,2018,O,047-US-0031W -000,16.403,0,0,0,0,0,0,1,1,0,0,0,1,0,Y
Motor Vehicle,DAC,72249116,20180921,1635,5,NULL,MULBERRY,N,ST,US0062,US0062,047 US-62,US0062,N,37.70262,-85.84993,1,2018,O,047-US-0062  -000,18.771,0,0,0,1,0,0,0,1,0,0,1,0,0,Y
Motor Vehicle,Non DAC,72249170,20180921,1604,5,NULL,VETERANS,NULL,WAY,NULL,NULL,047 CS-1683,CS1683,N,37.7255,-85.89155,5,2018,O,047-CS-1683  -000,0.012,0,0,0,0,0,0,0,1,0,0,0,0,0,Y
Motor Vehicle,DAC,72249171,20180921,1726,5,NULL,DIXIE,N,AVE,US0031W,US0031W,047 US-31W,US0031W,N,37.73803,-85.88883,5,2018,O,047-US-0031W -000,20.219,0,0,1,0,0,0,0,0,0,0,0,0,0,Y
Motor Vehicle,Non DAC,72249183,20180921,2243,5,NULL,BLACK BRANCH,N,RD,NULL,NULL,047 CS-1551,CS1551,N,37.67534,-85.92149,7,2018,O,047-CS-1551  -000,1.152,0,0,0,1,0,0,1,0,0,0,0,0,0,Y
Motor Vehicle,DAC,72249223,20180921,1717,5,NULL,DIXIE,N,AVE,US0031W,US0031W,047 US-31W,US0031W,N,37.70882,-85.87401,3,2018,C,047-US-0031W -000,18.032,0,0,0,0,0,0,0,0,0,0,1,0,0,Y
Motor Vehicle,DAC,72249529,20180922,1518,6,NULL,DIXIE,N,AVE,US0031W,US0031W,047 US-31W-10,US0031W,N,37.73355,-85.88687,5,2018,O,047-US-0031W -000,19.876,0,0,1,0,0,0,1,0,0,0,0,0,0,Y
Motor Vehicle,DAC,72249696,20180921,1758,5,NULL,MULBERRY,N,ST,US0062,US0062,047 US-62,US0062,N,37.70396,-85.84739,1,2018,O,047-US-0062  -000,18.941,0,0,0,0,0,0,1,0,0,0,0,0,0,Y
Motor Vehicle,DAC,72249736,20180917,800,1,NULL,31W,NULL,BYP,US0031WB,US0031WB,047 US-31WB,US0031WB,N,37.70656,-85.88566,5,2018,B,047-US-0031WB-000,2.657,0,0,0,0,0,0,1,0,0,0,0,0,0,Y
Motor Vehicle,Non DAC,72249737,20180921,813,5,NULL,LEITCHFIELD,NULL,RD,US0062,US0062,047 US-62-10,US0062,N,37.67749,-85.89574,9,2018,O,047-US-0062  -000,15.551,0,0,1,0,0,0,0,0,0,0,0,1,0,N
Motor Vehicle,DAC,72249738,20180921,1055,5,NULL,WOODLAND,NULL,DR,NULL,NULL,047 CS-1193,CS1193,N,37.71202,-85.87925,1,2018,C,047-CS-1193  -000,1.142,0,0,0,1,0,0,1,1,0,0,1,0,0,Y
Motor Vehicle,DAC,72249775,20180922,1254,6,NULL,DIXIE,E,AVE,US0031W,US0031W,047 US-31W,US0031W,N,37.68968,-85.85462,5,2018,O,047-US-0031W -000,16.314,0,0,0,0,0,0,0,1,0,0,0,0,0,Y
Motor Vehicle,DAC,72249843,20180923,1201,0,NULL,DIXIE,E,AVE,US0031W,US0031W,NULL,NULL,N,37.67677,-85.84657,1,2018,O,047-US-0031W -000,15.28,0,0,1,0,0,0,1,1,0,0,1,0,0,Y
Motor Vehicle,DAC,72250228,20180924,657,1,NULL,DIXIE,E,AVE,US0031W,US0031W,047 US-31W,US0031W,N,37.67695,-85.84668,5,2018,O,047-US-0031W -000,15.294,0,0,0,0,0,0,1,0,0,0,0,0,0,Y
Motor Vehicle,Non DAC,72250472,20180924,1255,1,NULL,RING,NULL,RD,KY3005,KY3005,047 KY-3005,KY3005,N,37.70671,-85.90763,9,2018,O,047-KY-3005  -000,4.441,0,0,0,0,0,0,0,0,0,0,0,1,0,Y
Motor Vehicle,DAC,72250473,20180924,1409,1,NULL,DIXIE,N,AVE,US0031W,US0031W,047 US-31W-10,US0031W,N,37.74064,-85.89037,8,2018,O,047-US-0031W -000,20.4,0,0,1,0,0,0,1,1,0,0,0,1,0,Y
Motor Vehicle,DAC,72250610,20180924,1713,1,NULL,MULBERRY,N,ST,US0062,US0062,NULL,NULL,N,37.71012,-85.83699,5,2018,O,047-US-0062  -000,19.644,0,0,0,0,0,0,1,1,0,0,0,0,0,Y
Motor Vehicle,Non DAC,72250808,20180924,1634,1,NULL,DIXIE,N,AVE,US0031W,US0031W,047 US-31W-10,US0031W,N,37.75002,-85.89468,9,2018,O,047-US-0031W -000,21.096,0,0,1,0,0,0,0,0,0,0,0,1,0,Y
Motor Vehicle,DAC,72250809,20180924,1618,1,NULL,BEECH,NULL,ST,NULL,NULL,047 CS-1030,CS1030,N,37.70271,-85.85797,7,2018,O,047-CS-1030  -000,0.378,0,0,1,0,0,0,0,1,0,0,0,1,0,Y
Motor Vehicle,DAC,72251078,20180925,1254,2,NULL,RING,NULL,RD,KY3005,KY3005,047 KY-3005,KY3005,N,37.73105,-85.84137,8,2018,O,047-KY-3005  -000,9.014,0,0,1,1,0,0,0,1,0,0,0,1,0,Y
Motor Vehicle,Non DAC,72251403,20180925,549,2,NULL,PATRIOT,NULL,PKWY,KY0361,KY0361,047 KY-361-10,KY0361,N,37.71723,-85.90345,1,2018,O,047-KY-0361  -000,1.824,0,1,1,0,0,0,1,1,0,0,1,0,0,Y
Motor Vehicle,Non DAC,72251431,20180919,1756,3,NULL,HODGENVILLE,NULL,RD,KY0210,KY0210,047 KY-210,KY0210,N,37.66912,-85.84009,1,2018,O,047-KY-0210  -000,0.442,0,0,0,1,0,0,1,1,0,0,1,0,0,Y
Motor Vehicle,Non DAC,72251867,20180925,1502,2,NULL,PATRIOT,NULL,PKWY,KY0361,KY0361,NULL,NULL,N,37.72764,-85.91657,1,2018,O,047-KY-0361  -000,2.841,0,0,0,0,0,0,0,1,0,0,1,0,0,Y
Motor Vehicle,Non DAC,72252007,20180926,655,3,NULL,LEITCHFIELD,NULL,RD,US0062,US0062,047 US-62,US0062,N,37.66845,-85.92018,5,2018,O,047-US-0062  -000,14.035,0,0,1,0,0,0,1,0,0,0,0,0,0,N
Motor Vehicle,DAC,72252196,20180927,1543,4,NULL,DIXIE,N,AVE,US0031W,US0031W,047 US-31W-10,US0031W,N,37.71682,-85.87862,8,2018,O,047-US-0031W -000,18.642,0,0,0,1,0,0,0,0,0,0,0,1,0,Y
Motor Vehicle,DAC,72252392,20180927,1908,4,NULL,RING,NULL,RD,KY3005,KY3005,047 KY-3005,KY3005,N,37.72899,-85.88191,1,2018,B,047-KY-3005  -000,6.675,0,0,0,0,0,0,0,1,0,0,1,0,0,Y
Motor Vehicle,DAC,72252534,20180927,701,4,NULL,DIXIE,W,AVE,US0031W,US0031W,047 US-31W,US0031W,N,37.69597,-85.86296,1,2018,O,047-US-0031W -000,16.939,0,0,0,0,0,0,0,1,0,0,1,0,0,Y
Motor Vehicle,DAC,72252535,20180927,1450,4,NULL,31W,NULL,BYP,US0031WB,US0031WB,047 US-31WB,US0031WB,N,37.699,-85.88108,5,2018,O,047-US-0031WB-000,2.077,0,0,1,0,0,0,1,0,0,0,0,0,0,Y
Motor Vehicle,Non DAC,72252543,20180928,756,5,NULL,PATRIOT,NULL,PKWY,KY0361,KY0361,NULL,NULL,N,37.7217,-85.90942,5,2018,O,047-KY-0361  -000,2.273,0,0,0,0,0,0,1,1,0,0,0,0,0,Y
Motor Vehicle,Non DAC,72252799,20180925,630,2,NULL,ST JOHN,NULL,RD,KY1357,KY1357,047 KY-1357,KY1357,N,37.69397,-85.90117,3,2018,O,047-KY-1357  -000,15.147,0,0,0,0,0,0,0,0,0,0,0,1,0,Y
Motor Vehicle,Non DAC,72252904,20180928,1814,5,NULL,TOWNE,NULL,DR,NULL,NULL,047 CS-1448,CS1448,N,37.73268,-85.89121,1,2018,O,047-CS-1448  -000,0.242,0,0,0,1,0,0,0,0,0,0,0,0,0,Y
Motor Vehicle,DAC,72252948,20180928,1802,5,NULL,MULBERRY,N,ST,US0062,US0062,047 US-62,US0062,N,37.69554,-85.85792,5,2018,O,047-US-0062  -000,18.106,0,0,0,1,0,0,1,0,0,0,0,0,0,Y
Motor Vehicle,Non DAC,72253088,20180929,634,6,628,PARK,W,RD,NULL,NULL,047 CS-1542,CS1542,N,37.68718,-85.88278,9,2018,B,047-CS-1542  -000,2.65,0,0,0,0,0,0,1,0,0,0,1,0,0,Y
Motor Vehicle,DAC,72253583,20180928,1500,5,NULL,DIXIE,N,AVE,US0031W,US0031W,NULL,NULL,N,37.73986,-85.88979,5,2018,O,047-US-0031W -000,20.339,0,0,0,0,0,0,1,0,0,0,0,0,0,Y
Motor Vehicle,Non DAC,72253757,20181001,6,1,NULL,NEW GLENDALE,NULL,RD,KY1136,KY1136,047 KY-1136,KY1136,N,37.67108,-85.86135,9,2018,O,047-KY-1136  -000,9.573,0,0,0,0,0,0,0,0,0,0,0,0,0,Y
Motor Vehicle,Non DAC,72253824,20180930,1402,0,NULL,RING,NULL,RD,KY3005,KY3005,047 KY-3005-10,KY3005,N,37.69586,-85.91061,1,2018,O,047-KY-3005  -000,3.651,0,0,0,0,0,0,0,1,0,0,1,0,0,Y
Motor Vehicle,DAC,72253912,20180926,1435,3,NULL,MULBERRY,N,ST,US0062,US0062,047 US-62,US0062,N,37.69847,-85.85525,5,2018,O,047-US-0062  -000,18.357,0,0,0,1,0,0,1,0,0,0,0,0,0,Y
Motor Vehicle,DAC,72253913,20180927,1003,4,NULL,DIXIE,E,AVE,US0031W,US0031W,047 US-31W,US0031W,N,37.6704,-85.84633,5,2018,O,047-US-0031W -000,14.843,0,0,0,0,0,0,1,0,0,0,0,0,0,Y
Motor Vehicle,Non DAC,72253914,20181001,946,1,NULL,LEITCHFIELD,NULL,RD,US0062,US0062,047 US-62-10,US0062,N,37.67864,-85.88148,1,2018,O,047-US-0062  -000,16.332,0,0,0,1,0,0,0,1,0,0,1,0,0,Y
Motor Vehicle,DAC,72254179,20181001,1740,1,NULL,DIXIE,E,AVE,US0031W,US0031W,047 US-31W,US0031W,N,37.69257,-85.85716,8,2018,O,047-US-0031W -000,16.552,0,0,0,1,0,0,1,0,0,0,0,1,0,Y
Motor Vehicle,DAC,72254245,20180929,1825,6,NULL,POPLAR,W,ST,NULL,NULL,047 CS-1068,CS1068,N,37.70425,-85.87119,5,2018,O,047-CS-1068  -000,1.104,0,0,0,0,0,0,1,0,0,0,0,0,0,Y
Motor Vehicle,DAC,72254258,20180930,1458,0,NULL,MULBERRY,N,ST,US0062,US0062,NULL,NULL,N,37.71249,-85.83198,1,2018,O,047-US-0062  -000,19.97,0,0,0,0,0,0,1,1,0,0,1,0,0,Y
Motor Vehicle,DAC,72255115,20181003,1748,3,NULL,DIXIE,N,AVE,US0031W,US0031W,047 US-31W,US0031W,N,37.72744,-85.88356,5,2018,O,047-US-0031W -000,19.415,0,0,1,0,0,0,1,0,0,0,0,0,0,Y
Motor Vehicle,DAC,72255149,20180922,2002,6,1111,DIXIE,N,AVE,US0031W,US0031W,047 US-31W,US0031W,N,37.71361,-85.87675,5,2018,O,047-US-0031W -000,18.394,0,0,0,0,0,0,0,0,0,0,1,0,0,Y
Motor Vehicle,DAC,72255280,20181004,829,4,NULL,DOLPHIN,NULL,DR,NULL,NULL,NULL,NULL,N,37.71109,-85.83757,1,2018,O,047-CS-1430  -000,0.096,0,0,0,0,0,0,1,1,0,0,1,0,0,Y
Motor Vehicle,DAC,72255287,20180921,1612,5,NULL,DIXIE,N,AVE,US0031W,US0031W,047 US-31W-10,US0031W,N,37.73434,-85.88726,5,2018,O,047-US-0031W -000,19.953,0,0,0,0,0,0,0,1,0,0,0,0,0,Y
Motor Vehicle,DAC,72255288,20181003,1506,3,308,DIECKS,NULL,DR,NULL,NULL,047 CS-1061,CS1061,N,37.70893,-85.86876,9,2018,O,047-CS-1061  -000,0.298,0,0,0,0,0,0,0,0,0,0,0,1,0,Y
Motor Vehicle,DAC,72255437,20181004,1503,4,NULL,DIXIE,S,HWY,US0031W,US0031W,NULL,NULL,N,37.66986,-85.84647,5,2018,O,047-US-0031W -000,14.805,0,0,0,0,0,0,1,1,0,0,1,0,0,Y
Motor Vehicle,Non DAC,72255857,20181002,713,2,NULL,ALTEC,NULL,DR,NULL,NULL,047 CS-1008,CS1008,N,37.66746,-85.92458,5,2018,O,047-CS-1008  -000,0.078,0,0,0,0,0,0,1,0,0,0,0,0,0,Y
Motor Vehicle,Non DAC,72256153,20181005,1859,5,3900,DIXIE,N,AVE,US0031W,US0031W,047 US-31W,US0031W,N,37.74455,-85.8919,5,2018,O,047-US-0031W -000,20.676,0,0,1,0,0,0,0,1,0,0,0,0,0,Y
Motor Vehicle,DAC,72256299,20181002,1232,2,NULL,COLLEGE,NULL,ST,NULL,NULL,NULL,NULL,N,37.69307,-85.86519,3,2018,O,047-CS-1730  -000,0.381,0,0,0,0,0,0,1,0,0,0,1,0,0,Y
Motor Vehicle,DAC,72256338,20181006,1334,6,NULL,EXECUTIVE,NULL,DR,NULL,NULL,047 CS-1410,CS1410,N,37.71037,-85.83311,1,2018,O,047-CS-1410  -000,0.19,0,0,0,1,0,0,0,1,0,0,1,0,0,Y
Motor Vehicle,DAC,72256554,20181002,1250,2,NULL,DIXIE,W,AVE,US0031W,US0031W,047 US-31W,US0031W,N,37.70001,-85.86668,5,2018,O,047-US-0031W -000,17.295,0,0,0,0,0,0,1,0,0,0,0,0,0,Y
Motor Vehicle,DAC,72256556,20181005,1421,5,NULL,DIXIE,N,AVE,US0031W,US0031W,047 US-31W-10,US0031W,N,37.70875,-85.87428,5,2018,O,047-US-0031W -000,18.035,0,0,1,0,0,0,1,0,0,0,1,0,0,Y
Motor Vehicle,Non DAC,72256741,20181007,1211,0,NULL,LEITCHFIELD,NULL,RD,US0062,US0062,047 US-62,US0062,N,37.67679,-85.89886,1,2018,K,047-US-0062  -000,15.373,0,0,1,0,0,0,0,1,0,0,1,0,0,Y
Motor Vehicle,Non DAC,72256846,20181007,500,0,NULL,DIXIE,N,AVE,US0031W,US0031W,047 US-31W,US0031W,N,37.74702,-85.89305,9,2018,O,047-US-0031W -000,20.864,0,0,0,0,0,0,0,0,0,0,0,0,0,Y
Motor Vehicle,Non DAC,72257091,20181008,1103,1,NULL,VETERANS,NULL,WAY,NULL,NULL,047 CS-1683,CS1683,N,37.7254,-85.89148,1,2018,B,047-CS-1683  -000,0.005,0,0,0,1,0,0,1,1,0,0,1,0,0,Y
Motor Vehicle,DAC,72257442,20180928,1535,5,NULL,MULBERRY,N,ST,US0062,US0062,047 US-62-10,US0062,N,37.71188,-85.8333,5,2018,O,047-US-0062  -000,19.877,0,0,0,0,0,0,1,0,0,0,1,0,0,Y
Motor Vehicle,DAC,72257579,20181004,1820,4,NULL,DIXIE,N,AVE,US0031W,US0031W,047 US-31W,US0031W,N,37.73125,-85.88573,4,2018,O,047-US-0031W -000,19.718,0,0,1,0,0,0,1,0,0,0,1,0,0,Y
Motor Vehicle,DAC,72257580,20181005,1523,5,NULL,DIXIE,N,AVE,US0031W,US0031W,047 US-31W-10,US0031W,N,37.74142,-85.89073,5,2018,O,047-US-0031W -000,20.454,0,0,0,0,0,0,1,0,0,0,0,0,0,Y
Motor Vehicle,DAC,72257700,20181009,1355,2,NULL,DIECKS,NULL,DR,NULL,NULL,NULL,NULL,N,37.70905,-85.87362,4,2018,O,047-CS-1061  -000,0.027,0,0,0,1,0,0,1,1,0,0,0,0,0,Y
Motor Vehicle,Non DAC,72257763,20181009,1825,2,NULL,RING,NULL,RD,KY3005,KY3005,047 KY-3005-10,KY3005,N,37.72757,-85.88652,1,2018,O,047-KY-3005  -000,6.417,0,0,1,0,0,0,0,1,0,0,0,0,0,Y
Motor Vehicle,DAC,72257766,20181009,1744,2,NULL,MULBERRY,N,ST,US0062,US0062,047 US-62-10,US0062,N,37.71319,-85.83038,4,2018,O,047-US-0062  -000,20.055,0,0,0,0,0,0,1,0,0,0,1,0,0,Y
Motor Vehicle,Non DAC,72257810,20181009,1513,2,NULL,RING,NULL,RD,KY3005,KY3005,047 KY-3005-10,KY3005,N,37.68432,-85.91577,5,2018,O,047-KY-3005  -000,2.821,0,0,0,0,0,0,1,0,0,0,0,0,0,Y
Motor Vehicle,DAC,72258187,20181009,1023,2,NULL,MULBERRY,N,ST,US0062,US0062,047 US-62-10,US0062,N,37.71082,-85.83565,5,2018,O,047-US-0062  -000,19.73,0,0,0,1,0,0,1,0,0,0,0,0,0,Y
Motor Vehicle,Non DAC,72258188,20181010,900,3,NULL,KY1600,NULL,NULL,KY1600,KY1600,047 KY-1600,KY1600,N,37.7276,-85.91674,5,2018,O,047-KY-1600  -000,0.008,0,0,0,0,0,0,1,0,0,0,1,0,0,Y
Motor Vehicle,DAC,72258298,20181010,1826,3,NULL,POPLAR,W,ST,NULL,NULL,047 CS-1068,CS1068,N,37.70225,-85.86749,1,2018,O,047-CS-1068  -000,0.808,0,0,0,0,0,0,1,0,0,0,1,0,0,Y
Motor Vehicle,Non DAC,72258388,20180922,1343,6,NULL,COLLEGE ST RD,NULL,NULL,NULL,NULL,047 CS-1124,CS1124,N,37.68985,-85.88239,1,2018,K,047-CS-1124  -000,0.802,0,0,1,0,0,0,0,1,0,0,0,0,0,Y
Motor Vehicle,Non DAC,72258389,20180923,1228,0,NULL,RING,NULL,RD,KY3005,KY3005,047 KY-3005,KY3005,N,37.71967,-85.90063,5,2018,O,047-KY-3005  -000,5.462,0,0,0,0,0,0,1,1,0,0,0,0,0,Y
Motor Vehicle,DAC,72258390,20180924,1126,1,NULL,MULBERRY,S,ST,US0062,US0062,047 US-62,US0062,N,37.69194,-85.86119,1,2018,O,047-US-0062  -000,17.791,0,0,1,0,0,0,1,0,0,0,0,0,0,Y
Motor Vehicle,DAC,72258465,20181005,1148,5,NULL,DIXIE,E,AVE,US0031W,US0031W,047 US-31W,US0031W,N,37.69045,-85.85506,8,2018,O,047-US-0031W -000,16.362,0,0,0,1,0,0,1,1,0,0,0,1,0,Y
Motor Vehicle,DAC,72258466,20181004,1432,4,NULL,MILES,N,ST,KY0251,KY0251,047 KY-251,KY0251,N,37.69707,-85.86192,1,2018,O,047-KY-0251  -000,0.092,0,0,0,0,0,0,0,0,0,0,1,0,0,Y
Motor Vehicle,Non DAC,72258703,20181011,1756,4,NULL,MULBERRY,N,ST,US0062,US0062,NULL,NULL,N,37.71621,-85.82442,1,2018,C,047-US-0062  -000,20.434,0,0,0,0,0,0,1,1,0,0,0,0,0,Y
Motor Vehicle,Non DAC,72258724,20181011,1808,4,NULL,MULBERRY,N,ST,US0062,US0062,047 US-62-10,US0062,N,37.71615,-85.82408,5,2018,O,047-US-0062  -000,20.449,0,0,0,0,0,0,1,0,0,0,0,0,0,Y
Motor Vehicle,Non DAC,72259519,20180928,1512,5,NULL,BLACK BRANCH,N,RD,NULL,NULL,047 CS-1551,CS1551,N,37.67812,-85.91708,5,2018,O,047-CS-1551  -000,0.842,0,0,1,0,0,0,1,1,0,0,0,0,0,Y
Motor Vehicle,Non DAC,72259624,20181013,1730,6,NULL,DIXIE,N,AVE,US0031W,US0031W,047 US-31W,US0031W,N,37.75067,-85.89484,4,2018,B,047-US-0031W -000,21.137,0,0,0,0,0,0,0,1,0,0,1,0,0,Y
Motor Vehicle,Non DAC,72259691,20181007,745,0,NULL,DIXIE,N,AVE,US0031W,US0031W,047 US-31W,US0031W,N,37.75081,-85.89471,8,2018,O,047-US-0031W -000,21.137,0,0,0,0,0,0,1,0,0,0,1,0,0,Y
Motor Vehicle,DAC,72260042,20181014,1523,0,NULL,MULBERRY,N,ST,US0062,US0062,047 US-62,US0062,N,37.7115,-85.83386,5,2018,O,047-US-0062  -000,19.838,0,0,0,0,0,0,1,0,0,0,0,0,0,Y
Motor Vehicle,Non DAC,72260208,20181015,757,1,NULL,LINCOLN,NULL,PKWY,KY0061,KY0061,047 KY-61,KY0061,N,37.66965,-85.84552,5,2018,O,047-KY-0061  -000,5.254,0,0,0,1,0,0,1,1,0,0,0,0,0,Y
Motor Vehicle,DAC,72260272,20181008,1143,1,NULL,DIXIE,N,AVE,US0031W,US0031W,047 US-31W,US0031W,N,37.72737,-85.8835,1,2018,O,047-US-0031W -000,19.4,0,0,0,1,0,0,0,0,0,0,0,0,0,Y
Motor Vehicle,DAC,72260273,20181006,1409,6,111,THE LOOP,NULL,NULL,NULL,NULL,047 CS-1431,CS1431,N,37.71428,-85.83303,1,2018,O,047-CS-1431  -000,0.144,0,0,0,0,0,0,0,0,0,0,0,0,0,Y
Motor Vehicle,DAC,72260285,20181015,1045,1,NULL,RING,NULL,RD,KY3005,KY3005,047 KY-3005,KY3005,N,37.73224,-85.84499,5,2018,O,047-KY-3005  -000,8.793,0,0,0,0,0,0,1,1,0,0,0,0,0,Y
Motor Vehicle,Non DAC,72260301,20181014,1607,0,NULL,RING,NULL,RD,KY3005,KY3005,047 KY-3005,KY3005,N,37.72676,-85.88872,1,2018,O,047-KY-3005  -000,6.282,0,0,1,0,0,0,0,1,0,0,1,0,0,Y
Motor Vehicle,DAC,72260383,20180928,1730,5,719,DIXIE,E,AVE,US0031W,US0031W,047 US-31W,US0031W,N,37.67351,-85.84578,1,2018,O,047-US-0031W -000,15.049,0,0,0,1,0,0,0,1,0,0,1,0,0,Y
Motor Vehicle,Non DAC,72260418,20181012,1335,5,NULL,DIXIE,N,HWY,US0031W,US0031W,047 US-31W,US0031W,N,37.75508,-85.89672,5,2018,O,047-US-0031W -000,21.468,0,0,0,0,0,0,1,0,0,0,0,0,0,Y
Motor Vehicle,DAC,72260530,20181015,1624,1,NULL,RING,NULL,RD,KY3005,KY3005,047 KY-3005,KY3005,N,37.70945,-85.83863,8,2018,O,047-KY-3005  -000,10.558,0,0,0,0,0,0,0,0,0,0,0,1,0,Y
Motor Vehicle,DAC,72260690,20181011,1958,4,NULL,CARDINAL,NULL,DR,KY0361,KY0361,047 KY-361,KY0361,N,37.71013,-85.8849,1,2018,B,047-KY-0361  -000,0.693,0,0,0,0,0,0,0,1,0,0,1,0,0,Y
Motor Vehicle,DAC,72260710,20181015,1721,1,NULL,31W,NULL,BYP,US0031WB,US0031WB,047 US-31WB,US0031WB,N,37.70209,-85.88299,5,2018,O,047-US-0031WB-000,2.315,0,0,0,0,0,0,1,0,0,0,0,0,0,Y
Motor Vehicle,DAC,72261297,20181012,1530,5,NULL,MULBERRY,S,ST,US0062,US0062,047 US-62,US0062,N,37.68108,-85.87698,8,2018,O,047-US-0062  -000,16.645,0,0,1,0,0,0,0,1,0,0,0,1,0,Y
Motor Vehicle,DAC,72261311,20181016,520,2,407,DIECKS,NULL,DR,NULL,NULL,047 CS-1061,CS1061,N,37.70858,-85.86413,5,2018,O,047-CS-1061  -000,0.559,0,0,0,0,0,0,0,0,0,0,0,1,0,Y
Motor Vehicle,DAC,72261326,20181017,823,3,NULL,US31W BYP N TURN LANE,NULL,NULL,US0031WB,US0031WB,047 US-31WB-20,US0031WB,N,37.69969,-85.88147,8,2018,O,047-US-0031WB-020,0.006,0,0,1,1,0,0,1,1,0,0,0,1,0,Y
Motor Vehicle,Non DAC,72261469,20181017,1444,3,300,RING,NULL,RD,KY3005,KY3005,NULL,NULL,N,37.68012,-85.91518,5,2018,O,047-KY-3005  -000,2.53,0,0,1,0,0,0,1,1,0,0,0,0,0,Y
Motor Vehicle,DAC,72261563,20181017,1626,3,NULL,DIXIE,N,AVE,US0031W,US0031W,NULL,NULL,N,37.71545,-85.87758,8,2018,O,047-US-0031W -000,18.533,0,0,1,0,0,0,1,1,0,0,0,1,0,Y
Motor Vehicle,DAC,72261578,20181017,1537,3,NULL,DIXIE,E,AVE,US0031W,US0031W,NULL,NULL,N,37.68959,-85.85455,4,2018,C,047-US-0031W -000,16.296,0,0,0,1,0,0,1,1,0,1,0,0,0,Y
Motor Vehicle,DAC,72262248,20181018,1519,4,NULL,LAYMAN,NULL,LN,NULL,NULL,047 CS-1180,CS1180,N,37.71264,-85.87701,5,2018,O,047-CS-1180  -000,0.039,0,0,0,1,0,0,1,0,0,0,0,0,0,Y
Motor Vehicle,Non DAC,72262717,20181019,1704,5,NULL,LEITCHFIELD,NULL,RD,US0062,US0062,047 US-62,US0062,N,37.6775,-85.88801,4,2018,O,047-US-0062  -000,15.977,0,1,0,0,0,0,1,0,0,0,1,0,0,Y
Motor Vehicle,DAC,72262855,20181015,1214,1,NULL,31W,NULL,BYP,US0031WB,US0031WB,047 US-31WB,US0031WB,N,37.6916,-85.87099,5,2018,O,047-US-0031WB-000,1.316,0,0,0,0,0,0,1,0,0,0,0,0,0,Y
Motor Vehicle,DAC,72262869,20181015,1247,1,NULL,MULBERRY,N,ST,US0062,US0062,047 US-62-10,US0062,N,37.71135,-85.83448,9,2018,O,047-US-0062  -000,19.802,0,1,0,0,0,0,0,0,0,0,0,0,0,Y
Motor Vehicle,DAC,72262906,20181020,749,6,NULL,MULBERRY,N,ST,US0062,US0062,047 US-62,US0062,N,37.7131,-85.83057,5,2018,O,047-US-0062  -000,20.045,0,0,0,0,0,0,1,0,0,0,0,0,0,Y
Motor Vehicle,DAC,72263218,20181019,1727,5,NULL,MULBERRY,S,ST,US0062,US0062,047 US-62,US0062,N,37.6917,-85.86143,5,2018,O,047-US-0062  -000,17.783,0,0,0,0,0,0,0,1,0,0,0,0,0,Y
Motor Vehicle,DAC,72263250,20181020,2107,6,NULL,MULBERRY,N,ST,US0062,US0062,047 US-62-10,US0062,N,37.71178,-85.83356,1,2018,O,047-US-0062  -000,19.859,0,0,0,0,0,0,1,0,0,0,0,0,0,Y
Motor Vehicle,Non DAC,72263276,20181019,947,5,NULL,ST JOHN,NULL,RD,KY1357,KY1357,047 KY-1357,KY1357,N,37.69603,-85.89306,1,2018,O,047-KY-1357  -000,15.641,0,0,0,0,0,0,1,0,0,0,1,0,0,Y
Motor Vehicle,DAC,72263280,20181020,1245,6,NULL,NORTHRIDGE,NULL,DR,NULL,NULL,047 CS-1429,CS1429,N,37.72017,-85.83779,5,2018,O,047-CS-1429  -000,0.102,0,0,0,0,0,0,1,0,0,0,0,0,0,Y
Motor Vehicle,DAC,72264051,20181021,1700,0,NULL,DIXIE,W,AVE,US0031W,US0031W,047 US-31W,US0031W,N,37.6969,-85.86409,5,2018,O,047-US-0031W -000,17.037,0,0,0,0,0,0,0,0,0,0,0,0,0,Y
Motor Vehicle,DAC,72264154,20181020,1704,6,NULL,POPLAR,W,ST,NULL,NULL,NULL,NULL,N,37.69707,-85.86192,1,2018,O,047-CS-1068  -000,0.336,0,0,0,0,0,0,1,0,0,0,1,0,0,Y
Motor Vehicle,DAC,72264190,20181021,2120,0,NULL,MAIN,N,ST,NULL,NULL,047 CS-1320,CS1320,N,37.70764,-85.84058,9,2018,B,047-CS-1320  -000,1.384,0,0,0,0,0,0,1,0,0,0,0,1,0,Y