Mode,Crash In Disadvantaged Community,MasterFile,CollisionDate,CollisionTime,CollisionDayWeekCode,RoadwayName_HouseBusinessNumber_,RoadwayName_RoadwayName_,RoadwayName_Direction_,RoadwayName_RoadwaySuffix_,RoadwayfromReport,CurrentRoadwayNumber,RSEUniqueGIS,RoadwayIdentifier,ParkingLotIndicator,Latitude,Longitude,MannerofCollisionCode,YR,KABCO,KTC_RT,KTC_MP,Motorcyclist,Commercial Vehicle,Young Driver,Mature Driver,Pedestrian,Bicyclist,Distracted,Aggressive,Impaired,Unrestrained,Intersection,Roadway Departure,Median Cross-over,In City Limits?
Motor Vehicle,DAC,72264296,20181019,1355,5,NULL,RING,NULL,RD,KY3005,KY3005,047 KY-3005,KY3005,N,37.71811,-85.83963,1,2018,B,047-KY-3005  -000,9.939,0,1,0,1,0,0,0,1,0,0,1,0,0,Y
Motor Vehicle,Non DAC,72264404,20181018,1310,4,NULL,TOWNE,NULL,CTR,NULL,NULL,047 PR-1010,PR1010,N,37.73339,-85.88876,1,2018,O,047-PR-1010  -000,0.453,0,0,1,0,0,0,1,0,0,0,1,0,0,Y
Motor Vehicle,DAC,72264606,20181023,1605,2,NULL,MAIN,N,ST,NULL,NULL,047 CS-1320,CS1320,N,37.7079,-85.84073,8,2018,O,047-CS-1320  -000,1.403,0,0,0,0,0,0,1,0,0,0,1,0,0,Y
Motor Vehicle,DAC,72264771,20181023,1645,2,NULL,DIXIE,E,AVE,US0031W,US0031W,047 US-31W,US0031W,N,37.6711,-85.84619,5,2018,O,047-US-0031W -000,14.892,0,0,0,0,0,0,1,0,0,0,0,0,0,Y
Motor Vehicle,DAC,72265020,20181024,1333,3,NULL,BEECH,NULL,ST,NULL,NULL,NULL,NULL,N,37.70131,-85.8559,1,2018,O,047-CS-1030  -000,0.227,0,0,0,0,0,0,1,1,0,0,1,0,0,Y
Motor Vehicle,DAC,72265137,20181010,1605,3,NULL,MULBERRY,N,ST,US0062,US0062,047 US-62,US0062,N,37.70442,-85.84661,5,2018,O,047-US-0062  -000,18.995,0,0,0,0,0,0,1,0,0,0,0,0,0,Y
Motor Vehicle,DAC,72265139,20181011,1554,4,NULL,DIXIE,N,AVE,US0031W,US0031W,047 US-31W,US0031W,N,37.72795,-85.88379,5,2018,O,047-US-0031W -000,19.374,0,0,0,0,0,0,1,0,0,0,0,0,0,Y
Motor Vehicle,DAC,72265195,20181024,1541,3,NULL,31W,NULL,BYP,US0031WB,US0031WB,047 US-31WB-10,US0031WB,N,37.69199,-85.87186,1,2018,B,047-US-0031WB-000,1.357,0,0,0,0,0,0,0,1,0,0,0,1,0,Y
Motor Vehicle,Non DAC,72265354,20181025,1058,4,NULL,DIXIE,N,AVE,US0031W,US0031W,NULL,NULL,N,37.7457,-85.89243,5,2018,O,047-US-0031W -000,20.763,0,0,0,1,0,0,1,0,0,0,0,0,0,Y
Motor Vehicle,DAC,72265400,20181024,1527,3,NULL,31W,NULL,BYP,US0031WB,US0031WB,047 US-31WB-10,US0031WB,N,37.70097,-85.88253,5,2018,O,047-US-0031WB-000,2.691,0,0,0,0,0,0,1,0,0,0,0,0,0,Y
Motor Vehicle,DAC,72265438,20181024,914,3,NULL,US31W BYP S TURN LANE,NULL,NULL,US0031WB,US0031WB,047 US-31WB-22,US0031WB,N,37.70037,-85.88232,5,2018,O,047-US-0031WB-022,0.025,0,0,0,0,0,0,1,0,0,0,0,0,0,Y
Motor Vehicle,DAC,72265733,20180322,1451,4,NULL,DIXIE,N,AVE,US0031W,US0031W,047 US-31W-10,US0031W,N,37.70858,-85.87412,8,2018,O,047-US-0031W -000,18.017,0,0,0,1,0,0,0,0,0,0,0,1,0,Y
Motor Vehicle,Non DAC,72265734,20181022,1533,1,NULL,PATRIOT,NULL,PKWY,KY0361,KY0361,047 KY-361-10,KY0361,N,37.7174,-85.9038,5,2018,O,047-KY-0361  -000,1.846,0,0,0,1,0,0,1,0,0,0,0,0,0,Y
Motor Vehicle,Non DAC,72265965,20181026,1047,5,NULL,COLLEGE ST RD,NULL,NULL,NULL,NULL,047 CS-1124,CS1124,N,37.68908,-85.88307,9,2018,O,047-CS-1124  -000,0.732,0,0,0,0,0,0,0,0,0,0,0,1,0,Y
Motor Vehicle,DAC,72266026,20181026,1436,5,NULL,DIXIE,N,AVE,US0031W,US0031W,NULL,NULL,N,37.71563,-85.8777,5,2018,O,047-US-0031W -000,18.547,0,0,0,0,0,0,1,1,0,0,0,0,0,Y
Motor Vehicle,DAC,72266117,20181026,1720,5,300,MULBERRY,S,ST,US0062,US0062,047 US-62,US0062,N,37.69149,-85.86181,5,2018,O,047-US-0062  -000,17.755,0,0,0,0,0,0,0,1,0,0,0,1,0,Y
Motor Vehicle,DAC,72266266,20181026,1900,5,NULL,RING,NULL,RD,KY3005,KY3005,047 KY-3005,KY3005,N,37.70961,-85.83879,5,2018,O,047-KY-3005  -000,10.544,0,0,0,0,0,0,1,0,0,0,0,0,0,Y
Motor Vehicle,DAC,72266357,20181026,1555,5,NULL,DIXIE,N,HWY,US0031W,US0031W,047 US-31W,US0031W,N,37.76078,-85.89935,1,2018,O,047-US-0031W -000,21.88,0,0,0,1,0,0,1,0,0,0,0,0,0,Y
Motor Vehicle,DAC,72266506,20181026,1430,5,NULL,DIXIE,N,AVE,US0031W,US0031W,047 US-31W,US0031W,N,37.73804,-85.88882,5,2018,O,047-US-0031W -000,20.219,0,0,0,0,0,0,0,1,0,0,0,0,0,Y
Motor Vehicle,DAC,72266548,20181027,1007,6,NULL,RING,NULL,RD,KY3005,KY3005,047 KY-3005,KY3005,N,37.729,-85.88191,1,2018,O,047-KY-3005  -000,6.674,0,0,1,0,0,0,1,0,0,0,1,0,0,Y
Motor Vehicle,DAC,72266679,20181015,1233,1,NULL,MULBERRY,N,ST,US0062,US0062,047 US-62,US0062,N,37.69924,-85.85465,8,2018,O,047-US-0062  -000,18.375,0,0,0,0,0,0,0,0,0,0,0,1,0,Y
Motor Vehicle,Non DAC,72266972,20181026,1337,5,NULL,RING,NULL,RD,KY3005,KY3005,047 KY-3005-10,KY3005,N,37.72545,-85.89152,5,2018,O,047-KY-3005  -000,6.104,0,0,1,0,0,0,1,0,0,0,0,0,0,Y
Motor Vehicle,DAC,72267141,20181028,1539,0,NULL,DIXIE,N,AVE,US0031W,US0031W,047 US-31W,US0031W,N,37.73097,-85.88533,5,2018,O,047-US-0031W -000,19.683,0,0,0,1,0,0,1,0,0,0,0,0,0,Y
Motor Vehicle,DAC,72267392,20181026,1325,5,NULL,PUBLIC,NULL,SQ,US0031W,US0031W,047 US-31W-1,US0031W,N,37.69284,-85.85801,8,2018,O,047-US-0031W -001,16.606,0,0,1,0,0,0,1,0,0,0,0,1,0,Y
Motor Vehicle,DAC,72267393,20181027,1142,6,NULL,DIXIE,N,AVE,US0031W,US0031W,047 US-31W-10,US0031W,N,37.73145,-85.88582,5,2018,O,047-US-0031W -000,19.725,0,1,0,0,0,0,1,0,0,0,0,0,0,Y
Motor Vehicle,Non DAC,72267494,20181029,751,1,NULL,LINCOLN,NULL,PKWY,KY0061,KY0061,047 KY-61,KY0061,N,37.66925,-85.84441,5,2018,B,047-KY-0061  -000,5.187,0,0,0,0,0,0,1,0,0,0,0,0,0,Y
Motor Vehicle,Non DAC,72267495,20181029,855,1,NULL,LINCOLN,NULL,PKWY,KY0061,KY0061,047 KY-61,KY0061,N,37.6683,-85.84251,5,2018,B,047-KY-0061  -000,5.065,0,0,0,1,0,0,1,0,0,0,0,0,0,Y
Motor Vehicle,DAC,72267518,20181029,1120,1,NULL,DIXIE,N,AVE,US0031W,US0031W,NULL,NULL,N,37.70493,-85.87179,5,2018,O,047-US-0031W -000,17.724,0,0,0,1,0,0,1,1,0,0,0,0,0,Y
Motor Vehicle,Non DAC,72267563,20181029,1330,1,NULL,MULBERRY,N,ST,US0062,US0062,NULL,NULL,N,37.7155,-85.82549,4,2018,O,047-US-0062  -000,20.358,0,0,0,0,0,0,1,1,0,0,0,0,0,Y
Motor Vehicle,DAC,72267582,20181029,1147,1,NULL,COMMERCE,NULL,DR,NULL,NULL,047 CS-1108,CS1108,N,37.71152,-85.83342,5,2018,O,047-CS-1108  -000,0.008,0,0,0,1,0,0,0,0,0,0,0,0,0,Y
Motor Vehicle,Non DAC,72267761,20181029,1723,1,NULL,MULBERRY,N,ST,US0062,US0062,047 US-62-10,US0062,N,37.71422,-85.8287,5,2018,B,047-US-0062  -000,20.163,0,0,0,0,0,0,1,0,0,0,0,0,0,Y
Motor Vehicle,DAC,72267789,20181028,1740,0,NULL,HAWKINS,NULL,DR,NULL,NULL,047 CS-1553,CS1553,N,37.6811,-85.84735,2,2018,O,047-CS-1553  -000,0.891,0,0,0,0,0,0,0,0,0,0,0,0,0,Y
Motor Vehicle,DAC,72267889,20181028,2245,0,502,RICHMOND,NULL,CT,NULL,NULL,047 CS-1722,CS1722,N,37.7478,-85.8726,9,2018,O,047-CS-1722  -000,0.037,0,0,1,0,0,0,0,0,1,0,0,1,0,Y
Motor Vehicle,DAC,72267939,20181024,1126,3,NULL,DIXIE,N,HWY,US0031W,US0031W,047 US-31W-10,US0031W,N,37.76082,-85.89969,1,2018,O,047-US-0031W -000,21.888,0,0,1,1,0,0,1,0,0,0,0,0,0,Y
Motor Vehicle,DAC,72268558,20181031,1350,3,NULL,DIXIE,N,AVE,US0031W,US0031W,NULL,NULL,N,37.73319,-85.88666,5,2018,O,047-US-0031W -000,19.851,0,0,0,0,0,0,1,1,0,0,0,0,0,Y
Motor Vehicle,DAC,72268591,20181030,1800,2,NULL,DIXIE,W,AVE,US0031W,US0031W,047 US-31W,US0031W,N,37.69383,-85.85938,8,2018,O,047-US-0031W -000,16.699,0,0,0,0,0,0,0,0,0,0,0,1,0,Y
Motor Vehicle,DAC,72268929,20181031,2055,3,NULL,RING,NULL,RD,KY3005,KY3005,047 KY-3005,KY3005,N,37.73023,-85.87717,9,2018,O,047-KY-3005  -000,6.951,0,0,0,0,0,0,0,0,1,0,1,0,0,Y
Motor Vehicle,DAC,72268948,20181031,755,3,NULL,DIXIE,W,AVE,US0031W,US0031W,047 US-31W,US0031W,N,37.69574,-85.86274,5,2018,O,047-US-0031W -000,16.93,0,0,1,0,0,0,0,0,0,0,0,0,0,Y
Motor Vehicle,DAC,72269148,20181101,1341,4,NULL,POPLAR,W,ST,NULL,NULL,NULL,NULL,N,37.70301,-85.86796,3,2018,O,047-CS-1068  -000,0.867,0,0,0,0,0,0,1,0,0,0,1,0,0,Y
Motor Vehicle,DAC,72269502,20181030,1617,2,NULL,MAIN,N,ST,NULL,NULL,047 CS-1320,CS1320,N,37.70331,-85.84475,5,2018,O,047-CS-1320  -000,1.016,0,0,0,0,0,0,1,0,0,0,0,0,0,Y
Motor Vehicle,Non DAC,72269719,20181102,657,5,NULL,DIXIE,N,AVE,US0031W,US0031W,047 US-31W-10,US0031W,N,37.746,-85.89284,5,2018,O,047-US-0031W -000,20.79,0,0,0,0,0,0,1,1,0,0,1,0,0,Y
Motor Vehicle,DAC,72269812,20181102,1134,5,NULL,POPLAR,W,ST,NULL,NULL,NULL,NULL,N,37.70428,-85.87117,5,2018,O,047-CS-1068  -000,1.101,0,0,0,1,0,0,1,1,0,0,0,0,0,Y
Motor Vehicle,DAC,72270036,20181102,1701,5,NULL,MULBERRY,N,ST,US0062,US0062,047 US-62-10,US0062,N,37.71082,-85.83549,5,2018,O,047-US-0062  -000,19.737,0,0,0,0,0,0,1,0,0,0,0,0,0,Y
Motor Vehicle,Non DAC,72270165,20181023,1855,2,NULL,DIXIE,S,HWY,US0031W,US0031W,047 US-31W,US0031W,N,37.65316,-85.85037,1,2018,O,047-US-0031W -000,13.633,0,0,0,0,0,0,0,1,0,0,1,0,0,Y
Motor Vehicle,DAC,72270204,20181012,2221,5,NULL,MULBERRY,N,ST,US0062,US0062,047 US-62,US0062,N,37.71109,-85.83449,8,2018,O,047-US-0062  -000,19.795,0,0,0,0,0,0,1,0,0,0,0,1,0,Y
Motor Vehicle,Non DAC,72270205,20181013,1741,6,NULL,DIXIE,N,AVE,US0031W,US0031W,047 US-31W,US0031W,N,37.74582,-85.89249,4,2018,B,047-US-0031W -000,20.773,0,0,0,0,0,0,1,0,0,0,1,0,0,Y
Motor Vehicle,DAC,72270423,20181103,1105,6,NULL,POPLAR,W,ST,NULL,NULL,047 CS-1068,CS1068,N,37.69921,-85.86399,5,2018,O,047-CS-1068  -000,0.514,0,0,0,0,0,0,1,0,0,0,0,0,0,Y
Motor Vehicle,DAC,72271013,20181104,1810,0,NULL,DIXIE,N,AVE,US0031W,US0031W,047 US-31W-10,US0031W,N,37.72072,-85.88053,5,2018,O,047-US-0031W -000,18.928,0,0,1,0,0,0,0,1,0,0,0,0,0,Y
Motor Vehicle,DAC,72271038,20181101,1838,4,NULL,HELM,NULL,ST,NULL,NULL,047 CS-1127,CS1127,N,37.69359,-85.86178,1,2018,O,047-CS-1127  -000,0.238,0,0,0,0,0,0,0,0,0,0,0,0,0,Y
Motor Vehicle,DAC,72271039,20181104,1822,0,NULL,MULBERRY,N,ST,US0062,US0062,047 US-62-10,US0062,N,37.70606,-85.84427,5,2018,O,047-US-0062  -000,19.165,0,0,0,0,0,0,1,0,0,0,0,0,0,Y
Motor Vehicle,DAC,72271040,20181104,1822,0,NULL,MULBERRY,N,ST,US0062,US0062,047 US-62-10,US0062,N,37.70592,-85.84452,5,2018,O,047-US-0062  -000,19.148,0,0,0,0,0,0,1,0,0,0,0,0,0,Y
Motor Vehicle,DAC,72271066,20181104,2000,0,NULL,DIXIE,N,AVE,US0031W,US0031W,047 US-31W,US0031W,N,37.72783,-85.88379,1,2018,O,047-US-0031W -000,19.444,0,0,1,0,0,0,0,1,0,0,0,0,0,Y
Motor Vehicle,Non DAC,72271083,20181104,2048,0,NULL,PINE VALLEY,NULL,DR,NULL,NULL,047 CS-1533,CS1533,N,37.75304,-85.88986,9,2018,O,047-CS-1533  -000,0.312,0,0,0,0,0,0,0,0,0,0,0,1,0,Y
Motor Vehicle,DAC,72271308,20181105,1335,1,NULL,MULBERRY,N,ST,US0062,US0062,047 US-62,US0062,N,37.69463,-85.85874,5,2018,O,047-US-0062  -000,18.03,0,0,0,0,0,0,1,0,0,0,0,0,0,Y
Motor Vehicle,DAC,72271424,20181105,1753,1,NULL,ST JOHN,NULL,RD,KY1357,KY1357,NULL,NULL,N,37.70069,-85.88079,3,2018,O,047-KY-1357  -000,16.394,0,0,1,0,0,0,1,1,0,0,0,1,0,Y
Motor Vehicle,Non DAC,72271502,20181030,1915,2,NULL,LEITCHFIELD,NULL,RD,US0062,US0062,047 US-62-10,US0062,N,37.67164,-85.91195,4,2018,B,047-US-0062  -000,14.576,0,0,0,1,0,0,1,0,0,0,1,0,0,N
Motor Vehicle,DAC,72271669,20181017,1152,3,NULL,DIXIE,N,AVE,US0031W,US0031W,047 US-31W,US0031W,N,37.72968,-85.88482,5,2018,O,047-US-0031W -000,19.586,0,0,1,0,0,0,1,0,0,0,0,0,0,Y
Motor Vehicle,Non DAC,72271670,20181019,1120,5,NULL,PATRIOT,NULL,PKWY,KY0361,KY0361,047 KY-361-10,KY0361,N,37.71696,-85.90286,5,2018,O,047-KY-0361  -000,1.786,0,0,0,0,0,0,1,0,0,0,0,0,0,Y
Motor Vehicle,DAC,72271671,20181024,1615,3,NULL,DIXIE,E,AVE,US0031W,US0031W,047 US-31W,US0031W,N,37.69176,-85.85608,9,2018,O,047-US-0031W -000,16.469,0,0,0,0,0,0,0,0,0,0,0,1,0,Y
Motor Vehicle,DAC,72272122,20181104,1529,0,NULL,DIXIE,N,AVE,US0031W,US0031W,047 US-31W,US0031W,N,37.71794,-85.87888,4,2018,O,047-US-0031W -000,18.722,0,0,0,0,0,0,1,0,0,0,1,0,0,Y
Motor Vehicle,DAC,72272123,20181106,1453,2,NULL,RING,NULL,RD,KY3005,KY3005,047 KY-3005,KY3005,N,37.73216,-85.84434,4,2018,O,047-KY-3005  -000,8.829,0,0,0,1,0,0,1,0,0,0,1,0,0,Y
Motor Vehicle,DAC,72272149,20181105,1818,1,NULL,DIXIE,E,AVE,US0031W,US0031W,047 US-31W,US0031W,N,37.68963,-85.85457,5,2018,O,047-US-0031W -000,16.314,0,0,0,0,0,0,1,0,0,0,0,0,0,Y
Motor Vehicle,DAC,72272150,20181104,1823,0,NULL,DIXIE,N,AVE,US0031W,US0031W,047 US-31W-10,US0031W,N,37.73383,-85.88685,8,2018,O,047-US-0031W -000,19.89,0,0,0,1,0,0,0,0,0,0,0,1,0,Y
Motor Vehicle,DAC,72272365,20181107,1338,3,230,HELM,NULL,ST,NULL,NULL,047 CS-1127,CS1127,N,37.69377,-85.86215,5,2018,O,047-CS-1127  -000,0.262,0,0,1,0,0,0,0,0,0,0,0,0,0,Y
Motor Vehicle,DAC,72272383,20181107,1220,3,NULL,RING,NULL,RD,KY3005,KY3005,047 KY-3005,KY3005,N,37.7284,-85.88371,8,2018,O,047-KY-3005  -000,6.567,0,0,1,1,0,0,1,0,0,0,0,1,0,Y
Motor Vehicle,DAC,72272679,20181029,1244,1,NULL,MILES,N,ST,KY0251,KY0251,047 KY-251,KY0251,N,37.69708,-85.86191,1,2018,O,047-KY-0251  -000,0.092,0,0,0,0,0,0,0,1,0,0,1,0,0,Y
Motor Vehicle,DAC,72272681,20181103,1230,6,NULL,DIXIE,N,AVE,US0031W,US0031W,047 US-31W-10,US0031W,N,37.71941,-85.87986,5,2018,O,047-US-0031W -000,18.824,0,0,0,0,0,0,0,0,0,0,0,0,0,Y
Motor Vehicle,Non DAC,72272988,20181108,1845,4,NULL,RING,NULL,RD,KY3005,KY3005,047 KY-3005-10,KY3005,N,37.71735,-85.90351,1,2018,O,047-KY-3005  -000,5.258,0,0,0,0,0,0,0,1,0,0,1,0,0,Y
Motor Vehicle,DAC,72273049,20181107,1434,3,NULL,DIXIE,W,AVE,US0031W,US0031W,NULL,NULL,N,37.69588,-85.86302,1,2018,O,047-US-0031W -000,16.941,0,0,0,0,0,0,1,0,0,0,0,0,0,Y
Motor Vehicle,Non DAC,72273115,20181108,1140,4,NULL,DIXIE,N,HWY,US0031W,US0031W,047 US-31W-10,US0031W,N,37.75467,-85.89679,5,2018,O,047-US-0031W -000,21.433,0,0,1,1,0,0,0,1,0,0,0,0,0,Y
Motor Vehicle,DAC,72273216,20181109,937,5,NULL,MULBERRY,N,ST,US0062,US0062,047 US-62-10,US0062,N,37.71315,-85.83079,5,2018,O,047-US-0062  -000,20.036,0,0,0,1,0,0,1,0,0,0,0,0,0,Y
Motor Vehicle,Non DAC,72273492,20181102,2140,5,NULL,DIXIE,N,AVE,US0031W,US0031W,047 US-31W-10,US0031W,N,37.7458,-85.89275,5,2018,O,047-US-0031W -000,20.776,0,0,0,0,0,0,1,0,0,0,1,0,0,Y
Motor Vehicle,DAC,72273556,20181105,1830,1,NULL,COLLEGE STREET,NULL,RD,NULL,NULL,047 CS-1124-10,CS1124,N,37.69207,-85.87198,4,2018,C,047-CS-1124  -000,1.469,0,0,0,1,0,0,1,0,0,0,1,0,0,Y
Motor Vehicle,Non DAC,72273557,20181109,1543,5,NULL,ROBINBROOKE,NULL,BLVD,NULL,NULL,047 CS-1411,CS1411,N,37.73389,-85.89622,5,2018,O,047-CS-1411  -000,1.187,0,0,0,1,0,0,1,0,0,0,1,0,0,Y
Motor Vehicle,DAC,72273799,20181106,1204,2,NULL,DIXIE,E,AVE,US0031W,US0031W,047 US-31W,US0031W,N,37.68988,-85.85472,4,2018,O,047-US-0031W -000,16.318,0,0,0,0,0,0,1,1,0,0,1,0,0,Y
Motor Vehicle,Non DAC,72273800,20181106,659,2,NULL,LINCOLN,NULL,PKWY,KY0061,KY0061,047 KY-61,KY0061,N,37.66963,-85.84551,5,2018,O,047-KY-0061  -000,5.253,0,0,0,0,0,0,1,1,0,0,1,0,0,Y
Motor Vehicle,DAC,72273801,20181106,1004,2,NULL,POPLAR,W,ST,NULL,NULL,047 CS-1068,CS1068,N,37.69539,-85.8591,8,2018,O,047-CS-1068  -000,0.142,0,0,0,1,0,0,1,1,0,0,1,0,0,Y
Motor Vehicle,DAC,72273949,20181110,1851,6,NULL,RING,NULL,RD,KY3005,KY3005,047 KY-3005,KY3005,N,37.72899,-85.84015,8,2018,O,047-KY-3005  -000,9.182,0,0,0,1,0,0,1,0,0,0,0,1,0,Y
Motor Vehicle,DAC,72274333,20181110,1528,6,NULL,MULBERRY,N,ST,US0062,US0062,047 US-62,US0062,N,37.70928,-85.83849,8,2018,O,047-US-0062  -000,19.542,0,0,0,1,0,0,1,0,0,0,1,0,0,Y
Motor Vehicle,DAC,72274940,20181112,1734,1,NULL,RING,NULL,RD,KY3005,KY3005,047 KY-3005,KY3005,N,37.73286,-85.86858,9,2018,O,047-KY-3005  -000,7.461,0,0,0,0,0,0,0,0,0,0,0,0,0,Y
Motor Vehicle,DAC,72274943,20181111,1401,0,NULL,DIXIE,W,AVE,US0031W,US0031W,047 US-31W,US0031W,N,37.69629,-85.86358,5,2018,O,047-US-0031W -000,16.986,0,0,0,0,0,0,1,0,0,0,0,0,0,Y
Motor Vehicle,DAC,72274944,20181112,1706,1,NULL,DIXIE,N,AVE,US0031W,US0031W,047 US-31W-10,US0031W,N,37.73468,-85.88744,5,2018,O,047-US-0031W -000,19.989,0,0,0,0,0,0,1,0,0,0,0,0,0,Y
Motor Vehicle,DAC,72275427,20181107,1659,3,NULL,POPLAR,W,ST,NULL,NULL,047 CS-1068,CS1068,N,37.7037,-85.8689,5,2018,O,047-CS-1068  -000,0.937,0,0,1,1,0,0,1,1,0,0,0,0,0,Y
Motor Vehicle,Non DAC,72275428,20181113,1749,2,NULL,PATRIOT,NULL,PKWY,KY0361,KY0361,047 KY-361-10,KY0361,N,37.71732,-85.90361,8,2018,O,047-KY-0361  -000,1.825,0,0,1,0,0,0,1,0,0,0,1,0,0,Y
Motor Vehicle,Non DAC,72275637,20181114,840,3,62,N MU;LBERRY,NULL,NULL,I 0065,I 0065,NULL,NULL,N,37.71446,-85.82817,8,2018,O,047-I -0065  -512,0.02,0,1,0,0,0,0,0,1,0,0,1,0,0,Y
Motor Vehicle,DAC,72275712,20181114,1224,3,NULL,RING,NULL,RD,KY3005,KY3005,047 KY-3005,KY3005,N,37.73227,-85.85053,1,2018,O,047-KY-3005  -000,8.49,0,0,0,1,0,0,1,0,0,0,1,0,0,Y
Motor Vehicle,DAC,72275731,20181114,1155,3,NULL,DIXIE,N,AVE,US0031W,US0031W,047 US-31W-10,US0031W,N,37.73373,-85.88696,5,2018,O,047-US-0031W -000,19.888,0,0,0,0,0,0,1,0,0,0,0,0,0,Y
Motor Vehicle,DAC,72276021,20181114,1629,3,NULL,MULBERRY,N,ST,US0062,US0062,047 US-62,US0062,N,37.71277,-85.83129,5,2018,O,047-US-0062  -000,20.008,0,0,0,1,0,0,1,0,0,0,0,0,0,Y
Motor Vehicle,DAC,72276111,20181114,1911,3,NULL,DIXIE,N,AVE,US0031W,US0031W,047 US-31W-10,US0031W,N,37.73125,-85.8857,3,2018,O,047-US-0031W -000,19.709,0,0,0,0,0,0,1,0,0,0,0,1,0,Y
Motor Vehicle,DAC,72276144,20181113,745,2,NULL,MULBERRY,N,ST,US0062,US0062,047 US-62,US0062,N,37.69602,-85.8575,5,2018,O,047-US-0062  -000,18.147,0,0,0,0,0,0,0,0,0,0,0,0,0,Y
Motor Vehicle,DAC,72276320,20181115,1327,4,NULL,DIXIE,W,AVE,US0031W,US0031W,047 US-31W,US0031W,N,37.69669,-85.86391,8,2018,O,047-US-0031W -000,17.019,0,0,0,0,0,0,0,0,0,0,1,0,0,Y
Motor Vehicle,DAC,72276357,20181109,1407,5,NULL,DIXIE,N,AVE,US0031W,US0031W,NULL,NULL,N,37.73399,-85.88683,1,2018,O,047-US-0031W -000,19.878,0,0,1,1,0,0,1,1,0,0,0,0,1,Y
Motor Vehicle,DAC,72276359,20181113,1713,2,NULL,MILES,N,ST,KY0251,KY0251,NULL,NULL,N,37.7038,-85.85628,5,2018,O,047-KY-0251  -000,0.644,0,0,0,0,0,0,1,0,0,0,0,0,0,Y
Motor Vehicle,Non DAC,72276580,20181115,2013,4,NULL,MULBERRY,N,ST,US0062,US0062,047 US-62,US0062,N,37.7142,-85.82846,1,2018,O,047-US-0062  -000,20.173,0,0,0,0,0,0,0,1,0,0,0,1,0,Y
Motor Vehicle,DAC,72276711,20181115,902,4,NULL,31W,NULL,BYP,US0031WB,US0031WB,047 US-31WB,US0031WB,N,37.69231,-85.87214,5,2018,O,047-US-0031WB-000,1.395,0,0,0,1,0,0,1,0,0,0,0,0,0,Y
Motor Vehicle,DAC,72276851,20181116,1121,5,NULL,DIXIE,E,AVE,US0031W,US0031W,NULL,NULL,N,37.68331,-85.85034,1,2018,C,047-US-0031W -000,15.768,0,0,0,0,0,0,1,1,0,0,1,0,0,Y
Motor Vehicle,DAC,72276893,20181116,1255,5,NULL,DIXIE,N,AVE,US0031W,US0031W,047 US-31W,US0031W,N,37.71731,-85.87841,5,2018,O,047-US-0031W -000,18.745,0,0,0,1,0,0,0,0,0,0,0,0,0,Y
Motor Vehicle,DAC,72277100,20181116,2011,5,NULL,DIXIE,N,AVE,US0031W,US0031W,047 US-31W-10,US0031W,N,37.73602,-85.88807,5,2018,O,047-US-0031W -000,20.117,0,0,0,0,0,0,1,0,0,0,0,0,0,Y
Motor Vehicle,Non DAC,72277241,20181116,1249,5,NULL,RING,NULL,RD,KY3005,KY3005,047 KY-3005-10,KY3005,N,37.71743,-85.90331,5,2018,O,047-KY-3005  -000,5.254,0,0,1,0,0,0,1,0,0,0,0,0,0,Y
Motor Vehicle,DAC,72277242,20181116,1405,5,107,POPLAR,W,ST,NULL,NULL,047 CS-1068,CS1068,N,37.69439,-85.85734,9,2018,O,047-CS-1068  -000,0.024,0,0,1,0,0,0,1,0,0,0,0,1,0,Y
Motor Vehicle,DAC,72277483,20181116,1409,5,NULL,DIXIE,N,AVE,US0031W,US0031W,047 US-31W-10,US0031W,N,37.73127,-85.88573,5,2018,O,047-US-0031W -000,19.711,0,0,0,0,0,0,1,0,0,0,0,0,0,Y
Motor Vehicle,DAC,72277485,20181117,1331,6,NULL,WARFIELD,W,ST,NULL,NULL,047 CS-1564,CS1564,N,37.69978,-85.85845,1,2018,O,047-CS-1564  -000,0.339,0,0,0,1,0,0,1,1,0,0,1,0,0,Y
Motor Vehicle,DAC,72277556,20181116,2005,5,NULL,DIXIE,N,AVE,US0031W,US0031W,047 US-31W,US0031W,N,37.73633,-85.88822,4,2018,O,047-US-0031W -000,20.131,0,0,0,0,0,0,1,0,0,0,1,0,0,Y
Motor Vehicle,DAC,72278151,20181119,1023,1,NULL,MULBERRY,N,ST,US0062,US0062,NULL,NULL,N,37.70806,-85.84085,1,2018,O,047-US-0062  -000,19.391,0,0,0,1,0,0,1,1,0,0,1,0,0,Y
Motor Vehicle,DAC,72278315,20181118,1738,0,NULL,MILES,N,ST,KY0251,KY0251,047 KY-251,KY0251,N,37.69594,-85.86283,5,2018,O,047-KY-0251  -000,0.008,0,0,1,0,0,0,1,0,0,0,0,0,0,Y
Motor Vehicle,DAC,72278364,20181119,2033,1,NULL,DIXIE,E,AVE,US0031W,US0031W,047 US-31W,US0031W,N,37.68647,-85.85176,5,2018,O,047-US-0031W -000,16.011,0,0,0,1,0,0,1,0,0,0,0,0,0,Y
Motor Vehicle,Non DAC,72278437,20181119,1755,1,NULL,DIXIE,N,AVE,US0031W,US0031W,047 US-31W,US0031W,N,37.74603,-85.89258,8,2018,O,047-US-0031W -000,20.788,0,0,1,0,0,0,1,0,0,0,0,1,0,Y
Motor Vehicle,DAC,72278464,20181119,1840,1,NULL,RING,NULL,RD,KY3005,KY3005,047 KY-3005,KY3005,N,37.73382,-85.86197,4,2018,B,047-KY-3005  -000,7.834,0,0,0,0,0,0,0,1,0,0,1,0,0,Y
Motor Vehicle,DAC,72278484,20181119,533,1,NULL,MULBERRY,N,ST,US0062,US0062,047 US-62,US0062,N,37.69563,-85.85784,1,2018,O,047-US-0062  -000,18.114,0,0,1,0,0,0,0,0,0,0,1,0,0,Y
Motor Vehicle,DAC,72278493,20181115,1805,4,NULL,31W,NULL,BYP,US0031WB,US0031WB,047 US-31WB,US0031WB,N,37.67955,-85.86126,8,2018,O,047-US-0031WB-000,0.28,0,0,0,0,0,0,1,0,0,0,0,1,0,Y
Motor Vehicle,DAC,72278625,20181119,945,1,NULL,DIXIE,W,AVE,US0031W,US0031W,047 US-31W,US0031W,N,37.69398,-85.85963,5,2018,O,047-US-0031W -000,16.695,0,0,0,1,0,0,1,0,0,0,0,0,0,Y
Motor Vehicle,DAC,72278680,20181120,1051,2,NULL,MILES,N,ST,KY0251,KY0251,NULL,NULL,N,37.69707,-85.86191,1,2018,O,047-KY-0251  -000,0.092,0,0,0,0,0,0,1,1,0,0,1,0,0,Y
Motor Vehicle,DAC,72279030,20181120,1543,2,NULL,31W,NULL,BYP,US0031WB,US0031WB,047 US-31WB-10,US0031WB,N,37.70142,-85.88273,5,2018,O,047-US-0031WB-000,2.262,0,0,0,0,0,0,0,1,0,0,0,0,0,Y
Motor Vehicle,Non DAC,72279107,20181109,1240,5,NULL,TOWNE,NULL,DR,NULL,NULL,047 CS-1448,CS1448,N,37.73303,-85.89006,1,2018,O,047-CS-1448  -000,0.189,0,0,0,1,0,0,0,1,0,0,0,0,0,Y
Motor Vehicle,Non DAC,72279108,20181108,1451,4,NULL,RING,NULL,RD,KY3005,KY3005,047 KY-3005-10,KY3005,N,37.71752,-85.90327,5,2018,O,047-KY-3005  -000,5.259,0,0,0,0,0,0,1,0,0,0,0,0,0,Y
Motor Vehicle,DAC,72279109,20181113,1246,2,NULL,NICHOLAS RIDGE,NULL,DR,NULL,NULL,047 CS-1697,CS1697,N,37.68205,-85.87154,1,2018,O,047-CS-1697  -000,0.004,0,0,0,1,0,0,0,1,0,0,1,0,0,Y
Motor Vehicle,DAC,72279110,20181114,1302,3,NULL,MICHELLE,NULL,AVE,NULL,NULL,047 CS-1347,CS1347,N,37.70904,-85.88605,8,2018,O,047-CS-1347  -000,0.118,0,0,0,0,0,0,1,0,0,0,0,1,0,Y
Motor Vehicle,Non DAC,72279112,20181115,1652,4,NULL,DIXIE,N,AVE,US0031W,US0031W,047 US-31W-10,US0031W,N,37.7505,-85.8949,5,2018,O,047-US-0031W -000,21.133,0,0,0,0,0,0,0,1,0,0,0,0,0,Y
Motor Vehicle,Non DAC,72279145,20181120,1206,2,NULL,NEW GLENDALE,NULL,RD,KY1136,KY1136,047 KY-1136,KY1136,N,37.67591,-85.8593,5,2018,O,047-KY-1136  -000,9.926,0,0,0,1,0,0,1,0,0,0,1,0,0,Y
Motor Vehicle,DAC,72279303,20181117,1334,6,NULL,STARLITE,NULL,DR,NULL,NULL,047 CS-1286,CS1286,N,37.73425,-85.88608,1,2018,C,047-CS-1286  -000,0.046,0,0,0,1,0,0,1,1,0,0,0,0,0,Y
Motor Vehicle,Non DAC,72279317,20181120,1538,2,NULL,DIXIE,N,HWY,US0031W,US0031W,047 US-31W-10,US0031W,N,37.75095,-85.89505,5,2018,O,047-US-0031W -000,21.165,0,0,0,0,0,0,1,0,0,0,0,0,0,Y
Motor Vehicle,Non DAC,72279327,20181120,1647,2,NULL,MULBERRY,N,ST,US0062,US0062,047 US-62,US0062,N,37.71474,-85.8272,5,2018,O,047-US-0062  -000,20.249,0,0,0,0,0,0,0,0,0,0,0,0,0,Y
Motor Vehicle,Non DAC,72279562,20181108,2306,4,NULL,STONEMILL,NULL,DR,NULL,NULL,047 CS-1539,CS1539,N,37.75846,-85.87231,9,2018,O,047-CS-1539  -000,0.547,0,0,1,0,0,0,1,0,0,0,1,0,0,Y
Motor Vehicle,DAC,72279563,20181115,108,4,NULL,31W,NULL,BYP,US0031WB,US0031WB,047 US-31WB-10,US0031WB,N,37.68842,-85.86644,9,2018,O,047-US-0031WB-000,0.972,0,0,0,0,0,0,0,0,0,0,0,1,0,Y
Motor Vehicle,DAC,72279589,20181121,1246,3,NULL,MULBERRY,N,ST,US0062,US0062,047 US-62-10,US0062,N,37.70442,-85.84708,8,2018,O,047-US-0062  -000,18.977,0,0,0,1,0,0,1,0,0,1,0,1,0,Y
Motor Vehicle,DAC,72279656,20181121,1145,3,NULL,MULBERRY,N,ST,US0062,US0062,047 US-62-10,US0062,N,37.70458,-85.84678,1,2018,O,047-US-0062  -000,18.998,0,0,1,0,0,0,1,1,0,0,1,0,0,Y
Motor Vehicle,DAC,72279920,20181123,1156,5,NULL,DIECKS,NULL,DR,NULL,NULL,047 CS-1061,CS1061,N,37.70899,-85.86913,1,2018,C,047-CS-1061  -000,0.277,0,0,1,0,0,0,1,1,0,0,1,0,0,Y
Motor Vehicle,DAC,72280045,20181121,1526,3,1504,DIXIE,N,AVE,US0031W,US0031W,NULL,NULL,N,37.72601,-85.88322,1,2018,O,047-US-0031W -000,19.317,0,0,0,1,0,0,1,0,0,0,0,0,0,Y
Motor Vehicle,Non DAC,72280082,20181120,130,2,NULL,LINCOLN,NULL,PKWY,KY0061,KY0061,NULL,NULL,N,37.66951,-85.84583,9,2018,O,047-KY-0061  -000,5.268,0,0,1,0,0,0,1,0,0,0,0,1,0,Y
Motor Vehicle,DAC,72280112,20181123,1740,5,2003,DIXIE,N,AVE,US0031W,US0031W,047 US-31W,US0031W,N,37.73857,-85.88908,8,2018,O,047-US-0031W -000,20.254,0,0,0,0,0,0,1,0,0,0,0,1,0,Y
Motor Vehicle,DAC,72280436,20181124,1610,6,NULL,CHILDERS,NULL,CT,NULL,NULL,047 CS-1083,CS1083,N,37.73814,-85.88842,1,2018,O,047-CS-1083  -000,0.024,0,0,1,0,0,0,1,0,0,0,0,0,0,Y