Mode,Crash In Disadvantaged Community,MasterFile,CollisionDate,CollisionTime,CollisionDayWeekCode,RoadwayName_HouseBusinessNumber_,RoadwayName_RoadwayName_,RoadwayName_Direction_,RoadwayName_RoadwaySuffix_,RoadwayfromReport,CurrentRoadwayNumber,RSEUniqueGIS,RoadwayIdentifier,ParkingLotIndicator,Latitude,Longitude,MannerofCollisionCode,YR,KABCO,KTC_RT,KTC_MP,Motorcyclist,Commercial Vehicle,Young Driver,Mature Driver,Pedestrian,Bicyclist,Distracted,Aggressive,Impaired,Unrestrained,Intersection,Roadway Departure,Median Cross-over,In City Limits?
Motor Vehicle,DAC,72280551,20181109,722,5,NULL,VERTREES,NULL,CT,NULL,NULL,047 CS-1016,CS1016,N,37.69427,-85.85288,7,2018,O,047-CS-1016  -000,0.001,0,0,0,0,0,0,0,0,0,0,1,0,0,Y
Motor Vehicle,DAC,72280552,20181109,1156,5,NULL,RING,NULL,RD,KY3005,KY3005,047 KY-3005,KY3005,N,37.72945,-85.88024,5,2018,O,047-KY-3005  -000,6.773,0,0,0,1,0,0,0,1,0,0,0,0,0,Y
Motor Vehicle,DAC,72280754,20181122,1427,4,NULL,MULBERRY,N,ST,US0062,US0062,047 US-62,US0062,N,37.69947,-85.85437,5,2018,O,047-US-0062  -000,18.441,0,0,0,0,0,0,1,0,0,0,1,0,0,Y
Motor Vehicle,DAC,72280840,20181125,2218,0,NULL,NULL,NULL,NULL,I 0065,I 0065,NULL,NULL,N,37.71318,-85.83074,5,2018,O,047-I -0065  -531,0.263,0,0,1,0,0,0,0,0,0,0,0,0,0,Y
Motor Vehicle,DAC,72280936,20181126,738,1,NULL,DIECKS,NULL,DR,NULL,NULL,047 CS-1061,CS1061,N,37.7089,-85.86389,5,2018,B,047-CS-1061  -000,0.58,0,0,0,1,0,0,0,0,0,0,0,0,0,Y
Motor Vehicle,Non DAC,72281161,20181126,1645,1,NULL,RING,NULL,RD,KY3005,KY3005,047 KY-3005,KY3005,N,37.72381,-85.89467,5,2018,O,047-KY-3005  -000,5.897,0,0,0,0,0,0,1,0,0,0,0,0,0,Y
Motor Vehicle,Non DAC,72281276,20181118,1357,0,NULL,TOWNE,NULL,CTR,NULL,NULL,047 PR-1010,PR1010,N,37.72962,-85.88878,9,2018,O,047-PR-1010  -000,0.872,0,0,0,0,0,0,0,0,0,0,0,1,0,Y
Motor Vehicle,DAC,72281433,20181127,701,2,NULL,DIXIE,N,AVE,US0031W,US0031W,047 US-31W-10,US0031W,N,37.72828,-85.88425,5,2018,O,047-US-0031W -000,19.487,0,0,0,0,0,0,0,0,0,0,0,0,0,Y
Motor Vehicle,Non DAC,72281434,20181127,919,2,NULL,ROBINBROOKE,NULL,BLVD,NULL,NULL,047 CS-1411-10,CS1411,N,37.72201,-85.90978,1,2018,O,047-CS-1411  -000,1.182,0,0,0,0,0,0,0,0,0,0,0,0,0,Y
Motor Vehicle,DAC,72282349,20181121,1821,3,1600,RING,NULL,RD,KY3005,KY3005,047 KY-3005,KY3005,N,37.72848,-85.8835,6,2018,O,047-KY-3005  -000,6.58,0,0,1,0,0,0,1,0,0,0,0,0,0,Y
Motor Vehicle,DAC,72282470,20181128,1311,3,NULL,NULL,NULL,NULL,I 0065,I 0065,NULL,NULL,N,37.71324,-85.83072,5,2018,O,047-I -0065  -531,0.258,0,0,0,0,0,0,0,0,0,0,0,0,0,Y
Motor Vehicle,DAC,72282556,20181129,853,4,NULL,31W,NULL,BYP,US0031WB,US0031WB,047 US-31WB,US0031WB,N,37.68332,-85.86226,9,2018,C,047-US-0031WB-000,0.547,0,0,0,0,0,0,0,0,0,0,0,1,0,Y
Motor Vehicle,DAC,72282823,20181129,1420,4,NULL,DIXIE,N,AVE,US0031W,US0031W,047 US-31W,US0031W,N,37.73095,-85.88536,5,2018,O,047-US-0031W -000,19.682,0,0,0,0,0,0,1,0,0,0,0,0,0,Y
Motor Vehicle,DAC,72283148,20181130,1537,5,NULL,DIXIE,N,AVE,US0031W,US0031W,NULL,NULL,N,37.73134,-85.88577,5,2018,O,047-US-0031W -000,19.717,0,0,1,0,0,0,1,1,0,0,0,0,0,Y
Motor Vehicle,Non DAC,72283235,20181126,1820,1,NULL,DIXIE,N,AVE,US0031W,US0031W,047 US-31W-10,US0031W,N,37.74598,-85.89283,5,2018,O,047-US-0031W -000,20.789,0,0,1,0,0,0,0,1,0,0,0,0,0,Y
Motor Vehicle,Non DAC,72283260,20181130,1823,5,NULL,TOWNE,NULL,CTR,NULL,NULL,047 PR-1010,PR1010,N,37.72985,-85.88627,1,2018,O,047-PR-1010  -000,0.151,0,0,0,1,0,0,1,1,0,0,0,0,0,Y
Motor Vehicle,DAC,72283367,20181130,1653,5,NULL,MULBERRY,N,ST,US0062,US0062,047 US-62-10,US0062,N,37.71063,-85.83598,5,2018,O,047-US-0062  -000,19.708,0,0,0,0,0,0,1,0,0,0,0,0,0,Y
Motor Vehicle,DAC,72283696,20181201,1740,6,NULL,DIXIE,N,AVE,US0031W,US0031W,NULL,NULL,N,37.72895,-85.88423,5,2018,O,047-US-0031W -000,19.526,0,0,0,0,0,0,1,0,0,0,0,0,0,Y
Motor Vehicle,DAC,72283722,20181201,1445,6,NULL,DIXIE,N,AVE,US0031W,US0031W,047 US-31W,US0031W,N,37.73598,-85.88777,1,2018,O,047-US-0031W -000,20.09,0,0,0,1,0,0,0,1,0,0,0,0,0,Y
Motor Vehicle,DAC,72283943,20181202,643,0,NULL,HELMWOOD PLAZA,NULL,DR,NULL,NULL,047 CS-1039,CS1039,N,37.70923,-85.87055,9,2018,O,047-CS-1039  -000,0,0,0,0,0,0,0,0,0,0,0,1,0,0,Y
Motor Vehicle,DAC,72284233,20181201,1556,6,NULL,DIXIE,N,AVE,US0031W,US0031W,047 US-31W-10,US0031W,N,37.73798,-85.88906,1,2018,O,047-US-0031W -000,20.22,0,0,0,0,0,0,1,1,0,0,0,0,0,Y
Motor Vehicle,Non DAC,72284270,20181202,26,0,700,PINE VALLEY,NULL,DR,NULL,NULL,047 CS-1533,CS1533,N,37.75683,-85.88337,1,2018,O,047-CS-1533  -000,0.76,0,0,0,0,0,0,0,0,1,0,0,1,0,Y
Motor Vehicle,DAC,72284710,20181203,2222,1,NULL,RING,NULL,RD,KY3005,KY3005,047 KY-3005,KY3005,N,37.73379,-85.86217,5,2018,C,047-KY-3005  -000,7.823,0,0,0,1,0,0,1,0,0,0,0,0,0,Y
Motor Vehicle,DAC,72284716,20181202,1811,0,NULL,WOODLAND,NULL,DR,NULL,NULL,047 CS-1193,CS1193,N,37.71204,-85.87895,1,2018,O,047-CS-1193  -000,1.132,0,0,0,0,0,0,0,1,0,0,1,0,0,Y
Motor Vehicle,Non DAC,72284728,20181203,1619,1,NULL,DIXIE,N,AVE,US0031W,US0031W,047 US-31W,US0031W,N,37.74959,-85.89422,5,2018,O,047-US-0031W -000,21.058,0,0,1,1,0,0,0,0,0,0,0,0,0,Y
Motor Vehicle,Non DAC,72284867,20181127,849,2,NULL,RING,NULL,RD,KY3005,KY3005,047 KY-3005-10,KY3005,N,37.69594,-85.91049,5,2018,O,047-KY-3005  -000,3.668,0,0,1,1,0,0,0,1,0,0,1,0,0,Y
Motor Vehicle,DAC,72284909,20181130,1535,5,NULL,DIXIE,N,AVE,US0031W,US0031W,047 US-31W-10,US0031W,N,37.73288,-85.88655,5,2018,O,047-US-0031W -000,19.831,0,0,1,0,0,0,1,0,0,0,0,0,0,Y
Motor Vehicle,DAC,72284910,20181130,1619,5,NULL,DIXIE,N,AVE,US0031W,US0031W,047 US-31W-10,US0031W,N,37.72028,-85.88029,5,2018,O,047-US-0031W -000,18.895,0,0,0,1,0,0,1,0,0,0,0,0,0,Y
Motor Vehicle,DAC,72284928,20181127,1545,2,NULL,DIXIE,N,AVE,US0031W,US0031W,NULL,NULL,N,37.7179,-85.87917,1,2018,O,047-US-0031W -000,18.735,0,0,0,0,0,0,1,1,0,0,1,0,0,Y
Motor Vehicle,DAC,72284929,20181129,1932,4,NULL,MULBERRY,S,ST,US0062,US0062,NULL,NULL,N,37.69149,-85.86164,1,2018,O,047-US-0062  -000,17.756,0,0,0,0,0,0,1,1,0,0,1,0,0,Y
Motor Vehicle,DAC,72285169,20181203,1857,1,NULL,DIXIE,E,AVE,US0031W,US0031W,047 US-31W,US0031W,N,37.6881,-85.8529,8,2018,O,047-US-0031W -000,16.177,0,0,0,0,0,0,1,0,0,0,0,1,0,Y
Motor Vehicle,DAC,72285306,20181205,611,3,NULL,MULBERRY,S,ST,US0062,US0062,047 US-62,US0062,N,37.68871,-85.86671,9,2018,O,047-US-0062  -000,17.423,0,0,0,0,0,0,0,0,0,0,0,1,0,Y
Motor Vehicle,Non DAC,72285672,20181204,1538,2,NULL,RING,NULL,RD,KY3005,KY3005,047 KY-3005-10,KY3005,N,37.6734,-85.91313,1,2018,B,047-KY-3005  -000,2.051,0,0,0,0,0,0,1,1,0,0,0,0,0,Y
Motor Vehicle,Non DAC,72285772,20181204,1939,2,NULL,DIXIE,N,HWY,US0031W,US0031W,NULL,NULL,N,37.75169,-85.89536,5,2018,O,047-US-0031W -000,21.22,0,0,1,0,0,0,0,0,0,0,0,0,0,Y
Motor Vehicle,DAC,72285773,20181205,1522,3,NULL,ST JOHN,NULL,RD,KY1357,KY1357,NULL,NULL,N,37.7005,-85.88164,5,2018,O,047-KY-1357  -000,16.307,0,0,0,0,0,0,1,0,0,0,0,0,0,Y
Motor Vehicle,DAC,72285999,20181205,1449,3,NULL,DIXIE,N,AVE,US0031W,US0031W,047 US-31W-10,US0031W,N,37.73332,-85.88675,5,2018,O,047-US-0031W -000,19.86,0,0,0,0,0,0,1,0,0,0,0,0,0,Y
Motor Vehicle,DAC,72286021,20181206,1422,4,NULL,DIXIE,N,AVE,US0031W,US0031W,047 US-31W-10,US0031W,N,37.71276,-85.87658,1,2018,C,047-US-0031W -000,18.338,0,0,0,0,0,0,0,0,0,0,1,0,0,Y
Motor Vehicle,Non DAC,72286151,20181206,1750,4,NULL,RING,NULL,RD,KY3005,KY3005,047 KY-3005-10,KY3005,N,37.72559,-85.89112,5,2018,O,047-KY-3005  -000,6.128,0,0,0,1,0,0,1,0,0,0,0,0,0,Y
Motor Vehicle,Non DAC,72286284,20181206,2120,4,1406,AMANDA JO,NULL,DR,NULL,NULL,047 CS-1195,CS1195,N,37.72232,-85.89434,9,2018,O,047-CS-1195  -000,0.129,0,0,0,0,0,0,1,0,0,0,0,1,0,Y
Motor Vehicle,DAC,72286731,20181207,1509,5,NULL,DIXIE,N,AVE,US0031W,US0031W,047 US-31W,US0031W,N,37.71795,-85.87886,1,2018,O,047-US-0031W -000,18.721,0,0,0,0,0,0,1,1,0,0,1,0,0,Y
Motor Vehicle,DAC,72286755,20181207,1802,5,NULL,DIXIE,N,AVE,US0031W,US0031W,047 US-31W,US0031W,N,37.73955,-85.8896,5,2018,O,047-US-0031W -000,20.318,0,0,0,0,0,0,1,0,0,0,0,1,0,Y
Motor Vehicle,DAC,72286785,20181207,2035,5,NULL,31W,NULL,BYP,US0031WB,US0031WB,047 US-31WB-10,US0031WB,N,37.70022,-85.88203,1,2018,C,047-US-0031WB-000,2.171,0,0,0,0,0,0,0,1,0,0,1,0,0,Y
Motor Vehicle,DAC,72287058,20181206,1517,4,304,CENTRAL,NULL,AVE,NULL,NULL,047 CS-1072,CS1072,N,37.69363,-85.85489,5,2018,A,047-CS-1072  -000,0.137,0,0,0,0,0,0,1,0,0,0,0,0,0,Y
Motor Vehicle,Non DAC,72287059,20181208,1620,6,NULL,CARDINAL,NULL,DR,KY0361,KY0361,047 KY-361,KY0361,N,37.71122,-85.8894,8,2018,O,047-KY-0361  -000,0.95,0,0,1,0,0,0,1,0,0,0,0,1,0,Y
Motor Vehicle,DAC,72287207,20181207,1344,5,NULL,DIXIE,N,AVE,US0031W,US0031W,047 US-31W-10,US0031W,N,37.70456,-85.87153,5,2018,O,047-US-0031W -000,17.7,0,0,0,1,0,0,1,0,0,0,0,0,0,Y
Motor Vehicle,DAC,72287208,20181207,1202,5,NULL,DIXIE,E,AVE,US0031W,US0031W,047 US-31W,US0031W,N,37.68951,-85.8545,5,2018,O,047-US-0031W -000,16.289,0,0,0,0,0,0,1,0,0,0,0,0,0,Y
Motor Vehicle,Non DAC,72287355,20181208,1629,6,NULL,TOWNE,NULL,CTR,NULL,NULL,NULL,NULL,N,37.73324,-85.88763,1,2018,O,047-PR-1010  -000,0.399,0,0,1,1,0,0,1,0,0,0,0,0,0,Y
Motor Vehicle,DAC,72287799,20181114,1727,3,NULL,MILES,N,ST,KY0251,KY0251,047 KY-251,KY0251,N,37.70382,-85.85624,2,2018,O,047-KY-0251  -000,0.647,0,0,1,0,0,0,1,0,0,0,0,0,0,Y
Motor Vehicle,DAC,72287815,20181210,1631,1,NULL,RING,NULL,RD,KY3005,KY3005,NULL,NULL,N,37.71925,-85.83969,8,2018,O,047-KY-3005  -000,9.861,0,0,0,1,0,0,1,0,0,0,0,1,0,Y
Motor Vehicle,DAC,72287853,20181210,1943,1,600,MILES,N,ST,KY0251,KY0251,047 KY-251,KY0251,N,37.70254,-85.85702,1,2018,O,047-KY-0251  -000,0.529,0,0,1,0,0,0,1,0,0,0,0,0,0,Y
Motor Vehicle,DAC,72288032,20181211,1028,2,NULL,DIXIE,W,AVE,US0031W,US0031W,047 US-31W,US0031W,N,37.69386,-85.85944,1,2018,O,047-US-0031W -000,16.702,0,0,0,1,0,0,1,1,0,0,1,0,0,Y
Motor Vehicle,DAC,72288209,20181211,1650,2,NULL,DIXIE,N,AVE,US0031W,US0031W,047 US-31W-10,US0031W,N,37.72686,-85.88354,5,2018,O,047-US-0031W -000,19.377,0,0,0,0,0,0,1,1,0,0,0,0,0,Y
Motor Vehicle,DAC,72288530,20181212,846,3,NULL,RING,NULL,RD,KY3005,KY3005,047 KY-3005,KY3005,N,37.73382,-85.86197,1,2018,O,047-KY-3005  -000,7.834,0,0,0,0,0,0,0,1,0,0,1,0,0,Y
Motor Vehicle,DAC,72288888,20181208,1824,6,NULL,DIXIE,W,AVE,US0031W,US0031W,047 US-31W,US0031W,N,37.69387,-85.85955,9,2018,O,047-US-0031W -000,16.709,0,0,0,0,0,0,0,0,0,0,1,0,0,Y
Motor Vehicle,DAC,72288889,20181212,1851,3,NULL,LAYMAN,NULL,LN,NULL,NULL,NULL,NULL,N,37.71205,-85.87906,5,2018,O,047-CS-1180  -000,0.158,0,0,0,1,0,0,1,0,0,0,0,0,0,Y
Motor Vehicle,DAC,72288925,20181212,1452,3,NULL,LAYMAN,NULL,LN,NULL,NULL,047 CS-1180,CS1180,N,37.71276,-85.87664,5,2018,O,047-CS-1180  -000,0.018,0,0,0,1,0,0,1,0,0,0,0,0,0,Y
Motor Vehicle,Non DAC,72289133,20181213,1547,4,NULL,ST JOHN,NULL,RD,KY1357,KY1357,NULL,NULL,N,37.69429,-85.89667,7,2018,O,047-KY-1357  -000,15.405,0,1,0,0,0,0,1,0,0,0,0,1,0,Y
Motor Vehicle,DAC,72289368,20181210,1215,1,NULL,CARDINAL,NULL,DR,KY0361,KY0361,047 KY-361,KY0361,N,37.70936,-85.87946,7,2018,O,047-KY-0361  -000,0.387,0,0,1,0,0,0,0,0,0,0,1,0,0,Y
Motor Vehicle,DAC,72289547,20181214,1226,5,NULL,DIXIE,N,AVE,US0031W,US0031W,NULL,NULL,N,37.73432,-85.88725,5,2018,O,047-US-0031W -000,19.951,0,0,0,1,0,0,1,1,0,0,0,0,0,Y
Motor Vehicle,DAC,72289835,20181214,1507,5,NULL,DIXIE,N,AVE,US0031W,US0031W,047 US-31W,US0031W,N,37.70777,-85.87352,5,2018,O,047-US-0031W -000,17.95,0,0,0,0,0,0,1,0,0,0,0,0,0,Y
Motor Vehicle,DAC,72289879,20181214,1533,5,NULL,POPLAR,E,ST,NULL,NULL,047 CS-1002,CS1002,N,37.69382,-85.85633,1,2018,O,047-CS-1002  -000,0.298,0,0,0,1,0,0,1,1,0,0,1,0,0,Y
Motor Vehicle,Non DAC,72289942,20181214,2349,5,NULL,COLLEGE ST RD,NULL,NULL,NULL,NULL,047 CS-1124,CS1124,N,37.68717,-85.883,9,2018,O,047-CS-1124  -000,0.6,0,0,0,0,0,0,1,0,1,0,1,0,0,Y
Motor Vehicle,DAC,72290105,20181215,1257,6,NULL,DIXIE,N,AVE,US0031W,US0031W,047 US-31W,US0031W,N,37.72818,-85.88393,5,2018,O,047-US-0031W -000,19.469,0,0,0,0,0,0,1,0,0,0,0,0,0,Y
Motor Vehicle,Non DAC,72291183,20181216,926,0,NULL,PATRIOT,NULL,PKWY,KY0361,KY0361,047 KY-361,KY0361,N,37.71169,-85.89067,4,2018,B,047-KY-0361  -000,1.028,0,0,0,1,0,0,1,1,0,0,0,0,0,Y
Motor Vehicle,DAC,72291184,20181217,1012,1,NULL,WOODLAND,NULL,DR,NULL,NULL,047 CS-1193,CS1193,N,37.71244,-85.87958,8,2018,O,047-CS-1193  -000,1.108,0,0,0,1,0,0,1,0,0,0,0,1,0,Y
Motor Vehicle,Non DAC,72291348,20181215,2151,6,NULL,DIXIE,N,AVE,US0031W,US0031W,047 US-31W,US0031W,N,37.74582,-85.8925,1,2018,O,047-US-0031W -000,20.772,0,0,0,0,0,0,0,1,0,0,1,0,0,Y
Motor Vehicle,Non DAC,72291349,20181217,2220,1,NULL,RING,NULL,RD,KY3005,KY3005,047 KY-3005-10,KY3005,N,37.68338,-85.91585,1,2018,O,047-KY-3005  -000,2.756,0,0,0,0,0,0,1,0,0,0,0,0,0,Y
Motor Vehicle,DAC,72291477,20181218,840,2,NULL,DIXIE,E,AVE,US0031W,US0031W,047 US-31W,US0031W,N,37.69285,-85.85765,8,2018,O,047-US-0031W -000,16.585,0,1,0,0,0,0,1,0,0,0,0,1,0,Y
Motor Vehicle,DAC,72291812,20181214,1454,5,NULL,DIXIE,N,HWY,US0031W,US0031W,047 US-31W-10,US0031W,N,37.75791,-85.8983,5,2018,O,047-US-0031W -000,21.683,0,0,0,0,0,0,0,0,0,0,0,0,0,Y
Motor Vehicle,DAC,72291848,20181215,1536,6,NULL,DIXIE,N,AVE,US0031W,US0031W,047 US-31W,US0031W,N,37.72861,-85.88404,8,2018,O,047-US-0031W -000,19.501,0,0,0,0,0,0,1,0,0,0,0,1,0,Y
Motor Vehicle,DAC,72291889,20181217,1604,1,NULL,MULBERRY,N,ST,US0062,US0062,047 US-62,US0062,N,37.70899,-85.83864,8,2018,O,047-US-0062  -000,19.532,0,0,0,1,0,0,0,0,0,0,0,1,0,Y
Motor Vehicle,Non DAC,72291998,20181219,648,3,NULL,RING,NULL,RD,KY3005,KY3005,047 KY-3005-10,KY3005,N,37.68579,-85.91544,5,2018,C,047-KY-3005  -000,2.923,0,0,0,0,0,0,1,1,0,0,0,0,0,Y
Motor Vehicle,Non DAC,72292309,20181219,1613,3,NULL,MULBERRY,N,ST,US0062,US0062,NULL,NULL,N,37.71589,-85.82493,1,2018,O,047-US-0062  -000,20.396,0,0,0,1,0,0,1,0,0,0,1,0,0,Y
Motor Vehicle,DAC,72292432,20181218,1958,2,NULL,MILES,N,ST,KY0251,KY0251,047 KY-251,KY0251,N,37.70238,-85.85713,5,2018,O,047-KY-0251  -000,0.538,0,0,1,0,0,0,1,0,0,0,0,0,0,Y
Motor Vehicle,DAC,72292601,20181220,1239,4,NULL,DIXIE,E,AVE,US0031W,US0031W,NULL,NULL,N,37.67192,-85.84599,1,2018,O,047-US-0031W -000,14.94,0,0,0,1,0,0,1,1,0,0,0,0,0,Y
Motor Vehicle,DAC,72292698,20181220,737,4,NULL,DIXIE,N,AVE,US0031W,US0031W,047 US-31W-10,US0031W,N,37.70874,-85.87423,5,2018,O,047-US-0031W -000,18.033,0,0,0,1,0,0,1,0,0,0,1,0,0,Y
Motor Vehicle,DAC,72292930,20181220,1733,4,NULL,DIXIE,N,AVE,US0031W,US0031W,047 US-31W,US0031W,N,37.72067,-85.88018,5,2018,O,047-US-0031W -000,18.919,0,0,0,0,0,0,0,1,0,0,0,0,0,Y
Motor Vehicle,DAC,72293035,20181220,1648,4,NULL,DIXIE,N,AVE,US0031W,US0031W,047 US-31W,US0031W,N,37.72363,-85.88177,5,2018,B,047-US-0031W -000,19.139,0,0,0,0,0,0,1,0,0,0,0,0,0,Y
Motor Vehicle,DAC,72293083,20181220,1831,4,NULL,MULBERRY,N,ST,US0062,US0062,NULL,NULL,N,37.71084,-85.83549,5,2018,O,047-US-0062  -000,19.738,0,0,0,0,0,0,0,0,0,0,0,0,0,Y
Motor Vehicle,DAC,72293104,20181220,1918,4,NULL,COMMERCE,NULL,DR,NULL,NULL,047 CS-1108,CS1108,N,37.71037,-85.83311,1,2018,O,047-CS-1108  -000,0.088,0,0,0,1,0,0,1,0,0,0,1,0,0,Y
Motor Vehicle,DAC,72293313,20181209,1705,0,NULL,MULBERRY,N,ST,US0062,US0062,047 US-62,US0062,N,37.69663,-85.8569,1,2018,O,047-US-0062  -000,18.197,0,0,0,0,0,0,0,1,0,0,1,0,0,Y
Motor Vehicle,DAC,72293314,20181210,1546,1,NULL,MILES,N,ST,KY0251,KY0251,047 KY-251,KY0251,N,37.6971,-85.8619,1,2018,O,047-KY-0251  -000,0.09,0,0,0,1,0,0,0,1,0,0,1,0,0,Y
Motor Vehicle,DAC,72293317,20181214,1309,5,NULL,MAIN,N,ST,NULL,NULL,047 CS-1320,CS1320,N,37.69588,-85.85538,2,2018,O,047-CS-1320  -000,0.209,0,0,1,0,0,0,0,0,0,0,0,0,0,Y
Motor Vehicle,DAC,72293318,20181214,1750,5,NULL,DIXIE,N,AVE,US0031W,US0031W,047 US-31W-10,US0031W,N,37.73472,-85.88751,1,2018,O,047-US-0031W -000,19.995,0,0,0,0,0,0,0,1,0,0,0,0,0,Y
Motor Vehicle,Non DAC,72293354,20181214,1534,5,NULL,TOWNE,NULL,CTR,NULL,NULL,047 PR-1010,PR1010,N,37.73156,-85.88675,8,2018,O,047-PR-1010  -000,0.273,0,0,1,0,0,0,1,0,0,0,0,1,0,Y
Motor Vehicle,DAC,72293355,20181217,1545,1,NULL,NULL,NULL,NULL,US0031WB,US0031WB,NULL,NULL,N,37.68768,-85.86885,6,2018,O,047-US-0031WB-131,0.223,0,0,0,0,0,0,1,0,0,0,0,0,0,Y
Motor Vehicle,DAC,72293676,20181221,1736,5,NULL,DIXIE,N,AVE,US0031W,US0031W,047 US-31W-10,US0031W,N,37.70558,-85.87215,5,2018,O,047-US-0031W -000,17.764,0,0,0,0,0,0,0,0,0,0,0,0,0,Y
Motor Vehicle,DAC,72293783,20181222,702,6,NULL,DIXIE,E,AVE,US0031W,US0031W,047 US-31W,US0031W,N,37.66988,-85.84645,1,2018,O,047-US-0031W -000,14.807,0,0,0,1,0,0,0,1,0,0,1,0,0,Y
Motor Vehicle,DAC,72293839,20181222,1206,6,NULL,RING,NULL,RD,KY3005,KY3005,047 KY-3005,KY3005,N,37.73055,-85.87627,5,2018,O,047-KY-3005  -000,7.006,0,0,0,0,0,0,1,0,0,0,0,0,0,Y
Motor Vehicle,Non DAC,72294155,20181223,647,0,NULL,LEITCHFIELD,NULL,RD,US0062,US0062,047 US-62-10,US0062,N,37.67171,-85.91199,1,2018,O,047-US-0062  -000,14.576,0,0,0,0,0,0,0,1,0,0,1,0,0,N
Motor Vehicle,DAC,72294401,20181217,1756,1,NULL,DIXIE,N,AVE,US0031W,US0031W,047 US-31W-10,US0031W,N,37.73379,-85.88699,5,2018,O,047-US-0031W -000,19.892,0,0,0,1,0,0,1,0,0,0,0,0,0,Y
Motor Vehicle,DAC,72294402,20181223,2022,0,NULL,DIXIE,N,AVE,US0031W,US0031W,047 US-31W-10,US0031W,N,37.73117,-85.88568,8,2018,O,047-US-0031W -000,19.704,0,0,1,0,0,0,1,0,0,0,1,0,0,Y
Motor Vehicle,DAC,72294700,20181224,1337,1,NULL,DIXIE,N,AVE,US0031W,US0031W,047 US-31W-10,US0031W,N,37.73965,-85.88994,1,2018,O,047-US-0031W -000,20.334,0,0,0,1,0,0,0,1,0,0,0,0,0,Y
Motor Vehicle,Non DAC,72294811,20181224,1240,1,NULL,PATRIOT,NULL,PKWY,KY0361,KY0361,047 KY-361-10,KY0361,N,37.71723,-85.90344,1,2018,O,047-KY-0361  -000,1.823,0,0,0,0,0,0,0,1,0,0,1,0,0,Y
Motor Vehicle,DAC,72295275,20181225,1840,2,NULL,DIXIE,N,AVE,US0031W,US0031W,047 US-31W-10,US0031W,N,37.72893,-85.88453,5,2018,C,047-US-0031W -000,19.537,0,0,1,0,0,0,1,0,0,1,0,0,0,Y
Motor Vehicle,DAC,72295672,20181226,1206,3,NULL,DIXIE,N,AVE,US0031W,US0031W,047 US-31W,US0031W,N,37.73464,-85.88703,5,2018,O,047-US-0031W -000,19.974,0,0,1,0,0,0,1,0,0,0,0,0,0,Y
Motor Vehicle,Non DAC,72295737,20181227,1242,4,NULL,VETERANS,NULL,WAY,NULL,NULL,047 CS-1683,CS1683,N,37.72557,-85.89164,5,2018,O,047-CS-1683  -000,0.02,0,0,0,0,0,0,1,0,0,0,0,0,0,Y
Motor Vehicle,Non DAC,72295783,20181227,1146,4,NULL,DIXIE,N,AVE,US0031W,US0031W,047 US-31W-10,US0031W,N,37.74599,-85.89285,5,2018,C,047-US-0031W -000,20.79,0,0,0,0,0,0,0,1,0,0,0,0,0,Y
Motor Vehicle,DAC,72296306,20181223,1854,0,NULL,DIXIE,N,AVE,US0031W,US0031W,NULL,NULL,N,37.71499,-85.8774,5,2018,O,047-US-0031W -000,18.499,0,0,0,0,0,0,1,0,0,0,0,0,0,Y
Motor Vehicle,DAC,72296478,20181226,1818,3,NULL,RING,NULL,RD,KY3005,KY3005,047 KY-3005,KY3005,N,37.7302,-85.87731,1,2018,A,047-KY-3005  -000,6.943,0,0,0,0,0,0,0,1,0,1,1,0,0,Y
Motor Vehicle,DAC,72296556,20181228,1432,5,NULL,DIXIE,N,AVE,US0031W,US0031W,047 US-31W-10,US0031W,N,37.70924,-85.87458,1,2018,B,047-US-0031W -000,18.072,0,0,0,1,0,0,0,1,0,1,0,1,0,Y
Motor Vehicle,DAC,72296675,20181228,1801,5,NULL,DIXIE,N,AVE,US0031W,US0031W,047 US-31W-10,US0031W,N,37.73011,-85.88518,1,2018,O,047-US-0031W -000,19.626,0,0,1,0,0,0,1,0,0,0,0,0,0,Y
Motor Vehicle,DAC,72296676,20181228,1726,5,NULL,MULBERRY,N,ST,US0062,US0062,047 US-62-10,US0062,N,37.71396,-85.82916,8,2018,O,047-US-0062  -000,20.135,0,0,0,0,0,0,0,0,0,0,0,1,0,Y
Motor Vehicle,DAC,72296828,20181229,2018,6,NULL,DIXIE,N,AVE,US0031W,US0031W,047 US-31W-10,US0031W,N,37.71929,-85.87982,4,2018,O,047-US-0031W -000,18.826,0,0,1,0,0,0,1,1,0,0,1,0,0,Y
Motor Vehicle,DAC,72296829,20181228,2009,5,1008,MULBERRY,N,ST,US0062,US0062,047 US-62-10,US0062,N,37.70915,-85.83885,5,2018,O,047-US-0062  -000,19.529,0,0,0,0,0,0,1,0,0,0,0,0,0,Y
Motor Vehicle,DAC,72296855,20181222,1410,6,NULL,WALMART,NULL,LN,NULL,NULL,047 PR-1004,PR1004,N,37.72907,-85.88196,5,2018,O,047-PR-1004  -000,0.007,0,0,0,1,0,0,1,0,0,0,0,0,0,Y
Motor Vehicle,DAC,72296856,20181224,1303,1,NULL,DIXIE,N,AVE,US0031W,US0031W,047 US-31W-10,US0031W,N,37.73482,-85.88751,5,2018,O,047-US-0031W -000,20.004,0,0,0,0,0,0,0,0,0,1,0,0,0,Y
Motor Vehicle,DAC,72296913,20181229,1752,6,NULL,MILES,N,ST,KY0251,KY0251,NULL,NULL,N,37.71162,-85.8529,1,2018,O,047-KY-0251  -000,1.19,0,0,1,0,0,0,1,1,0,0,1,0,0,Y
Motor Vehicle,Non DAC,72297061,20181230,1615,0,NULL,PINE VALLEY,NULL,DR,NULL,NULL,047 CS-1533,CS1533,N,37.75073,-85.89474,1,2018,O,047-CS-1533  -000,0.001,0,0,0,0,0,0,1,1,0,0,1,0,0,Y
Motor Vehicle,DAC,72297250,20181221,1127,5,NULL,31W,NULL,BYP,US0031WB,US0031WB,047 US-31WB-10,US0031WB,N,37.70026,-85.88207,5,2018,O,047-US-0031WB-000,2.17,0,0,0,0,0,0,1,0,0,0,0,0,0,Y
Motor Vehicle,DAC,72297252,20181224,1338,1,NULL,DIXIE,N,AVE,US0031W,US0031W,047 US-31W,US0031W,N,37.70882,-85.874,1,2018,B,047-US-0031W -000,18.032,0,0,0,1,0,0,0,1,0,0,1,0,0,Y
Motor Vehicle,DAC,72297253,20181222,1703,6,1700,DIXIE,N,AVE,US0031W,US0031W,047 US-31W-10,US0031W,N,37.7318,-85.886,2,2018,O,047-US-0031W -000,19.751,0,0,0,0,0,0,0,0,0,0,0,0,0,Y
Motor Vehicle,Non DAC,72297254,20181230,1213,0,NULL,RING,NULL,RD,KY3005,KY3005,047 KY-3005,KY3005,N,37.7269,-85.88847,2,2018,O,047-KY-3005  -000,6.298,0,0,0,1,0,0,0,0,0,0,0,0,0,Y
Motor Vehicle,DAC,72297401,20181231,1228,1,NULL,MULBERRY,N,ST,US0062,US0062,047 US-62-10,US0062,N,37.71272,-85.83166,5,2018,C,047-US-0062  -000,19.961,0,0,0,0,0,0,1,0,0,0,0,0,0,Y
Motor Vehicle,DAC,72297418,20181231,1408,1,310,STATE,NULL,ST,NULL,NULL,047 CS-1506,CS1506,N,37.71368,-85.88389,8,2018,O,047-CS-1506  -000,0.154,0,0,0,1,0,0,1,0,0,0,0,0,0,Y
Motor Vehicle,DAC,72297450,20181231,215,1,NULL,MILES,N,ST,KY0251,KY0251,047 KY-251,KY0251,N,37.70555,-85.85553,9,2018,O,047-KY-0251  -000,0.762,0,0,0,0,0,0,1,1,0,0,1,0,0,Y
Motor Vehicle,DAC,72297552,20181231,1704,1,NULL,RING,NULL,RD,KY3005,KY3005,047 KY-3005,KY3005,N,37.72849,-85.88347,5,2018,O,047-KY-3005  -000,6.582,0,0,0,0,0,0,1,0,0,0,0,0,0,Y
Motor Vehicle,Non DAC,72297583,20190101,1316,2,NULL,PINE VALLEY                             ,NULL,DR   ,NULL,NULL,047 CS-1533    ,CS1533                                         ,N,37.75566,-85.88432,9,2019,O,047-CS-1533  -000,0.718,0,0,0,0,0,0,1,0,0,0,0,1,0,Y
Motor Vehicle,DAC,72297806,20181219,1600,3,NULL,RING,NULL,RD,KY3005,KY3005,047 KY-3005,KY3005,N,37.71816,-85.83962,1,2018,O,047-KY-3005  -000,9.936,0,0,0,0,0,0,1,0,0,0,0,0,0,Y
Motor Vehicle,DAC,72298087,20190102,1549,3,NULL,RING                                    ,NULL,RD   ,KY3005  ,KY3005  ,NULL,NULL,N,37.7111,-85.83979,8,2019,O,047-KY-3005  -000,10.429,0,0,0,0,0,0,1,1,0,0,0,1,0,Y
Motor Vehicle,DAC,72298104,20190102,1128,3,NULL,RING                                    ,NULL,RD   ,KY3005  ,KY3005  ,047 KY-3005    ,KY3005                                         ,N,37.7305,-85.87615,1,2019,O,047-KY-3005  -000,7.011,0,0,0,1,0,0,0,0,0,0,0,0,0,Y
Motor Vehicle,DAC,72298171,20190102,1544,3,NULL,DIECKS                                  ,NULL,DR   ,NULL,NULL,047 CS-1061    ,CS1061                                         ,N,37.70882,-85.874,5,2019,O,047-CS-1061  -000,0.001,0,0,0,1,0,0,1,0,0,0,0,0,0,Y
Motor Vehicle,DAC,72298523,20190103,1746,4,NULL,RING                                    ,NULL,RD   ,KY3005  ,KY3005  ,047 KY-3005-10 ,KY3005                                         ,N,37.72833,-85.88413,4,2019,O,047-KY-3005  -000,6.544,0,0,0,0,0,0,1,1,0,0,1,0,0,Y
Motor Vehicle,DAC,72298540,20180124,1539,3,NULL,STARLITE,NULL,DR,NULL,NULL,047 CS-1286,CS1286,N,37.73401,-85.88642,7,2018,O,047-CS-1286  -000,0.023,0,0,0,1,0,0,0,1,0,0,0,1,0,Y
Motor Vehicle,Non DAC,72298542,20181231,1626,1,NULL,TOWNE,NULL,DR,NULL,NULL,047 CS-1448,CS1448,N,37.73381,-85.88793,1,2018,O,047-CS-1448  -000,0.061,0,0,0,0,0,0,1,1,0,0,0,0,0,Y
Motor Vehicle,DAC,72298871,20190104,1115,5,NULL,DIXIE                                   ,W ,AVE  ,US0031W ,US0031W ,047 US-31W     ,US0031W                                        ,N,37.69721,-85.8643,5,2019,O,047-US-0031W -000,17.062,0,0,1,0,0,0,1,1,0,0,0,0,0,Y
Motor Vehicle,DAC,72298885,20190104,1543,5,NULL,DIXIE                                   ,N ,HWY  ,US0031W ,US0031W ,NULL,NULL,N,37.75819,-85.89816,8,2019,O,047-US-0031W -000,21.7,0,0,0,0,0,0,1,1,0,0,0,1,0,Y
Motor Vehicle,DAC,72299056,20190104,1518,5,NULL,DIXIE                                   ,N ,AVE  ,US0031W ,US0031W ,047 US-31W     ,US0031W                                        ,N,37.72703,-85.88338,5,2019,O,047-US-0031W -000,19.386,0,0,1,0,0,0,0,0,0,0,0,0,0,Y