Mode,Crash In Disadvantaged Community,MasterFile,CollisionDate,CollisionTime,CollisionDayWeekCode,RoadwayName_HouseBusinessNumber_,RoadwayName_RoadwayName_,RoadwayName_Direction_,RoadwayName_RoadwaySuffix_,RoadwayfromReport,CurrentRoadwayNumber,RSEUniqueGIS,RoadwayIdentifier,ParkingLotIndicator,Latitude,Longitude,MannerofCollisionCode,YR,KABCO,KTC_RT,KTC_MP,Motorcyclist,Commercial Vehicle,Young Driver,Mature Driver,Pedestrian,Bicyclist,Distracted,Aggressive,Impaired,Unrestrained,Intersection,Roadway Departure,Median Cross-over,In City Limits?
Motor Vehicle,DAC,72299057,20190104,1819,5,NULL,MULBERRY                                ,N ,ST   ,US0062  ,US0062  ,047 US-62-10   ,US0062                                         ,N,37.71311,-85.83092,5,2019,O,047-US-0062  -000,20.029,0,0,0,0,0,0,0,0,0,0,0,0,0,Y
Motor Vehicle,DAC,72299188,20190105,1008,6,NULL,LEE                                     ,NULL,RD   ,NULL,NULL,NULL,NULL,N,37.70854,-85.86295,1,2019,O,047-CS-1064  -000,0.173,0,0,0,0,0,0,1,1,0,0,1,0,0,Y
Motor Vehicle,DAC,72299261,20190105,1039,6,NULL,DIXIE                                   ,E ,AVE  ,US0031W ,US0031W ,047 US-31W     ,US0031W                                        ,N,37.6833,-85.85034,1,2019,B,047-US-0031W -000,15.769,0,0,0,1,0,0,0,1,0,0,1,0,0,Y
Motor Vehicle,DAC,72299262,20190105,1341,6,NULL,DIXIE                                   ,N ,AVE  ,US0031W ,US0031W ,047 US-31W-10  ,US0031W                                        ,N,37.73112,-85.88566,8,2019,O,047-US-0031W -000,19.7,0,0,0,0,0,0,0,1,0,0,0,1,0,Y
Motor Vehicle,DAC,72299293,20190104,1546,5,NULL,DIXIE                                   ,E ,AVE  ,US0031W ,US0031W ,047 US-31W     ,US0031W                                        ,N,37.67187,-85.84602,1,2019,O,047-US-0031W -000,14.942,0,0,0,0,0,0,0,1,0,0,1,0,0,Y
Motor Vehicle,DAC,72299294,20190104,1829,5,NULL,DIXIE                                   ,N ,AVE  ,US0031W ,US0031W ,047 US-31W-10  ,US0031W                                        ,N,37.71928,-85.87982,1,2019,O,047-US-0031W -000,18.812,0,0,0,1,0,0,0,1,1,0,1,0,0,Y
Motor Vehicle,DAC,72299427,20190104,1858,5,NULL,COMMERCE                                ,NULL,DR   ,NULL,NULL,047 CS-1108    ,CS1108                                         ,N,37.71098,-85.83332,8,2019,O,047-CS-1108  -000,0.044,0,0,0,0,0,0,1,0,0,0,0,1,0,Y
Motor Vehicle,DAC,72299494,20190105,840,6,NULL,DIXIE                                   ,W ,AVE  ,US0031W ,US0031W ,NULL,NULL,N,37.69394,-85.8596,5,2019,O,047-US-0031W -000,16.715,0,0,0,0,0,0,1,0,0,0,0,0,0,Y
Motor Vehicle,Non DAC,72299681,20190104,1810,5,NULL,RING                                    ,NULL,RD   ,KY3005  ,KY3005  ,047 KY-3005-10 ,KY3005                                         ,N,37.72626,-85.89002,5,2019,O,047-KY-3005  -000,6.204,0,0,1,0,0,0,1,1,0,0,0,0,0,Y
Motor Vehicle,DAC,72299682,20190104,1809,5,NULL,MULBERRY                                ,N ,ST   ,US0062  ,US0062  ,047 US-62-10   ,US0062                                         ,N,37.71311,-85.83096,5,2019,O,047-US-0062  -000,20.028,0,0,0,0,0,0,0,0,0,0,0,0,0,Y
Motor Vehicle,DAC,72299734,20190104,1527,5,NULL,RING                                    ,NULL,RD   ,KY3005  ,KY3005  ,047 KY-3005    ,KY3005                                         ,N,37.72928,-85.88085,4,2019,B,047-KY-3005  -000,6.737,0,0,0,0,0,0,0,1,0,0,1,0,0,Y
Motor Vehicle,DAC,72299880,20181230,1748,0,NULL,RING,NULL,RD,KY3005,KY3005,NULL,NULL,N,37.73375,-85.86331,5,2018,O,047-KY-3005  -000,7.761,0,0,0,1,0,0,1,0,0,0,0,0,0,Y
Motor Vehicle,Non DAC,72299882,20190103,2129,4,NULL,TOWNE                                   ,NULL,CTR  ,NULL,NULL,047 PR-1010    ,PR1010                                         ,N,37.72815,-85.88601,1,2019,O,047-PR-1010  -000,0.033,0,0,1,0,0,0,1,1,0,0,0,0,0,Y
Motor Vehicle,DAC,72300079,20190107,2022,1,NULL,RING                                    ,NULL,RD   ,KY3005  ,KY3005  ,047 KY-3005    ,KY3005                                         ,N,37.73216,-85.84435,1,2019,C,047-KY-3005  -000,8.829,0,0,0,1,0,0,1,1,0,0,1,0,0,Y
Motor Vehicle,DAC,72300183,20190108,734,2,NULL,MULBERRY                                ,N ,ST   ,US0062  ,US0062  ,047 US-62-10   ,US0062                                         ,N,37.70989,-85.83738,5,2019,O,047-US-0062  -000,19.619,0,0,0,0,0,0,1,0,0,0,0,0,0,Y
Motor Vehicle,DAC,72300268,20190107,1129,1,NULL,DIXIE                                   ,E ,AVE  ,US0031W ,US0031W ,047 US-31W     ,US0031W                                        ,N,37.69285,-85.85771,8,2019,O,047-US-0031W -000,16.588,0,0,0,0,0,0,0,0,0,0,0,1,0,Y
Motor Vehicle,DAC,72300269,20190107,1537,1,NULL,HODGENVILLE                             ,NULL,RD   ,KY0210  ,KY0210  ,047 KY-210     ,KY0210                                         ,N,37.67246,-85.84371,1,2019,O,047-KY-0210  -000,0.143,0,0,0,0,0,0,0,1,0,0,1,0,0,Y
Motor Vehicle,DAC,72300270,20190108,802,2,NULL,FREEMAN LAKE PARK                       ,NULL,RD   ,NULL,NULL,047 CS-1728    ,CS1728                                         ,N,37.7187,-85.87639,7,2019,O,047-CS-1728  -000,0.145,0,0,0,0,0,0,1,0,0,0,0,1,0,Y
Motor Vehicle,DAC,72300273,20181231,1003,1,NULL,RING,NULL,RD,KY3005,KY3005,047 KY-3005,KY3005,N,37.72833,-85.88393,5,2018,O,047-KY-3005  -000,6.554,0,0,0,0,0,0,1,0,0,0,0,0,0,Y
Motor Vehicle,Non DAC,72300274,20181231,1335,1,NULL,PATRIOT,NULL,PKWY,KY0361,KY0361,047 KY-361-10,KY0361,N,37.71735,-85.90372,5,2018,C,047-KY-0361  -000,1.84,0,0,0,0,0,0,0,0,0,0,0,0,0,Y
Motor Vehicle,DAC,72300525,20190107,1453,1,NULL,DIXIE                                   ,N ,AVE  ,US0031W ,US0031W ,047 US-31W     ,US0031W                                        ,N,37.71932,-85.87956,9,2019,O,047-US-0031W -000,18.817,0,0,0,0,0,0,1,0,0,0,1,0,0,Y
Motor Vehicle,Non DAC,72300600,20190107,1059,1,NULL,RING                                    ,NULL,RD   ,KY3005  ,KY3005  ,047 KY-3005-10 ,KY3005                                         ,N,37.72547,-85.89151,4,2019,O,047-KY-3005  -000,6.103,0,0,0,1,0,0,0,1,0,0,1,0,0,Y
Motor Vehicle,DAC,72300601,20190108,748,2,NULL,NICHOLAS ST CONN                        ,NULL,NULL,NULL,NULL,047 CS-1389-71 ,CS1389                                         ,N,37.68765,-85.86814,5,2019,O,047-CS-1389  -071,0.015,0,0,0,1,0,0,1,0,0,0,0,0,0,Y
Motor Vehicle,Non DAC,72300981,20190108,1926,2,NULL,PATRIOT                                 ,NULL,PKWY ,KY0361  ,KY0361  ,047 KY-361-10  ,KY0361                                         ,N,37.71733,-85.9036,5,2019,O,047-KY-0361  -000,1.834,0,0,0,0,0,0,1,0,0,0,0,0,0,Y
Motor Vehicle,Non DAC,72300994,20190109,1639,3,NULL,CHATSWORTH                              ,NULL,DR   ,NULL,NULL,NULL,NULL,N,37.75773,-85.88066,7,2019,O,047-CS-1536  -000,0.009,0,0,0,0,0,0,0,0,0,0,0,1,0,Y
Motor Vehicle,Non DAC,72301048,20190110,803,4,NULL,PATRIOT                                 ,NULL,PKWY ,KY0361  ,KY0361  ,047 KY-361-10  ,KY0361                                         ,N,37.71105,-85.88923,5,2019,O,047-KY-0361  -000,0.937,0,0,1,0,0,0,0,0,0,0,0,0,0,Y
Motor Vehicle,DAC,72301130,20190110,1317,4,NULL,DIXIE                                   ,E ,AVE  ,US0031W ,US0031W ,NULL,NULL,N,37.67604,-85.84619,4,2019,O,047-US-0031W -000,15.225,0,0,0,0,0,0,1,1,0,0,0,0,0,Y
Motor Vehicle,DAC,72301459,20190111,734,5,NULL,WK9001 E                                ,NULL,NULL,WK9001  ,WK9001  ,047 WK-9001    ,WK9001                                         ,N,37.66995,-85.84678,5,2019,O,047-WK-9001  -000,136.777,0,0,0,0,0,0,1,0,0,0,0,0,0,Y
Motor Vehicle,DAC,72303565,20190116,1031,3,NULL,WALMART                                 ,NULL,LN   ,NULL,NULL,047 PR-1004    ,PR1004                                         ,N,37.73225,-85.88433,1,2019,O,047-PR-1004  -000,0.282,0,0,0,0,0,0,1,0,0,0,0,0,0,Y
Motor Vehicle,DAC,72303637,20190115,1155,2,609,MONIN                                   ,NULL,RD   ,NULL,NULL,047 CS-1358    ,CS1358                                         ,N,37.71134,-85.86337,3,2019,O,047-CS-1358  -000,0.054,0,0,0,0,0,0,1,0,1,0,0,0,0,Y
Motor Vehicle,Non DAC,72304343,20190117,1803,4,NULL,RING                                    ,NULL,RD   ,KY3005  ,KY3005  ,047 KY-3005    ,KY3005                                         ,N,37.71849,-85.90235,8,2019,B,047-KY-3005  -000,5.34,0,0,0,0,0,0,1,0,0,0,0,1,0,Y
Motor Vehicle,DAC,72304383,20190112,2009,6,NULL,31W                                     ,NULL,BYP  ,US0031WB,US0031WB,047 US-31WB-10 ,US0031WB                                       ,N,37.70086,-85.88242,8,2019,O,047-US-0031WB-000,2.201,0,0,1,0,0,0,1,0,0,0,0,1,0,Y
Motor Vehicle,DAC,72304457,20190118,806,5,NULL,31W                                     ,NULL,BYP  ,US0031WB,US0031WB,047 US-31WB    ,US0031WB                                       ,N,37.69925,-85.88121,5,2019,B,047-US-0031WB-000,2.096,0,0,0,0,0,0,1,0,0,0,0,0,0,Y
Motor Vehicle,Non DAC,72304473,20190116,800,3,NULL,RING                                    ,NULL,RD   ,KY3005  ,KY3005  ,047 KY-3005    ,KY3005                                         ,N,37.67943,-85.91493,5,2019,O,047-KY-3005  -000,2.483,0,0,1,0,0,0,1,0,0,0,0,0,0,Y
Motor Vehicle,DAC,72304549,20190117,1557,4,NULL,WESTPORT                                ,NULL,RD   ,NULL,NULL,047 CS-1573    ,CS1573                                         ,N,37.71006,-85.88489,1,2019,O,047-CS-1573  -000,1.253,0,0,0,0,0,0,0,0,0,0,1,0,0,Y
Motor Vehicle,Non DAC,72304812,20190117,1415,4,NULL,DIXIE                                   ,N ,AVE  ,US0031W ,US0031W ,047 US-31W     ,US0031W                                        ,N,37.74567,-85.89242,5,2019,O,047-US-0031W -000,20.76,0,0,0,0,0,0,0,0,0,0,0,0,0,Y
Motor Vehicle,DAC,72304837,20190118,1701,5,NULL,RING                                    ,NULL,RD   ,KY3005  ,KY3005  ,NULL,NULL,N,37.73052,-85.84088,1,2019,O,047-KY-3005  -000,9.063,0,0,0,0,0,0,1,1,0,0,1,0,0,Y
Motor Vehicle,DAC,72304840,20190118,1543,5,NULL,DIXIE                                   ,N ,AVE  ,US0031W ,US0031W ,047 US-31W     ,US0031W                                        ,N,37.71729,-85.87853,8,2019,O,047-US-0031W -000,18.671,0,0,0,0,0,0,0,0,0,0,0,1,0,Y
Motor Vehicle,DAC,72304848,20190118,1812,5,NULL,RING                                    ,NULL,RD   ,KY3005  ,KY3005  ,047 KY-3005    ,KY3005                                         ,N,37.73283,-85.85273,8,2019,O,047-KY-3005  -000,8.359,0,0,0,0,0,0,0,0,0,0,0,1,0,Y
Motor Vehicle,DAC,72304960,20190119,1624,6,NULL,31W                                     ,NULL,BYP  ,US0031WB,US0031WB,047 US-31WB    ,US0031WB                                       ,N,37.70025,-85.88182,4,2019,O,047-US-0031WB-000,2.174,0,0,1,0,0,0,1,1,0,0,1,0,0,Y
Motor Vehicle,DAC,72305233,20190119,1410,6,NULL,RING                                    ,NULL,RD   ,KY3005  ,KY3005  ,047 KY-3005    ,KY3005                                         ,N,37.73204,-85.84354,8,2019,O,047-KY-3005  -000,8.875,0,0,0,0,0,0,0,1,0,0,0,1,0,Y
Motor Vehicle,DAC,72305294,20190120,1250,0,NULL,DIXIE                                   ,N ,AVE  ,US0031W ,US0031W ,047 US-31W     ,US0031W                                        ,N,37.73804,-85.88884,1,2019,O,047-US-0031W -000,20.22,0,0,0,0,0,0,0,1,0,0,1,0,0,Y
Motor Vehicle,DAC,72305452,20190119,1802,6,NULL,DIECKS                                  ,NULL,DR   ,NULL,NULL,047 CS-1061    ,CS1061                                         ,N,37.709,-85.86917,1,2019,O,047-CS-1061  -000,0.275,0,0,1,0,0,0,1,0,0,0,1,0,0,Y
Motor Vehicle,Non DAC,72305711,20190117,1811,4,NULL,PATRIOT                                 ,NULL,PKWY ,KY0361  ,KY0361  ,047 KY-361-10  ,KY0361                                         ,N,37.71131,-85.88956,8,2019,O,047-KY-0361  -000,0.961,0,0,1,0,0,0,1,0,0,0,0,1,0,Y
Motor Vehicle,DAC,72305712,20190118,1816,5,NULL,RING                                    ,NULL,RD   ,KY3005  ,KY3005  ,NULL,NULL,N,37.7318,-85.84232,5,2019,O,047-KY-3005  -000,8.942,0,0,0,0,0,0,1,0,0,0,0,0,0,Y
Motor Vehicle,DAC,72305985,20190122,803,2,NULL,PEAR ORCHARD                            ,NULL,RD   ,NULL,NULL,047 CS-1327    ,CS1327                                         ,N,37.72029,-85.85805,9,2019,O,047-CS-1327  -000,0.674,0,0,0,0,0,0,0,0,0,0,0,0,0,Y
Motor Vehicle,DAC,72306056,20190122,1135,2,NULL,MILES                                   ,N ,ST   ,KY0251  ,KY0251  ,047 KY-251     ,KY0251                                         ,N,37.69707,-85.86192,1,2019,O,047-KY-0251  -000,0.092,0,0,0,0,0,0,1,1,0,0,1,0,0,Y
Motor Vehicle,Non DAC,72306078,20190109,1703,3,NULL,31W                                     ,NULL,BYP  ,US0031WB,US0031WB,047 US-31WB-10 ,US0031WB                                       ,N,37.67603,-85.85957,5,2019,O,047-US-0031WB-000,0.016,0,0,0,0,0,0,1,0,0,0,0,0,0,Y
Motor Vehicle,DAC,72306079,20190110,1612,4,NULL,RING                                    ,NULL,RD   ,KY3005  ,KY3005  ,047 KY-3005    ,KY3005                                         ,N,37.73263,-85.85163,5,2019,O,047-KY-3005  -000,8.421,0,0,0,0,0,0,1,0,0,0,0,0,0,Y
Motor Vehicle,Non DAC,72306132,20190122,1313,2,NULL,DIXIE                                   ,N ,AVE  ,US0031W ,US0031W ,047 US-31W-10  ,US0031W                                        ,N,37.74574,-85.89271,5,2019,O,047-US-0031W -000,20.77,0,0,0,0,0,0,1,0,0,0,0,0,0,Y
Motor Vehicle,DAC,72306342,20190122,1600,2,NULL,DIXIE                                   ,N ,AVE  ,US0031W ,US0031W ,047 US-31W-10  ,US0031W                                        ,N,37.71944,-85.87981,5,2019,O,047-US-0031W -000,18.836,0,0,0,0,0,0,1,0,0,0,0,0,0,Y
Motor Vehicle,Non DAC,72306348,20190122,1635,2,NULL,ST JOHN                                 ,NULL,RD   ,KY1357  ,KY1357  ,047 KY-1357    ,KY1357                                         ,N,37.70002,-85.88232,5,2019,O,047-KY-1357  -000,16.287,0,0,0,0,0,0,1,0,0,0,0,0,0,Y
Motor Vehicle,Non DAC,72306663,20190121,1005,1,NULL,BUFORD                                  ,NULL,LN   ,NULL,NULL,047 CS-1206    ,CS1206                                         ,N,37.72458,-85.88879,5,2019,O,047-CS-1206  -000,0.162,0,0,0,0,0,0,0,1,0,0,0,0,0,Y
Motor Vehicle,DAC,72306664,20190121,1622,1,422,POPLAR                                  ,E ,ST   ,NULL,NULL,047 CS-1002    ,CS1002                                         ,N,37.69223,-85.85117,9,2019,O,047-CS-1002  -000,0.047,0,0,0,0,0,0,0,0,0,0,0,1,0,Y
Motor Vehicle,Non DAC,72306772,20190123,1824,3,NULL,DIXIE                                   ,N ,HWY  ,US0031W ,US0031W ,047 US-31W-10  ,US0031W                                        ,N,37.752,-85.89552,9,2019,B,047-US-0031W -000,21.244,0,0,0,1,0,0,0,0,0,0,0,1,0,Y
Motor Vehicle,Non DAC,72306839,20190123,2233,3,NULL,BLACK BRANCH                            ,N ,RD   ,NULL,NULL,047 CS-1551    ,CS1551                                         ,N,37.67744,-85.91811,9,2019,O,047-CS-1551  -000,0.915,0,0,0,0,0,0,0,0,0,0,0,1,0,Y
Motor Vehicle,DAC,72306844,20190123,1456,3,NULL,DIXIE                                   ,E ,AVE  ,US0031W ,US0031W ,NULL,NULL,N,37.67669,-85.84678,1,2019,O,047-US-0031W -000,15.291,0,0,0,0,0,0,1,1,0,0,1,0,0,Y
Motor Vehicle,DAC,72307367,20190124,1715,4,212,JENNIE                                  ,NULL,LN   ,NULL,NULL,047 CS-1497    ,CS1497                                         ,N,37.68097,-85.86032,1,2019,O,047-CS-1497  -000,0.171,0,0,0,0,0,0,0,0,0,0,0,0,0,Y
Motor Vehicle,DAC,72307415,20180917,833,1,NULL,MANTLE,N,AVE,NULL,NULL,047 CS-1025,CS1025,N,37.70846,-85.85831,9,2018,O,047-CS-1025  -000,0.731,0,0,0,0,0,0,0,0,0,0,0,1,0,Y
Motor Vehicle,DAC,72307416,20180917,936,1,NULL,MULBERRY,N,ST,US0062,US0062,047 US-62,US0062,N,37.69507,-85.85836,5,2018,O,047-US-0062  -000,18.066,0,0,1,0,0,0,1,0,0,0,0,0,0,Y
Motor Vehicle,Non DAC,72307418,20181024,826,3,NULL,PATRIOT,NULL,PKWY,KY0361,KY0361,047 KY-361-10,KY0361,N,37.71117,-85.88962,5,2018,O,047-KY-0361  -000,0.959,0,0,0,0,0,0,1,0,0,0,0,0,0,Y
Motor Vehicle,DAC,72307420,20181025,1230,4,NULL,US31W BYP S TURN LANE,NULL,NULL,US0031WB,US0031WB,047 US-31WB-22,US0031WB,N,37.7002,-85.88232,5,2018,O,047-US-0031WB-022,0.036,0,0,1,0,0,0,1,0,0,0,0,0,0,Y
Motor Vehicle,DAC,72307421,20181030,649,2,NULL,ST JOHN,NULL,RD,KY1357,KY1357,047 KY-1357,KY1357,N,37.70417,-85.87135,7,2018,C,047-KY-1357  -000,16.971,0,0,0,0,0,0,0,0,0,0,1,0,0,Y
Motor Vehicle,DAC,72307422,20181030,1429,2,NULL,MULBERRY,N,ST,US0062,US0062,047 US-62-10,US0062,N,37.71308,-85.83092,5,2018,O,047-US-0062  -000,20.029,0,0,1,0,0,0,1,0,0,0,0,0,0,Y
Motor Vehicle,Non DAC,72307423,20181030,1535,2,NULL,MULBERRY,S,ST,US0062,US0062,047 US-62-10,US0062,N,37.68114,-85.87717,1,2018,O,047-US-0062  -000,16.64,0,0,0,1,0,0,0,1,0,0,0,0,0,Y
Motor Vehicle,Non DAC,72307424,20181031,748,3,NULL,PATRIOT,NULL,PKWY,KY0361,KY0361,047 KY-361-10,KY0361,N,37.7177,-85.90423,5,2018,O,047-KY-0361  -000,1.877,0,0,1,0,0,0,1,0,0,0,0,0,0,Y
Motor Vehicle,DAC,72307425,20181031,818,3,NULL,DIXIE,W,AVE,US0031W,US0031W,047 US-31W,US0031W,N,37.69911,-85.86576,5,2018,O,047-US-0031W -000,17.215,0,0,0,0,0,0,1,0,0,0,0,0,0,Y
Motor Vehicle,Non DAC,72307426,20181123,1413,5,NULL,RING,NULL,RD,KY3005,KY3005,047 KY-3005-10,KY3005,N,37.72703,-85.88836,8,2018,O,047-KY-3005  -000,6.309,0,0,0,1,0,0,0,0,0,0,0,1,0,Y
Motor Vehicle,DAC,72307428,20181211,1421,2,NULL,DIXIE,N,AVE,US0031W,US0031W,047 US-31W-10,US0031W,N,37.73564,-85.8879,8,2018,O,047-US-0031W -000,20.087,0,0,0,1,0,0,0,1,0,0,0,1,0,Y
Motor Vehicle,DAC,72307429,20181220,847,4,NULL,DIXIE,E,AVE,US0031W,US0031W,047 US-31W,US0031W,N,37.69142,-85.85574,5,2018,C,047-US-0031W -000,16.439,0,0,0,0,0,0,1,0,0,0,0,0,0,Y
Motor Vehicle,DAC,72307430,20181226,1359,3,NULL,DIXIE,N,AVE,US0031W,US0031W,047 US-31W-10,US0031W,N,37.73267,-85.88643,5,2018,O,047-US-0031W -000,19.816,0,0,0,1,0,0,1,0,0,0,0,0,0,Y
Motor Vehicle,DAC,72307431,20181227,1325,4,NULL,RING,NULL,RD,KY3005,KY3005,047 KY-3005,KY3005,N,37.73092,-85.8748,1,2018,O,047-KY-3005  -000,7.091,0,0,0,0,0,0,0,1,0,0,1,0,0,Y
Motor Vehicle,Non DAC,72307602,20190125,916,5,NULL,PATRIOT                                 ,NULL,PKWY ,KY0361  ,KY0361  ,047 KY-361-10  ,KY0361                                         ,N,37.71718,-85.90338,1,2019,C,047-KY-0361  -000,1.82,0,0,0,0,0,0,1,1,0,0,1,0,0,Y
Motor Vehicle,DAC,72307835,20190125,750,5,NULL,US31W                                   ,S ,BYP  ,US0031WB,US0031WB,NULL,NULL,N,37.68783,-85.86878,5,2019,O,047-US-0031WB-131,0.212,0,0,0,0,0,0,1,0,0,0,0,0,0,Y
Motor Vehicle,DAC,72307845,20190125,752,5,NULL,DIXIE                                   ,N ,HWY  ,US0031W ,US0031W ,047 US-31W-10  ,US0031W                                        ,N,37.75801,-85.89835,5,2019,O,047-US-0031W -000,21.692,0,0,1,0,0,0,0,1,0,0,1,0,0,Y
Motor Vehicle,DAC,72307852,20190124,1250,4,NULL,RING                                    ,NULL,RD   ,KY3005  ,KY3005  ,047 KY-3005    ,KY3005                                         ,N,37.7284,-85.88375,5,2019,O,047-KY-3005  -000,6.565,0,0,0,0,0,0,1,0,0,0,0,0,0,Y
Motor Vehicle,DAC,72307980,20190126,1259,6,NULL,MILES                                   ,N ,ST   ,KY0251  ,KY0251  ,047 KY-251     ,KY0251                                         ,N,37.70553,-85.85548,1,2019,O,047-KY-0251  -000,0.765,0,0,1,0,0,0,1,1,0,0,1,0,0,Y
Motor Vehicle,DAC,72308073,20190125,1557,5,NULL,DIXIE                                   ,N ,AVE  ,US0031W ,US0031W ,047 US-31W     ,US0031W                                        ,N,37.74048,-85.89005,5,2019,B,047-US-0031W -000,20.379,0,0,1,0,0,0,1,0,0,0,0,0,0,Y
Motor Vehicle,DAC,72308100,20180104,2305,4,NULL,PUBLIC,NULL,SQ,US0031W,US0031W,047 US-31W,US0031W,N,37.69332,-85.85812,8,2018,O,047-US-0031W -000,16.633,0,0,1,0,0,0,1,0,0,0,0,1,0,Y
Motor Vehicle,DAC,72308105,20190126,1553,6,NULL,MULBERRY                                ,N ,ST   ,US0062  ,US0062  ,047 US-62      ,US0062                                         ,N,37.695,-85.85842,1,2019,O,047-US-0062  -000,18.06,0,0,0,1,0,0,1,0,0,0,1,0,0,Y
Motor Vehicle,DAC,72308705,20190123,1241,3,NULL,RING                                    ,NULL,RD   ,KY3005  ,KY3005  ,047 KY-3005    ,KY3005                                         ,N,37.73233,-85.84698,1,2019,O,047-KY-3005  -000,8.685,0,0,0,0,0,0,1,0,0,0,0,0,0,Y
Motor Vehicle,DAC,72308799,20190128,1828,1,NULL,DIXIE                                   ,N ,AVE  ,US0031W ,US0031W ,047 US-31W-10  ,US0031W                                        ,N,37.71279,-85.87645,1,2019,O,047-US-0031W -000,18.274,0,0,0,0,0,0,0,1,0,0,1,0,0,Y
Motor Vehicle,Non DAC,72308921,20190129,737,2,NULL,PATRIOT                                 ,NULL,PKWY ,KY0361  ,KY0361  ,047 KY-361-10  ,KY0361                                         ,N,37.72189,-85.91002,5,2019,O,047-KY-0361  -000,2.311,0,0,0,0,0,0,1,0,0,0,0,0,0,Y
Motor Vehicle,DAC,72309057,20190128,1306,1,NULL,MULBERRY                                ,N ,ST   ,US0062  ,US0062  ,047 US-62      ,US0062                                         ,N,37.71155,-85.83365,5,2019,O,047-US-0062  -000,19.849,0,0,0,0,0,0,0,0,0,0,0,0,0,Y
Motor Vehicle,DAC,72309602,20190129,1136,2,NULL,DIXIE                                   ,N ,AVE  ,US0031W ,US0031W ,047 US-31W-10  ,US0031W                                        ,N,37.72786,-85.88391,1,2019,O,047-US-0031W -000,19.452,0,0,0,1,0,0,1,0,0,0,0,0,0,Y
Motor Vehicle,Non DAC,72309618,20190130,1632,3,NULL,RING                                    ,NULL,RD   ,KY3005  ,KY3005  ,047 KY-3005-10 ,KY3005                                         ,N,37.72548,-85.89165,1,2019,C,047-KY-3005  -000,6.097,0,0,0,0,0,0,1,1,0,0,1,0,0,Y
Motor Vehicle,DAC,72309619,20190130,1857,3,NULL,DIXIE                                   ,N ,AVE  ,US0031W ,US0031W ,047 US-31W-10  ,US0031W                                        ,N,37.7283,-85.88426,5,2019,O,047-US-0031W -000,19.486,0,0,0,0,0,0,0,0,0,0,1,0,0,Y
Motor Vehicle,DAC,72310035,20190130,1144,3,NULL,MULBERRY                                ,N ,ST   ,US0062  ,US0062  ,047 US-62-10   ,US0062                                         ,N,37.71332,-85.83046,5,2019,O,047-US-0062  -000,20.054,0,0,0,1,0,0,1,0,0,0,0,0,0,Y
Motor Vehicle,Non DAC,72310329,20190112,1355,6,NULL,DIXIE                                   ,N ,HWY  ,US0031W ,US0031W ,047 US-31W-10  ,US0031W                                        ,N,37.75232,-85.89568,1,2019,O,047-US-0031W -000,21.268,0,0,0,0,0,0,1,1,0,0,0,1,0,Y
Motor Vehicle,DAC,72310330,20190124,822,4,NULL,31W                                     ,NULL,BYP  ,US0031WB,US0031WB,047 US-31WB    ,US0031WB                                       ,N,37.68526,-85.86291,8,2019,O,047-US-0031WB-000,0.686,0,0,0,0,0,0,1,0,0,0,0,1,0,Y
Motor Vehicle,DAC,72310331,20190127,1224,0,NULL,DIXIE                                   ,N ,AVE  ,US0031W ,US0031W ,047 US-31W     ,US0031W                                        ,N,37.73391,-85.88676,1,2019,O,047-US-0031W -000,19.896,0,0,0,0,0,0,1,1,0,0,0,0,0,Y
Motor Vehicle,DAC,72310445,20190201,1543,5,NULL,NULL,NULL,NULL,US0031WB,US0031WB,NULL,NULL,N,37.68791,-85.86875,5,2019,O,047-US-0031WB-131,0.206,0,0,0,0,0,0,1,1,0,0,0,0,0,Y
Motor Vehicle,Non DAC,72310553,20190131,2205,4,NULL,DIXIE                                   ,N ,AVE  ,US0031W ,US0031W ,047 US-31W     ,US0031W                                        ,N,37.74752,-85.89329,1,2019,C,047-US-0031W -000,20.903,0,0,0,0,0,0,1,0,0,0,1,0,0,Y
Motor Vehicle,Non DAC,72310584,20190120,1754,0,NULL,PATRIOT                                 ,NULL,PKWY ,KY0361  ,KY0361  ,047 KY-361-10  ,KY0361                                         ,N,37.71105,-85.88923,5,2019,O,047-KY-0361  -000,0.937,0,0,1,0,0,0,1,0,0,0,1,0,0,Y
Motor Vehicle,DAC,72310588,20190131,1718,4,NULL,DIXIE                                   ,N ,AVE  ,US0031W ,US0031W ,047 US-31W-10  ,US0031W                                        ,N,37.73435,-85.88727,5,2019,O,047-US-0031W -000,19.955,0,0,0,0,0,0,1,0,0,0,0,0,0,Y
Motor Vehicle,DAC,72310671,20190201,800,5,NULL,RING                                    ,NULL,RD   ,KY3005  ,KY3005  ,047 KY-3005    ,KY3005                                         ,N,37.7329,-85.8532,1,2019,C,047-KY-3005  -000,8.332,0,0,0,0,0,0,0,1,0,0,0,0,0,Y