Mode,Crash In Disadvantaged Community,MasterFile,CollisionDate,CollisionTime,CollisionDayWeekCode,RoadwayName_HouseBusinessNumber_,RoadwayName_RoadwayName_,RoadwayName_Direction_,RoadwayName_RoadwaySuffix_,RoadwayfromReport,CurrentRoadwayNumber,RSEUniqueGIS,RoadwayIdentifier,ParkingLotIndicator,Latitude,Longitude,MannerofCollisionCode,YR,KABCO,KTC_RT,KTC_MP,Motorcyclist,Commercial Vehicle,Young Driver,Mature Driver,Pedestrian,Bicyclist,Distracted,Aggressive,Impaired,Unrestrained,Intersection,Roadway Departure,Median Cross-over,In City Limits?
Motor Vehicle,Non DAC,72310776,20190201,802,5,NULL,RING                                    ,NULL,RD   ,KY3005  ,KY3005  ,047 KY-3005-10 ,KY3005                                         ,N,37.70091,-85.90828,9,2019,O,047-KY-3005  -000,4.035,0,0,0,0,0,0,0,0,0,0,0,1,0,Y
Motor Vehicle,Non DAC,72310778,20190201,1530,5,NULL,ST JOHN                                 ,NULL,RD   ,KY1357  ,KY1357  ,047 KY-1357    ,KY1357                                         ,N,37.69748,-85.88909,5,2019,O,047-KY-1357  -000,15.885,0,0,0,0,0,0,1,0,0,0,0,0,0,Y
Motor Vehicle,Non DAC,72311058,20190202,17,6,NULL,RING                                    ,NULL,RD   ,KY3005  ,KY3005  ,047 KY-3005-10 ,KY3005                                         ,N,37.71725,-85.90352,1,2019,O,047-KY-3005  -000,5.258,0,0,1,0,0,0,1,1,0,0,1,0,1,Y
Motor Vehicle,DAC,72311248,20190202,1250,6,1501,DIXIE                                   ,N ,AVE  ,US0031W ,US0031W ,047 US-31W     ,US0031W                                        ,N,37.72435,-85.882,1,2019,B,047-US-0031W -000,19.189,0,0,0,1,0,0,0,0,0,0,0,1,0,Y
Motor Vehicle,Non DAC,72311363,20190202,2050,6,1204,WESTERN                                 ,NULL,ST   ,NULL,NULL,047 CR-1234C   ,CR1234C                                        ,N,37.67852,-85.90228,2,2019,O,047-CR-1234C -000,0.065,0,0,0,1,0,0,1,0,0,0,0,0,0,Y
Motor Vehicle,DAC,72311654,20190204,1015,1,NULL,RING                                    ,NULL,RD   ,KY3005  ,KY3005  ,047 KY-3005    ,KY3005                                         ,N,37.72862,-85.88317,1,2019,O,047-KY-3005  -000,6.601,0,0,0,1,0,0,1,0,0,0,0,0,0,Y
Motor Vehicle,Non DAC,72311690,20190204,1013,1,NULL,MULBERRY                                ,S ,ST   ,US0062  ,US0062  ,047 US-62-10   ,US0062                                         ,N,37.67871,-85.88151,1,2019,O,047-US-0062  -000,16.337,0,0,0,1,0,0,0,1,0,0,1,0,0,Y
Motor Vehicle,Non DAC,72311703,20190204,1334,1,NULL,TOWNE                                   ,NULL,DR   ,NULL,NULL,047 CS-1448    ,CS1448                                         ,N,37.73047,-85.89388,5,2019,O,047-CS-1448  -000,0.474,0,0,1,1,0,0,1,0,0,0,0,0,0,Y
Motor Vehicle,DAC,72311942,20190201,1312,5,NULL,ST JOHN                                 ,NULL,RD   ,KY1357  ,KY1357  ,047 KY-1357-10 ,KY1357                                         ,N,37.70024,-85.88186,8,2019,O,047-KY-1357  -000,16.326,0,0,0,1,0,0,1,0,0,0,1,0,0,Y
Motor Vehicle,DAC,72311943,20190202,1240,6,NULL,MULBERRY                                ,N ,ST   ,US0062  ,US0062  ,047 US-62-10   ,US0062                                         ,N,37.71352,-85.82991,5,2019,O,047-US-0062  -000,20.087,0,0,0,0,0,0,1,0,0,0,0,0,0,Y
Motor Vehicle,Non DAC,72312211,20190205,1443,2,NULL,ST JOHN                                 ,NULL,RD   ,KY1357  ,KY1357  ,NULL,NULL,N,37.6999,-85.88264,5,2019,O,047-KY-1357  -000,16.279,0,0,0,0,0,0,1,1,0,0,0,0,0,Y
Motor Vehicle,DAC,72312441,20190206,928,3,NULL,WINCHESTER                              ,NULL,BLVD ,NULL,NULL,047 CS-1584    ,CS1584                                         ,N,37.71919,-85.84885,2,2019,O,047-CS-1584  -000,0.072,0,0,0,0,0,0,1,0,0,0,0,0,0,Y
Motor Vehicle,DAC,72313021,20190207,751,4,NULL,ST JOHN                                 ,NULL,RD   ,KY1357  ,KY1357  ,047 KY-1357    ,KY1357                                         ,N,37.70247,-85.87677,1,2019,O,047-KY-1357  -000,16.641,0,0,1,0,0,0,0,0,0,0,1,0,0,Y
Motor Vehicle,DAC,72313233,20190128,1612,1,NULL,WALMART                                 ,NULL,DR   ,NULL,NULL,NULL,NULL,N,37.73145,-85.88503,5,2019,O,047-CS-1558  -000,0.053,0,0,0,0,0,0,1,1,0,0,0,0,0,Y
Motor Vehicle,DAC,72313237,20190207,1921,4,NULL,DIXIE                                   ,N ,AVE  ,US0031W ,US0031W ,047 US-31W-10  ,US0031W                                        ,N,37.73721,-85.88867,8,2019,O,047-US-0031W -000,20.183,0,0,0,0,0,0,1,0,0,0,0,1,0,Y
Motor Vehicle,Non DAC,72313343,20190208,822,5,NULL,RING                                    ,NULL,RD   ,KY3005  ,KY3005  ,047 KY-3005-10 ,KY3005                                         ,N,37.72702,-85.88838,1,2019,O,047-KY-3005  -000,6.309,0,0,0,0,0,0,0,0,0,1,1,0,0,Y
Motor Vehicle,DAC,72313423,20190208,730,5,NULL,COLLEGE                                 ,NULL,ST   ,NULL,NULL,047 CS-1730    ,CS1730                                         ,N,37.69165,-85.86197,9,2019,O,047-CS-1730  -000,0.579,0,0,0,0,0,0,1,0,0,0,0,1,0,Y
Motor Vehicle,DAC,72313433,20190129,1551,2,648,DIXIE                                   ,E ,AVE  ,US0031W ,US0031W ,047 US-31W     ,US0031W                                        ,N,37.68182,-85.84949,1,2019,O,047-US-0031W -000,15.66,0,0,0,0,0,0,0,0,0,0,0,0,0,Y
Motor Vehicle,DAC,72313434,20190203,1230,0,NULL,RING                                    ,NULL,RD   ,KY3005  ,KY3005  ,047 KY-3005    ,KY3005                                         ,N,37.72861,-85.88313,1,2019,O,047-KY-3005  -000,6.602,0,0,0,0,0,0,0,1,0,0,0,0,0,Y
Motor Vehicle,Non DAC,72313440,20190201,708,5,NULL,RING                                    ,NULL,RD   ,KY3005  ,KY3005  ,047 KY-3005-10 ,KY3005                                         ,N,37.70834,-85.90797,9,2019,O,047-KY-3005  -000,4.55,0,0,0,0,0,0,0,0,0,0,0,1,0,Y
Motor Vehicle,DAC,72313510,20190131,1335,4,NULL,BANKVIEW                                ,NULL,DR   ,NULL,NULL,047 CS-1148    ,CS1148                                         ,N,37.71788,-85.87911,4,2019,O,047-CS-1148  -000,0.014,0,0,0,0,0,0,1,0,0,0,1,0,0,Y
Motor Vehicle,DAC,72314105,20190206,910,3,207,MULBERRY                                ,S ,ST   ,US0062  ,US0062  ,047 US-62      ,US0062                                         ,N,37.69224,-85.86091,1,2019,O,047-US-0062  -000,17.822,0,0,1,0,0,0,1,1,0,0,0,0,0,Y
Motor Vehicle,Non DAC,72314245,20190208,1652,5,NULL,LINCOLN                                 ,NULL,PKWY ,KY0061  ,KY0061  ,NULL,NULL,N,37.66986,-85.84594,8,2019,O,047-KY-0061  -000,5.28,0,0,1,0,0,0,1,0,0,0,0,1,0,Y
Motor Vehicle,DAC,72314313,20190209,1624,6,NULL,MULBERRY                                ,N ,ST   ,US0062  ,US0062  ,047 US-62      ,US0062                                         ,N,37.70641,-85.84321,5,2019,O,047-US-0062  -000,19.222,0,0,0,1,0,0,0,1,0,0,0,0,0,Y
Motor Vehicle,DAC,72314630,20190211,847,1,NULL,MAIN                                    ,N ,ST   ,NULL,NULL,047 CS-1320    ,CS1320                                         ,N,37.69572,-85.85555,9,2019,O,047-CS-1320  -000,0.213,0,0,0,0,0,0,0,0,1,0,0,0,0,Y
Motor Vehicle,Non DAC,72314783,20190126,2213,6,NULL,NEW GLENDALE                            ,NULL,RD   ,KY1136  ,KY1136  ,047 KY-1136    ,KY1136                                         ,N,37.67472,-85.86021,9,2019,O,047-KY-1136  -000,9.831,0,0,0,0,0,0,1,0,0,0,0,1,0,Y
Motor Vehicle,DAC,72315082,20190212,1315,2,NULL,NEW GLENDALE                            ,NULL,RD   ,KY1136  ,KY1136  ,047 KY-1136    ,KY1136                                         ,N,37.68159,-85.85503,9,2019,O,047-KY-1136  -000,10.373,0,0,0,0,0,0,0,0,0,0,0,1,0,Y
Motor Vehicle,DAC,72315191,20190212,1410,2,NULL,RING                                    ,NULL,RD   ,KY3005  ,KY3005  ,047 KY-3005    ,KY3005                                         ,N,37.73341,-85.86393,5,2019,O,047-KY-3005  -000,7.722,0,0,1,0,0,0,1,0,0,0,0,0,0,Y
Motor Vehicle,DAC,72315331,20190211,1755,1,NULL,MILES                                   ,N ,ST   ,KY0251  ,KY0251  ,047 KY-251     ,KY0251                                         ,N,37.69708,-85.86192,1,2019,O,047-KY-0251  -000,0.091,0,0,1,1,0,0,1,1,0,0,1,0,0,Y
Motor Vehicle,Non DAC,72315405,20190212,1542,2,NULL,HUTCHERSON                              ,NULL,LN   ,KY2802  ,KY2802  ,047 KY-2802    ,KY2802                                         ,N,37.73323,-85.91006,7,2019,O,047-KY-2802  -000,0.854,0,0,1,0,0,0,0,0,0,0,1,0,0,Y
Motor Vehicle,DAC,72315459,20190206,728,3,NULL,RING                                    ,NULL,RD   ,KY3005  ,KY3005  ,047 KY-3005    ,KY3005                                         ,N,37.73381,-85.86189,1,2019,A,047-KY-3005  -000,7.838,0,0,0,0,0,0,0,0,0,0,1,0,0,Y
Motor Vehicle,Non DAC,72315483,20190213,701,3,NULL,MULBERRY                                ,N ,ST   ,US0062  ,US0062  ,047 US-62-10   ,US0062                                         ,N,37.71457,-85.82793,5,2019,O,047-US-0062  -000,20.211,0,0,0,0,0,0,1,0,0,0,0,0,0,Y
Motor Vehicle,DAC,72315973,20190213,2210,3,NULL,MILES                                   ,N ,ST   ,KY0251  ,KY0251  ,047 KY-251     ,KY0251                                         ,N,37.69601,-85.86288,8,2019,O,047-KY-0251  -000,0.009,0,0,0,0,0,0,1,0,0,0,0,1,0,Y
Motor Vehicle,DAC,72316123,20190214,1725,4,NULL,DIXIE                                   ,E ,AVE  ,US0031W ,US0031W ,047 US-31W     ,US0031W                                        ,N,37.68983,-85.85469,5,2019,O,047-US-0031W -000,16.315,0,0,1,0,0,0,1,0,0,0,1,0,0,Y
Motor Vehicle,Non DAC,72316178,20190209,2227,6,NULL,PATRIOT                                 ,NULL,PKWY ,KY0361  ,KY0361  ,047 KY-361-10  ,KY0361                                         ,N,37.71726,-85.90351,1,2019,O,047-KY-0361  -000,1.827,0,0,0,0,0,0,1,1,0,0,1,0,0,Y
Motor Vehicle,DAC,72316179,20190214,1548,4,NULL,PEAR VALLEY                             ,NULL,DR   ,NULL,NULL,NULL,NULL,N,37.74388,-85.88765,1,2019,O,047-CS-1312  -000,0.003,0,0,1,0,0,0,1,0,0,0,0,0,0,Y
Motor Vehicle,DAC,72316285,20190214,752,4,NULL,MULBERRY                                ,S ,ST   ,US0062  ,US0062  ,047 US-62-10   ,US0062                                         ,N,37.68794,-85.86841,1,2019,O,047-US-0062  -000,17.318,0,1,0,0,0,0,0,1,0,0,1,0,0,Y
Motor Vehicle,DAC,72316580,20190215,1800,5,NULL,31W                                     ,NULL,BYP  ,US0031WB,US0031WB,047 US-31WB-10 ,US0031WB                                       ,N,37.69384,-85.87472,5,2019,O,047-US-0031WB-000,1.565,0,0,0,1,0,0,1,0,0,0,0,0,0,Y
Motor Vehicle,DAC,72316952,20190210,1831,0,NULL,PEAR ORCHARD                            ,NULL,RD   ,NULL,NULL,047 CS-1327    ,CS1327                                         ,N,37.73368,-85.86193,2,2019,O,047-CS-1327  -000,1.632,0,0,0,0,0,0,0,0,0,0,0,0,0,Y
Motor Vehicle,Non DAC,72316954,20190216,1528,6,NULL,ROBINBROOKE                             ,NULL,BLVD ,NULL,NULL,NULL,NULL,N,37.72209,-85.90974,5,2019,O,047-CS-1411  -000,1.175,0,0,0,0,0,0,1,0,0,0,0,0,0,Y
Motor Vehicle,DAC,72317093,20190210,847,0,NULL,31W                                     ,NULL,BYP  ,US0031WB,US0031WB,047 US-31WB    ,US0031WB                                       ,N,37.68884,-85.86676,9,2019,O,047-US-0031WB-000,1.014,0,0,1,0,0,0,0,0,0,0,0,1,0,Y
Motor Vehicle,DAC,72317094,20190215,629,5,NULL,MULBERRY                                ,N ,ST   ,US0062  ,US0062  ,047 US-62      ,US0062                                         ,N,37.7129,-85.83096,1,2019,O,047-US-0062  -000,20.024,0,0,0,0,0,0,0,0,0,0,0,0,0,Y
Motor Vehicle,DAC,72317095,20190215,1347,5,NULL,DIXIE                                   ,N ,AVE  ,US0031W ,US0031W ,047 US-31W-10  ,US0031W                                        ,N,37.72723,-85.88374,1,2019,O,047-US-0031W -000,19.404,0,0,0,0,0,0,1,0,0,0,0,0,0,Y
Motor Vehicle,DAC,72317203,20190216,1140,6,NULL,DIXIE                                   ,E ,AVE  ,US0031W ,US0031W ,047 US-31W     ,US0031W                                        ,N,37.68362,-85.85051,5,2019,O,047-US-0031W -000,15.794,0,0,0,1,0,0,1,0,0,0,0,0,0,Y
Motor Vehicle,DAC,72317597,20190218,1555,1,NULL,31W                                     ,NULL,BYP  ,US0031WB,US0031WB,047 US-31WB-10 ,US0031WB                                       ,N,37.7003,-85.88208,8,2019,O,047-US-0031WB-000,2.177,0,0,0,0,0,0,1,0,0,0,0,1,0,Y
Motor Vehicle,DAC,72317794,20190219,1351,2,NULL,DIECKS                                  ,NULL,DR   ,NULL,NULL,NULL,NULL,N,37.70892,-85.8739,5,2019,O,047-CS-1061  -000,0.009,0,0,0,1,0,0,1,1,0,0,0,0,0,Y
Motor Vehicle,DAC,72317988,20190218,1744,1,NULL,MULBERRY                                ,N ,ST   ,US0062  ,US0062  ,047 US-62      ,US0062                                         ,N,37.7013,-85.85214,5,2019,O,047-US-0062  -000,18.62,0,0,1,0,0,0,1,0,0,0,1,0,0,Y
Motor Vehicle,DAC,72318098,20190219,928,2,NULL,DIXIE                                   ,N ,AVE  ,US0031W ,US0031W ,047 US-31W     ,US0031W                                        ,N,37.71976,-85.87972,8,2019,O,047-US-0031W -000,18.851,0,0,0,1,0,0,0,0,0,0,0,1,0,Y
Motor Vehicle,DAC,72318141,20190220,958,3,NULL,MULBERRY                                ,N ,ST   ,US0062  ,US0062  ,047 US-62      ,US0062                                         ,N,37.70783,-85.84084,5,2019,O,047-US-0062  -000,19.383,0,0,0,1,0,0,1,1,0,0,0,0,0,Y
Motor Vehicle,Non DAC,72318157,20190220,1040,3,NULL,RING                                    ,NULL,RD   ,KY3005  ,KY3005  ,047 KY-3005    ,KY3005                                         ,N,37.71751,-85.90321,5,2019,O,047-KY-3005  -000,5.259,0,0,0,0,0,0,0,0,0,0,0,0,0,Y
Motor Vehicle,DAC,72318217,20190219,1859,2,NULL,DIXIE                                   ,N ,AVE  ,US0031W ,US0031W ,047 US-31W-10  ,US0031W                                        ,N,37.70734,-85.87323,1,2019,O,047-US-0031W -000,17.897,0,0,0,0,0,0,0,1,0,0,1,0,0,Y
Motor Vehicle,Non DAC,72318339,20190219,1933,2,NULL,RING                                    ,NULL,RD   ,KY3005  ,KY3005  ,047 KY-3005    ,KY3005                                         ,N,37.67924,-85.91488,1,2019,O,047-KY-3005  -000,2.47,0,0,1,0,0,0,1,0,0,0,1,0,0,Y
Motor Vehicle,Non DAC,72318657,20190221,1233,4,NULL,NULL,NULL,NULL,US0031WB,US0031WB,NULL,NULL,N,37.68826,-85.86902,5,2019,O,047-US-0031WB-134,0.041,0,0,0,0,0,0,1,0,0,0,0,0,0,Y
Motor Vehicle,Non DAC,72319643,20190222,724,5,NULL,KY1600                                  ,NULL,NULL,KY1600  ,KY1600  ,047 KY-1600    ,KY1600                                         ,N,37.72756,-85.91686,5,2019,O,047-KY-1600  -000,0.008,0,0,0,0,0,0,0,0,0,0,0,0,0,Y
Motor Vehicle,DAC,72319754,20190214,1836,4,NULL,RING                                    ,NULL,RD   ,KY3005  ,KY3005  ,047 KY-3005    ,KY3005                                         ,N,37.72968,-85.87932,5,2019,O,047-KY-3005  -000,6.826,0,0,0,0,0,0,0,1,0,0,0,0,0,Y
Motor Vehicle,DAC,72319755,20190214,1321,4,NULL,MULBERRY                                ,N ,ST   ,US0062  ,US0062  ,047 US-62      ,US0062                                         ,N,37.70789,-85.84073,1,2019,O,047-US-0062  -000,19.39,0,0,0,1,0,0,0,1,0,0,1,0,0,Y
Motor Vehicle,DAC,72319756,20190217,1504,0,NULL,RING                                    ,NULL,RD   ,KY3005  ,KY3005  ,047 KY-3005    ,KY3005                                         ,N,37.70941,-85.83861,5,2019,O,047-KY-3005  -000,10.561,0,0,0,0,0,0,1,0,0,0,0,0,0,Y
Motor Vehicle,DAC,72319757,20190222,1704,5,NULL,MAIN                                    ,N ,ST   ,NULL,NULL,047 CS-1320    ,CS1320                                         ,N,37.70246,-85.84564,9,2019,O,047-CS-1320  -000,0.911,0,0,0,0,0,0,0,0,0,0,0,1,0,Y
Motor Vehicle,Non DAC,72319758,20190224,1330,0,NULL,LEITCHFIELD                             ,NULL,RD   ,US0062  ,US0062  ,047 US-62      ,US0062                                         ,N,37.67124,-85.9127,5,2019,O,047-US-0062  -000,14.524,0,0,0,1,0,0,0,0,0,0,0,0,0,N
Motor Vehicle,Non DAC,72319853,20190223,1844,6,NULL,RING                                    ,NULL,RD   ,KY3005  ,KY3005  ,047 KY-3005-10 ,KY3005                                         ,N,37.69577,-85.91052,1,2019,O,047-KY-3005  -000,3.653,0,0,1,0,0,0,0,1,0,0,1,0,0,Y
Motor Vehicle,DAC,72319885,20190222,1925,5,NULL,TOWNE                                   ,NULL,DR   ,NULL,NULL,047 CS-1448    ,CS1448                                         ,N,37.73408,-85.88708,8,2019,O,047-CS-1448  -000,0.011,0,0,0,0,0,0,0,0,0,0,0,1,0,Y
Motor Vehicle,DAC,72319898,20190224,1124,0,NULL,RING                                    ,NULL,RD   ,KY3005  ,KY3005  ,047 KY-3005    ,KY3005                                         ,N,37.73053,-85.84086,1,2019,O,047-KY-3005  -000,9.061,0,0,0,0,0,0,1,0,0,0,1,0,0,Y
Motor Vehicle,Non DAC,72319940,20190222,2031,5,NULL,ROBINBROOKE                             ,NULL,BLVD ,NULL,NULL,047 CS-1411-10 ,CS1411                                         ,N,37.73054,-85.90111,9,2019,O,047-CS-1411  -000,0.37,0,0,0,0,0,0,0,0,1,0,0,1,0,Y
Motor Vehicle,Non DAC,72319970,20190224,1956,0,NULL,TOWNE                                   ,NULL,CTR  ,NULL,NULL,047 PR-1010    ,PR1010                                         ,N,37.72972,-85.8862,1,2019,O,047-PR-1010  -000,0.142,0,0,1,0,0,0,1,1,0,0,0,0,0,Y
Motor Vehicle,DAC,72320117,20190211,746,1,NULL,MILES                                   ,N ,ST   ,KY0251  ,KY0251  ,047 KY-251     ,KY0251                                         ,N,37.70791,-85.85446,5,2019,C,047-KY-0251  -000,0.928,0,0,0,0,0,0,1,0,0,0,0,0,0,Y
Motor Vehicle,DAC,72320123,20190225,1345,1,NULL,DIXIE                                   ,N ,AVE  ,US0031W ,US0031W ,047 US-31W-10  ,US0031W                                        ,N,37.73353,-85.88689,5,2019,O,047-US-0031W -000,19.875,0,0,0,0,0,0,0,0,0,0,0,0,0,Y
Motor Vehicle,DAC,72320167,20190225,1237,1,NULL,DIXIE                                   ,N ,AVE  ,US0031W ,US0031W ,047 US-31W     ,US0031W                                        ,N,37.73123,-85.88548,5,2019,O,047-US-0031W -000,19.706,0,0,0,0,0,0,1,0,0,0,1,0,0,Y
Motor Vehicle,Non DAC,72320171,20190206,945,3,801,NEW GLENDALE                            ,NULL,RD   ,KY1136  ,KY1136  ,047 KY-1136    ,KY1136                                         ,N,37.67055,-85.8615,9,2019,O,047-KY-1136  -000,9.536,0,0,1,0,0,0,1,0,0,0,0,1,0,Y
Motor Vehicle,Non DAC,72320173,20190213,1435,3,NULL,PATRIOT                                 ,NULL,PKWY ,KY0361  ,KY0361  ,047 KY-361     ,KY0361                                         ,N,37.72032,-85.90768,5,2019,O,047-KY-0361  -000,2.139,0,0,1,0,0,0,1,0,0,0,0,0,0,Y
Motor Vehicle,Non DAC,72320174,20190213,550,3,NULL,SPORTSMAN LAKE                          ,NULL,RD   ,NULL,NULL,047 CS-1520    ,CS1520                                         ,N,37.66534,-85.83995,9,2019,O,047-CS-1520  -000,0.726,0,0,0,0,0,0,0,0,0,0,1,0,0,Y
Motor Vehicle,DAC,72320175,20190218,825,1,NULL,DIXIE                                   ,W ,AVE  ,US0031W ,US0031W ,047 US-31W     ,US0031W                                        ,N,37.69399,-85.85966,2,2019,O,047-US-0031W -000,16.72,0,1,0,0,0,0,0,0,0,0,0,0,0,Y
Motor Vehicle,DAC,72320176,20190219,803,2,NULL,DIXIE                                   ,W ,AVE  ,US0031W ,US0031W ,047 US-31W     ,US0031W                                        ,N,37.69387,-85.85944,1,2019,O,047-US-0031W -000,16.702,0,0,0,1,0,0,0,1,0,0,1,0,0,Y
Motor Vehicle,DAC,72320197,20190225,1031,1,NULL,DIXIE                                   ,N ,AVE  ,US0031W ,US0031W ,NULL,NULL,N,37.72321,-85.88177,1,2019,O,047-US-0031W -000,19.111,0,0,0,0,0,0,1,1,0,0,0,0,0,Y
Motor Vehicle,Non DAC,72320281,20190224,2127,0,NULL,MONICA                                  ,NULL,DR   ,NULL,NULL,047 CR-1010E   ,CR1010E                                        ,N,37.72571,-85.91382,7,2019,O,047-CR-1010E -000,0.011,0,0,1,0,0,0,0,0,0,0,0,1,0,Y
Motor Vehicle,DAC,72320399,20190225,909,1,NULL,LAYMAN                                  ,NULL,LN   ,NULL,NULL,047 CS-1180    ,CS1180                                         ,N,37.71267,-85.87681,1,2019,O,047-CS-1180  -000,0.028,0,0,0,1,0,0,0,0,0,0,0,0,0,Y
Motor Vehicle,DAC,72320871,20190225,1854,1,NULL,COLLEGE                                 ,NULL,ST   ,NULL,NULL,047 CS-1730    ,CS1730                                         ,N,37.69135,-85.86142,9,2019,B,047-CS-1730  -000,0.615,0,0,0,0,0,0,0,0,1,0,0,1,0,Y
Motor Vehicle,Non DAC,72320962,20190227,1507,3,NULL,RING                                    ,NULL,RD   ,KY3005  ,KY3005  ,NULL,NULL,N,37.72535,-85.89147,5,2019,O,047-KY-3005  -000,6.102,0,0,0,0,0,0,1,1,0,0,0,0,0,Y
Motor Vehicle,DAC,72320964,20190220,1832,3,NULL,31W                                     ,NULL,BYP  ,US0031WB,US0031WB,047 US-31WB-10 ,US0031WB                                       ,N,37.68507,-85.86297,8,2019,O,047-US-0031WB-000,0.665,0,0,0,0,0,0,1,0,0,0,0,1,0,Y
Motor Vehicle,Non DAC,72321151,20190227,1938,3,626,HARVARD                                 ,NULL,DR   ,NULL,NULL,047 CS-1233    ,CS1233                                         ,N,37.70032,-85.89126,9,2019,O,047-CS-1233  -000,0.283,0,0,0,0,0,0,0,0,1,0,0,1,0,Y
Motor Vehicle,DAC,72321157,20190227,1549,3,NULL,31W                                     ,NULL,BYP  ,US0031WB,US0031WB,047 US-31WB    ,US0031WB                                       ,N,37.69161,-85.87113,5,2019,O,047-US-0031WB-000,1.322,0,0,1,1,0,0,1,0,0,0,0,0,0,Y
Motor Vehicle,DAC,72321162,20190227,1541,3,NULL,31W                                     ,NULL,BYP  ,US0031WB,US0031WB,NULL,NULL,N,37.69204,-85.87217,5,2019,O,047-US-0031WB-000,1.324,0,0,0,0,0,0,1,0,0,0,0,0,0,Y
Motor Vehicle,DAC,72321182,20190219,2013,2,NULL,MANTLE                                  ,S ,AVE  ,NULL,NULL,047 CS-1120    ,CS1120                                         ,N,37.70039,-85.86825,7,2019,O,047-CS-1120  -000,0.049,0,0,0,0,0,0,0,0,0,0,1,0,0,Y
Motor Vehicle,DAC,72321576,20190228,1905,4,NULL,DIXIE                                   ,W ,AVE  ,US0031W ,US0031W ,047 US-31W     ,US0031W                                        ,N,37.70321,-85.87016,1,2019,O,047-US-0031W -000,17.586,0,0,1,1,0,0,0,1,0,0,0,0,0,Y
Motor Vehicle,DAC,72322424,20190301,1345,5,NULL,DIXIE                                   ,N ,AVE  ,US0031W ,US0031W ,047 US-31W-10  ,US0031W                                        ,N,37.72455,-85.88247,1,2019,O,047-US-0031W -000,19.211,0,0,0,0,0,0,1,0,0,1,0,0,0,Y
Motor Vehicle,DAC,72322425,20190301,1436,5,NULL,RING                                    ,NULL,RD   ,KY3005  ,KY3005  ,047 KY-3005    ,KY3005                                         ,N,37.72271,-85.83937,1,2019,O,047-KY-3005  -000,9.622,0,0,0,1,0,0,1,0,0,0,0,0,0,Y
Motor Vehicle,DAC,72322771,20190303,2127,0,1504,DIXIE                                   ,N ,AVE  ,US0031W ,US0031W ,047 US-31W-10  ,US0031W                                        ,N,37.7273,-85.88375,5,2019,O,047-US-0031W -000,19.401,0,0,0,0,0,0,0,0,0,0,0,0,0,Y
Motor Vehicle,Non DAC,72323357,20190305,1452,2,NULL,COLLEGE ST RD                           ,NULL,NULL,NULL,NULL,047 CS-1124    ,CS1124                                         ,N,37.6899,-85.88147,1,2019,O,047-CS-1124  -000,0.852,0,0,1,0,0,0,0,1,0,0,1,0,0,Y
Motor Vehicle,DAC,72325165,20190308,1550,5,NULL,MULBERRY                                ,S ,ST   ,US0062  ,US0062  ,NULL,NULL,N,37.68778,-85.86833,1,2019,C,047-US-0062  -000,17.312,0,0,1,0,0,0,1,1,0,0,1,0,0,Y
Motor Vehicle,DAC,72325166,20190309,1810,6,NULL,DIXIE                                   ,E ,AVE  ,US0031W ,US0031W ,NULL,NULL,N,37.67626,-85.84631,5,2019,O,047-US-0031W -000,15.242,0,0,1,0,0,0,1,0,0,0,0,0,0,Y
Motor Vehicle,Non DAC,72325211,20190309,2036,6,NULL,BLACK BRANCH                            ,N ,RD   ,NULL,NULL,047 CS-1551    ,CS1551                                         ,N,37.67556,-85.90489,9,2019,O,047-CS-1551  -000,0.079,0,0,0,0,0,0,1,0,1,0,0,1,0,Y
Motor Vehicle,DAC,72325400,20190226,1604,2,NULL,NULL,NULL,NULL,US0031WB,US0031WB,NULL,NULL,N,37.6879,-85.8685,2,2019,O,047-US-0031WB-132,0.029,0,0,1,0,0,0,1,0,0,0,0,0,0,Y