Mode,Crash In Disadvantaged Community,MasterFile,CollisionDate,CollisionTime,CollisionDayWeekCode,RoadwayName_HouseBusinessNumber_,RoadwayName_RoadwayName_,RoadwayName_Direction_,RoadwayName_RoadwaySuffix_,RoadwayfromReport,CurrentRoadwayNumber,RSEUniqueGIS,RoadwayIdentifier,ParkingLotIndicator,Latitude,Longitude,MannerofCollisionCode,YR,KABCO,KTC_RT,KTC_MP,Motorcyclist,Commercial Vehicle,Young Driver,Mature Driver,Pedestrian,Bicyclist,Distracted,Aggressive,Impaired,Unrestrained,Intersection,Roadway Departure,Median Cross-over,In City Limits?
Motor Vehicle,Non DAC,72325401,20190226,1654,2,2500,CHATSWORTH                              ,NULL,DR   ,NULL,NULL,047 CS-1536    ,CS1536                                         ,N,37.7579,-85.88063,9,2019,O,047-CS-1536  -000,0.026,0,0,0,0,0,0,0,0,0,0,0,1,0,Y
Motor Vehicle,DAC,72325428,20190308,1529,5,NULL,DIXIE                                   ,N ,AVE  ,US0031W ,US0031W ,047 US-31W-10  ,US0031W                                        ,N,37.70543,-85.87191,5,2019,O,047-US-0031W -000,17.751,0,0,0,1,0,0,1,0,0,0,0,0,0,Y
Motor Vehicle,DAC,72325431,20190307,1819,4,NULL,MILES                                   ,N ,ST   ,KY0251  ,KY0251  ,047 KY-251     ,KY0251                                         ,N,37.69708,-85.86191,1,2019,O,047-KY-0251  -000,0.091,0,0,1,1,0,0,1,0,0,0,0,0,0,Y
Motor Vehicle,DAC,72325432,20190308,1146,5,NULL,DIXIE                                   ,E ,AVE  ,US0031W ,US0031W ,047 US-31W     ,US0031W                                        ,N,37.67005,-85.84643,5,2019,O,047-US-0031W -000,14.819,0,0,0,1,0,0,1,0,0,0,0,0,0,Y
Motor Vehicle,DAC,72325433,20190308,1444,5,NULL,DIXIE                                   ,N ,HWY  ,US0031W ,US0031W ,047 US-31W     ,US0031W                                        ,N,37.76007,-85.8993,1,2019,O,047-US-0031W -000,21.848,0,0,0,0,0,0,1,0,0,0,0,0,0,Y
Motor Vehicle,DAC,72325434,20190309,1313,6,NULL,DIXIE                                   ,N ,AVE  ,US0031W ,US0031W ,047 US-31W     ,US0031W                                        ,N,37.70426,-85.87127,1,2019,C,047-US-0031W -000,17.681,0,0,0,0,0,0,1,0,0,0,1,0,0,Y
Motor Vehicle,DAC,72325435,20190128,20,1,NULL,MULBERRY                                ,N ,ST   ,US0062  ,US0062  ,047 US-62      ,US0062                                         ,N,37.70112,-85.85242,8,2019,C,047-US-0062  -000,18.6,0,0,0,0,0,0,0,0,0,0,0,1,0,Y
Motor Vehicle,DAC,72325865,20190304,1653,1,NULL,RING                                    ,NULL,RD   ,KY3005  ,KY3005  ,047 KY-3005    ,KY3005                                         ,N,37.72875,-85.88272,1,2019,O,047-KY-3005  -000,6.627,0,0,0,0,0,0,1,1,0,0,0,0,0,Y
Motor Vehicle,DAC,72325866,20190306,1704,3,303,MERCER                                  ,NULL,ST   ,NULL,NULL,047 CS-1184    ,CS1184                                         ,N,37.71184,-85.88186,9,2019,O,047-CS-1184  -000,0.129,0,0,0,0,0,0,0,0,0,0,0,1,0,Y
Motor Vehicle,DAC,72325944,20190309,1113,6,NULL,WARFIELD                                ,E ,ST   ,NULL,NULL,047 CS-1563    ,CS1563                                         ,N,37.69643,-85.85076,2,2019,O,047-CS-1563  -000,0.07,0,0,0,0,0,0,1,0,0,0,0,0,0,Y
Motor Vehicle,DAC,72326208,20190310,13,0,NULL,RING                                    ,NULL,RD   ,KY3005  ,KY3005  ,047 KY-3005    ,KY3005                                         ,N,37.71814,-85.83963,9,2019,O,047-KY-3005  -000,9.937,0,0,0,0,0,0,0,0,0,0,1,0,0,Y
Motor Vehicle,DAC,72327055,20190314,2224,4,NULL,DIXIE                                   ,N ,AVE  ,US0031W ,US0031W ,047 US-31W-10  ,US0031W                                        ,N,37.7293,-85.88473,5,2019,O,047-US-0031W -000,19.565,0,0,0,0,0,0,1,0,0,0,0,0,0,Y
Motor Vehicle,DAC,72327107,20190302,326,6,NULL,SPRUCE                                  ,NULL,LN   ,NULL,NULL,047 CS-1277    ,CS1277                                         ,N,37.74127,-85.8677,9,2019,O,047-CS-1277  -000,0.167,0,0,0,0,0,0,1,0,0,0,0,0,0,Y
Motor Vehicle,Non DAC,72327116,20190314,2150,4,1539,DIXIE                                   ,N ,HWY  ,US0031W ,US0031W ,047 US-31W     ,US0031W                                        ,N,37.75204,-85.89535,9,2019,O,047-US-0031W -000,21.242,0,0,0,0,0,0,1,0,1,0,0,1,0,Y
Motor Vehicle,DAC,72327435,20190315,1945,5,NULL,MULBERRY                                ,N ,ST   ,US0062  ,US0062  ,047 US-62      ,US0062                                         ,N,37.69892,-85.85484,5,2019,B,047-US-0062  -000,18.384,0,0,0,0,0,0,1,0,0,0,0,1,0,Y
Motor Vehicle,DAC,72327474,20190315,1722,5,NULL,MULBERRY                                ,N ,ST   ,US0062  ,US0062  ,047 US-62-10   ,US0062                                         ,N,37.71134,-85.83455,5,2019,O,047-US-0062  -000,19.798,0,0,0,0,0,0,1,0,0,0,0,0,0,Y
Motor Vehicle,DAC,72327634,20190316,1444,6,NULL,WALMART                                 ,NULL,DR   ,NULL,NULL,NULL,NULL,N,37.73125,-85.88545,8,2019,O,047-CS-1558  -000,0.079,0,0,0,1,0,0,0,0,0,0,1,0,0,Y
Motor Vehicle,Non DAC,72327755,20190316,1753,6,NULL,DIXIE                                   ,N ,HWY  ,US0031W ,US0031W ,047 US-31W-10  ,US0031W                                        ,N,37.75129,-85.89514,5,2019,O,047-US-0031W -000,21.19,0,0,0,0,0,0,1,0,0,0,0,0,0,Y
Motor Vehicle,DAC,72327799,20190316,1540,6,NULL,MULBERRY                                ,N ,ST   ,US0062  ,US0062  ,047 US-62-10   ,US0062                                         ,N,37.70962,-85.83793,5,2019,O,047-US-0062  -000,19.586,0,0,1,0,0,0,0,0,0,0,0,0,0,Y
Motor Vehicle,DAC,72328014,20190317,1135,0,NULL,DOLPHIN                                 ,NULL,DR   ,NULL,NULL,047 CS-1430    ,CS1430                                         ,N,37.71109,-85.83757,1,2019,O,047-CS-1430  -000,0.096,0,0,1,0,0,0,0,1,0,0,1,0,0,Y
Motor Vehicle,Non DAC,72328015,20190317,1400,0,NULL,VANDERBILT                              ,NULL,DR   ,NULL,NULL,047 CS-1613    ,CS1613                                         ,N,37.7004,-85.8912,7,2019,O,047-CS-1613  -000,0.004,0,0,0,1,0,0,1,0,0,0,0,1,0,Y
Motor Vehicle,Non DAC,72328119,20190312,2005,2,4500,DIXIE                                   ,S ,HWY  ,US0031W ,US0031W ,047 US-31W     ,US0031W                                        ,N,37.65741,-85.84941,9,2019,O,047-US-0031W -000,13.934,0,0,0,0,0,0,0,0,0,0,0,0,0,Y
Motor Vehicle,DAC,72328218,20190317,1625,0,NULL,RING                                    ,NULL,RD   ,KY3005  ,KY3005  ,047 KY-3005    ,KY3005                                         ,N,37.72833,-85.88387,5,2019,O,047-KY-3005  -000,6.557,0,0,0,0,0,0,1,0,0,0,0,0,0,Y
Motor Vehicle,DAC,72328439,20190318,1709,1,NULL,31W                                     ,NULL,BYP  ,US0031WB,US0031WB,047 US-31WB-10 ,US0031WB                                       ,N,37.68391,-85.86267,5,2019,O,047-US-0031WB-000,0.582,0,0,1,0,0,0,1,1,0,0,0,0,0,Y
Motor Vehicle,DAC,72328543,20190319,1135,2,NULL,LINCOLN                                 ,NULL,PKWY ,KY0061  ,KY0061  ,047 KY-61      ,KY0061                                         ,N,37.66988,-85.84644,5,2019,O,047-KY-0061  -000,5.308,0,0,0,1,0,0,1,0,0,0,0,0,0,Y
Motor Vehicle,DAC,72328685,20190319,1218,2,NULL,DIXIE                                   ,N ,AVE  ,US0031W ,US0031W ,047 US-31W-10  ,US0031W                                        ,N,37.74121,-85.89064,5,2019,O,047-US-0031W -000,20.439,0,0,0,0,0,0,1,0,0,0,0,0,0,Y
Motor Vehicle,Non DAC,72329070,20190320,1014,3,NULL,PATRIOT                                 ,NULL,PKWY ,KY0361  ,KY0361  ,047 KY-361-10  ,KY0361                                         ,N,37.71709,-85.90322,5,2019,C,047-KY-0361  -000,1.808,0,0,1,0,0,0,0,0,0,0,0,0,0,Y
Motor Vehicle,DAC,72329106,20190320,1313,3,NULL,DIXIE                                   ,N ,AVE  ,US0031W ,US0031W ,047 US-31W-10  ,US0031W                                        ,N,37.72702,-85.8836,1,2019,O,047-US-0031W -000,19.388,0,0,0,1,0,0,0,1,0,0,0,0,0,Y
Motor Vehicle,Non DAC,72329122,20190320,1056,3,NULL,LEITCHFIELD                             ,NULL,RD   ,US0062  ,US0062  ,047 US-62      ,US0062                                         ,N,37.67664,-85.89933,8,2019,O,047-US-0062  -000,15.345,0,0,0,0,0,0,0,1,0,0,0,1,0,Y
Motor Vehicle,DAC,72329317,20190320,1705,3,NULL,DIXIE                                   ,N ,AVE  ,US0031W ,US0031W ,NULL,NULL,N,37.70643,-85.87264,8,2019,O,047-US-0031W -000,17.825,0,0,0,0,0,0,1,0,0,0,0,1,0,Y
Motor Vehicle,DAC,72329348,20190308,2054,5,NULL,NULL,NULL,NULL,I 0065  ,I 0065  ,NULL,NULL,N,37.71324,-85.83038,7,2019,O,047-I -0065  -542,0.003,0,0,0,1,0,0,1,0,0,0,0,0,0,Y
Motor Vehicle,Non DAC,72329350,20190312,2023,2,NULL,DIXIE                                   ,N ,AVE  ,US0031W ,US0031W ,047 US-31W     ,US0031W                                        ,N,37.74584,-85.89251,5,2019,O,047-US-0031W -000,20.773,0,0,1,1,0,0,1,0,0,0,0,0,0,Y
Motor Vehicle,DAC,72329351,20190319,2120,2,NULL,METTS                                   ,NULL,CT   ,NULL,NULL,047 CS-1346    ,CS1346                                         ,N,37.71181,-85.84927,3,2019,O,047-CS-1346  -000,0.137,0,0,0,0,0,0,1,0,0,0,0,0,0,Y
Motor Vehicle,DAC,72329357,20190319,1918,2,NULL,DIXIE                                   ,E ,AVE  ,US0031W ,US0031W ,047 US-31W     ,US0031W                                        ,N,37.67188,-85.84601,5,2019,O,047-US-0031W -000,14.942,0,0,0,1,0,0,1,0,0,0,1,0,0,Y
Motor Vehicle,DAC,72329372,20190320,1601,3,624,DIXIE                                   ,E ,AVE  ,US0031W ,US0031W ,047 US-31W     ,US0031W                                        ,N,37.68385,-85.85066,1,2019,O,047-US-0031W -000,15.812,0,0,0,0,0,0,0,1,0,0,0,0,0,Y
Motor Vehicle,DAC,72329672,20190321,1846,4,NULL,DIXIE                                   ,N ,AVE  ,US0031W ,US0031W ,NULL,NULL,N,37.73413,-85.88689,1,2019,O,047-US-0031W -000,19.924,0,0,0,0,0,0,1,1,0,0,1,0,0,Y
Motor Vehicle,DAC,72329993,20190322,1341,5,NULL,RING                                    ,NULL,RD   ,KY3005  ,KY3005  ,047 KY-3005    ,KY3005                                         ,N,37.73099,-85.87457,5,2019,O,047-KY-3005  -000,7.105,0,0,1,0,0,0,1,0,0,0,0,0,0,Y
Motor Vehicle,DAC,72329997,20190321,1553,4,NULL,MULBERRY                                ,N ,ST   ,US0062  ,US0062  ,047 US-62-10   ,US0062                                         ,N,37.71133,-85.83449,5,2019,O,047-US-0062  -000,19.8,0,0,1,0,0,0,1,0,0,0,0,0,0,Y
Motor Vehicle,DAC,72330205,20190322,1257,5,NULL,RING                                    ,NULL,RD   ,KY3005  ,KY3005  ,047 KY-3005    ,KY3005                                         ,N,37.72898,-85.88191,1,2019,O,047-KY-3005  -000,6.674,0,0,0,0,0,0,1,0,0,0,0,0,0,Y
Motor Vehicle,DAC,72330269,20190322,1347,5,NULL,31W                                     ,NULL,BYP  ,US0031WB,US0031WB,047 US-31WB-10 ,US0031WB                                       ,N,37.70162,-85.8829,5,2019,O,047-US-0031WB-000,2.278,0,0,0,0,0,0,0,0,0,0,0,0,0,Y
Motor Vehicle,Non DAC,72330356,20190323,1107,6,NULL,TOWNE                                   ,NULL,CTR  ,NULL,NULL,047 PR-1010    ,PR1010                                         ,N,37.73231,-85.88715,8,2019,O,047-PR-1010  -000,0.329,0,0,0,0,0,0,0,1,0,0,1,0,0,Y
Motor Vehicle,DAC,72330382,20190323,1352,6,NULL,MILES                                   ,N ,ST   ,KY0251  ,KY0251  ,NULL,NULL,N,37.6959,-85.86298,2,2019,O,047-KY-0251  -000,0.001,0,0,0,1,0,0,1,0,0,0,0,0,0,Y
Motor Vehicle,DAC,72330544,20190323,1810,6,NULL,DIXIE                                   ,N ,AVE  ,US0031W ,US0031W ,NULL,NULL,N,37.73028,-85.88494,1,2019,O,047-US-0031W -000,19.625,0,0,1,0,0,0,0,1,0,0,1,0,0,Y
Motor Vehicle,DAC,72330617,20190323,1925,6,NULL,DIECKS                                  ,NULL,DR   ,NULL,NULL,NULL,NULL,N,37.70923,-85.87054,1,2019,O,047-CS-1061  -000,0.198,0,0,1,0,0,0,1,1,0,0,1,0,0,Y
Motor Vehicle,Non DAC,72330768,20190324,1710,0,NULL,PATRIOT                                 ,NULL,PKWY ,KY0361  ,KY0361  ,NULL,NULL,N,37.72191,-85.90986,5,2019,C,047-KY-0361  -000,2.303,0,0,0,1,0,0,0,0,1,0,0,0,0,Y
Motor Vehicle,DAC,72330837,20190323,1410,6,NULL,MULBERRY                                ,S ,ST   ,US0062  ,US0062  ,047 US-62-10   ,US0062                                         ,N,37.68789,-85.86849,4,2019,C,047-US-0062  -000,17.313,0,0,0,1,0,0,1,1,0,0,1,0,0,Y
Motor Vehicle,DAC,72330902,20190324,2252,0,210,CRUTCHER                                ,E ,ST   ,NULL,NULL,047 CS-1004    ,CS1004                                         ,N,37.69427,-85.85286,9,2019,C,047-CS-1004  -000,0.056,0,0,0,0,0,0,0,0,1,0,0,1,0,Y
Motor Vehicle,DAC,72330921,20190325,700,1,NULL,MILES                                   ,N ,ST   ,KY0251  ,KY0251  ,047 KY-251     ,KY0251                                         ,N,37.70414,-85.8561,1,2019,O,047-KY-0251  -000,0.669,0,0,0,0,0,0,1,0,0,0,0,0,0,Y
Motor Vehicle,Non DAC,72330939,20190325,800,1,NULL,LINCOLN                                 ,NULL,PKWY ,KY0061  ,KY0061  ,047 KY-61      ,KY0061                                         ,N,37.66984,-85.84608,8,2019,O,047-KY-0061  -000,5.288,0,0,0,0,0,0,0,0,0,0,0,1,0,Y
Motor Vehicle,DAC,72330950,20190320,1032,3,NULL,DIXIE                                   ,E ,AVE  ,US0031W ,US0031W ,047 US-31W     ,US0031W                                        ,N,37.6726,-85.84588,1,2019,O,047-US-0031W -000,14.991,0,0,0,1,0,0,1,0,0,0,0,0,0,Y
Motor Vehicle,Non DAC,72330997,20190325,811,1,3040,LEITCHFIELD                             ,NULL,RD   ,US0062  ,US0062  ,047 US-62-10   ,US0062                                         ,N,37.67369,-85.90706,1,2019,O,047-US-0062  -000,14.831,0,0,0,0,0,0,1,1,0,0,0,0,0,N
Motor Vehicle,DAC,72331271,20190325,1743,1,NULL,NULL,NULL,NULL,US0031WB,US0031WB,NULL,NULL,N,37.68768,-85.86885,5,2019,O,047-US-0031WB-131,0.222,0,0,0,0,0,0,1,0,0,0,1,0,0,Y
Motor Vehicle,Non DAC,72331458,20190326,1109,2,NULL,31W                                     ,NULL,BYP  ,US0031WB,US0031WB,047 US-31WB-10 ,US0031WB                                       ,N,37.67597,-85.85941,5,2019,O,047-US-0031WB-000,0.007,0,0,0,1,0,0,1,0,0,0,0,0,0,Y
Motor Vehicle,Non DAC,72331585,20190325,1530,1,NULL,RING                                    ,NULL,RD   ,KY3005  ,KY3005  ,047 KY-3005    ,KY3005                                         ,N,37.72662,-85.88902,4,2019,O,047-KY-3005  -000,6.263,0,0,1,1,0,0,0,1,0,0,0,0,0,Y
Motor Vehicle,DAC,72331795,20190326,1720,2,NULL,RING                                    ,NULL,RD   ,KY3005  ,KY3005  ,047 KY-3005    ,KY3005                                         ,N,37.72899,-85.88189,1,2019,O,047-KY-3005  -000,6.674,0,0,0,1,0,0,0,1,0,0,1,0,0,Y
Motor Vehicle,DAC,72332222,20190326,1646,2,NULL,DIXIE                                   ,N ,AVE  ,US0031W ,US0031W ,NULL,NULL,N,37.72728,-85.88352,1,2019,O,047-US-0031W -000,19.403,0,0,0,0,0,0,1,1,0,0,1,0,0,Y
Motor Vehicle,Non DAC,72332317,20190325,1545,1,NULL,LEITCHFIELD                             ,NULL,RD   ,US0062  ,US0062  ,047 US-62      ,US0062                                         ,N,37.67164,-85.91188,1,2019,O,047-US-0062  -000,14.578,0,0,1,1,0,0,0,1,0,0,1,0,0,N
Motor Vehicle,Non DAC,72332352,20190328,640,4,NULL,KENTUCKY                                ,NULL,DR   ,NULL,NULL,047 CS-1552    ,CS1552                                         ,N,37.67955,-85.91091,3,2019,O,047-CS-1552  -000,0.08,0,0,0,0,0,0,0,0,1,0,0,0,0,Y
Motor Vehicle,Non DAC,72332557,20190327,1333,3,NULL,CHARLEMAGNE                             ,NULL,BLVD ,NULL,NULL,047 CS-1241    ,CS1241                                         ,N,37.68955,-85.88757,5,2019,O,047-CS-1241  -000,0.187,0,0,1,0,0,0,1,0,0,0,0,0,0,Y
Motor Vehicle,Non DAC,72332634,20190328,1650,4,NULL,WILSON                                  ,S ,RD   ,KY0447  ,KY0447  ,047 KY-447     ,KY0447                                         ,N,37.74555,-85.89341,9,2019,O,047-KY-0447  -000,0.046,0,1,0,0,0,0,0,0,0,0,0,1,0,Y
Motor Vehicle,DAC,72332660,20190327,1204,3,NULL,HILL                                    ,NULL,ST   ,NULL,NULL,NULL,NULL,N,37.70988,-85.88217,2,2019,O,047-CS-1253  -000,0.007,0,0,0,1,0,0,1,0,0,0,0,0,0,Y
Motor Vehicle,Non DAC,72332749,20190328,1221,4,NULL,AMANDA JO                               ,NULL,DR   ,NULL,NULL,047 CS-1195    ,CS1195                                         ,N,37.72002,-85.88737,2,2019,O,047-CS-1195  -000,0.603,0,0,0,0,0,0,0,0,0,0,0,0,0,Y
Motor Vehicle,DAC,72333005,20190329,1800,5,NULL,MULBERRY                                ,N ,ST   ,US0062  ,US0062  ,NULL,NULL,N,37.71023,-85.83673,5,2019,O,047-US-0062  -000,19.66,0,0,1,0,0,0,1,1,0,0,0,0,0,Y
Motor Vehicle,Non DAC,72333156,20190329,635,5,750,BLACK BRANCH                            ,N ,RD   ,NULL,NULL,047 CS-1551    ,CS1551                                         ,N,37.67647,-85.91943,1,2019,C,047-CS-1551  -000,1.014,0,0,0,0,0,0,0,1,0,0,0,0,0,Y
Motor Vehicle,DAC,72333437,20190328,1751,4,NULL,RING                                    ,NULL,RD   ,KY3005  ,KY3005  ,047 KY-3005    ,KY3005                                         ,N,37.7301,-85.87823,8,2019,O,047-KY-3005  -000,6.892,0,0,0,1,0,0,1,0,0,0,0,1,0,Y
Motor Vehicle,DAC,72333497,20190330,2106,6,NULL,DIXIE                                   ,W ,AVE  ,US0031W ,US0031W ,047 US-31W     ,US0031W                                        ,N,37.69587,-85.863,1,2019,O,047-US-0031W -000,16.942,0,0,1,0,0,0,1,0,0,0,1,0,0,Y
Motor Vehicle,Non DAC,72333633,20190322,857,5,114,NORWOOD                                 ,NULL,DR   ,NULL,NULL,047 CS-1503    ,CS1503                                         ,N,37.67668,-85.84383,8,2019,O,047-CS-1503  -000,0.025,0,0,0,0,0,0,0,0,0,0,0,0,0,Y
Motor Vehicle,DAC,72333711,20190330,2036,6,NULL,MAIN                                    ,N ,ST   ,NULL,NULL,NULL,NULL,N,37.69609,-85.85513,8,2019,O,047-CS-1320  -000,0.247,0,0,0,1,0,0,1,0,0,0,0,0,0,Y
Motor Vehicle,Non DAC,72333991,20190401,1338,1,NULL,RING                                    ,NULL,RD   ,KY3005  ,KY3005  ,NULL,NULL,N,37.67279,-85.9126,1,2019,O,047-KY-3005  -000,2.001,0,0,1,0,0,0,1,1,0,0,0,0,0,Y
Motor Vehicle,DAC,72334113,20190328,1715,4,NULL,RING                                    ,NULL,RD   ,KY3005  ,KY3005  ,047 KY-3005    ,KY3005                                         ,N,37.72833,-85.88388,8,2019,O,047-KY-3005  -000,6.557,0,0,0,0,0,0,1,0,0,0,0,1,0,Y
Motor Vehicle,Non DAC,72334121,20190401,1953,1,4971,DIXIE                                   ,N ,HWY  ,US0031W ,US0031W ,047 US-31W-10  ,US0031W                                        ,N,37.75743,-85.89829,2,2019,O,047-US-0031W -000,21.652,0,0,0,0,0,0,0,0,0,0,0,0,0,N
Motor Vehicle,Non DAC,72334200,20190328,1353,4,NULL,RING                                    ,NULL,RD   ,KY3005  ,KY3005  ,047 KY-3005    ,KY3005                                         ,N,37.69573,-85.91043,7,2019,O,047-KY-3005  -000,3.655,0,0,0,0,0,0,0,0,0,0,1,0,0,Y
Motor Vehicle,Non DAC,72334592,20190402,1309,2,NULL,LEITCHFIELD                             ,NULL,RD   ,US0062  ,US0062  ,047 US-62-10   ,US0062                                         ,N,37.67764,-85.88806,1,2019,B,047-US-0062  -000,15.977,0,0,0,1,0,0,1,0,0,0,1,0,0,Y
Motor Vehicle,Non DAC,72335055,20190322,854,5,NULL,TOWNE                                   ,NULL,CTR  ,NULL,NULL,047 PR-1010    ,PR1010                                         ,N,37.72986,-85.88626,1,2019,O,047-PR-1010  -000,0.15,0,0,0,0,0,0,0,1,0,0,0,0,0,Y
Motor Vehicle,DAC,72335056,20190329,1329,5,NULL,DIXIE                                   ,E ,AVE  ,US0031W ,US0031W ,047 US-31W     ,US0031W                                        ,N,37.66995,-85.84644,5,2019,O,047-US-0031W -000,14.812,0,0,0,0,0,0,1,0,0,0,0,0,0,Y
Motor Vehicle,Non DAC,72335059,20190403,959,3,NULL,TOWNE                                   ,NULL,DR   ,NULL,NULL,047 CS-1448    ,CS1448                                         ,N,37.73366,-85.88795,5,2019,O,047-CS-1448  -000,0.066,0,0,0,0,0,0,1,0,0,0,0,0,0,Y
Motor Vehicle,DAC,72335081,20190404,1417,4,NULL,DIXIE                                   ,W ,AVE  ,US0031W ,US0031W ,047 US-31W     ,US0031W                                        ,N,37.69561,-85.86251,5,2019,O,047-US-0031W -000,16.918,0,0,0,0,0,0,0,1,0,0,0,0,0,Y
Motor Vehicle,DAC,72335177,20190404,1410,4,NULL,DIXIE                                   ,E ,AVE  ,US0031W ,US0031W ,047 US-31W     ,US0031W                                        ,N,37.6735,-85.84582,1,2019,O,047-US-0031W -000,15.047,0,0,0,1,0,0,0,1,0,0,1,0,0,Y
Motor Vehicle,DAC,72335310,20190221,1710,4,NULL,MULBERRY                                ,N ,ST   ,US0062  ,US0062  ,047 US-62      ,US0062                                         ,N,37.69564,-85.85783,1,2019,O,047-US-0062  -000,18.114,0,0,0,0,0,0,1,1,0,0,1,0,0,Y
Motor Vehicle,DAC,72335311,20190223,1553,6,NULL,DIXIE                                   ,N ,AVE  ,US0031W ,US0031W ,047 US-31W-10  ,US0031W                                        ,N,37.73298,-85.88661,5,2019,O,047-US-0031W -000,19.837,0,0,0,0,0,0,1,0,0,0,0,0,0,Y
Motor Vehicle,Non DAC,72335312,20190302,1547,6,NULL,VETERANS                                ,NULL,WAY  ,NULL,NULL,047 CS-1683    ,CS1683                                         ,N,37.72571,-85.89176,5,2019,O,047-CS-1683  -000,0.031,0,0,0,0,0,0,1,0,0,0,0,0,0,Y
Motor Vehicle,DAC,72335313,20190301,1742,5,NULL,DIXIE                                   ,N ,AVE  ,US0031W ,US0031W ,047 US-31W     ,US0031W                                        ,N,37.70822,-85.87386,5,2019,O,047-US-0031W -000,17.987,0,0,1,0,0,0,1,0,0,0,0,0,0,Y
Motor Vehicle,Non DAC,72335314,20190228,1511,4,NULL,LEITCHFIELD                             ,NULL,RD   ,US0062  ,US0062  ,047 US-62      ,US0062                                         ,N,37.67243,-85.91044,1,2019,O,047-US-0062  -000,14.627,0,0,0,0,0,0,1,0,0,0,0,0,0,N
Motor Vehicle,Non DAC,72335316,20190308,1546,5,NULL,ST JOHN                                 ,NULL,RD   ,KY1357  ,KY1357  ,047 KY-1357    ,KY1357                                         ,N,37.695,-85.89521,5,2019,O,047-KY-1357  -000,15.501,0,0,0,0,0,0,1,0,0,0,0,0,0,Y
Motor Vehicle,DAC,72335317,20190307,1517,4,NULL,DIXIE                                   ,N ,HWY  ,US0031W ,US0031W ,047 US-31W-10  ,US0031W                                        ,N,37.7579,-85.8983,1,2019,O,047-US-0031W -000,21.683,0,0,0,0,0,0,0,1,0,0,1,0,0,Y
Motor Vehicle,DAC,72335318,20190325,1921,1,NULL,DIXIE                                   ,N ,AVE  ,US0031W ,US0031W ,047 US-31W-10  ,US0031W                                        ,N,37.72827,-85.88425,1,2019,O,047-US-0031W -000,19.47,0,0,0,0,0,0,1,1,0,0,1,0,0,Y
Motor Vehicle,DAC,72335509,20190404,2230,4,NULL,MILBY                                   ,NULL,ST   ,NULL,NULL,047 CS-1642    ,CS1642                                         ,N,37.7087,-85.8537,9,2019,O,047-CS-1642  -000,0.021,0,0,0,0,0,0,0,0,1,0,0,1,0,Y
Motor Vehicle,DAC,72335510,20190405,1241,5,NULL,DIXIE                                   ,N ,AVE  ,US0031W ,US0031W ,047 US-31W     ,US0031W                                        ,N,37.73111,-85.88539,5,2019,O,047-US-0031W -000,19.694,0,0,0,0,0,0,0,0,0,0,0,0,0,Y
Motor Vehicle,Non DAC,72335770,20190405,2140,5,NULL,LINCOLN                                 ,NULL,PKWY ,KY0061  ,KY0061  ,047 KY-61-10   ,KY0061                                         ,N,37.65565,-85.83653,9,2019,O,047-KY-0061  -000,4.099,0,0,0,0,0,0,0,0,0,1,0,1,0,Y
Motor Vehicle,DAC,72336037,20190405,1423,5,NULL,DIXIE                                   ,W ,AVE  ,US0031W ,US0031W ,047 US-31W     ,US0031W                                        ,N,37.69538,-85.86214,5,2019,O,047-US-0031W -000,16.894,0,0,0,1,0,0,0,0,0,0,0,0,0,Y
Motor Vehicle,DAC,72336057,20190405,646,5,482,MULBERRY                                ,S ,ST   ,US0062  ,US0062  ,047 US-62      ,US0062                                         ,N,37.69224,-85.86094,8,2019,O,047-US-0062  -000,17.829,0,0,0,0,0,0,0,0,1,0,0,1,0,Y
Motor Vehicle,Non DAC,72336307,20190407,1755,0,NULL,MULBERRY                                ,N ,ST   ,US0062  ,US0062  ,047 US-62-10   ,US0062                                         ,N,37.71449,-85.82824,5,2019,O,047-US-0062  -000,20.185,0,0,0,1,0,0,1,0,0,0,0,0,0,Y