Mode,Crash In Disadvantaged Community,MasterFile,CollisionDate,CollisionTime,CollisionDayWeekCode,RoadwayName_HouseBusinessNumber_,RoadwayName_RoadwayName_,RoadwayName_Direction_,RoadwayName_RoadwaySuffix_,RoadwayfromReport,CurrentRoadwayNumber,RSEUniqueGIS,RoadwayIdentifier,ParkingLotIndicator,Latitude,Longitude,MannerofCollisionCode,YR,KABCO,KTC_RT,KTC_MP,Motorcyclist,Commercial Vehicle,Young Driver,Mature Driver,Pedestrian,Bicyclist,Distracted,Aggressive,Impaired,Unrestrained,Intersection,Roadway Departure,Median Cross-over,In City Limits?
Motor Vehicle,DAC,72336403,20190408,746,1,NULL,DIXIE                                   ,E ,AVE  ,US0031W ,US0031W ,047 US-31W     ,US0031W                                        ,N,37.68983,-85.85471,5,2019,O,047-US-0031W -000,16.315,0,0,1,0,0,0,1,0,0,0,0,0,0,Y
Motor Vehicle,Non DAC,72336464,20190406,2140,6,NULL,PINE VALLEY                             ,NULL,DR   ,NULL,NULL,047 CS-1533    ,CS1533                                         ,N,37.75195,-85.8925,9,2019,O,047-CS-1533  -000,0.149,0,0,0,0,0,0,0,0,0,0,0,0,0,Y
Motor Vehicle,DAC,72336750,20190408,2000,1,NULL,MULBERRY                                ,N ,ST   ,US0062  ,US0062  ,047 US-62-10   ,US0062                                         ,N,37.70676,-85.84295,8,2019,O,047-US-0062  -000,19.249,0,0,0,0,0,0,0,0,0,0,0,1,0,Y
Motor Vehicle,Non DAC,72337109,20190405,2235,5,NULL,MULBERRY                                ,N ,ST   ,US0062  ,US0062  ,047 US-62      ,US0062                                         ,N,37.71613,-85.82426,8,2019,O,047-US-0062  -000,20.44,0,0,1,0,0,0,1,0,0,0,0,1,0,Y
Motor Vehicle,DAC,72337202,20190409,1725,2,NULL,MILES                                   ,N ,ST   ,KY0251  ,KY0251  ,047 KY-251     ,KY0251                                         ,N,37.69727,-85.86174,5,2019,O,047-KY-0251  -000,0.109,0,0,0,0,0,0,1,0,0,0,0,0,0,Y
Motor Vehicle,DAC,72337394,20190410,1035,3,NULL,NALLS                                   ,E ,RD   ,NULL,NULL,047 CS-1214    ,CS1214                                         ,N,37.72769,-85.88145,9,2019,O,047-CS-1214  -000,0.42,0,0,0,1,0,0,0,0,0,0,0,1,0,Y
Motor Vehicle,DAC,72337397,20190402,1507,2,NULL,RING                                    ,NULL,RD   ,KY3005  ,KY3005  ,047 KY-3005    ,KY3005                                         ,N,37.71003,-85.83914,4,2019,C,047-KY-3005  -000,10.51,0,0,0,1,0,0,1,1,0,0,0,0,0,Y
Motor Vehicle,DAC,72337578,20190408,1808,1,NULL,MULBERRY                                ,N ,ST   ,US0062  ,US0062  ,047 US-62      ,US0062                                         ,N,37.70256,-85.85,5,2019,C,047-US-0062  -000,18.767,0,0,1,0,0,0,1,1,0,0,0,0,0,Y
Motor Vehicle,DAC,72337753,20190410,1644,3,NULL,31W                                     ,NULL,BYP  ,US0031WB,US0031WB,047 US-31WB    ,US0031WB                                       ,N,37.69911,-85.88113,5,2019,O,047-US-0031WB-000,2.085,0,0,0,0,0,0,0,0,0,0,0,0,0,Y
Motor Vehicle,DAC,72337803,20190410,834,3,NULL,US31W BYP S TURN LANE                   ,NULL,NULL,US0031WB,US0031WB,047 US-31WB-23 ,US0031WB                                       ,N,37.69986,-85.88187,5,2019,O,047-US-0031WB-023,0.032,0,0,0,0,0,0,1,0,0,0,0,0,0,Y
Motor Vehicle,DAC,72338055,20190410,1252,3,NULL,DIXIE                                   ,N ,AVE  ,US0031W ,US0031W ,047 US-31W-10  ,US0031W                                        ,N,37.72799,-85.88401,1,2019,O,047-US-0031W -000,19.464,0,0,0,1,0,0,1,0,0,0,0,0,0,Y
Motor Vehicle,DAC,72338094,20190409,1700,2,NULL,MULBERRY                                ,N ,ST   ,US0062  ,US0062  ,047 US-62      ,US0062                                         ,N,37.708,-85.84102,1,2019,O,047-US-0062  -000,19.374,0,0,1,0,0,0,1,0,0,0,0,0,0,Y
Motor Vehicle,Non DAC,72338095,20190410,1643,3,NULL,LAUREL                                  ,NULL,CT   ,NULL,NULL,047 CS-1742C   ,CS1742C                                        ,N,37.65256,-85.8488,8,2019,O,047-CS-1742C -000,0.026,0,0,0,0,0,0,0,0,0,0,0,0,0,Y
Motor Vehicle,DAC,72338163,20190405,1821,5,NULL,DIXIE                                   ,N ,AVE  ,US0031W ,US0031W ,047 US-31W     ,US0031W                                        ,N,37.7063,-85.87233,8,2019,O,047-US-0031W -000,17.826,0,0,1,0,0,0,1,0,0,0,0,1,0,Y
Motor Vehicle,DAC,72338165,20190410,1732,3,NULL,DIXIE                                   ,N ,AVE  ,US0031W ,US0031W ,NULL,NULL,N,37.7273,-85.88349,1,2019,O,047-US-0031W -000,19.404,0,0,0,0,0,0,1,1,0,0,1,0,0,Y
Motor Vehicle,DAC,72338215,20190411,2054,4,NULL,MILES                                   ,N ,ST   ,KY0251  ,KY0251  ,047 KY-251     ,KY0251                                         ,N,37.69715,-85.86194,1,2019,O,047-KY-0251  -000,0.087,0,0,0,0,0,0,0,0,0,0,1,0,0,Y
Motor Vehicle,DAC,72338290,20190412,1009,5,NULL,DIXIE                                   ,N ,AVE  ,US0031W ,US0031W ,047 US-31W     ,US0031W                                        ,N,37.73111,-85.88539,8,2019,O,047-US-0031W -000,19.694,0,0,0,0,0,0,0,0,0,0,0,1,0,Y
Motor Vehicle,DAC,72338338,20190412,947,5,NULL,RING                                    ,NULL,RD   ,KY3005  ,KY3005  ,NULL,NULL,N,37.73381,-85.86197,8,2019,O,047-KY-3005  -000,7.834,0,0,1,0,0,0,1,1,0,0,1,0,0,Y
Motor Vehicle,DAC,72338575,20190410,1715,3,NULL,31W                                     ,NULL,BYP  ,US0031WB,US0031WB,047 US-31WB-10 ,US0031WB                                       ,N,37.70155,-85.88276,8,2019,O,047-US-0031WB-000,2.271,0,1,0,1,0,0,1,0,0,0,0,1,0,Y
Motor Vehicle,DAC,72338587,20190410,1455,3,NULL,WK9001 E                                ,NULL,NULL,WK9001  ,WK9001  ,047 WK-9001    ,WK9001                                         ,N,37.66993,-85.84667,5,2019,O,047-WK-9001  -000,136.783,0,0,1,0,0,0,1,0,0,0,0,0,0,Y
Motor Vehicle,DAC,72338698,20190412,1035,5,NULL,MAIN                                    ,N ,ST   ,NULL,NULL,047 CS-1320    ,CS1320                                         ,N,37.70782,-85.84065,9,2019,O,047-CS-1320  -000,1.397,0,0,1,0,0,0,0,1,0,0,0,1,0,Y
Motor Vehicle,DAC,72338716,20190412,1123,5,NULL,FREEMAN LAKE PARK                       ,NULL,RD   ,NULL,NULL,047 CS-1728    ,CS1728                                         ,N,37.71796,-85.87883,5,2019,O,047-CS-1728  -000,0.002,0,0,0,0,0,0,0,0,0,0,1,0,0,Y
Motor Vehicle,DAC,72339113,20190414,1227,0,NULL,MULBERRY                                ,N ,ST   ,US0062  ,US0062  ,047 US-62-10   ,US0062                                         ,N,37.71198,-85.83322,1,2019,O,047-US-0062  -000,19.885,0,0,0,0,0,0,1,0,0,1,0,0,0,Y
Motor Vehicle,DAC,72339914,20190405,1304,5,NULL,DIXIE                                   ,E ,AVE  ,US0031W ,US0031W ,047 US-31W     ,US0031W                                        ,N,37.68337,-85.85037,5,2019,O,047-US-0031W -000,15.774,0,0,1,0,0,0,1,0,0,0,0,0,0,Y
Motor Vehicle,DAC,72339917,20190412,1319,5,NULL,DIXIE                                   ,N ,AVE  ,US0031W ,US0031W ,047 US-31W-10  ,US0031W                                        ,N,37.72696,-85.88354,8,2019,O,047-US-0031W -000,19.383,0,0,0,0,0,0,1,0,0,0,0,1,0,Y
Motor Vehicle,DAC,72339930,20190416,747,2,NULL,DIXIE                                   ,E ,AVE  ,US0031W ,US0031W ,047 US-31W     ,US0031W                                        ,N,37.67816,-85.84737,5,2019,O,047-US-0031W -000,15.388,0,0,1,0,0,0,1,0,0,0,0,0,0,Y
Motor Vehicle,DAC,72340040,20190416,1201,2,NULL,MULBERRY                                ,N ,ST   ,US0062  ,US0062  ,047 US-62-10   ,US0062                                         ,N,37.7093,-85.83852,1,2019,A,047-US-0062  -000,19.55,0,0,0,0,0,0,0,1,0,0,1,0,0,Y
Motor Vehicle,DAC,72340194,20190413,2055,6,NULL,PEAR ORCHARD                            ,NW,RD   ,NULL,NULL,047 CS-1297    ,CS1297                                         ,N,37.74749,-85.87982,8,2019,O,047-CS-1297  -000,0.379,0,0,1,1,0,0,1,1,0,0,0,1,0,Y
Motor Vehicle,Non DAC,72340388,20190417,849,3,NULL,LINCOLN                                 ,NULL,PKWY ,KY0061  ,KY0061  ,047 KY-61      ,KY0061                                         ,N,37.66882,-85.84355,5,2019,O,047-KY-0061  -000,5.131,0,1,0,1,0,0,1,0,0,0,0,0,0,Y
Motor Vehicle,DAC,72340508,20190417,1211,3,NULL,DIXIE                                   ,N ,AVE  ,US0031W ,US0031W ,047 US-31W     ,US0031W                                        ,N,37.71795,-85.87887,1,2019,O,047-US-0031W -000,18.721,0,0,0,0,0,0,1,1,0,0,1,0,0,Y
Motor Vehicle,DAC,72340522,20190131,1600,4,NULL,US31W BYP N TURN LANE                   ,NULL,NULL,US0031WB,US0031WB,047 US-31WB-21 ,US0031WB                                       ,N,37.70071,-85.88207,5,2019,O,047-US-0031WB-021,0.044,0,0,1,0,0,0,1,0,0,0,0,0,0,Y
Motor Vehicle,DAC,72340534,20190417,1348,3,NULL,NIGHTINGALE                             ,NULL,DR   ,NULL,NULL,047 CS-1275    ,CS1275                                         ,N,37.73041,-85.87739,8,2019,O,047-CS-1275  -000,0.016,0,0,0,1,0,0,0,1,0,0,0,1,0,Y
Motor Vehicle,DAC,72340716,20190405,1525,5,NULL,DIXIE                                   ,E ,AVE  ,US0031W ,US0031W ,047 US-31W     ,US0031W                                        ,N,37.67676,-85.84655,5,2019,O,047-US-0031W -000,15.279,0,0,1,0,0,0,1,0,0,0,1,0,0,Y
Motor Vehicle,DAC,72340766,20190417,1611,3,NULL,MULBERRY                                ,S ,ST   ,US0062  ,US0062  ,047 US-62-10   ,US0062                                         ,N,37.69132,-85.86218,5,2019,O,047-US-0062  -000,17.727,0,0,1,0,0,0,1,0,0,0,0,0,0,Y
Motor Vehicle,Non DAC,72341216,20190417,1742,3,NULL,RING                                    ,NULL,RD   ,KY3005  ,KY3005  ,047 KY-3005    ,KY3005                                         ,N,37.72535,-85.89144,1,2019,O,047-KY-3005  -000,6.104,0,1,0,0,0,0,1,1,0,0,1,0,0,Y
Motor Vehicle,Non DAC,72341229,20190418,1505,4,NULL,PETERSON                                ,NULL,DR   ,NULL,NULL,047 CS-1251    ,CS1251                                         ,N,37.68422,-85.9157,1,2019,O,047-CS-1251  -000,0.004,0,0,0,0,0,0,1,0,0,0,1,0,0,Y
Motor Vehicle,DAC,72341266,20190406,2130,6,115,BROOK                                   ,NULL,ST   ,NULL,NULL,047 CS-1426    ,CS1426                                         ,N,37.70229,-85.84794,2,2019,O,047-CS-1426  -000,0.082,0,0,0,0,0,0,0,0,0,0,0,0,0,Y
Motor Vehicle,Non DAC,72341360,20190416,1312,2,NULL,RING                                    ,NULL,RD   ,KY3005  ,KY3005  ,047 KY-3005-10 ,KY3005                                         ,N,37.67925,-85.91502,1,2019,O,047-KY-3005  -000,2.467,0,0,0,0,0,0,1,0,0,0,1,0,0,Y
Motor Vehicle,DAC,72341467,20190419,1410,5,NULL,RING                                    ,NULL,RD   ,KY3005  ,KY3005  ,047 KY-3005    ,KY3005                                         ,N,37.73109,-85.87425,5,2019,O,047-KY-3005  -000,7.124,0,0,0,0,0,0,0,1,0,0,0,0,0,Y
Motor Vehicle,DAC,72341627,20190419,1520,5,NULL,DIXIE                                   ,N ,AVE  ,US0031W ,US0031W ,047 US-31W     ,US0031W                                        ,N,37.71795,-85.87887,1,2019,O,047-US-0031W -000,18.721,0,0,0,1,0,0,0,1,0,0,1,0,0,Y
Motor Vehicle,DAC,72341682,20190419,1810,5,NULL,MANTLE                                  ,N ,AVE  ,NULL,NULL,047 CS-1025    ,CS1025                                         ,N,37.70121,-85.86716,2,2019,O,047-CS-1025  -000,0.033,0,0,0,0,0,0,1,0,0,0,0,0,0,Y
Motor Vehicle,DAC,72341938,20190419,1201,5,NULL,DIXIE                                   ,N ,AVE  ,US0031W ,US0031W ,047 US-31W-10  ,US0031W                                        ,N,37.74121,-85.8906,5,2019,O,047-US-0031W -000,20.438,0,0,0,1,0,0,1,0,0,0,0,0,0,Y
Motor Vehicle,DAC,72341986,20190419,1202,5,NULL,RING                                    ,NULL,RD   ,KY3005  ,KY3005  ,047 KY-3005    ,KY3005                                         ,N,37.73093,-85.8748,1,2019,B,047-KY-3005  -000,7.091,0,0,0,0,0,0,0,1,0,0,1,0,0,Y
Motor Vehicle,DAC,72342413,20190421,1406,0,200,SYCAMORE                                ,NULL,ST   ,NULL,NULL,047 CS-1026    ,CS1026                                         ,N,37.70292,-85.86675,2,2019,O,047-CS-1026  -000,0.126,0,0,0,0,0,0,1,0,0,0,0,0,0,Y
Motor Vehicle,DAC,72342575,20190418,1410,4,NULL,CARDINAL                                ,NULL,DR   ,KY0361  ,KY0361  ,047 KY-361     ,KY0361                                         ,N,37.71024,-85.88623,5,2019,O,047-KY-0361  -000,0.768,0,0,0,0,0,0,1,0,0,0,0,0,0,Y
Motor Vehicle,DAC,72342576,20190419,1332,5,NULL,DIXIE                                   ,N ,AVE  ,US0031W ,US0031W ,047 US-31W-10  ,US0031W                                        ,N,37.7327,-85.88644,5,2019,O,047-US-0031W -000,19.794,0,0,0,0,0,0,1,0,0,0,0,0,0,Y
Motor Vehicle,Non DAC,72342577,20190419,1544,5,NULL,RING                                    ,NULL,RD   ,KY3005  ,KY3005  ,047 KY-3005-10 ,KY3005                                         ,N,37.69355,-85.91182,1,2019,B,047-KY-3005  -000,3.488,0,0,0,1,0,0,1,0,0,0,0,0,0,Y
Motor Vehicle,DAC,72342578,20190420,1543,6,NULL,DIXIE                                   ,N ,AVE  ,US0031W ,US0031W ,047 US-31W-10  ,US0031W                                        ,N,37.73667,-85.8884,5,2019,O,047-US-0031W -000,20.157,0,0,1,0,0,0,1,1,0,0,0,0,0,Y
Motor Vehicle,DAC,72342579,20190420,1257,6,NULL,DIXIE                                   ,N ,AVE  ,US0031W ,US0031W ,047 US-31W-10  ,US0031W                                        ,N,37.7337,-85.88695,5,2019,C,047-US-0031W -000,19.886,0,0,0,1,0,0,1,1,0,0,0,0,0,Y
Motor Vehicle,Non DAC,72342643,20190409,1429,2,1203,AMANDA JO                               ,NULL,DR   ,NULL,NULL,047 CS-1195    ,CS1195                                         ,N,37.71836,-85.88664,9,2019,O,047-CS-1195  -000,0.726,0,0,0,0,0,0,1,0,0,0,0,1,0,Y
Motor Vehicle,Non DAC,72342644,20190415,1402,1,218,CAREY                                   ,NULL,LN   ,NULL,NULL,NULL,NULL,N,37.71608,-85.89149,2,2019,O,047-CS-1203  -000,0.216,0,0,0,1,0,0,1,1,0,0,0,0,0,Y
Motor Vehicle,DAC,72342645,20190419,1808,5,NULL,31W                                     ,NULL,BYP  ,US0031WB,US0031WB,047 US-31WB    ,US0031WB                                       ,N,37.71833,-85.88116,1,2019,O,047-US-0031WB-000,3.662,0,0,0,0,0,0,0,1,0,0,0,0,1,Y
Motor Vehicle,DAC,72342728,20190415,1930,1,NULL,MULBERRY                                ,S ,ST   ,US0062  ,US0062  ,047 US-62      ,US0062                                         ,N,37.68931,-85.86599,5,2019,O,047-US-0062  -000,17.475,0,0,0,0,0,0,1,0,1,0,0,0,0,Y
Motor Vehicle,DAC,72342749,20190412,956,5,NULL,QUINCE                                  ,NULL,ALY  ,NULL,NULL,047 CS-1013    ,CS1013                                         ,N,37.69207,-85.85782,1,2019,O,047-CS-1013  -000,0.423,0,0,0,0,0,0,0,1,0,0,0,0,0,Y
Motor Vehicle,Non DAC,72342937,20190422,720,1,NULL,LEITCHFIELD                             ,NULL,RD   ,US0062  ,US0062  ,047 US-62      ,US0062                                         ,N,37.67852,-85.88171,5,2019,B,047-US-0062  -000,16.322,0,0,0,0,0,0,1,0,0,0,0,0,0,Y
Motor Vehicle,Non DAC,72342997,20190418,1435,4,NULL,RING                                    ,NULL,RD   ,KY3005  ,KY3005  ,047 KY-3005    ,KY3005                                         ,N,37.69567,-85.91045,4,2019,O,047-KY-3005  -000,3.651,0,0,0,1,0,0,0,1,0,0,1,0,0,Y
Motor Vehicle,Non DAC,72343140,20190422,1437,1,NULL,PATRIOT                                 ,NULL,PKWY ,KY0361  ,KY0361  ,047 KY-361     ,KY0361                                         ,N,37.72122,-85.90875,5,2019,B,047-KY-0361  -000,2.224,0,0,0,0,0,0,1,0,0,0,0,0,0,Y
Motor Vehicle,Non DAC,72343496,20190423,1711,2,NULL,31W                                     ,NULL,BYP  ,US0031WB,US0031WB,047 US-31WB-10 ,US0031WB                                       ,N,37.67598,-85.85944,5,2019,O,047-US-0031WB-000,0.009,0,0,0,1,0,0,1,0,0,0,0,0,0,Y
Motor Vehicle,Non DAC,72343646,20190423,1532,2,NULL,NULL,NULL,NULL,I 0065  ,I 0065  ,NULL,NULL,N,37.71435,-85.82782,5,2019,O,047-I -0065  -511,0.293,0,0,0,0,0,0,1,0,0,0,0,0,0,Y
Motor Vehicle,DAC,72343739,20190423,1502,2,NULL,BEECH                                   ,NULL,ST   ,NULL,NULL,047 CS-1030    ,CS1030                                         ,N,37.70349,-85.86004,7,2019,O,047-CS-1030  -000,0.504,0,0,0,0,0,0,1,0,0,0,1,0,0,Y
Motor Vehicle,Non DAC,72343835,20190416,1440,2,NULL,DIXIE                                   ,S ,HWY  ,US0031W ,US0031W ,047 US-31W     ,US0031W                                        ,N,37.65966,-85.84901,1,2019,C,047-US-0031W -000,14.092,0,0,0,0,0,0,0,1,0,0,0,1,0,Y
Motor Vehicle,DAC,72344009,20190422,1530,1,NULL,DIXIE                                   ,N ,AVE  ,US0031W ,US0031W ,047 US-31W     ,US0031W                                        ,N,37.71813,-85.87895,8,2019,O,047-US-0031W -000,18.733,0,0,0,0,0,0,0,0,0,0,0,1,0,Y
Motor Vehicle,DAC,72344010,20190424,1823,3,NULL,RING                                    ,NULL,RD   ,KY3005  ,KY3005  ,047 KY-3005    ,KY3005                                         ,N,37.72934,-85.88065,5,2019,O,047-KY-3005  -000,6.749,0,0,0,0,0,0,0,0,0,0,0,0,0,Y
Motor Vehicle,DAC,72344715,20190426,1111,5,NULL,DIXIE                                   ,E ,AVE  ,US0031W ,US0031W ,047 US-31W     ,US0031W                                        ,N,37.66989,-85.84645,5,2019,O,047-US-0031W -000,14.808,0,0,0,0,0,0,1,0,0,0,0,0,0,Y
Motor Vehicle,DAC,72344969,20190426,1638,5,NULL,DIXIE                                   ,N ,AVE  ,US0031W ,US0031W ,NULL,NULL,N,37.72387,-85.88233,1,2019,O,047-US-0031W -000,19.165,0,0,0,0,0,0,1,1,0,0,0,0,0,Y
Motor Vehicle,Non DAC,72345071,20190426,659,5,NULL,ST JOHN                                 ,NULL,RD   ,KY1357  ,KY1357  ,047 KY-1357    ,KY1357                                         ,N,37.69511,-85.90854,5,2019,O,047-KY-1357  -000,14.728,0,0,1,0,0,0,1,0,0,0,0,0,0,Y
Motor Vehicle,Non DAC,72345072,20190425,958,4,NULL,COLLEGE ST RD                           ,NULL,NULL,NULL,NULL,047 CS-1124    ,CS1124                                         ,N,37.68983,-85.88188,9,2019,O,047-CS-1124  -000,0.83,0,0,0,0,0,0,0,0,0,0,0,1,0,Y
Motor Vehicle,DAC,72345135,20190419,1057,5,NULL,WINDVIEW                                ,NULL,PL   ,NULL,NULL,047 CS-1587    ,CS1587                                         ,N,37.72266,-85.83989,2,2019,O,047-CS-1587  -000,0.027,0,0,0,0,0,0,0,1,0,0,0,0,0,Y
Motor Vehicle,DAC,72345136,20190420,1327,6,NULL,DIXIE                                   ,N ,AVE  ,US0031W ,US0031W ,047 US-31W-10  ,US0031W                                        ,N,37.73395,-85.88706,5,2019,O,047-US-0031W -000,19.901,0,0,1,0,0,0,1,0,0,0,1,0,0,Y
Motor Vehicle,DAC,72345137,20190425,1833,4,NULL,DIXIE                                   ,N ,AVE  ,US0031W ,US0031W ,047 US-31W     ,US0031W                                        ,N,37.72674,-85.88328,5,2019,O,047-US-0031W -000,19.366,0,0,1,0,0,0,0,1,0,0,0,0,0,Y
Motor Vehicle,DAC,72345368,20190427,2055,6,NULL,BUFFALO CREEK                           ,NULL,DR   ,NULL,NULL,047 CS-1431    ,CS1431                                         ,N,37.71306,-85.83233,5,2019,O,047-CS-1431  -000,0.049,0,0,1,0,0,0,1,0,0,0,0,0,0,Y
Motor Vehicle,Non DAC,72345495,20190428,1032,0,NULL,NULL,NULL,NULL,I 0065  ,I 0065  ,NULL,NULL,N,37.71418,-85.82793,5,2019,O,047-I -0065  -511,0.281,0,0,0,1,0,0,1,0,0,0,0,0,0,Y
Motor Vehicle,DAC,72345611,20190426,1339,5,NULL,DIXIE                                   ,N ,AVE  ,US0031W ,US0031W ,047 US-31W-10  ,US0031W                                        ,N,37.74118,-85.89059,5,2019,O,047-US-0031W -000,20.436,0,0,0,1,0,0,1,1,0,0,0,0,0,Y
Motor Vehicle,DAC,72345612,20190426,1804,5,NULL,MULBERRY                                ,N ,ST   ,US0062  ,US0062  ,047 US-62-10   ,US0062                                         ,N,37.71051,-85.83615,5,2019,O,047-US-0062  -000,19.696,0,0,0,0,0,0,1,1,0,0,0,0,0,Y
Motor Vehicle,DAC,72345613,20190427,1050,6,NULL,MILES                                   ,N ,ST   ,KY0251  ,KY0251  ,047 KY-251     ,KY0251                                         ,N,37.71166,-85.85293,4,2019,O,047-KY-0251  -000,1.192,0,0,1,0,0,0,1,0,0,0,0,0,0,Y
Motor Vehicle,DAC,72346186,20190429,1636,1,NULL,POPLAR                                  ,W ,ST   ,NULL,NULL,047 CS-1068    ,CS1068                                         ,N,37.70225,-85.86749,1,2019,O,047-CS-1068  -000,0.808,0,0,0,0,0,0,0,0,0,0,1,0,0,Y
Motor Vehicle,Non DAC,72346284,20190430,950,2,NULL,DIXIE                                   ,S ,HWY  ,US0031W ,US0031W ,047 US-31W     ,US0031W                                        ,N,37.66967,-85.84651,5,2019,O,047-US-0031W -000,14.793,0,0,0,0,0,0,1,0,0,0,0,0,0,Y
Motor Vehicle,DAC,72346540,20190430,1539,2,KY251,MILES                                   ,N ,ST   ,KY0251  ,KY0251  ,NULL,NULL,N,37.70554,-85.85547,1,2019,O,047-KY-0251  -000,0.764,0,0,0,0,0,0,0,1,0,1,1,0,0,Y
Motor Vehicle,DAC,72346549,20190422,1527,1,NULL,ST JOHN                                 ,NULL,RD   ,KY1357  ,KY1357  ,047 KY-1357    ,KY1357                                         ,N,37.70072,-85.88061,8,2019,O,047-KY-1357  -000,16.349,0,0,0,1,0,0,1,0,0,0,1,0,0,Y
Motor Vehicle,DAC,72346550,20190422,1628,1,NULL,MULBERRY                                ,N ,ST   ,US0062  ,US0062  ,047 US-62-10   ,US0062                                         ,N,37.70993,-85.83737,1,2019,O,047-US-0062  -000,19.618,0,0,1,0,0,0,1,1,0,0,1,0,0,Y
Motor Vehicle,DAC,72346601,20190429,2119,1,NULL,RING                                    ,NULL,RD   ,KY3005  ,KY3005  ,047 KY-3005    ,KY3005                                         ,N,37.73214,-85.87097,8,2019,O,047-KY-3005  -000,7.32,0,0,1,0,0,0,1,0,0,0,0,1,0,Y
Motor Vehicle,DAC,72346602,20190430,25,2,2333,RING                                    ,NULL,RD   ,KY3005  ,KY3005  ,047 KY-3005    ,KY3005                                         ,N,37.73241,-85.85126,9,2019,C,047-KY-3005  -000,8.446,0,0,0,0,0,0,0,1,1,0,0,1,0,Y
Motor Vehicle,DAC,72346633,20190501,549,3,NULL,DIXIE                                   ,E ,AVE  ,US0031W ,US0031W ,047 US-31W     ,US0031W                                        ,N,37.67432,-85.84576,8,2019,O,047-US-0031W -000,15.105,0,0,1,0,0,0,0,1,0,0,0,1,0,Y
Motor Vehicle,DAC,72346668,20190430,1400,2,NULL,DIXIE                                   ,N ,AVE  ,US0031W ,US0031W ,047 US-31W-10  ,US0031W                                        ,N,37.73412,-85.88714,5,2019,O,047-US-0031W -000,19.93,0,0,0,1,0,0,0,0,0,0,0,0,0,Y
Motor Vehicle,DAC,72346669,20190430,1511,2,NULL,US31W BYP S TURN LANE                   ,NULL,NULL,US0031WB,US0031WB,047 US-31WB-23 ,US0031WB                                       ,N,37.69998,-85.88215,5,2019,O,047-US-0031WB-023,0.016,0,0,0,1,0,0,0,0,0,0,0,0,0,Y
Motor Vehicle,DAC,72347026,20190501,1136,3,NULL,DIXIE                                   ,N ,AVE  ,US0031W ,US0031W ,047 US-31W-10  ,US0031W                                        ,N,37.72689,-85.8836,1,2019,O,047-US-0031W -000,19.38,0,0,0,1,0,0,1,0,0,0,0,0,0,Y
Motor Vehicle,DAC,72347054,20190430,1547,2,NULL,DIXIE                                   ,W ,AVE  ,US0031W ,US0031W ,047 US-31W     ,US0031W                                        ,N,37.70091,-85.86766,4,2019,C,047-US-0031W -000,17.371,0,0,0,1,0,0,1,0,0,0,1,0,0,Y
Motor Vehicle,Non DAC,72347134,20190416,754,2,NULL,RING                                    ,NULL,RD   ,KY3005  ,KY3005  ,047 KY-3005    ,KY3005                                         ,N,37.71006,-85.90763,8,2019,O,047-KY-3005  -000,4.674,0,0,1,1,0,0,1,0,0,0,0,1,0,Y
Motor Vehicle,Non DAC,72347267,20190502,740,4,NULL,RING                                    ,NULL,RD   ,KY3005  ,KY3005  ,047 KY-3005    ,KY3005                                         ,N,37.67144,-85.91174,5,2019,O,047-KY-3005  -000,1.896,0,0,0,0,0,0,0,0,0,0,0,0,0,N
Motor Vehicle,DAC,72347268,20190502,1216,4,NULL,MANTLE                                  ,S ,AVE  ,NULL,NULL,047 CS-1120    ,CS1120                                         ,N,37.6997,-85.86904,5,2019,O,047-CS-1120  -000,0.114,0,0,0,1,0,0,0,0,0,0,0,0,0,Y