Mode,Crash In Disadvantaged Community,MasterFile,CollisionDate,CollisionTime,CollisionDayWeekCode,RoadwayName_HouseBusinessNumber_,RoadwayName_RoadwayName_,RoadwayName_Direction_,RoadwayName_RoadwaySuffix_,RoadwayfromReport,CurrentRoadwayNumber,RSEUniqueGIS,RoadwayIdentifier,ParkingLotIndicator,Latitude,Longitude,MannerofCollisionCode,YR,KABCO,KTC_RT,KTC_MP,Motorcyclist,Commercial Vehicle,Young Driver,Mature Driver,Pedestrian,Bicyclist,Distracted,Aggressive,Impaired,Unrestrained,Intersection,Roadway Departure,Median Cross-over,In City Limits?
Motor Vehicle,Non DAC,72347511,20190501,1544,3,NULL,BRUIN                                   ,NULL,LN   ,NULL,NULL,047 LA-1001    ,LA1001                                         ,N,37.67567,-85.9131,5,2019,O,047-LA-1001  -000,0.482,0,0,1,1,0,0,0,0,0,0,0,0,0,Y
Motor Vehicle,DAC,72347549,20190430,1946,2,NULL,DIXIE                                   ,N ,AVE  ,US0031W ,US0031W ,047 US-31W     ,US0031W                                        ,N,37.71103,-85.87522,8,2019,O,047-US-0031W -000,18.199,0,0,0,0,0,0,1,0,0,0,0,1,0,Y
Motor Vehicle,Non DAC,72347557,20190502,1514,4,505,HICKORY                                 ,NULL,LN   ,NULL,NULL,047 CS-1242    ,CS1242                                         ,N,37.68962,-85.88613,8,2019,O,047-CS-1242  -000,0.084,0,0,0,1,0,0,0,1,0,0,0,1,0,Y
Motor Vehicle,Non DAC,72347558,20190502,1712,4,NULL,LINCOLN                                 ,NULL,PKWY ,KY0061  ,KY0061  ,047 KY-61      ,KY0061                                         ,N,37.66936,-85.8446,8,2019,O,047-KY-0061  -000,5.2,0,0,0,0,0,0,1,0,0,0,0,1,0,Y
Motor Vehicle,DAC,72347809,20190502,1717,4,NULL,31W                                     ,NULL,BYP  ,US0031WB,US0031WB,NULL,NULL,N,37.69155,-85.87093,5,2019,O,047-US-0031WB-000,1.311,0,0,0,0,0,0,1,0,0,0,0,0,0,Y
Motor Vehicle,DAC,72348196,20190504,904,6,NULL,MULBERRY                                ,N ,ST   ,US0062  ,US0062  ,047 US-62-10   ,US0062                                         ,N,37.71183,-85.83347,5,2019,O,047-US-0062  -000,19.866,0,0,0,0,0,0,1,0,0,0,0,0,0,Y
Motor Vehicle,DAC,72348374,20190503,1943,5,NULL,DIXIE                                   ,N ,AVE  ,US0031W ,US0031W ,047 US-31W     ,US0031W                                        ,N,37.72745,-85.88357,1,2019,O,047-US-0031W -000,19.395,0,0,0,0,0,0,1,1,0,0,0,0,0,Y
Motor Vehicle,Non DAC,72348594,20190504,747,6,NULL,LINCOLN                                 ,NULL,PKWY ,KY0061  ,KY0061  ,047 KY-61      ,KY0061                                         ,N,37.66839,-85.84308,9,2019,O,047-KY-0061  -000,5.094,0,0,0,0,0,0,0,0,0,0,0,0,0,Y
Motor Vehicle,Non DAC,72348595,20190503,813,5,NULL,RING                                    ,NULL,RD   ,KY3005  ,KY3005  ,047 KY-3005    ,KY3005                                         ,N,37.71793,-85.90293,5,2019,O,047-KY-3005  -000,5.291,0,0,1,0,0,0,1,0,0,0,0,0,0,Y
Motor Vehicle,DAC,72348602,20190504,1439,6,NULL,DIXIE                                   ,N ,AVE  ,US0031W ,US0031W ,047 US-31W-10  ,US0031W                                        ,N,37.73149,-85.88586,5,2019,O,047-US-0031W -000,19.728,0,0,1,0,0,0,1,0,0,0,0,0,0,Y
Motor Vehicle,DAC,72348603,20190504,1507,6,NULL,RING                                    ,NULL,RD   ,KY3005  ,KY3005  ,047 KY-3005    ,KY3005                                         ,N,37.72944,-85.88024,5,2019,O,047-KY-3005  -000,6.773,0,0,0,0,0,0,1,0,0,0,0,0,0,Y
Motor Vehicle,DAC,72348670,20190505,1159,0,NULL,MULBERRY                                ,N ,ST   ,US0062  ,US0062  ,047 US-62-10   ,US0062                                         ,N,37.70458,-85.84676,1,2019,B,047-US-0062  -000,18.999,0,0,0,1,0,0,1,0,0,0,1,0,0,Y
Motor Vehicle,Non DAC,72348826,20190502,1552,4,NULL,DIXIE                                   ,S ,HWY  ,US0031W ,US0031W ,047 US-31W     ,US0031W                                        ,N,37.6697,-85.84653,5,2019,O,047-US-0031W -000,14.794,0,0,1,0,0,0,1,0,0,0,0,0,0,Y
Motor Vehicle,DAC,72348827,20190503,1112,5,NULL,MULBERRY                                ,N ,ST   ,US0062  ,US0062  ,047 US-62-10   ,US0062                                         ,N,37.71335,-85.83043,5,2019,O,047-US-0062  -000,20.027,0,0,0,1,0,0,1,1,0,0,0,0,0,Y
Motor Vehicle,DAC,72348888,20190504,1736,6,NULL,COMMERCE                                ,NULL,DR   ,NULL,NULL,047 CS-1108    ,CS1108                                         ,N,37.71042,-85.83313,1,2019,A,047-CS-1108  -000,0.084,0,0,0,1,0,0,1,1,0,0,0,0,0,Y
Motor Vehicle,DAC,72349148,20190501,1300,3,NULL,DIXIE                                   ,N ,AVE  ,US0031W ,US0031W ,047 US-31W     ,US0031W                                        ,N,37.72819,-85.88395,8,2019,O,047-US-0031W -000,19.471,0,0,0,1,0,0,0,0,0,0,0,1,0,Y
Motor Vehicle,DAC,72349410,20190506,1429,1,NULL,31W                                     ,NULL,BYP  ,US0031WB,US0031WB,047 US-31WB-10 ,US0031WB                                       ,N,37.69203,-85.87212,2,2019,O,047-US-0031WB-000,1.368,0,0,0,0,0,0,1,0,0,0,0,0,0,Y
Motor Vehicle,DAC,72349418,20190506,1448,1,NULL,DIXIE                                   ,W ,AVE  ,US0031W ,US0031W ,047 US-31W     ,US0031W                                        ,N,37.70164,-85.86837,1,2019,O,047-US-0031W -000,17.437,0,0,0,1,0,0,1,0,0,0,1,0,0,Y
Motor Vehicle,Non DAC,72349501,20190507,1034,2,NULL,RING                                    ,NULL,RD   ,KY3005  ,KY3005  ,NULL,NULL,N,37.72703,-85.88851,1,2019,O,047-KY-3005  -000,6.302,0,0,0,0,0,0,1,1,0,0,0,0,0,Y
Motor Vehicle,DAC,72349572,20190506,807,1,NULL,DIXIE                                   ,N ,AVE  ,US0031W ,US0031W ,047 US-31W-10  ,US0031W                                        ,N,37.71291,-85.87664,1,2019,O,047-US-0031W -000,18.349,0,0,0,1,0,0,0,1,0,0,0,0,0,Y
Motor Vehicle,DAC,72349573,20190506,1554,1,NULL,RING                                    ,NULL,RD   ,KY3005  ,KY3005  ,047 KY-3005    ,KY3005                                         ,N,37.73058,-85.87592,4,2019,O,047-KY-3005  -000,7.025,0,0,0,1,0,0,0,1,0,0,0,0,0,Y
Motor Vehicle,DAC,72349672,20190507,1433,2,NULL,RING                                    ,NULL,RD   ,KY3005  ,KY3005  ,NULL,NULL,N,37.73217,-85.84434,1,2019,C,047-KY-3005  -000,8.829,0,0,0,0,0,0,1,1,0,0,1,0,0,Y
Motor Vehicle,DAC,72349789,20190507,1955,2,NULL,DIXIE                                   ,N ,AVE  ,US0031W ,US0031W ,047 US-31W     ,US0031W                                        ,N,37.72862,-85.88415,8,2019,O,047-US-0031W -000,19.502,0,0,0,0,0,0,1,0,0,0,0,1,0,Y
Motor Vehicle,DAC,72350013,20190508,1020,3,NULL,VALLEY CREEK                            ,NULL,RD   ,KY0567  ,KY0567  ,047 KY-567     ,KY0567                                         ,N,37.67341,-85.84234,9,2019,O,047-KY-0567  -000,0.105,0,1,0,0,0,0,0,0,0,0,1,0,0,Y
Motor Vehicle,DAC,72350300,20190417,2141,3,NULL,ST JOHN                                 ,NULL,RD   ,KY1357  ,KY1357  ,047 KY-1357    ,KY1357                                         ,N,37.70026,-85.88183,1,2019,O,047-KY-1357  -000,16.327,0,0,1,1,0,0,0,0,0,0,1,0,0,Y
Motor Vehicle,DAC,72350412,20190508,1334,3,NULL,DIXIE                                   ,E ,AVE  ,US0031W ,US0031W ,047 US-31W     ,US0031W                                        ,N,37.6748,-85.84585,4,2019,B,047-US-0031W -000,15.138,0,0,0,0,0,0,1,1,0,0,0,0,0,Y
Motor Vehicle,DAC,72350523,20190509,1245,4,NULL,RING                                    ,NULL,RD   ,KY3005  ,KY3005  ,047 KY-3005    ,KY3005                                         ,N,37.73227,-85.84524,5,2019,O,047-KY-3005  -000,8.779,0,0,0,1,0,0,1,1,0,0,0,0,0,Y
Motor Vehicle,DAC,72350755,20190509,1352,4,308,STATE                                   ,NULL,ST   ,NULL,NULL,047 CS-1506    ,CS1506                                         ,N,37.7139,-85.8835,1,2019,O,047-CS-1506  -000,0.129,0,0,0,0,0,0,0,0,0,0,0,0,0,Y
Motor Vehicle,DAC,72350799,20190509,1614,4,NULL,DIXIE                                   ,E ,AVE  ,US0031W ,US0031W ,047 US-31W     ,US0031W                                        ,N,37.69264,-85.85734,5,2019,O,047-US-0031W -000,16.56,0,0,0,0,0,0,1,0,0,0,0,0,0,Y
Motor Vehicle,DAC,72350840,20190509,1839,4,NULL,MILES                                   ,N ,ST   ,KY0251  ,KY0251  ,NULL,NULL,N,37.70605,-85.8553,5,2019,O,047-KY-0251  -000,0.8,0,0,0,1,0,0,1,0,0,0,0,0,0,Y
Motor Vehicle,DAC,72350857,20190509,1557,4,NULL,MULBERRY                                ,S ,ST   ,US0062  ,US0062  ,047 US-62-10   ,US0062                                         ,N,37.68791,-85.86846,3,2019,O,047-US-0062  -000,17.315,0,0,1,0,0,0,1,0,0,0,0,1,0,Y
Motor Vehicle,DAC,72350993,20190502,1559,4,NULL,MILES                                   ,N ,ST   ,KY0251  ,KY0251  ,047 KY-251     ,KY0251                                         ,N,37.69708,-85.86196,4,2019,O,047-KY-0251  -000,0.09,0,0,0,1,0,0,0,1,0,0,1,0,0,Y
Motor Vehicle,DAC,72350994,20190503,1648,5,NULL,DIXIE                                   ,W ,AVE  ,US0031W ,US0031W ,047 US-31W     ,US0031W                                        ,N,37.69464,-85.86085,8,2019,O,047-US-0031W -000,16.811,0,0,0,0,0,0,0,1,0,0,0,1,0,Y
Motor Vehicle,DAC,72350995,20190503,1741,5,NULL,COMMERCE                                ,NULL,DR   ,NULL,NULL,047 CS-1108    ,CS1108                                         ,N,37.71038,-85.83316,1,2019,O,047-CS-1108  -000,0.085,0,0,1,1,0,0,0,1,0,0,1,0,0,Y
Motor Vehicle,DAC,72350996,20190504,1636,6,NULL,US31W BYP N TURN LANE                   ,NULL,NULL,US0031WB,US0031WB,047 US-31WB-21 ,US0031WB                                       ,N,37.70057,-85.88195,5,2019,O,047-US-0031WB-021,0.032,0,0,0,0,0,0,1,0,0,0,0,0,0,Y
Motor Vehicle,DAC,72350997,20190504,1636,6,NULL,31W                                     ,NULL,BYP  ,US0031WB,US0031WB,047 US-31WB    ,US0031WB                                       ,N,37.70013,-85.88176,5,2019,O,047-US-0031WB-000,2.164,0,0,1,0,0,0,1,0,0,0,0,0,0,Y
Motor Vehicle,DAC,72351107,20190510,1333,5,NULL,DIXIE                                   ,N ,AVE  ,US0031W ,US0031W ,047 US-31W-10  ,US0031W                                        ,N,37.73308,-85.88664,5,2019,B,047-US-0031W -000,19.844,0,0,1,0,0,0,1,0,0,0,0,0,0,Y
Motor Vehicle,Non DAC,72351222,20190505,1316,0,NULL,DIXIE                                   ,N ,AVE  ,US0031W ,US0031W ,047 US-31W     ,US0031W                                        ,N,37.74546,-85.89229,5,2019,O,047-US-0031W -000,20.744,0,0,0,1,0,0,1,1,0,0,0,0,0,Y
Motor Vehicle,DAC,72351324,20190510,1620,5,NULL,DIXIE                                   ,N ,AVE  ,US0031W ,US0031W ,047 US-31W     ,US0031W                                        ,N,37.73385,-85.88685,8,2019,O,047-US-0031W -000,19.882,0,0,0,0,0,0,0,0,0,0,0,1,0,Y
Motor Vehicle,Non DAC,72351592,20190509,1509,4,NULL,RING                                    ,NULL,RD   ,KY3005  ,KY3005  ,047 KY-3005    ,KY3005                                         ,N,37.69563,-85.91048,5,2019,O,047-KY-3005  -000,3.648,0,0,0,0,0,0,1,0,0,0,0,0,0,Y
Motor Vehicle,Non DAC,72351593,20190509,1551,4,NULL,RING                                    ,NULL,RD   ,KY3005  ,KY3005  ,047 KY-3005    ,KY3005                                         ,N,37.67244,-85.91241,1,2019,O,047-KY-3005  -000,1.913,0,0,0,0,0,0,1,0,0,0,0,0,0,Y
Motor Vehicle,DAC,72351861,20190512,1043,0,NULL,POPLAR                                  ,W ,ST   ,NULL,NULL,047 CS-1068    ,CS1068                                         ,N,37.6971,-85.86198,5,2019,O,047-CS-1068  -000,0.332,0,0,0,0,0,0,1,0,0,0,0,0,0,Y
Motor Vehicle,DAC,72351995,20190511,1604,6,NULL,DIXIE                                   ,N ,AVE  ,US0031W ,US0031W ,047 US-31W-10  ,US0031W                                        ,N,37.73125,-85.88573,5,2019,O,047-US-0031W -000,19.698,0,0,1,0,0,0,1,0,0,0,0,0,0,Y
Motor Vehicle,DAC,72351996,20190510,1658,5,NULL,DIXIE                                   ,N ,AVE  ,US0031W ,US0031W ,047 US-31W-10  ,US0031W                                        ,N,37.71788,-85.87911,1,2019,C,047-US-0031W -000,18.721,0,0,0,0,0,0,1,0,0,0,0,0,0,Y
Motor Vehicle,Non DAC,72352049,20190510,1544,5,NULL,ST JOHN                                 ,NULL,RD   ,KY1357  ,KY1357  ,047 KY-1357    ,KY1357                                         ,N,37.69989,-85.88265,5,2019,O,047-KY-1357  -000,16.2,0,0,0,0,0,0,1,0,0,0,0,0,0,Y
Motor Vehicle,DAC,72352051,20190511,2135,6,NULL,RING                                    ,NULL,RD   ,KY3005  ,KY3005  ,047 KY-3005    ,KY3005                                         ,N,37.73319,-85.86588,9,2019,O,047-KY-3005  -000,7.613,0,0,0,0,0,0,0,0,0,0,0,0,0,Y
Motor Vehicle,DAC,72352052,20190512,1830,0,NULL,DIXIE                                   ,N ,AVE  ,US0031W ,US0031W ,NULL,NULL,N,37.73073,-85.88517,8,2019,O,047-US-0031W -000,19.726,0,0,0,0,0,0,1,0,0,0,0,1,0,Y
Motor Vehicle,Non DAC,72352109,20190502,2120,4,NULL,BUFORD                                  ,NULL,LN   ,NULL,NULL,047 CS-1206    ,CS1206                                         ,N,37.72431,-85.88772,9,2019,B,047-CS-1206  -000,0.226,0,0,0,0,0,0,0,0,1,0,0,1,0,Y
Motor Vehicle,DAC,72352460,20190509,2215,4,NULL,RING                                    ,NULL,RD   ,KY3005  ,KY3005  ,047 KY-3005    ,KY3005                                         ,N,37.72927,-85.88095,5,2019,B,047-KY-3005  -000,6.732,0,0,0,0,0,0,1,0,0,0,0,0,0,Y
Motor Vehicle,Non DAC,72352856,20190514,1822,2,NULL,LEITCHFIELD                             ,NULL,RD   ,US0062  ,US0062  ,NULL,NULL,N,37.67329,-85.90818,1,2019,C,047-US-0062  -000,14.763,0,0,0,0,0,0,1,1,0,0,1,0,0,N
Motor Vehicle,DAC,72352962,20190515,1501,3,NULL,US31W BYP S TURN LANE                   ,NULL,NULL,US0031WB,US0031WB,047 US-31WB-23 ,US0031WB                                       ,N,37.69993,-85.88201,5,2019,O,047-US-0031WB-023,0.024,0,0,0,1,0,0,1,0,0,0,0,0,0,Y
Motor Vehicle,Non DAC,72352963,20190514,1545,2,NULL,LEITCHFIELD                             ,NULL,RD   ,US0062  ,US0062  ,047 US-62-10   ,US0062                                         ,N,37.673,-85.9089,5,2019,O,047-US-0062  -000,14.723,0,0,1,0,0,0,1,0,0,0,0,0,0,N
Motor Vehicle,DAC,72353364,20190514,2141,2,NULL,RING                                    ,NULL,RD   ,KY3005  ,KY3005  ,047 KY-3005    ,KY3005                                         ,N,37.72816,-85.88422,4,2019,O,047-KY-3005  -000,6.563,0,0,0,0,0,0,1,0,0,0,1,0,0,Y
Motor Vehicle,DAC,72353396,20190515,2230,3,NULL,DIXIE                                   ,N ,AVE  ,US0031W ,US0031W ,047 US-31W-10  ,US0031W                                        ,N,37.7282,-85.88421,1,2019,O,047-US-0031W -000,19.484,0,0,0,0,0,0,1,0,0,0,1,0,0,Y
Motor Vehicle,Non DAC,72353467,20190506,640,1,NULL,RING                                    ,NULL,RD   ,KY3005  ,KY3005  ,047 KY-3005-10 ,KY3005                                         ,N,37.6716,-85.91197,4,2019,O,047-KY-3005  -000,1.912,0,0,1,0,0,0,0,1,0,0,1,0,0,N
Motor Vehicle,DAC,72353468,20190506,809,1,NULL,CARDINAL                                ,NULL,DR   ,KY0361  ,KY0361  ,047 KY-361     ,KY0361                                         ,N,37.71007,-85.88344,9,2019,O,047-KY-0361  -000,0.612,0,0,0,1,0,0,1,0,0,0,0,1,0,Y
Motor Vehicle,DAC,72353469,20190507,1306,2,NULL,DIXIE                                   ,N ,AVE  ,US0031W ,US0031W ,047 US-31W-10  ,US0031W                                        ,N,37.71805,-85.8791,8,2019,O,047-US-0031W -000,18.71,0,0,0,0,0,0,0,1,0,0,1,0,0,Y
Motor Vehicle,DAC,72353470,20190515,749,3,NULL,MULBERRY                                ,N ,ST   ,US0062  ,US0062  ,047 US-62      ,US0062                                         ,N,37.69393,-85.85938,5,2019,O,047-US-0062  -000,17.971,0,0,0,0,0,0,1,0,0,0,0,0,0,Y
Motor Vehicle,DAC,72353471,20190515,1307,3,NULL,RING                                    ,NULL,RD   ,KY3005  ,KY3005  ,047 KY-3005    ,KY3005                                         ,N,37.73199,-85.8715,8,2019,O,047-KY-3005  -000,7.289,0,0,1,0,0,0,1,0,0,0,0,1,0,Y
Motor Vehicle,DAC,72353618,20190502,1644,4,NULL,RING                                    ,NULL,RD   ,KY3005  ,KY3005  ,047 KY-3005    ,KY3005                                         ,N,37.71057,-85.83941,8,2019,O,047-KY-3005  -000,10.471,0,0,1,1,0,0,1,0,0,0,0,1,0,Y
Motor Vehicle,DAC,72353620,20190428,230,0,NULL,31W                                     ,NULL,BYP  ,US0031WB,US0031WB,047 US-31WB    ,US0031WB                                       ,N,37.70022,-85.88187,4,2019,O,047-US-0031WB-000,2.168,0,0,0,0,0,0,0,0,0,0,1,0,0,Y
Motor Vehicle,Non DAC,72353621,20190512,1723,0,NULL,RING                                    ,NULL,RD   ,KY3005  ,KY3005  ,NULL,NULL,N,37.71792,-85.90297,5,2019,O,047-KY-3005  -000,5.29,0,0,0,1,0,0,1,1,0,0,0,0,0,Y
Motor Vehicle,DAC,72353622,20190511,1608,6,NULL,DIXIE                                   ,N ,AVE  ,US0031W ,US0031W ,047 US-31W-10  ,US0031W                                        ,N,37.73516,-85.8876,5,2019,O,047-US-0031W -000,20.037,0,0,0,0,0,0,1,0,0,0,0,0,0,Y
Motor Vehicle,DAC,72353623,20190509,1755,4,NULL,DIXIE                                   ,N ,AVE  ,US0031W ,US0031W ,047 US-31W     ,US0031W                                        ,N,37.71843,-85.87905,8,2019,O,047-US-0031W -000,18.753,0,0,0,0,0,0,1,1,0,0,0,1,0,Y
Motor Vehicle,DAC,72353624,20190509,1849,4,NULL,MULBERRY                                ,N ,ST   ,US0062  ,US0062  ,047 US-62      ,US0062                                         ,N,37.6951,-85.85833,5,2019,O,047-US-0062  -000,18.054,0,0,0,0,0,0,1,0,0,0,0,0,0,Y
Motor Vehicle,DAC,72353625,20190509,1858,4,NULL,MULBERRY                                ,N ,ST   ,US0062  ,US0062  ,047 US-62      ,US0062                                         ,N,37.6951,-85.85833,5,2019,O,047-US-0062  -000,18.054,0,0,0,0,0,0,1,0,1,1,0,0,0,Y
Motor Vehicle,DAC,72353776,20190509,1513,4,NULL,RING                                    ,NULL,RD   ,KY3005  ,KY3005  ,047 KY-3005    ,KY3005                                         ,N,37.73224,-85.84466,5,2019,O,047-KY-3005  -000,8.811,0,0,1,0,0,0,1,0,0,0,0,0,0,Y
Motor Vehicle,DAC,72353777,20190516,1602,4,NULL,DIXIE                                   ,N ,AVE  ,US0031W ,US0031W ,047 US-31W     ,US0031W                                        ,N,37.7081,-85.87372,4,2019,O,047-US-0031W -000,17.976,0,0,0,1,0,0,1,0,0,0,0,0,0,Y
Motor Vehicle,DAC,72354351,20190518,1258,6,NULL,DIXIE                                   ,N ,AVE  ,US0031W ,US0031W ,047 US-31W     ,US0031W                                        ,N,37.72728,-85.88348,1,2019,O,047-US-0031W -000,19.404,0,0,0,0,0,0,1,1,0,0,0,0,0,Y
Motor Vehicle,DAC,72354363,20190517,1405,5,NULL,DIXIE                                   ,W ,AVE  ,US0031W ,US0031W ,047 US-31W     ,US0031W                                        ,N,37.70159,-85.86828,5,2019,O,047-US-0031W -000,17.434,0,0,0,0,0,0,1,0,0,0,0,0,0,Y
Motor Vehicle,DAC,72354447,20190518,1115,6,NULL,RING                                    ,NULL,RD   ,KY3005  ,KY3005  ,047 KY-3005    ,KY3005                                         ,N,37.73311,-85.86736,5,2019,O,047-KY-3005  -000,7.532,0,0,0,1,0,0,1,0,0,0,0,1,0,Y
Motor Vehicle,DAC,72355083,20190507,1320,2,NULL,DIXIE                                   ,W ,AVE  ,US0031W ,US0031W ,047 US-31W     ,US0031W                                        ,N,37.69529,-85.86194,2,2019,O,047-US-0031W -000,16.882,0,0,1,0,0,0,0,1,0,0,0,0,0,Y
Motor Vehicle,DAC,72355356,20190520,1648,1,NULL,MULBERRY                                ,N ,ST   ,US0062  ,US0062  ,NULL,NULL,N,37.70763,-85.84162,1,2019,C,047-US-0062  -000,19.341,0,0,1,1,0,0,1,1,0,0,0,0,0,Y
Motor Vehicle,DAC,72355594,20190517,1127,5,NULL,RING                                    ,NULL,RD   ,KY3005  ,KY3005  ,047 KY-3005    ,KY3005                                         ,N,37.73219,-85.84434,1,2019,C,047-KY-3005  -000,8.827,0,0,0,1,0,0,1,0,0,0,0,0,0,Y
Motor Vehicle,Non DAC,72356456,20190508,635,3,NULL,KY1600                                  ,NULL,NULL,KY1600  ,KY1600  ,047 KY-1600    ,KY1600                                         ,N,37.72759,-85.91681,5,2019,O,047-KY-1600  -000,0.009,0,0,0,0,0,0,1,0,0,0,1,0,0,Y
Motor Vehicle,DAC,72356856,20190523,2017,4,NULL,DIXIE                                   ,E ,AVE  ,US0031W ,US0031W ,047 US-31W     ,US0031W                                        ,N,37.69192,-85.85625,9,2019,B,047-US-0031W -000,16.484,0,0,0,0,0,0,0,0,0,0,0,1,0,Y
Motor Vehicle,Non DAC,72357587,20190524,908,5,NULL,RING                                    ,NULL,RD   ,KY3005  ,KY3005  ,047 KY-3005-10 ,KY3005                                         ,N,37.67159,-85.91201,1,2019,O,047-KY-3005  -000,1.912,0,0,0,0,0,0,0,1,0,0,1,0,0,N
Motor Vehicle,Non DAC,72358120,20190526,1522,0,NULL,DIXIE                                   ,N ,AVE  ,US0031W ,US0031W ,047 US-31W     ,US0031W                                        ,N,37.74256,-85.89101,5,2019,O,047-US-0031W -000,20.528,0,1,0,0,0,0,1,0,0,0,0,0,0,Y
Motor Vehicle,DAC,72358247,20190511,1354,6,NULL,MULBERRY                                ,N ,ST   ,US0062  ,US0062  ,047 US-62-10   ,US0062                                         ,N,37.7098,-85.83759,1,2019,C,047-US-0062  -000,19.607,0,0,0,0,0,0,1,1,0,0,0,0,0,Y
Motor Vehicle,DAC,72358248,20190517,1334,5,NULL,NULL,NULL,NULL,US0031WB,US0031WB,NULL,NULL,N,37.6878,-85.86878,5,2019,O,047-US-0031WB-131,0.213,0,0,0,0,0,0,1,0,0,0,0,0,0,Y
Motor Vehicle,Non DAC,72358263,20190527,1326,1,NULL,RING                                    ,NULL,RD   ,KY3005  ,KY3005  ,047 KY-3005    ,KY3005                                         ,N,37.72522,-85.89177,5,2019,O,047-KY-3005  -000,6.083,0,0,0,1,0,0,1,0,0,0,0,0,0,Y
Motor Vehicle,DAC,72358435,20190527,1718,1,NULL,DIXIE                                   ,N ,AVE  ,US0031W ,US0031W ,047 US-31W-10  ,US0031W                                        ,N,37.729,-85.88447,8,2019,O,047-US-0031W -000,19.54,0,0,0,0,0,0,1,0,0,0,0,1,0,Y
Motor Vehicle,Non DAC,72358599,20190524,1515,5,NULL,DIXIE                                   ,N ,AVE  ,US0031W ,US0031W ,047 US-31W-10  ,US0031W                                        ,N,37.74819,-85.89379,5,2019,O,047-US-0031W -000,20.956,0,0,0,0,0,0,0,0,0,0,0,0,0,Y
Motor Vehicle,DAC,72358600,20190525,1423,6,NULL,MAIN                                    ,N ,ST   ,NULL,NULL,047 CS-1320    ,CS1320                                         ,N,37.69574,-85.85553,1,2019,O,047-CS-1320  -000,0.215,0,0,0,0,0,0,0,0,0,0,1,0,0,Y
Motor Vehicle,DAC,72358906,20190528,1915,2,NULL,DIXIE                                   ,N ,AVE  ,US0031W ,US0031W ,047 US-31W-10  ,US0031W                                        ,N,37.73178,-85.88589,5,2019,O,047-US-0031W -000,19.748,0,0,0,0,0,0,1,0,0,0,0,0,0,Y
Motor Vehicle,Non DAC,72358907,20190528,1730,2,NULL,HARMONY                                 ,NULL,WAY  ,NULL,NULL,047 CS-1413    ,CS1413                                         ,N,37.72464,-85.9036,7,2019,O,047-CS-1413  -000,0.095,0,0,0,1,0,0,1,0,0,0,1,0,0,Y
Motor Vehicle,DAC,72358921,20190527,1802,1,NULL,HODGENVILLE                             ,NULL,RD   ,KY0210  ,KY0210  ,047 KY-210     ,KY0210                                         ,N,37.67242,-85.84377,4,2019,O,047-KY-0210  -000,0.142,0,0,0,0,0,0,0,1,0,0,0,0,0,Y
Motor Vehicle,DAC,72358926,20190527,1533,1,NULL,WOODLAND                                ,NULL,DR   ,NULL,NULL,047 CS-1193    ,CS1193                                         ,N,37.714,-85.88082,5,2019,O,047-CS-1193  -000,0.98,0,0,0,0,0,0,1,0,0,0,0,0,0,Y
Motor Vehicle,DAC,72359079,20190529,909,3,NULL,RING                                    ,NULL,RD   ,KY3005  ,KY3005  ,047 KY-3005    ,KY3005                                         ,N,37.73216,-85.84435,1,2019,B,047-KY-3005  -000,8.829,0,0,0,1,0,0,1,0,0,0,1,0,0,Y
Motor Vehicle,DAC,72359145,20190529,1412,3,NULL,31W                                     ,NULL,BYP  ,US0031WB,US0031WB,047 US-31WB    ,US0031WB                                       ,N,37.6987,-85.88087,9,2019,O,047-US-0031WB-000,2.053,0,0,0,0,0,0,0,0,0,0,0,1,0,Y