Mode,Crash In Disadvantaged Community,MasterFile,CollisionDate,CollisionTime,CollisionDayWeekCode,RoadwayName_HouseBusinessNumber_,RoadwayName_RoadwayName_,RoadwayName_Direction_,RoadwayName_RoadwaySuffix_,RoadwayfromReport,CurrentRoadwayNumber,RSEUniqueGIS,RoadwayIdentifier,ParkingLotIndicator,Latitude,Longitude,MannerofCollisionCode,YR,KABCO,KTC_RT,KTC_MP,Motorcyclist,Commercial Vehicle,Young Driver,Mature Driver,Pedestrian,Bicyclist,Distracted,Aggressive,Impaired,Unrestrained,Intersection,Roadway Departure,Median Cross-over,In City Limits?
Motor Vehicle,Non DAC,72359203,20190529,1149,3,459,SPORTSMAN LAKE                          ,NULL,RD   ,NULL,NULL,047 CS-1520    ,CS1520                                         ,N,37.66025,-85.84067,9,2019,O,047-CS-1520  -000,0.353,0,0,0,0,0,0,1,0,0,0,0,1,0,Y
Motor Vehicle,DAC,72359653,20190530,1128,4,NULL,MULBERRY                                ,N ,ST   ,US0062  ,US0062  ,047 US-62      ,US0062                                         ,N,37.70911,-85.83848,8,2019,O,047-US-0062  -000,19.545,0,0,0,1,0,0,1,1,0,0,0,1,0,Y
Motor Vehicle,DAC,72359660,20190530,1310,4,NULL,MULBERRY                                ,N ,ST   ,US0062  ,US0062  ,NULL,NULL,N,37.71059,-85.83609,5,2019,O,047-US-0062  -000,19.702,0,0,1,0,0,0,1,0,0,0,0,0,0,Y
Motor Vehicle,DAC,72359673,20190530,815,4,NULL,DIXIE                                   ,N ,AVE  ,US0031W ,US0031W ,047 US-31W-10  ,US0031W                                        ,N,37.73114,-85.88566,5,2019,O,047-US-0031W -000,19.701,0,0,0,0,0,0,1,0,0,0,0,0,0,Y
Motor Vehicle,DAC,72359940,20190529,1544,3,NULL,DIXIE                                   ,N ,AVE  ,US0031W ,US0031W ,NULL,NULL,N,37.70896,-85.87441,5,2019,O,047-US-0031W -000,18.051,0,0,0,0,0,0,1,0,0,0,0,0,0,Y
Motor Vehicle,DAC,72359969,20190528,738,2,NULL,COLLEGE                                 ,NULL,ST   ,NULL,NULL,047 CS-1730    ,CS1730                                         ,N,37.69217,-85.86342,1,2019,O,047-CS-1730  -000,0.492,0,0,0,0,0,0,0,1,0,0,0,0,0,Y
Motor Vehicle,Non DAC,72359970,20190528,1409,2,NULL,LEITCHFIELD                             ,NULL,RD   ,US0062  ,US0062  ,047 US-62      ,US0062                                         ,N,37.67725,-85.88985,4,2019,O,047-US-0062  -000,15.874,0,0,0,1,0,0,0,1,0,0,1,0,0,Y
Motor Vehicle,DAC,72359987,20190529,1652,3,NULL,PEAR ORCHARD                            ,NULL,RD   ,NULL,NULL,047 CS-1327    ,CS1327                                         ,N,37.71702,-85.85543,1,2019,O,047-CS-1327  -000,0.407,0,0,0,0,0,0,1,0,0,0,0,0,0,Y
Motor Vehicle,Non DAC,72360051,20190530,2148,4,NULL,RING                                    ,NULL,RD   ,KY3005  ,KY3005  ,047 KY-3005-10 ,KY3005                                         ,N,37.6792,-85.91501,1,2019,O,047-KY-3005  -000,2.469,0,0,0,0,0,0,0,0,0,0,1,0,0,Y
Motor Vehicle,DAC,72360085,20190523,2022,4,NULL,DIXIE                                   ,E ,AVE  ,US0031W ,US0031W ,047 US-31W     ,US0031W                                        ,N,37.68816,-85.85298,4,2019,C,047-US-0031W -000,16.183,0,0,0,0,0,0,1,0,0,0,1,0,0,Y
Motor Vehicle,DAC,72360255,20190524,758,5,NULL,NULL,NULL,NULL,I 0065  ,I 0065  ,NULL,NULL,N,37.7133,-85.83069,5,2019,O,047-I -0065  -531,0.254,0,0,0,0,0,0,1,0,0,0,0,0,0,Y
Motor Vehicle,DAC,72360256,20190531,814,5,NULL,MULBERRY                                ,S ,ST   ,US0062  ,US0062  ,047 US-62-10   ,US0062                                         ,N,37.68231,-85.87557,1,2019,O,047-US-0062  -000,16.76,0,0,0,0,0,0,0,1,0,0,0,1,0,Y
Motor Vehicle,DAC,72360281,20190531,1415,5,600,POPLAR                                  ,W ,ST   ,NULL,NULL,047 CS-1068    ,CS1068                                         ,N,37.70476,-85.87016,8,2019,O,047-CS-1068  -000,1.038,0,0,0,1,0,0,0,0,0,0,0,1,0,Y
Motor Vehicle,Non DAC,72360305,20190531,1237,5,NULL,RING                                    ,NULL,RD   ,KY3005  ,KY3005  ,047 KY-3005    ,KY3005                                         ,N,37.71789,-85.90259,1,2019,O,047-KY-3005  -000,5.3,0,0,0,1,0,0,1,0,0,0,0,0,0,Y
Motor Vehicle,Non DAC,72360367,20190531,1557,5,1111,RING                                    ,NULL,RD   ,KY3005  ,KY3005  ,NULL,NULL,N,37.71831,-85.9021,5,2019,O,047-KY-3005  -000,5.339,0,0,1,0,0,0,1,1,0,0,0,0,0,Y
Motor Vehicle,DAC,72360593,20190531,1615,5,NULL,DIXIE                                   ,N ,AVE  ,US0031W ,US0031W ,NULL,NULL,N,37.70668,-85.87287,5,2019,O,047-US-0031W -000,17.846,0,0,0,0,0,0,1,1,0,0,0,0,0,Y
Motor Vehicle,DAC,72360613,20190531,1757,5,NULL,WALMART                                 ,NULL,LN   ,NULL,NULL,047 PR-1004    ,PR1004                                         ,N,37.72943,-85.88211,5,2019,O,047-PR-1004  -000,0.033,0,0,0,1,0,0,0,1,0,0,0,0,0,Y
Motor Vehicle,DAC,72360729,20190601,1020,6,125,THE LOOP                                ,NULL,NULL,NULL,NULL,NULL,NULL,N,37.71476,-85.83302,1,2019,O,047-CS-1243  -000,0.104,0,0,0,0,0,0,0,1,0,0,0,0,0,Y
Motor Vehicle,DAC,72360922,20190531,1606,5,NULL,DIXIE                                   ,N ,AVE  ,US0031W ,US0031W ,047 US-31W-10  ,US0031W                                        ,N,37.70725,-85.87318,1,2019,O,047-US-0031W -000,17.889,0,0,0,0,0,0,0,1,0,0,1,0,0,Y
Motor Vehicle,DAC,72360923,20190601,1600,6,NULL,RING                                    ,NULL,RD   ,KY3005  ,KY3005  ,047 KY-3005    ,KY3005                                         ,N,37.73215,-85.84416,5,2019,O,047-KY-3005  -000,8.82,0,0,0,0,0,0,1,0,0,0,0,0,0,Y
Motor Vehicle,DAC,72361042,20190602,1303,0,NULL,31W                                     ,NULL,BYP  ,US0031WB,US0031WB,NULL,NULL,N,37.69203,-85.87212,5,2019,O,047-US-0031WB-000,1.368,0,0,0,0,0,0,1,1,0,0,0,0,0,Y
Motor Vehicle,DAC,72361465,20190603,1212,1,NULL,DIXIE                                   ,N ,AVE  ,US0031W ,US0031W ,047 US-31W-10  ,US0031W                                        ,N,37.70834,-85.8739,5,2019,O,047-US-0031W -000,17.992,0,0,1,0,0,0,0,0,0,0,0,0,0,Y
Motor Vehicle,DAC,72361868,20190604,1021,2,NULL,MULBERRY                                ,N ,ST   ,US0062  ,US0062  ,047 US-62      ,US0062                                         ,N,37.71241,-85.83202,5,2019,O,047-US-0062  -000,19.967,0,0,0,0,0,0,1,0,0,1,0,0,0,Y
Motor Vehicle,DAC,72362055,20190604,1642,2,NULL,FRENCH                                  ,NULL,ST   ,NULL,NULL,047 CS-1390    ,CS1390                                         ,N,37.7072,-85.84839,3,2019,O,047-CS-1390  -000,0.43,0,0,0,0,0,0,0,0,0,0,0,1,0,Y
Motor Vehicle,Non DAC,72362076,20190529,1540,3,NULL,LEITCHFIELD                             ,NULL,RD   ,US0062  ,US0062  ,047 US-62-10   ,US0062                                         ,N,37.67505,-85.90367,5,2019,O,047-US-0062  -000,15.038,0,0,1,1,0,0,1,0,0,0,0,0,0,N
Motor Vehicle,DAC,72362137,20190603,900,1,NULL,31W                                     ,NULL,BYP  ,US0031WB,US0031WB,NULL,NULL,N,37.68316,-85.86221,9,2019,O,047-US-0031WB-000,0.535,0,0,0,0,0,0,1,0,0,0,0,1,0,Y
Motor Vehicle,DAC,72362175,20190604,1720,2,NULL,31W                                     ,NULL,BYP  ,US0031WB,US0031WB,047 US-31WB-10 ,US0031WB                                       ,N,37.69278,-85.87318,5,2019,O,047-US-0031WB-000,1.452,0,0,0,0,0,0,1,0,0,0,0,0,0,Y
Motor Vehicle,DAC,72362202,20190604,1600,2,NULL,MULBERRY                                ,S ,ST   ,US0062  ,US0062  ,NULL,NULL,N,37.6915,-85.86171,1,2019,O,047-US-0062  -000,17.759,0,0,0,0,0,0,1,1,0,0,1,0,0,Y
Motor Vehicle,DAC,72362325,20190529,1506,3,NULL,DOLPHIN                                 ,NULL,DR   ,NULL,NULL,047 CS-1430    ,CS1430                                         ,N,37.71112,-85.83751,8,2019,O,047-CS-1430  -000,0.092,0,0,0,1,0,0,1,0,0,0,0,1,0,Y
Motor Vehicle,DAC,72362326,20190530,1606,4,NULL,DIXIE                                   ,N ,AVE  ,US0031W ,US0031W ,047 US-31W     ,US0031W                                        ,N,37.73989,-85.8896,5,2019,O,047-US-0031W -000,20.338,0,0,0,0,0,0,1,1,0,0,0,0,0,Y
Motor Vehicle,Non DAC,72362327,20190530,1725,4,NULL,DIXIE                                   ,N ,AVE  ,US0031W ,US0031W ,047 US-31W     ,US0031W                                        ,N,37.74959,-85.8942,5,2019,O,047-US-0031W -000,21.058,0,0,1,0,0,0,1,0,0,0,0,0,0,Y
Motor Vehicle,Non DAC,72362348,20190605,1101,3,NULL,NEW GLENDALE                            ,NULL,RD   ,KY1136  ,KY1136  ,047 KY-1136    ,KY1136                                         ,N,37.67597,-85.85926,1,2019,O,047-KY-1136  -000,9.931,0,0,0,0,0,0,1,0,0,0,1,0,0,Y
Motor Vehicle,DAC,72362578,20190603,1710,1,NULL,RING                                    ,NULL,RD   ,KY3005  ,KY3005  ,047 KY-3005    ,KY3005                                         ,N,37.72952,-85.87999,5,2019,O,047-KY-3005  -000,6.788,0,0,0,0,0,0,1,0,0,0,0,0,0,Y
Motor Vehicle,Non DAC,72362682,20190605,1710,3,NULL,PATRIOT                                 ,NULL,PKWY ,KY0361  ,KY0361  ,047 KY-361-10  ,KY0361                                         ,N,37.71718,-85.90333,5,2019,O,047-KY-0361  -000,1.816,0,0,1,0,0,0,0,1,0,0,0,0,0,Y
Motor Vehicle,DAC,72362693,20190605,2141,3,NULL,31W                                     ,NULL,BYP  ,US0031WB,US0031WB,047 US-31WB-10 ,US0031WB                                       ,N,37.70023,-85.88203,1,2019,C,047-US-0031WB-000,2.16,0,0,0,0,0,0,1,1,0,0,1,0,0,Y
Motor Vehicle,Non DAC,72362852,20190605,740,3,NULL,PATRIOT                                 ,NULL,PKWY ,KY0361  ,KY0361  ,047 KY-361     ,KY0361                                         ,N,37.72166,-85.90957,5,2019,O,047-KY-0361  -000,2.276,0,0,0,0,0,0,1,0,0,0,0,0,0,Y
Motor Vehicle,DAC,72362853,20190605,1234,3,NULL,DIXIE                                   ,E ,AVE  ,US0031W ,US0031W ,047 US-31W     ,US0031W                                        ,N,37.69292,-85.85778,1,2019,O,047-US-0031W -000,16.547,0,0,0,0,0,0,0,1,0,0,1,0,0,Y
Motor Vehicle,DAC,72362854,20190606,941,4,NULL,MULBERRY                                ,N ,ST   ,US0062  ,US0062  ,047 US-62      ,US0062                                         ,N,37.70905,-85.83853,8,2019,O,047-US-0062  -000,19.54,0,0,0,1,0,0,1,0,0,0,0,1,0,Y
Motor Vehicle,DAC,72363097,20190605,1842,3,NULL,MULBERRY                                ,N ,ST   ,US0062  ,US0062  ,047 US-62      ,US0062                                         ,N,37.70176,-85.85136,8,2019,O,047-US-0062  -000,18.674,0,0,0,0,0,0,1,0,0,0,0,1,0,Y
Motor Vehicle,Non DAC,72363252,20190606,1438,4,NULL,31W                                     ,NULL,BYP  ,US0031WB,US0031WB,047 US-31WB-10 ,US0031WB                                       ,N,37.67591,-85.8593,5,2019,O,047-US-0031WB-000,0.002,0,0,0,0,0,0,1,0,0,0,0,0,0,Y
Motor Vehicle,DAC,72363280,20190601,30,6,NULL,OAK MEADOW                              ,NULL,DR   ,NULL,NULL,047 CS-1308    ,CS1308                                         ,N,37.74228,-85.88186,8,2019,O,047-CS-1308  -000,0.251,0,0,0,0,0,0,1,0,0,0,0,0,0,Y
Motor Vehicle,DAC,72363285,20190607,853,5,NULL,DIXIE                                   ,N ,AVE  ,US0031W ,US0031W ,047 US-31W-10  ,US0031W                                        ,N,37.72825,-85.8842,1,2019,O,047-US-0031W -000,19.472,0,0,0,0,0,0,1,0,0,0,1,0,0,Y
Motor Vehicle,DAC,72363382,20190607,1133,5,NULL,DIXIE                                   ,E ,AVE  ,US0031W ,US0031W ,047 US-31W     ,US0031W                                        ,N,37.6833,-85.85033,1,2019,O,047-US-0031W -000,15.769,0,0,0,0,0,0,1,1,0,0,1,0,0,Y
Motor Vehicle,Non DAC,72363479,20190527,930,1,NULL,DIXIE                                   ,S ,HWY  ,US0031W ,US0031W ,047 US-31W     ,US0031W                                        ,N,37.66698,-85.84712,9,2019,O,047-US-0031W -000,14.606,0,0,0,0,0,0,0,0,1,1,0,1,0,Y
Motor Vehicle,DAC,72363749,20190607,1826,5,NULL,DIXIE                                   ,N ,AVE  ,US0031W ,US0031W ,047 US-31W-10  ,US0031W                                        ,N,37.70671,-85.8728,5,2019,O,047-US-0031W -000,17.846,0,0,0,0,0,0,1,1,0,0,0,0,0,Y
Motor Vehicle,DAC,72363750,20190607,2127,5,NULL,MULBERRY                                ,N ,ST   ,US0062  ,US0062  ,047 US-62      ,US0062                                         ,N,37.71418,-85.82886,8,2019,O,047-US-0062  -000,20.154,0,0,0,0,0,0,1,0,0,0,0,1,0,Y
Motor Vehicle,Non DAC,72363760,20190606,1624,4,NULL,PINE VALLEY                             ,NULL,DR   ,NULL,NULL,047 CS-1533    ,CS1533                                         ,N,37.75109,-85.89401,5,2019,O,047-CS-1533  -000,0.047,0,0,0,0,0,0,0,0,0,0,0,0,0,Y
Motor Vehicle,Non DAC,72363808,20190608,246,6,710,PINE VALLEY                             ,NULL,DR   ,NULL,NULL,047 CS-1533    ,CS1533                                         ,N,37.75634,-85.88382,9,2019,O,047-CS-1533  -000,0.719,0,0,0,0,0,0,0,0,0,0,0,1,0,Y
Motor Vehicle,Non DAC,72363809,20190608,41,6,710,PINE VALLEY                             ,NULL,DR   ,NULL,NULL,047 CS-1533    ,CS1533                                         ,N,37.75634,-85.88382,9,2019,O,047-CS-1533  -000,0.719,0,0,0,0,0,0,0,0,1,0,0,1,0,Y
Motor Vehicle,DAC,72363878,20190608,847,6,NULL,RAILROAD                                ,E ,AVE  ,NULL,NULL,047 CS-1017    ,CS1017                                         ,N,37.69374,-85.85209,9,2019,O,047-CS-1017  -000,0.193,0,0,0,0,0,0,0,0,1,0,0,1,0,Y
Motor Vehicle,DAC,72363919,20190608,1012,6,NULL,DIXIE                                   ,N ,AVE  ,US0031W ,US0031W ,047 US-31W-10  ,US0031W                                        ,N,37.73799,-85.88906,1,2019,O,047-US-0031W -000,20.22,0,0,0,1,0,0,0,1,0,0,1,0,0,Y
Motor Vehicle,DAC,72363997,20190608,1610,6,NULL,RING                                    ,NULL,RD   ,KY3005  ,KY3005  ,NULL,NULL,N,37.70974,-85.83888,4,2019,O,047-KY-3005  -000,10.534,0,0,0,0,0,0,1,1,0,0,0,0,0,Y
Motor Vehicle,DAC,72364127,20190606,1740,4,1714,LAKEWOOD                                ,NULL,DR   ,NULL,NULL,047 CS-1273    ,CS1273                                         ,N,37.74187,-85.8779,9,2019,O,047-CS-1273  -000,0.746,0,0,0,0,0,0,1,0,0,0,0,1,0,Y
Motor Vehicle,DAC,72364378,20190609,1447,0,NULL,POPLAR                                  ,W ,ST   ,NULL,NULL,047 CS-1068    ,CS1068                                         ,N,37.69712,-85.86195,5,2019,O,047-CS-1068  -000,0.333,0,0,0,1,0,0,1,0,0,0,0,0,0,Y
Motor Vehicle,DAC,72364539,20190607,1510,5,109,CALUMET                                 ,NULL,CT   ,NULL,NULL,047 CS-1672    ,CS1672                                         ,N,37.74559,-85.86632,2,2019,O,047-CS-1672  -000,0.063,0,0,0,0,0,0,1,0,0,0,0,0,0,Y
Motor Vehicle,DAC,72364540,20190607,1535,5,NULL,DIXIE                                   ,N ,AVE  ,US0031W ,US0031W ,047 US-31W     ,US0031W                                        ,N,37.73738,-85.8885,5,2019,O,047-US-0031W -000,20.188,0,0,0,1,0,0,0,0,0,0,0,0,0,Y
Motor Vehicle,DAC,72364577,20190607,1457,5,NULL,31W                                     ,NULL,BYP  ,US0031WB,US0031WB,047 US-31WB-10 ,US0031WB                                       ,N,37.70328,-85.88392,5,2019,O,047-US-0031WB-000,2.405,0,0,0,0,0,0,0,0,0,0,0,0,0,Y
Motor Vehicle,Non DAC,72364578,20190607,1832,5,NULL,EASTERN                                 ,NULL,ST   ,NULL,NULL,047 CS-1626    ,CS1626                                         ,N,37.67782,-85.90681,2,2019,O,047-CS-1626  -000,0.216,0,0,0,0,0,0,1,0,0,0,0,0,0,Y
Motor Vehicle,DAC,72364579,20190607,1626,5,NULL,DIXIE                                   ,N ,AVE  ,US0031W ,US0031W ,047 US-31W-10  ,US0031W                                        ,N,37.7078,-85.87355,5,2019,B,047-US-0031W -000,17.941,0,0,0,0,0,0,0,0,0,0,0,0,0,Y
Motor Vehicle,Non DAC,72364645,20190609,19,0,1793,LEITCHFIELD                             ,NULL,RD   ,US0062  ,US0062  ,047 US-62      ,US0062                                         ,N,37.6781,-85.88599,8,2019,B,047-US-0062  -000,16.061,0,0,0,0,0,0,0,0,0,0,0,1,0,Y
Motor Vehicle,DAC,72364670,20190610,10,1,NULL,MAIN                                    ,N ,ST   ,NULL,NULL,047 CS-1320    ,CS1320                                         ,N,37.69445,-85.85674,5,2019,O,047-CS-1320  -000,0.104,0,0,0,0,0,0,1,0,1,0,0,0,0,Y
Motor Vehicle,DAC,72364761,20190610,955,1,NULL,US31W BYP N TURN LANE                   ,NULL,NULL,US0031WB,US0031WB,047 US-31WB-24 ,US0031WB                                       ,N,37.71885,-85.87977,5,2019,O,047-US-0031WB-024,0.04,0,0,0,0,0,0,0,0,0,0,0,0,0,Y
Motor Vehicle,DAC,72364848,20190604,1551,2,NULL,31W                                     ,NULL,BYP  ,US0031WB,US0031WB,047 US-31WB-10 ,US0031WB                                       ,N,37.70072,-85.88233,5,2019,O,047-US-0031WB-000,2.207,0,0,0,0,0,0,0,0,0,0,0,1,0,Y
Motor Vehicle,DAC,72364849,20190605,1751,3,NULL,MULBERRY                                ,N ,ST   ,US0062  ,US0062  ,047 US-62-10   ,US0062                                         ,N,37.71318,-85.83074,5,2019,O,047-US-0062  -000,20.038,0,0,1,0,0,0,1,0,0,0,0,0,0,Y
Motor Vehicle,DAC,72364930,20190610,1248,1,NULL,NULL,NULL,NULL,I 0065  ,I 0065  ,NULL,NULL,N,37.71374,-85.83067,6,2019,C,047-I -0065  -531,0.238,0,0,0,0,0,0,1,0,0,0,0,0,0,Y
Motor Vehicle,DAC,72365156,20190610,1755,1,NULL,DIXIE                                   ,N ,AVE  ,US0031W ,US0031W ,047 US-31W-10  ,US0031W                                        ,N,37.70657,-85.87273,5,2019,O,047-US-0031W -000,17.835,0,0,0,0,0,0,1,0,0,0,0,0,0,Y
Motor Vehicle,DAC,72365470,20190607,1833,5,NULL,PEAR ORCHARD                            ,NULL,RD   ,NULL,NULL,047 CS-1327    ,CS1327                                         ,N,37.73383,-85.86199,1,2019,C,047-CS-1327  -000,1.64,0,0,0,1,0,0,1,0,0,0,1,0,0,Y
Motor Vehicle,DAC,72365585,20190611,1647,2,NULL,MILES                                   ,N ,ST   ,KY0251  ,KY0251  ,047 KY-251     ,KY0251                                         ,N,37.6962,-85.86273,1,2019,O,047-KY-0251  -000,0.023,0,0,0,0,0,0,1,0,0,0,0,0,0,Y
Motor Vehicle,DAC,72366069,20190528,747,2,NULL,DIXIE                                   ,W ,AVE  ,US0031W ,US0031W ,047 US-31W     ,US0031W                                        ,N,37.70405,-85.87101,5,2019,O,047-US-0031W -000,17.66,0,0,0,0,0,0,1,1,0,0,0,0,0,Y
Motor Vehicle,DAC,72366070,20190612,1330,3,1504,DIXIE                                   ,N ,AVE  ,US0031W ,US0031W ,047 US-31W-10  ,US0031W                                        ,N,37.7265,-85.88338,8,2019,O,047-US-0031W -000,19.351,0,0,0,1,0,0,1,0,0,0,0,0,0,Y
Motor Vehicle,Non DAC,72366160,20190610,1254,1,NULL,PATRIOT                                 ,NULL,PKWY ,KY0361  ,KY0361  ,047 KY-361-10  ,KY0361                                         ,N,37.71105,-85.88924,5,2019,O,047-KY-0361  -000,0.937,0,0,0,0,0,0,1,0,0,0,0,0,0,Y
Motor Vehicle,DAC,72366377,20190611,1058,2,NULL,MULBERRY                                ,N ,ST   ,US0062  ,US0062  ,047 US-62-10   ,US0062                                         ,N,37.70459,-85.84679,1,2019,A,047-US-0062  -000,18.997,0,0,0,1,0,0,1,0,0,1,1,0,0,Y
Motor Vehicle,DAC,72366378,20190611,1722,2,NULL,RING                                    ,NULL,RD   ,KY3005  ,KY3005  ,047 KY-3005    ,KY3005                                         ,N,37.73385,-85.86179,5,2019,O,047-KY-3005  -000,7.844,0,0,1,0,0,0,1,0,0,0,0,0,0,Y
Motor Vehicle,Non DAC,72366379,20190612,1117,3,NULL,PATRIOT                                 ,NULL,PKWY ,KY0361  ,KY0361  ,047 KY-361     ,KY0361                                         ,N,37.71738,-85.90364,5,2019,O,047-KY-0361  -000,1.824,0,0,0,1,0,0,1,0,0,0,0,0,0,Y
Motor Vehicle,DAC,72366386,20190613,1505,4,NULL,WALMART                                 ,NULL,EXT  ,NULL,NULL,NULL,NULL,N,37.7306,-85.88384,1,2019,O,047-PR-1005  -000,0.032,0,0,0,1,0,0,1,0,0,0,0,0,0,Y
Motor Vehicle,DAC,72366457,20190613,1800,4,NULL,DOLPHIN                                 ,NULL,DR   ,NULL,NULL,047 CS-1430    ,CS1430                                         ,N,37.71474,-85.83756,1,2019,O,047-CS-1430  -000,0.35,0,0,0,1,0,0,1,0,0,0,1,0,0,Y
Motor Vehicle,DAC,72366502,20190612,2157,3,NULL,MILES                                   ,N ,ST   ,KY0251  ,KY0251  ,047 KY-251     ,KY0251                                         ,N,37.69707,-85.86191,1,2019,O,047-KY-0251  -000,0.092,0,0,0,0,0,0,1,0,0,0,1,0,0,Y
Motor Vehicle,Non DAC,72366532,20190613,1420,4,NULL,RING                                    ,NULL,RD   ,KY3005  ,KY3005  ,047 KY-3005-10 ,KY3005                                         ,N,37.69046,-85.91358,1,2019,B,047-KY-3005  -000,3.257,0,0,0,0,0,0,0,1,0,0,1,0,0,Y
Motor Vehicle,DAC,72366584,20190613,1036,4,NULL,DIXIE                                   ,W ,AVE  ,US0031W ,US0031W ,047 US-31W     ,US0031W                                        ,N,37.6953,-85.86201,8,2019,O,047-US-0031W -000,16.886,0,0,1,0,0,0,0,1,0,0,0,1,0,Y
Motor Vehicle,DAC,72366632,20190614,1014,5,NULL,RING                                    ,NULL,RD   ,KY3005  ,KY3005  ,NULL,NULL,N,37.7112,-85.83982,1,2019,O,047-KY-3005  -000,10.422,0,0,0,0,0,0,1,1,0,0,1,0,0,Y
Motor Vehicle,DAC,72366908,20190614,1916,5,NULL,POPLAR                                  ,W ,ST   ,NULL,NULL,047 CS-1068    ,CS1068                                         ,N,37.69498,-85.85837,1,2019,O,047-CS-1068  -000,0.093,0,0,0,0,0,0,1,1,0,0,1,0,0,Y
Motor Vehicle,Non DAC,72367233,20190615,1456,6,NULL,RING                                    ,NULL,RD   ,KY3005  ,KY3005  ,NULL,NULL,N,37.72771,-85.88521,5,2019,O,047-KY-3005  -000,6.482,0,0,0,0,0,0,1,0,0,0,0,0,0,Y
Motor Vehicle,DAC,72367251,20190615,2232,6,NULL,DIXIE                                   ,N ,AVE  ,US0031W ,US0031W ,047 US-31W-10  ,US0031W                                        ,N,37.72853,-85.88438,1,2019,O,047-US-0031W -000,19.508,0,0,1,0,0,0,1,1,0,0,0,0,0,Y
Motor Vehicle,DAC,72367598,20190601,1835,6,NULL,US31W BYP N TURN LANE                   ,NULL,NULL,US0031WB,US0031WB,047 US-31WB-21 ,US0031WB                                       ,N,37.70053,-85.88185,5,2019,O,047-US-0031WB-021,0.027,0,0,0,0,0,0,1,0,0,0,1,0,0,Y
Motor Vehicle,Non DAC,72367623,20190614,2010,5,NULL,TOWNE                                   ,NULL,DR   ,NULL,NULL,047 CS-1448    ,CS1448                                         ,N,37.73041,-85.89407,5,2019,O,047-CS-1448  -000,0.485,0,0,0,0,0,0,0,0,0,0,0,0,0,Y
Motor Vehicle,DAC,72367708,20190616,1224,0,NULL,RING                                    ,NULL,RD   ,KY3005  ,KY3005  ,047 KY-3005    ,KY3005                                         ,N,37.72854,-85.88377,5,2019,O,047-KY-3005  -000,6.57,0,0,0,1,0,0,1,0,0,0,0,0,0,Y
Motor Vehicle,Non DAC,72367709,20190616,1645,0,NULL,NEW GLENDALE                            ,NULL,RD   ,KY1136  ,KY1136  ,047 KY-1136    ,KY1136                                         ,N,37.6762,-85.85917,3,2019,A,047-KY-1136  -000,9.948,0,0,0,0,0,0,0,0,0,0,0,1,1,Y
Motor Vehicle,DAC,72367710,20190616,1831,0,NULL,CARDINAL                                ,NULL,DR   ,KY0361  ,KY0361  ,047 KY-361     ,KY0361                                         ,N,37.70729,-85.87334,5,2019,O,047-KY-0361  -000,0.027,0,0,0,0,0,0,1,0,0,0,0,0,0,Y
Motor Vehicle,Non DAC,72368058,20190617,1636,1,NULL,NULL,NULL,NULL,US0031WB,US0031WB,NULL,NULL,N,37.6889,-85.86952,9,2019,O,047-US-0031WB-133,0.115,0,0,0,0,0,0,0,1,0,0,0,1,0,Y
Motor Vehicle,Non DAC,72368059,20190617,1712,1,NULL,NULL,NULL,NULL,US0031WB,US0031WB,NULL,NULL,N,37.68925,-85.86949,8,2019,O,047-US-0031WB-133,0.131,0,1,0,0,0,0,0,1,0,0,0,0,0,Y
Motor Vehicle,DAC,72368240,20190617,1421,1,NULL,PEAR ORCHARD                            ,NULL,RD   ,NULL,NULL,047 CS-1327    ,CS1327                                         ,N,37.72274,-85.85916,5,2019,C,047-CS-1327  -000,0.855,0,0,0,0,0,0,1,0,0,0,0,0,0,Y
Motor Vehicle,Non DAC,72368336,20190517,1700,5,NULL,DIXIE                                   ,S ,HWY  ,US0031W ,US0031W ,047 US-31W     ,US0031W                                        ,N,37.66841,-85.84681,5,2019,O,047-US-0031W -000,14.705,0,0,0,0,0,0,1,0,0,0,0,0,0,Y
Motor Vehicle,DAC,72368337,20190517,1841,5,NULL,BLUE HERON                              ,NULL,WAY  ,NULL,NULL,047 CS-1700    ,CS1700                                         ,N,37.72342,-85.88152,1,2019,O,047-CS-1700  -000,0.003,0,0,1,0,0,0,1,1,0,0,1,0,0,Y