Mode,Crash In Disadvantaged Community,MasterFile,CollisionDate,CollisionTime,CollisionDayWeekCode,RoadwayName_HouseBusinessNumber_,RoadwayName_RoadwayName_,RoadwayName_Direction_,RoadwayName_RoadwaySuffix_,RoadwayfromReport,CurrentRoadwayNumber,RSEUniqueGIS,RoadwayIdentifier,ParkingLotIndicator,Latitude,Longitude,MannerofCollisionCode,YR,KABCO,KTC_RT,KTC_MP,Motorcyclist,Commercial Vehicle,Young Driver,Mature Driver,Pedestrian,Bicyclist,Distracted,Aggressive,Impaired,Unrestrained,Intersection,Roadway Departure,Median Cross-over,In City Limits?
Motor Vehicle,Non DAC,72368338,20190523,1702,4,NULL,RING                                    ,NULL,RD   ,KY3005  ,KY3005  ,047 KY-3005-10 ,KY3005                                         ,N,37.67929,-85.91505,8,2019,O,047-KY-3005  -000,2.476,0,0,0,1,0,0,1,0,0,0,0,1,0,Y
Motor Vehicle,DAC,72368339,20190603,1723,1,NULL,RING                                    ,NULL,RD   ,KY3005  ,KY3005  ,047 KY-3005    ,KY3005                                         ,N,37.73137,-85.87342,5,2019,O,047-KY-3005  -000,7.174,0,0,0,0,0,0,1,0,0,0,0,0,0,Y
Motor Vehicle,DAC,72368340,20190606,1758,4,NULL,DIXIE                                   ,W ,AVE  ,US0031W ,US0031W ,047 US-31W     ,US0031W                                        ,N,37.69998,-85.86669,5,2019,O,047-US-0031W -000,17.294,0,0,1,0,0,0,1,0,0,0,0,0,0,Y
Motor Vehicle,Non DAC,72368638,20190619,610,3,NULL,RING                                    ,NULL,RD   ,KY3005  ,KY3005  ,047 KY-3005-10 ,KY3005                                         ,N,37.67933,-85.91507,5,2019,O,047-KY-3005  -000,2.478,0,0,0,0,0,0,1,0,0,0,0,0,0,Y
Motor Vehicle,DAC,72368994,20190618,1455,2,NULL,MULBERRY                                ,N ,ST   ,US0062  ,US0062  ,047 US-62      ,US0062                                         ,N,37.70234,-85.85039,8,2019,O,047-US-0062  -000,18.741,0,0,0,0,0,0,1,0,0,0,0,1,0,Y
Motor Vehicle,DAC,72369001,20190619,1738,3,NULL,NEW GLENDALE                            ,NULL,RD   ,NULL,NULL,047 CS-1652    ,CS1652                                         ,N,37.6837,-85.84927,9,2019,C,047-CS-1652  -000,0.064,0,0,0,0,0,0,1,0,1,0,1,0,0,Y
Motor Vehicle,DAC,72369090,20190620,1137,4,NULL,LONG                                    ,NULL,AVE  ,NULL,NULL,047 CS-1144    ,CS1144                                         ,N,37.71013,-85.87978,2,2019,O,047-CS-1144  -000,0.09,0,0,0,1,0,0,1,0,0,0,0,0,0,Y
Motor Vehicle,DAC,72369191,20190620,1005,4,NULL,31W                                     ,NULL,BYP  ,US0031WB,US0031WB,047 US-31WB    ,US0031WB                                       ,N,37.69202,-85.87178,2,2019,O,047-US-0031WB-000,1.368,0,0,1,0,0,0,1,0,0,0,0,0,0,Y
Motor Vehicle,DAC,72369239,20190618,1115,2,NULL,US31W BYP N TURN LANE                   ,NULL,NULL,US0031WB,US0031WB,047 US-31WB-24 ,US0031WB                                       ,N,37.7187,-85.87952,5,2019,O,047-US-0031WB-024,0.058,0,0,0,0,0,0,1,0,0,0,0,0,0,Y
Motor Vehicle,Non DAC,72369240,20190619,1516,3,NULL,MULBERRY                                ,N ,ST   ,US0062  ,US0062  ,047 US-62      ,US0062                                         ,N,37.71518,-85.82634,8,2019,O,047-US-0062  -000,20.306,0,0,0,1,0,0,1,0,0,0,0,1,0,Y
Motor Vehicle,DAC,72369241,20190619,1710,3,NULL,MANTLE                                  ,N ,AVE  ,NULL,NULL,047 CS-1025    ,CS1025                                         ,N,37.70113,-85.86728,8,2019,O,047-CS-1025  -000,0.025,0,0,0,0,0,0,1,0,0,0,0,1,0,Y
Motor Vehicle,DAC,72369677,20190607,1252,5,NULL,DIXIE                                   ,N ,AVE  ,US0031W ,US0031W ,047 US-31W-10  ,US0031W                                        ,N,37.70833,-85.87383,5,2019,B,047-US-0031W -000,17.989,0,0,0,1,0,0,1,0,0,0,0,0,0,Y
Motor Vehicle,DAC,72369679,20190615,1055,6,NULL,MAIN                                    ,N ,ST   ,NULL,NULL,047 CS-1320    ,CS1320                                         ,N,37.69419,-85.85698,1,2019,B,047-CS-1320  -000,0.082,0,0,0,1,0,0,0,1,0,0,1,0,0,Y
Motor Vehicle,DAC,72369964,20190621,1622,5,NULL,DIXIE                                   ,N ,AVE  ,US0031W ,US0031W ,047 US-31W-10  ,US0031W                                        ,N,37.70718,-85.87316,4,2019,B,047-US-0031W -000,17.884,0,0,0,0,0,0,1,0,0,0,0,0,0,Y
Motor Vehicle,DAC,72369965,20190621,2100,5,NULL,DIXIE                                   ,N ,AVE  ,US0031W ,US0031W ,047 US-31W     ,US0031W                                        ,N,37.7324,-85.88602,5,2019,O,047-US-0031W -000,19.79,0,0,0,0,0,0,1,1,0,0,0,0,0,Y
Motor Vehicle,DAC,72369989,20190621,2120,5,NULL,COMMERCE                                ,NULL,DR   ,NULL,NULL,047 CS-1108    ,CS1108                                         ,N,37.71037,-85.83311,1,2019,O,047-CS-1108  -000,0.088,0,0,1,0,0,0,0,1,0,0,1,0,0,Y
Motor Vehicle,DAC,72369990,20190621,2225,5,NULL,MULBERRY                                ,N ,ST   ,US0062  ,US0062  ,047 US-62      ,US0062                                         ,N,37.69946,-85.85436,1,2019,O,047-US-0062  -000,18.442,0,0,1,0,0,0,1,0,0,0,1,0,0,Y
Motor Vehicle,DAC,72369995,20190616,2038,0,NULL,MULBERRY                                ,N ,ST   ,US0062  ,US0062  ,047 US-62      ,US0062                                         ,N,37.71261,-85.8319,5,2019,O,047-US-0062  -000,19.966,0,0,0,0,0,0,1,0,0,0,1,0,0,Y
Motor Vehicle,DAC,72370074,20190622,1048,6,NULL,DIXIE                                   ,N ,AVE  ,US0031W ,US0031W ,047 US-31W-10  ,US0031W                                        ,N,37.71915,-85.87976,1,2019,O,047-US-0031W -000,18.818,0,0,0,0,0,0,0,1,0,0,1,0,0,Y
Motor Vehicle,DAC,72370339,20190622,1850,6,NULL,BUFFALO CREEK                           ,NULL,DR   ,NULL,NULL,047 CS-1431    ,CS1431                                         ,N,37.71255,-85.83194,5,2019,O,047-CS-1431  -000,0.008,0,0,0,0,0,0,1,0,0,0,0,0,0,Y
Motor Vehicle,DAC,72370347,20190613,1542,4,NULL,DIXIE                                   ,N ,AVE  ,US0031W ,US0031W ,047 US-31W-10  ,US0031W                                        ,N,37.70467,-85.87163,5,2019,O,047-US-0031W -000,17.708,0,0,0,0,0,0,1,0,0,0,0,0,0,Y
Motor Vehicle,DAC,72370348,20190614,1535,5,NULL,COLLEGE                                 ,NULL,ST   ,NULL,NULL,047 CS-1730    ,CS1730                                         ,N,37.69148,-85.86166,1,2019,O,047-CS-1730  -000,0.599,0,0,0,0,0,0,1,1,0,0,1,0,0,Y
Motor Vehicle,DAC,72371130,20190624,1811,1,NULL,31W                                     ,NULL,BYP  ,US0031WB,US0031WB,047 US-31WB    ,US0031WB                                       ,N,37.69546,-85.87719,8,2019,O,047-US-0031WB-000,1.751,0,0,1,0,0,0,1,0,0,0,0,1,0,Y
Motor Vehicle,Non DAC,72371339,20190530,756,4,NULL,MULBERRY                                ,N ,ST   ,US0062  ,US0062  ,047 US-62      ,US0062                                         ,N,37.71636,-85.82342,1,2019,O,047-US-0062  -000,20.487,0,0,1,0,0,0,0,1,0,0,1,0,0,N
Motor Vehicle,Non DAC,72371340,20190602,1147,0,NULL,RING                                    ,NULL,RD   ,KY3005  ,KY3005  ,047 KY-3005    ,KY3005                                         ,N,37.68201,-85.91569,1,2019,O,047-KY-3005  -000,2.662,0,0,0,1,0,0,0,1,0,0,0,0,0,Y
Motor Vehicle,Non DAC,72371341,20190608,1644,6,NULL,LINCOLN                                 ,NULL,PKWY ,KY0061  ,KY0061  ,047 KY-61      ,KY0061                                         ,N,37.66568,-85.83969,1,2019,O,047-KY-0061  -000,4.823,0,0,0,1,0,0,0,1,0,0,1,0,0,Y
Motor Vehicle,Non DAC,72371342,20190614,809,5,804,GREENVIEW                               ,NULL,CIR  ,NULL,NULL,047 CS-1535    ,CS1535                                         ,N,37.7563,-85.88202,9,2019,O,047-CS-1535  -000,0.112,0,0,0,0,0,0,0,0,0,0,0,1,0,Y
Motor Vehicle,DAC,72371535,20190621,1759,5,NULL,DIXIE                                   ,E ,AVE  ,US0031W ,US0031W ,047 US-31W     ,US0031W                                        ,N,37.68863,-85.85378,5,2019,O,047-US-0031W -000,16.213,0,0,1,0,0,0,0,1,0,0,1,0,0,Y
Motor Vehicle,Non DAC,72371681,20190626,1053,3,NULL,ST JOHN                                 ,NULL,RD   ,KY1357  ,KY1357  ,NULL,NULL,N,37.69847,-85.88656,5,2019,O,047-KY-1357  -000,16.038,0,0,0,0,0,0,1,1,0,0,1,0,0,Y
Motor Vehicle,DAC,72371723,20190625,1533,2,NULL,NULL,NULL,NULL,US0031WB,US0031WB,NULL,NULL,N,37.68771,-85.86882,5,2019,B,047-US-0031WB-131,0.22,0,0,0,0,0,0,1,0,0,0,0,0,0,Y
Motor Vehicle,DAC,72371742,20190626,1240,3,NULL,MULBERRY                                ,N ,ST   ,US0062  ,US0062  ,047 US-62-10   ,US0062                                         ,N,37.70978,-85.8377,8,2019,O,047-US-0062  -000,19.601,0,0,0,0,0,0,0,1,0,0,0,1,0,Y
Motor Vehicle,DAC,72371947,20190626,1755,3,NULL,RING                                    ,NULL,RD   ,KY3005  ,KY3005  ,047 KY-3005    ,KY3005                                         ,N,37.70982,-85.83896,5,2019,O,047-KY-3005  -000,10.527,0,0,1,1,0,0,1,0,0,0,0,0,0,Y
Motor Vehicle,DAC,72372419,20190624,1103,1,NULL,MILES                                   ,S ,ST   ,NULL,NULL,NULL,NULL,N,37.69463,-85.86416,1,2019,C,047-CS-1126  -000,0.108,0,0,0,1,0,0,1,1,0,0,1,0,0,Y
Motor Vehicle,DAC,72373380,20190623,1416,0,NULL,DIXIE                                   ,W ,AVE  ,US0031W ,US0031W ,047 US-31W     ,US0031W                                        ,N,37.70425,-85.8712,5,2019,O,047-US-0031W -000,17.677,0,0,0,0,0,0,0,1,0,0,1,0,0,Y
Motor Vehicle,DAC,72373381,20190624,1100,1,NULL,MULBERRY                                ,N ,ST   ,US0062  ,US0062  ,047 US-62      ,US0062                                         ,N,37.69576,-85.85773,8,2019,O,047-US-0062  -000,18.125,0,0,1,0,0,0,0,1,0,0,0,1,0,Y
Motor Vehicle,DAC,72373382,20190624,1054,1,NULL,DIXIE                                   ,N ,AVE  ,US0031W ,US0031W ,047 US-31W     ,US0031W                                        ,N,37.73255,-85.8861,5,2019,O,047-US-0031W -000,19.802,0,0,0,0,0,0,0,1,0,0,0,0,0,Y
Motor Vehicle,DAC,72373383,20190628,842,5,NULL,RING                                    ,NULL,RD   ,KY3005  ,KY3005  ,047 KY-3005    ,KY3005                                         ,N,37.73313,-85.86664,5,2019,O,047-KY-3005  -000,7.571,0,0,0,0,0,0,0,1,0,0,0,0,0,Y
Motor Vehicle,DAC,72373497,20190624,1511,1,NULL,NIGHTINGALE                             ,NULL,DR   ,NULL,NULL,047 CS-1275    ,CS1275                                         ,N,37.73023,-85.87717,5,2019,O,047-CS-1275  -000,0.007,0,0,1,0,0,0,1,1,0,0,0,0,0,Y
Motor Vehicle,DAC,72373498,20190627,1519,4,3051,RING                                    ,NULL,RD   ,KY3005  ,KY3005  ,047 KY-3005    ,KY3005                                         ,N,37.71055,-85.83961,5,2019,O,047-KY-3005  -000,10.467,0,0,0,0,0,0,0,0,0,0,0,0,0,Y
Motor Vehicle,DAC,72373500,20190629,1723,6,NULL,RING                                    ,NULL,RD   ,KY3005  ,KY3005  ,047 KY-3005    ,KY3005                                         ,N,37.71122,-85.83983,1,2019,O,047-KY-3005  -000,10.424,0,0,0,0,0,0,1,0,0,0,1,0,0,Y
Motor Vehicle,Non DAC,72373501,20190630,1034,0,NULL,MULBERRY                                ,N ,ST   ,US0062  ,US0062  ,047 US-62-10   ,US0062                                         ,N,37.71599,-85.82465,1,2019,O,047-US-0062  -000,20.415,0,0,0,0,0,0,1,0,0,0,0,0,0,Y
Motor Vehicle,DAC,72373678,20190624,1710,1,NULL,DIXIE                                   ,N ,AVE  ,US0031W ,US0031W ,047 US-31W-10  ,US0031W                                        ,N,37.73149,-85.88587,5,2019,O,047-US-0031W -000,19.729,0,0,0,1,0,0,1,0,0,0,0,0,0,Y
Motor Vehicle,Non DAC,72373679,20190626,1707,3,NULL,COLLEGE ST RD                           ,NULL,NULL,NULL,NULL,047 CS-1124    ,CS1124                                         ,N,37.68719,-85.88302,4,2019,O,047-CS-1124  -000,0.599,0,0,1,0,0,0,1,1,0,0,1,0,0,Y
Motor Vehicle,DAC,72373680,20190628,1515,5,NULL,DIXIE                                   ,N ,AVE  ,US0031W ,US0031W ,047 US-31W-10  ,US0031W                                        ,N,37.70857,-85.87405,5,2019,O,047-US-0031W -000,18.014,0,0,0,0,0,0,1,0,0,0,0,0,0,Y
Motor Vehicle,DAC,72373681,20190630,1523,0,NULL,RING                                    ,NULL,RD   ,KY3005  ,KY3005  ,047 KY-3005    ,KY3005                                         ,N,37.72833,-85.88394,6,2019,O,047-KY-3005  -000,6.554,0,0,0,0,0,0,1,1,0,0,0,0,0,Y
Motor Vehicle,Non DAC,72373700,20190630,2137,0,NULL,DIXIE                                   ,N ,AVE  ,US0031W ,US0031W ,047 US-31W     ,US0031W                                        ,N,37.75075,-85.89469,9,2019,O,047-US-0031W -000,21.14,0,0,0,0,0,0,0,0,1,0,1,0,0,Y
Motor Vehicle,DAC,72373829,20190701,1155,1,NULL,RING                                    ,NULL,RD   ,KY3005  ,KY3005  ,NULL,NULL,N,37.7113,-85.83985,5,2019,O,047-KY-3005  -000,10.414,0,0,0,1,0,0,1,0,0,0,0,0,0,Y
Motor Vehicle,DAC,72373922,20190620,1238,4,NULL,MULBERRY                                ,N ,ST   ,US0062  ,US0062  ,047 US-62      ,US0062                                         ,N,37.7061,-85.84379,8,2019,O,047-US-0062  -000,19.185,0,0,0,1,0,0,0,0,0,0,0,1,0,Y
Motor Vehicle,DAC,72373923,20190701,1058,1,NULL,DIXIE                                   ,N ,AVE  ,US0031W ,US0031W ,047 US-31W     ,US0031W                                        ,N,37.73758,-85.8884,5,2019,C,047-US-0031W -000,20.195,0,0,0,0,0,0,1,0,0,0,0,0,0,Y
Motor Vehicle,DAC,72373929,20190627,812,4,NULL,NULL,NULL,NULL,I 0065  ,I 0065  ,NULL,NULL,N,37.71332,-85.83068,5,2019,O,047-I -0065  -531,0.253,0,0,0,0,0,0,1,0,0,0,0,0,0,Y
Motor Vehicle,DAC,72374199,20190701,623,1,NULL,I65 S EXIT94 OFF RAMP TO US62 W         ,NULL,NULL,I 0065  ,I 0065  ,NULL,NULL,N,37.7133,-85.83069,9,2019,O,047-I -0065  -531,0.254,0,0,0,0,0,0,0,0,0,0,0,1,0,Y
Motor Vehicle,Non DAC,72374383,20190702,1427,2,NULL,LEITCHFIELD                             ,NULL,RD   ,US0062  ,US0062  ,047 US-62-10   ,US0062                                         ,N,37.67194,-85.91143,5,2019,O,047-US-0062  -000,14.598,0,0,0,0,0,0,0,0,0,0,0,0,0,N
Motor Vehicle,DAC,72374546,20190701,1537,1,NULL,PLUM                                    ,NULL,ALY  ,NULL,NULL,047 CS-1001    ,CS1001                                         ,N,37.69347,-85.8573,9,2019,O,047-CS-1001  -000,0.292,0,0,0,0,0,0,0,0,1,0,0,1,0,Y
Motor Vehicle,DAC,72374568,20190702,1506,2,NULL,DIXIE                                   ,N ,AVE  ,US0031W ,US0031W ,047 US-31W     ,US0031W                                        ,N,37.71835,-85.87906,8,2019,O,047-US-0031W -000,18.749,0,0,1,1,0,0,1,0,0,0,0,1,0,Y
Motor Vehicle,DAC,72374601,20190702,1546,2,NULL,RING                                    ,NULL,RD   ,KY3005  ,KY3005  ,047 KY-3005    ,KY3005                                         ,N,37.72933,-85.8807,5,2019,O,047-KY-3005  -000,6.73,0,0,0,0,0,0,0,0,0,0,0,0,0,Y
Motor Vehicle,Non DAC,72374661,20190702,1042,2,NULL,RING                                    ,NULL,RD   ,KY3005  ,KY3005  ,047 KY-3005-10 ,KY3005                                         ,N,37.67902,-85.91498,8,2019,O,047-KY-3005  -000,2.457,0,0,0,1,0,0,0,0,0,0,0,1,0,Y
Motor Vehicle,DAC,72374662,20190702,1638,2,NULL,31W                                     ,NULL,BYP  ,US0031WB,US0031WB,047 US-31WB    ,US0031WB                                       ,N,37.69976,-85.8815,5,2019,O,047-US-0031WB-000,2.135,0,0,1,0,0,0,1,0,0,0,0,0,0,Y
Motor Vehicle,DAC,72374783,20190621,1218,5,NULL,DIXIE                                   ,W ,AVE  ,US0031W ,US0031W ,047 US-31W     ,US0031W                                        ,N,37.69385,-85.85942,5,2019,O,047-US-0031W -000,16.701,0,0,1,0,0,0,1,0,0,0,0,0,0,Y
Motor Vehicle,DAC,72374852,20190703,1127,3,NULL,ST JOHN                                 ,NULL,RD   ,KY1357  ,KY1357  ,047 KY-1357-10 ,KY1357                                         ,N,37.70026,-85.88192,8,2019,O,047-KY-1357  -000,16.325,0,0,0,1,0,0,1,0,0,0,1,0,0,Y
Motor Vehicle,Non DAC,72374861,20190703,1135,3,NULL,DIXIE                                   ,N ,AVE  ,US0031W ,US0031W ,NULL,NULL,N,37.74584,-85.89281,8,2019,O,047-US-0031W -000,20.765,0,0,0,0,0,0,1,1,0,0,0,1,0,Y
Motor Vehicle,Non DAC,72375119,20190703,1932,3,NULL,RING                                    ,NULL,RD   ,KY3005  ,KY3005  ,047 KY-3005-10 ,KY3005                                         ,N,37.72546,-85.89152,1,2019,O,047-KY-3005  -000,6.104,0,0,0,0,0,0,0,0,0,0,1,0,0,Y
Motor Vehicle,DAC,72375127,20190703,1455,3,NULL,DIXIE                                   ,N ,AVE  ,US0031W ,US0031W ,047 US-31W     ,US0031W                                        ,N,37.71404,-85.87707,1,2019,O,047-US-0031W -000,18.431,0,0,0,1,0,0,0,1,0,0,0,0,0,Y
Motor Vehicle,DAC,72375198,20190703,1253,3,NULL,MULBERRY                                ,N ,ST   ,US0062  ,US0062  ,047 US-62-10   ,US0062                                         ,N,37.71271,-85.83172,5,2019,O,047-US-0062  -000,19.99,0,1,0,0,0,0,0,0,0,0,0,0,0,Y
Motor Vehicle,Non DAC,72375332,20190703,1558,3,NULL,DIXIE                                   ,N ,AVE  ,US0031W ,US0031W ,047 US-31W     ,US0031W                                        ,N,37.74402,-85.89197,5,2019,O,047-US-0031W -000,20.644,0,0,0,0,0,0,0,1,0,0,0,0,0,Y
Motor Vehicle,Non DAC,72375409,20190701,1516,1,4511,DIXIE                                   ,N ,HWY  ,US0031W ,US0031W ,047 US-31W     ,US0031W                                        ,N,37.75119,-85.89527,1,2019,O,047-US-0031W -000,21.186,0,0,1,0,0,0,1,0,0,0,0,0,0,Y
Motor Vehicle,Non DAC,72375737,20190705,1518,5,NULL,PATRIOT                                 ,NULL,PKWY ,KY0361  ,KY0361  ,047 KY-361-10  ,KY0361                                         ,N,37.71754,-85.90396,5,2019,O,047-KY-0361  -000,1.86,0,0,1,0,0,0,1,0,0,0,0,0,0,Y
Motor Vehicle,DAC,72376002,20190706,1143,6,NULL,DOLPHIN                                 ,NULL,DR   ,NULL,NULL,047 CS-1430    ,CS1430                                         ,N,37.7105,-85.83742,5,2019,O,047-CS-1430  -000,0.055,0,0,0,1,0,0,1,0,0,0,0,0,0,Y
Motor Vehicle,DAC,72376205,20190706,1737,6,NULL,FRENCH                                  ,W ,ST   ,NULL,NULL,NULL,NULL,N,37.70356,-85.84502,2,2019,O,047-CS-1418  -000,0.104,0,0,1,0,0,0,1,0,0,0,0,0,0,Y
Motor Vehicle,Non DAC,72376461,20190706,1422,6,NULL,LINCOLN                                 ,NULL,PKWY ,KY0061  ,KY0061  ,047 KY-61      ,KY0061                                         ,N,37.66704,-85.84079,8,2019,O,047-KY-0061  -000,4.937,0,0,0,1,0,0,1,0,0,0,0,1,0,Y
Motor Vehicle,DAC,72376552,20190705,1603,5,NULL,DIXIE                                   ,E ,AVE  ,US0031W ,US0031W ,047 US-31W     ,US0031W                                        ,N,37.6837,-85.85051,5,2019,O,047-US-0031W -000,15.799,0,0,0,1,0,0,1,0,0,0,0,1,0,Y
Motor Vehicle,DAC,72376566,20190707,1909,0,NULL,ST JAMES                                ,NULL,AVE  ,NULL,NULL,NULL,NULL,N,37.70671,-85.85963,1,2019,O,047-CS-1028  -000,0.224,0,0,0,0,0,0,0,0,0,0,0,0,0,Y
Motor Vehicle,DAC,72377058,20190708,1731,1,NULL,31W                                     ,NULL,BYP  ,US0031WB,US0031WB,047 US-31WB-10 ,US0031WB                                       ,N,37.70308,-85.88382,5,2019,O,047-US-0031WB-000,2.39,0,0,1,0,0,0,1,1,0,0,0,0,0,Y
Motor Vehicle,DAC,72377059,20190708,1642,1,NULL,DIXIE                                   ,N ,AVE  ,US0031W ,US0031W ,047 US-31W-10  ,US0031W                                        ,N,37.70424,-85.8712,1,2019,C,047-US-0031W -000,17.677,0,0,0,1,0,0,0,1,0,0,1,0,0,Y
Motor Vehicle,Non DAC,72377103,20190708,1410,1,NULL,RING                                    ,NULL,RD   ,KY3005  ,KY3005  ,047 KY-3005-10 ,KY3005                                         ,N,37.72713,-85.88802,5,2019,O,047-KY-3005  -000,6.329,0,0,1,0,0,0,1,0,0,0,0,0,0,Y
Motor Vehicle,Non DAC,72377106,20190707,1615,0,NULL,PATRIOT                                 ,NULL,PKWY ,KY0361  ,KY0361  ,047 KY-361     ,KY0361                                         ,N,37.72604,-85.91505,9,2019,O,047-KY-0361  -000,2.703,0,0,0,0,0,0,0,0,0,0,0,0,0,Y
Motor Vehicle,Non DAC,72377114,20190613,851,4,4031,DIXIE                                   ,N ,AVE  ,US0031W ,US0031W ,047 US-31W-10  ,US0031W                                        ,N,37.74503,-85.89238,9,2019,O,047-US-0031W -000,20.719,0,0,0,0,0,0,1,0,0,0,0,1,0,Y
Motor Vehicle,DAC,72377448,20190709,1116,2,NULL,RING                                    ,NULL,RD   ,KY3005  ,KY3005  ,047 KY-3005    ,KY3005                                         ,N,37.71813,-85.83961,9,2019,O,047-KY-3005  -000,9.938,0,0,0,0,0,0,0,0,1,0,1,0,0,Y
Motor Vehicle,DAC,72377497,20190708,1118,1,NULL,DEEPWOOD                                ,NULL,DR   ,NULL,NULL,047 CS-1146    ,CS1146                                         ,N,37.71356,-85.88072,5,2019,O,047-CS-1146  -000,0.376,0,0,0,0,0,0,0,1,0,0,0,0,0,Y
Motor Vehicle,DAC,72377503,20190709,1553,2,NULL,POPLAR                                  ,W ,ST   ,NULL,NULL,047 CS-1068    ,CS1068                                         ,N,37.69706,-85.86193,1,2019,O,047-CS-1068  -000,0.335,0,0,0,1,0,0,0,1,0,0,1,0,0,Y
Motor Vehicle,DAC,72377520,20190709,1438,2,NULL,RING                                    ,NULL,RD   ,KY3005  ,KY3005  ,047 KY-3005    ,KY3005                                         ,N,37.71642,-85.84003,1,2019,O,047-KY-3005  -000,10.058,0,0,0,1,0,0,1,0,0,0,0,1,0,Y
Motor Vehicle,Non DAC,72377788,20190710,1302,3,NULL,DIXIE                                   ,N ,AVE  ,US0031W ,US0031W ,047 US-31W-10  ,US0031W                                        ,N,37.74181,-85.89085,5,2019,O,047-US-0031W -000,20.482,0,0,0,1,0,0,1,0,0,0,0,0,0,Y
Motor Vehicle,DAC,72378451,20190708,1228,1,NULL,DIXIE                                   ,N ,AVE  ,US0031W ,US0031W ,047 US-31W-10  ,US0031W                                        ,N,37.73251,-85.88634,5,2019,O,047-US-0031W -000,19.805,0,0,0,1,0,0,1,0,0,0,1,0,0,Y
Motor Vehicle,DAC,72378525,20190712,1010,5,NULL,31W                                     ,NULL,BYP  ,US0031WB,US0031WB,047 US-31WB-10 ,US0031WB                                       ,N,37.69164,-85.8715,8,2019,O,047-US-0031WB-000,1.332,0,1,1,0,0,0,1,0,0,0,0,1,0,Y
Motor Vehicle,DAC,72378563,20190712,1211,5,NULL,31W                                     ,NULL,BYP  ,US0031WB,US0031WB,047 US-31WB    ,US0031WB                                       ,N,37.69729,-85.87972,8,2019,O,047-US-0031WB-000,1.938,0,0,0,0,0,0,0,0,0,0,0,1,0,Y
Motor Vehicle,DAC,72378892,20190711,1033,4,NULL,DIXIE                                   ,N ,AVE  ,US0031W ,US0031W ,047 US-31W-10  ,US0031W                                        ,N,37.72825,-85.88405,1,2019,O,047-US-0031W -000,19.469,0,0,0,0,0,0,1,0,0,0,0,0,0,Y
Motor Vehicle,Non DAC,72378911,20190711,1601,4,NULL,NEW GLENDALE                            ,NULL,RD   ,KY1136  ,KY1136  ,047 KY-1136    ,KY1136                                         ,N,37.67598,-85.85925,1,2019,C,047-KY-1136  -000,9.921,0,0,0,0,0,0,1,1,0,0,1,0,0,Y
Motor Vehicle,DAC,72378915,20190712,400,5,1501,YORKSHIRE                               ,NULL,DR   ,NULL,NULL,047 CS-1600    ,CS1600                                         ,N,37.72159,-85.84251,7,2019,O,047-CS-1600  -000,0.331,0,0,0,0,0,0,0,0,0,0,0,0,0,Y
Motor Vehicle,DAC,72379009,20190713,1414,6,NULL,BROWN                                   ,W ,ST   ,NULL,NULL,047 CS-1663    ,CS1663                                         ,N,37.69672,-85.85419,2,2019,O,047-CS-1663  -000,0.002,0,0,0,0,0,0,1,0,0,0,0,0,0,Y
Motor Vehicle,DAC,72379019,20190713,1059,6,NULL,DIXIE                                   ,N ,AVE  ,US0031W ,US0031W ,047 US-31W     ,US0031W                                        ,N,37.73739,-85.88852,5,2019,C,047-US-0031W -000,20.189,0,0,1,1,0,0,1,1,0,0,0,0,0,Y
Motor Vehicle,DAC,72379187,20190705,1240,5,NULL,RING                                    ,NULL,RD   ,KY3005  ,KY3005  ,047 KY-3005    ,KY3005                                         ,N,37.7302,-85.87732,1,2019,O,047-KY-3005  -000,6.942,0,0,0,1,0,0,0,1,0,0,1,0,0,Y