Mode,Crash In Disadvantaged Community,MasterFile,CollisionDate,CollisionTime,CollisionDayWeekCode,RoadwayName_HouseBusinessNumber_,RoadwayName_RoadwayName_,RoadwayName_Direction_,RoadwayName_RoadwaySuffix_,RoadwayfromReport,CurrentRoadwayNumber,RSEUniqueGIS,RoadwayIdentifier,ParkingLotIndicator,Latitude,Longitude,MannerofCollisionCode,YR,KABCO,KTC_RT,KTC_MP,Motorcyclist,Commercial Vehicle,Young Driver,Mature Driver,Pedestrian,Bicyclist,Distracted,Aggressive,Impaired,Unrestrained,Intersection,Roadway Departure,Median Cross-over,In City Limits?
Motor Vehicle,DAC,72379194,20190712,1741,5,NULL,DIXIE                                   ,W ,AVE  ,US0031W ,US0031W ,047 US-31W     ,US0031W                                        ,N,37.69575,-85.86275,5,2019,O,047-US-0031W -000,16.931,0,0,1,0,0,0,1,0,0,0,0,0,0,Y
Motor Vehicle,DAC,72379286,20190712,1503,5,NULL,31W                                     ,NULL,BYP  ,US0031WB,US0031WB,NULL,NULL,N,37.68947,-85.86769,5,2019,O,047-US-0031WB-000,1.069,0,0,0,0,0,0,1,0,0,0,0,0,0,Y
Motor Vehicle,DAC,72379633,20190712,1918,5,NULL,US31W BYP S TURN LANE                   ,NULL,NULL,US0031WB,US0031WB,047 US-31WB-23 ,US0031WB                                       ,N,37.69986,-85.88189,5,2019,O,047-US-0031WB-023,0.031,0,0,0,1,0,0,1,1,0,0,1,0,0,Y
Motor Vehicle,DAC,72379648,20190711,1251,4,NULL,RING                                    ,NULL,RD   ,KY3005  ,KY3005  ,047 KY-3005    ,KY3005                                         ,N,37.72014,-85.83966,1,2019,B,047-KY-3005  -000,9.8,0,0,0,1,0,0,0,1,0,0,0,0,0,Y
Motor Vehicle,Non DAC,72379991,20190715,1540,1,NULL,LEITCHFIELD                             ,NULL,RD   ,US0062  ,US0062  ,047 US-62-10   ,US0062                                         ,N,37.67503,-85.90389,1,2019,C,047-US-0062  -000,15.016,0,0,0,0,0,0,1,0,0,0,1,0,0,N
Motor Vehicle,DAC,72379993,20190711,1656,4,NULL,DIXIE                                   ,N ,HWY  ,US0031W ,US0031W ,047 US-31W     ,US0031W                                        ,N,37.76022,-85.8991,1,2019,O,047-US-0031W -000,21.841,0,0,0,0,0,0,1,0,0,0,1,0,0,Y
Motor Vehicle,DAC,72380154,20190714,1338,0,NULL,DIXIE                                   ,N ,AVE  ,US0031W ,US0031W ,047 US-31W     ,US0031W                                        ,N,37.73367,-85.88667,8,2019,O,047-US-0031W -000,19.88,0,0,1,0,0,0,1,0,0,0,0,1,0,Y
Motor Vehicle,DAC,72380503,20190716,2116,2,NULL,31W                                     ,NULL,BYP  ,US0031WB,US0031WB,NULL,NULL,N,37.71886,-85.88069,5,2019,O,047-US-0031WB-000,3.717,0,0,0,0,0,0,1,0,0,0,0,0,0,Y
Motor Vehicle,Non DAC,72380696,20190716,900,2,NULL,MULBERRY                                ,N ,ST   ,US0062  ,US0062  ,047 US-62-10   ,US0062                                         ,N,37.7151,-85.82692,8,2019,O,047-US-0062  -000,20.279,0,0,0,1,0,0,0,1,0,0,0,1,0,Y
Motor Vehicle,DAC,72381199,20190718,906,4,NULL,NULL,NULL,NULL,I 0065  ,I 0065  ,NULL,NULL,N,37.71334,-85.83068,5,2019,O,047-I -0065  -531,0.251,0,0,0,1,0,0,1,0,0,0,0,0,0,Y
Motor Vehicle,Non DAC,72381344,20190503,1935,5,459,SPORTSMAN LAKE                          ,NULL,RD   ,NULL,NULL,047 CS-1520    ,CS1520                                         ,N,37.66029,-85.84065,9,2019,O,047-CS-1520  -000,0.356,0,0,0,0,0,0,0,0,1,0,0,1,0,Y
Motor Vehicle,Non DAC,72381429,20190718,1704,4,NULL,LEITCHFIELD                             ,NULL,RD   ,US0062  ,US0062  ,NULL,NULL,N,37.67752,-85.88753,5,2019,O,047-US-0062  -000,15.959,0,0,0,0,0,0,1,1,0,0,0,0,0,Y
Motor Vehicle,Non DAC,72381468,20190717,1634,3,NULL,KY1600                                  ,NULL,NULL,KY1600  ,KY1600  ,047 KY-1600    ,KY1600                                         ,N,37.72758,-85.9168,5,2019,C,047-KY-1600  -000,0.009,0,0,0,0,0,0,1,0,0,0,0,0,0,Y
Motor Vehicle,Non DAC,72381856,20190706,1942,6,NULL,GATES                                   ,NULL,RD   ,NULL,NULL,047 CS-1245    ,CS1245                                         ,N,37.69022,-85.88662,2,2019,O,047-CS-1245  -000,0.231,0,0,0,0,0,0,1,0,0,0,0,0,0,Y
Motor Vehicle,DAC,72381858,20190706,1534,6,NULL,DIXIE                                   ,N ,AVE  ,US0031W ,US0031W ,047 US-31W-10  ,US0031W                                        ,N,37.73511,-85.8876,8,2019,O,047-US-0031W -000,20.034,0,0,0,0,0,0,0,0,0,0,0,1,0,Y
Motor Vehicle,Non DAC,72381860,20190712,1638,5,NULL,DIXIE                                   ,N ,HWY  ,US0031W ,US0031W ,047 US-31W-10  ,US0031W                                        ,N,37.75178,-85.89541,5,2019,O,047-US-0031W -000,21.227,0,0,0,0,0,0,1,0,1,0,0,0,0,Y
Motor Vehicle,Non DAC,72382313,20190720,1451,6,NULL,TOWNE                                   ,NULL,CTR  ,NULL,NULL,047 PR-1010    ,PR1010                                         ,N,37.72985,-85.88626,1,2019,O,047-PR-1010  -000,0.151,0,0,0,0,0,0,1,1,0,0,0,0,0,Y
Motor Vehicle,Non DAC,72382324,20190718,1023,4,NULL,PETERSON                                ,NULL,DR   ,NULL,NULL,047 CS-1251    ,CS1251                                         ,N,37.6842,-85.91536,5,2019,O,047-CS-1251  -000,0.015,0,0,0,1,0,0,1,0,0,0,0,0,0,Y
Motor Vehicle,Non DAC,72382325,20190718,1308,4,NULL,WOODLAND                                ,NULL,DR   ,NULL,NULL,047 CS-1193    ,CS1193                                         ,N,37.72078,-85.88334,4,2019,A,047-CS-1193  -000,0.489,0,0,0,0,0,0,1,0,0,0,0,0,0,Y
Motor Vehicle,DAC,72382347,20190721,1305,0,NULL,DIXIE                                   ,N ,AVE  ,US0031W ,US0031W ,047 US-31W-10  ,US0031W                                        ,N,37.73463,-85.88743,5,2019,O,047-US-0031W -000,19.985,0,0,0,0,0,0,1,0,0,0,0,0,0,Y
Motor Vehicle,Non DAC,72382572,20190607,1704,5,NULL,SPORTSMAN LAKE                          ,NULL,RD   ,NULL,NULL,047 CS-1520    ,CS1520                                         ,N,37.66641,-85.83871,2,2019,O,047-CS-1520  -000,0.827,0,0,0,0,0,0,1,0,0,0,0,0,0,Y
Motor Vehicle,DAC,72382573,20190620,1554,4,NULL,RING                                    ,NULL,RD   ,KY3005  ,KY3005  ,047 KY-3005    ,KY3005                                         ,N,37.70933,-85.83852,5,2019,O,047-KY-3005  -000,10.569,0,0,1,0,0,0,1,0,0,0,1,0,0,Y
Motor Vehicle,DAC,72383009,20190721,1300,0,NULL,FRENCH                                  ,NULL,ST   ,NULL,NULL,047 CS-1390    ,CS1390                                         ,N,37.71167,-85.85292,1,2019,O,047-CS-1390  -000,0.003,0,0,0,0,0,0,1,0,0,0,1,0,0,Y
Motor Vehicle,DAC,72383010,20190721,1428,0,NULL,DIXIE                                   ,N ,AVE  ,US0031W ,US0031W ,047 US-31W-10  ,US0031W                                        ,N,37.70431,-85.87135,8,2019,O,047-US-0031W -000,17.685,0,0,0,0,0,0,1,0,0,0,0,1,0,Y
Motor Vehicle,DAC,72383126,20190722,1639,1,NULL,MULBERRY                                ,N ,ST   ,US0062  ,US0062  ,NULL,NULL,N,37.71153,-85.83408,5,2019,O,047-US-0062  -000,19.826,0,0,0,0,0,0,1,0,0,0,0,0,0,Y
Motor Vehicle,DAC,72383152,20190722,1425,1,NULL,DIXIE                                   ,N ,AVE  ,US0031W ,US0031W ,047 US-31W-10  ,US0031W                                        ,N,37.7258,-85.88304,1,2019,O,047-US-0031W -000,19.301,0,0,0,1,0,0,0,1,0,0,0,0,0,Y
Motor Vehicle,DAC,72383168,20190722,1403,1,NULL,DIXIE                                   ,W ,AVE  ,US0031W ,US0031W ,047 US-31W     ,US0031W                                        ,N,37.69442,-85.86042,5,2019,O,047-US-0031W -000,16.782,0,0,0,0,0,0,0,1,0,0,0,0,0,Y
Motor Vehicle,Non DAC,72383170,20190703,1201,3,NULL,DIXIE                                   ,N ,AVE  ,US0031W ,US0031W ,047 US-31W     ,US0031W                                        ,N,37.75071,-85.89479,1,2019,O,047-US-0031W -000,21.14,0,0,0,0,0,0,0,1,0,0,1,0,0,Y
Motor Vehicle,DAC,72383171,20190703,1349,3,NULL,RING                                    ,NULL,RD   ,KY3005  ,KY3005  ,047 KY-3005    ,KY3005                                         ,N,37.71034,-85.83936,1,2019,O,047-KY-3005  -000,10.485,0,0,0,0,0,0,0,1,0,0,0,0,0,Y
Motor Vehicle,Non DAC,72383172,20190716,1416,2,NULL,VETERANS                                ,NULL,WAY  ,NULL,NULL,047 CS-1683    ,CS1683                                         ,N,37.72656,-85.89235,5,2019,O,047-CS-1683  -000,0.098,0,0,0,1,0,0,1,0,0,0,0,0,0,Y
Motor Vehicle,DAC,72383274,20190722,1425,1,NULL,RING                                    ,NULL,RD   ,KY3005  ,KY3005  ,047 KY-3005    ,KY3005                                         ,N,37.73092,-85.8748,9,2019,O,047-KY-3005  -000,7.091,0,0,0,0,0,0,0,0,0,0,1,0,0,Y
Motor Vehicle,DAC,72383457,20190723,959,2,NULL,RING                                    ,NULL,RD   ,KY3005  ,KY3005  ,047 KY-3005    ,KY3005                                         ,N,37.72852,-85.88375,8,2019,O,047-KY-3005  -000,6.57,0,0,0,0,0,0,1,0,0,0,0,1,0,Y
Motor Vehicle,Non DAC,72383730,20190723,639,2,NULL,BLACK BRANCH                            ,N ,RD   ,NULL,NULL,047 CS-1551    ,CS1551                                         ,N,37.67615,-85.92005,1,2019,O,047-CS-1551  -000,1.055,0,0,0,0,0,0,1,1,0,0,0,0,0,Y
Motor Vehicle,Non DAC,72383810,20190724,645,3,NULL,MULBERRY                                ,N ,ST   ,US0062  ,US0062  ,047 US-62-10   ,US0062                                         ,N,37.71505,-85.82698,1,2019,O,047-US-0062  -000,20.274,0,0,0,0,0,0,0,1,0,0,0,0,0,Y
Motor Vehicle,DAC,72383883,20190724,1713,3,NULL,RING                                    ,NULL,RD   ,KY3005  ,KY3005  ,047 KY-3005    ,KY3005                                         ,N,37.72877,-85.88294,5,2019,O,047-KY-3005  -000,6.616,0,0,0,1,0,0,1,0,0,0,0,0,0,Y
Motor Vehicle,Non DAC,72383954,20190723,1804,2,NULL,RING                                    ,NULL,RD   ,KY3005  ,KY3005  ,047 KY-3005    ,KY3005                                         ,N,37.71708,-85.90351,5,2019,O,047-KY-3005  -000,5.224,0,0,1,0,0,0,0,1,0,0,0,0,0,Y
Motor Vehicle,Non DAC,72384127,20190725,1235,4,NULL,RING                                    ,NULL,RD   ,KY3005  ,KY3005  ,047 KY-3005-10 ,KY3005                                         ,N,37.69615,-85.91041,1,2019,O,047-KY-3005  -000,3.683,0,0,0,1,0,0,1,0,0,0,0,0,0,Y
Motor Vehicle,DAC,72384201,20190721,1436,0,NULL,MULBERRY                                ,N ,ST   ,US0062  ,US0062  ,047 US-62      ,US0062                                         ,N,37.71246,-85.83183,5,2019,O,047-US-0062  -000,19.975,0,0,0,0,0,0,0,0,0,0,0,0,0,Y
Motor Vehicle,DAC,72384349,20190723,1556,2,NULL,RING                                    ,NULL,RD   ,KY3005  ,KY3005  ,047 KY-3005    ,KY3005                                         ,N,37.72936,-85.88074,2,2019,O,047-KY-3005  -000,6.731,0,0,1,0,0,0,1,0,0,0,0,0,0,Y
Motor Vehicle,DAC,72384422,20190725,1533,4,NULL,CENTRAL                                 ,NULL,AVE  ,NULL,NULL,047 CS-1072    ,CS1072                                         ,N,37.69553,-85.85318,2,2019,O,047-CS-1072  -000,0.298,0,0,0,0,0,0,1,0,0,0,0,0,0,Y
Motor Vehicle,DAC,72384787,20190725,1507,4,NULL,MULBERRY                                ,N ,ST   ,US0062  ,US0062  ,NULL,NULL,N,37.71299,-85.83118,5,2019,O,047-US-0062  -000,20.017,0,0,0,0,0,0,1,0,0,0,0,0,0,Y
Motor Vehicle,DAC,72384788,20190726,1050,5,NULL,DIXIE                                   ,N ,AVE  ,US0031W ,US0031W ,047 US-31W-10  ,US0031W                                        ,N,37.73911,-85.8897,5,2019,O,047-US-0031W -000,20.297,0,0,0,1,0,0,1,0,0,0,0,0,0,Y
Motor Vehicle,DAC,72385122,20190725,1725,4,NULL,MULBERRY                                ,N ,ST   ,US0062  ,US0062  ,047 US-62      ,US0062                                         ,N,37.70917,-85.83849,8,2019,O,047-US-0062  -000,19.545,0,0,1,0,0,0,1,0,0,0,0,1,0,Y
Motor Vehicle,DAC,72385123,20190726,1726,5,NULL,DIXIE                                   ,N ,AVE  ,US0031W ,US0031W ,047 US-31W     ,US0031W                                        ,N,37.73129,-85.88548,8,2019,O,047-US-0031W -000,19.707,0,0,0,0,0,0,1,0,0,0,0,1,0,Y
Motor Vehicle,DAC,72385220,20190727,2001,6,NULL,MULBERRY                                ,S ,ST   ,US0062  ,US0062  ,047 US-62      ,US0062                                         ,N,37.69325,-85.85999,8,2019,O,047-US-0062  -000,17.915,0,0,0,0,0,0,0,0,0,0,0,1,0,Y
Motor Vehicle,DAC,72385282,20190726,1210,5,NULL,DIXIE                                   ,N ,AVE  ,US0031W ,US0031W ,047 US-31W     ,US0031W                                        ,N,37.73095,-85.88532,5,2019,O,047-US-0031W -000,19.681,0,0,0,0,0,0,1,0,0,0,0,0,0,Y
Motor Vehicle,DAC,72385296,20190723,1423,2,NULL,CRUTCHER                                ,E ,ST   ,NULL,NULL,047 CS-1004    ,CS1004                                         ,N,37.69578,-85.85549,1,2019,C,047-CS-1004  -000,0.233,0,0,0,0,0,0,0,1,0,0,1,0,0,Y
Motor Vehicle,Non DAC,72385366,20190721,1345,0,NULL,MULBERRY                                ,N ,ST   ,US0062  ,US0062  ,047 US-62-10   ,US0062                                         ,N,37.71434,-85.82846,2,2019,O,047-US-0062  -000,20.178,0,0,0,0,0,0,0,0,0,0,0,0,0,Y
Motor Vehicle,DAC,72385549,20190720,2245,6,NULL,MULBERRY                                ,N ,ST   ,US0062  ,US0062  ,047 US-62      ,US0062                                         ,N,37.71251,-85.83191,4,2019,O,047-US-0062  -000,19.972,0,0,1,0,0,0,0,1,0,0,1,0,0,Y
Motor Vehicle,DAC,72385560,20190728,1701,0,NULL,MULBERRY                                ,N ,ST   ,US0062  ,US0062  ,047 US-62-10   ,US0062                                         ,N,37.70926,-85.83864,5,2019,B,047-US-0062  -000,19.543,0,0,0,0,0,0,0,0,0,0,0,0,0,Y
Motor Vehicle,DAC,72385780,20190709,1330,2,NULL,SHEPHERDSVILLE                          ,NULL,RD   ,KY0251  ,KY0251  ,047 KY-251-10  ,KY0251                                         ,N,37.73218,-85.84435,5,2019,O,047-KY-0251  -000,2.682,0,0,0,1,0,0,1,0,0,0,1,0,0,Y
Motor Vehicle,DAC,72385781,20190728,945,0,NULL,DIXIE                                   ,N ,HWY  ,US0031W ,US0031W ,047 US-31W     ,US0031W                                        ,N,37.75796,-85.89806,5,2019,O,047-US-0031W -000,21.683,0,0,0,1,0,0,1,0,0,0,1,0,0,Y
Motor Vehicle,DAC,72386002,20190729,1615,1,NULL,NULL,NULL,NULL,US0031WB,US0031WB,NULL,NULL,N,37.71054,-85.88785,5,2019,O,047-US-0031WB-312,0.081,0,0,0,0,0,0,1,0,0,0,0,0,0,Y
Motor Vehicle,DAC,72386006,20190729,1752,1,NULL,DIXIE                                   ,N ,AVE  ,US0031W ,US0031W ,047 US-31W     ,US0031W                                        ,N,37.73124,-85.88547,1,2019,C,047-US-0031W -000,19.704,0,0,0,1,0,0,0,1,0,0,1,0,0,Y
Motor Vehicle,Non DAC,72386025,20190729,1644,1,NULL,RING                                    ,NULL,RD   ,KY3005  ,KY3005  ,047 KY-3005-10 ,KY3005                                         ,N,37.69529,-85.91084,5,2019,O,047-KY-3005  -000,3.618,0,0,0,0,0,0,1,0,0,0,0,0,0,Y
Motor Vehicle,Non DAC,72386106,20190730,815,2,NULL,COLLEGE ST RD                           ,NULL,NULL,NULL,NULL,047 CS-1124    ,CS1124                                         ,N,37.68972,-85.88276,4,2019,O,047-CS-1124  -000,0.78,0,0,0,0,0,0,1,1,0,0,1,0,0,Y
Motor Vehicle,Non DAC,72386519,20190730,1845,2,NULL,MT ZION                                 ,NULL,RD   ,NULL,NULL,047 CS-1128    ,CS1128                                         ,N,37.75692,-85.89732,9,2019,O,047-CS-1128  -000,0.015,0,0,0,0,0,0,1,0,0,0,0,1,0,Y
Motor Vehicle,DAC,72386647,20190729,1228,1,NULL,PATRIOT                                 ,NULL,PKWY ,KY0361  ,KY0361  ,047 KY-361-10  ,KY0361                                         ,N,37.71068,-85.88804,8,2019,O,047-KY-0361  -000,0.874,0,0,0,1,0,0,1,1,0,0,1,0,0,Y
Motor Vehicle,Non DAC,72386729,20190729,948,1,NULL,RING                                    ,NULL,RD   ,KY3005  ,KY3005  ,047 KY-3005    ,KY3005                                         ,N,37.72779,-85.88511,9,2019,O,047-KY-3005  -000,6.488,0,0,0,0,0,0,1,0,0,0,0,1,0,Y
Motor Vehicle,Non DAC,72387035,20190727,1802,6,NULL,RING                                    ,NULL,RD   ,KY3005  ,KY3005  ,047 KY-3005-10 ,KY3005                                         ,N,37.71739,-85.90335,5,2019,O,047-KY-3005  -000,5.252,0,0,0,0,0,0,1,0,0,0,0,0,0,Y
Motor Vehicle,DAC,72387036,20190730,1216,2,NULL,DIXIE                                   ,N ,AVE  ,US0031W ,US0031W ,047 US-31W-10  ,US0031W                                        ,N,37.70726,-85.87316,1,2019,O,047-US-0031W -000,17.888,0,0,0,0,0,0,1,0,0,0,1,0,0,Y
Motor Vehicle,DAC,72387037,20190730,1713,2,NULL,MULBERRY                                ,N ,ST   ,US0062  ,US0062  ,047 US-62-10   ,US0062                                         ,N,37.71023,-85.83667,5,2019,C,047-US-0062  -000,19.663,0,0,0,0,0,0,1,0,0,0,0,0,0,Y
Motor Vehicle,DAC,72387125,20190731,1709,3,NULL,ST JOHN                                 ,NULL,RD   ,KY1357  ,KY1357  ,047 KY-1357-10 ,KY1357                                         ,N,37.70071,-85.88061,1,2019,O,047-KY-1357  -000,16.403,0,0,0,1,0,0,1,0,0,0,1,0,0,Y
Motor Vehicle,Non DAC,72387135,20190730,1511,2,NULL,PATRIOT                                 ,NULL,PKWY ,KY0361  ,KY0361  ,047 KY-361-10  ,KY0361                                         ,N,37.71721,-85.90334,1,2019,O,047-KY-0361  -000,1.821,0,0,0,0,0,0,1,0,0,0,1,0,0,Y
Motor Vehicle,DAC,72387355,20190729,1110,1,NULL,NULL,NULL,NULL,I 0065  ,I 0065  ,NULL,NULL,N,37.71334,-85.83068,5,2019,O,047-I -0065  -531,0.251,0,0,0,0,0,0,1,0,0,0,0,0,0,Y
Motor Vehicle,Non DAC,72387634,20190801,1749,4,NULL,DIXIE                                   ,N ,AVE  ,US0031W ,US0031W ,NULL,NULL,N,37.74421,-85.89163,5,2019,O,047-US-0031W -000,20.649,0,0,1,0,0,0,1,0,0,0,0,0,0,Y
Motor Vehicle,Non DAC,72388132,20190801,2346,4,NULL,MULBERRY                                ,N ,ST   ,US0062  ,US0062  ,047 US-62      ,US0062                                         ,N,37.71568,-85.82529,9,2019,O,047-US-0062  -000,20.373,0,0,0,0,0,0,0,0,1,0,0,1,0,Y
Motor Vehicle,DAC,72388146,20190802,1049,5,NULL,DIXIE                                   ,N ,AVE  ,US0031W ,US0031W ,047 US-31W-10  ,US0031W                                        ,N,37.74074,-85.89041,8,2019,O,047-US-0031W -000,20.406,0,0,0,0,0,0,1,0,0,0,0,1,0,Y
Motor Vehicle,DAC,72388171,20190723,1349,2,100,WALMART                                 ,NULL,DR   ,NULL,NULL,047 CS-1558    ,CS1558                                         ,N,37.73166,-85.88427,6,2019,O,047-CS-1558  -000,0.009,0,0,0,0,0,0,1,0,0,0,0,0,0,Y
Motor Vehicle,DAC,72388172,20190723,843,2,NULL,WASHINGTON                              ,NULL,ST   ,NULL,NULL,047 CS-1565    ,CS1565                                         ,N,37.70023,-85.86806,8,2019,O,047-CS-1565  -000,0.162,0,0,0,0,0,0,1,0,0,0,0,0,0,Y
Motor Vehicle,Non DAC,72388173,20190728,,0,2501,CHATSWORTH                              ,NULL,DR   ,NULL,NULL,047 CS-1536    ,CS1536                                         ,N,37.75846,-85.88067,9,2019,O,047-CS-1536  -000,0.085,0,0,0,0,0,0,0,0,0,0,0,1,0,Y
Motor Vehicle,DAC,72388676,20190804,1205,0,NULL,MULBERRY                                ,S ,ST   ,US0062  ,US0062  ,047 US-62-10   ,US0062                                         ,N,37.69148,-85.86166,1,2019,O,047-US-0062  -000,17.757,0,0,1,0,0,0,0,1,0,0,1,0,0,Y
Motor Vehicle,DAC,72388802,20190803,1446,6,NULL,MULBERRY                                ,N ,ST   ,US0062  ,US0062  ,047 US-62-10   ,US0062                                         ,N,37.70458,-85.84676,1,2019,O,047-US-0062  -000,18.999,0,0,0,0,0,0,0,1,0,0,1,0,0,Y
Motor Vehicle,DAC,72388822,20190804,1516,0,NULL,DIXIE                                   ,N ,AVE  ,US0031W ,US0031W ,047 US-31W     ,US0031W                                        ,N,37.72345,-85.88159,5,2019,C,047-US-0031W -000,19.118,0,0,0,0,0,0,1,0,0,0,0,0,0,Y
Motor Vehicle,DAC,72389040,20190805,1059,1,NULL,DIECKS                                  ,NULL,DR   ,NULL,NULL,047 CS-1061    ,CS1061                                         ,N,37.70923,-85.87054,1,2019,O,047-CS-1061  -000,0.197,0,0,0,1,0,0,1,0,0,0,1,0,0,Y
Motor Vehicle,DAC,72389042,20190805,1225,1,NULL,DIXIE                                   ,E ,AVE  ,US0031W ,US0031W ,047 US-31W     ,US0031W                                        ,N,37.67007,-85.8464,5,2019,O,047-US-0031W -000,14.821,0,0,0,1,0,0,1,0,0,0,0,0,0,Y
Motor Vehicle,Non DAC,72389356,20190726,100,5,112,ANNISTON                                ,NULL,WAY  ,NULL,NULL,047 CS-1537    ,CS1537                                         ,N,37.76303,-85.87727,9,2019,O,047-CS-1537  -000,0.065,0,0,0,0,0,0,1,0,0,0,0,1,0,Y
Motor Vehicle,DAC,72389489,20190806,1124,2,NULL,MILES                                   ,N ,ST   ,KY0251  ,KY0251  ,047 KY-251     ,KY0251                                         ,N,37.70553,-85.85549,1,2019,C,047-KY-0251  -000,0.765,0,0,0,1,0,0,1,1,0,0,1,0,0,Y
Motor Vehicle,DAC,72389497,20190804,1754,0,NULL,MULBERRY                                ,N ,ST   ,US0062  ,US0062  ,047 US-62-10   ,US0062                                         ,N,37.71285,-85.83151,5,2019,O,047-US-0062  -000,19.954,0,0,0,0,0,0,1,0,0,0,0,0,0,Y
Motor Vehicle,DAC,72389691,20190805,1307,1,NULL,DIXIE                                   ,N ,AVE  ,US0031W ,US0031W ,047 US-31W-10  ,US0031W                                        ,N,37.74134,-85.89068,1,2019,O,047-US-0031W -000,20.448,0,0,0,0,0,0,1,0,0,0,0,0,0,Y
Motor Vehicle,DAC,72389788,20190806,1738,2,NULL,US31W BYP N TURN LANE FROM  COLLEGE ST W,NULL,NULL,US0031WB,US0031WB,NULL,NULL,N,37.69225,-85.87203,5,2019,O,047-US-0031WB-027,0.023,0,0,0,1,0,0,1,0,0,0,0,0,0,Y
Motor Vehicle,DAC,72390279,20190806,1754,2,NULL,DIXIE                                   ,N ,AVE  ,US0031W ,US0031W ,047 US-31W-10  ,US0031W                                        ,N,37.71668,-85.87854,5,2019,A,047-US-0031W -000,18.632,0,0,0,0,0,0,1,0,0,0,0,0,0,Y
Motor Vehicle,DAC,72390302,20190807,1357,3,NULL,DIXIE                                   ,N ,AVE  ,US0031W ,US0031W ,NULL,NULL,N,37.73575,-85.88794,1,2019,O,047-US-0031W -000,20.064,0,0,0,0,0,0,1,1,0,0,1,0,0,Y
Motor Vehicle,DAC,72390372,20190807,1324,3,NULL,MULBERRY                                ,S ,ST   ,US0062  ,US0062  ,047 US-62-10   ,US0062                                         ,N,37.69155,-85.86176,4,2019,C,047-US-0062  -000,17.762,0,0,1,0,0,0,0,1,0,1,1,0,0,Y
Motor Vehicle,Non DAC,72390373,20190805,1218,1,NULL,LEITCHFIELD                             ,NULL,RD   ,US0062  ,US0062  ,047 US-62      ,US0062                                         ,N,37.67156,-85.91181,4,2019,C,047-US-0062  -000,14.578,0,0,1,1,0,0,0,1,0,0,1,0,0,N
Motor Vehicle,DAC,72390693,20190807,1300,3,NULL,RING                                    ,NULL,RD   ,KY3005  ,KY3005  ,047 KY-3005    ,KY3005                                         ,N,37.72845,-85.88359,5,2019,O,047-KY-3005  -000,6.575,0,0,1,0,0,0,1,0,0,0,0,0,0,Y
Motor Vehicle,DAC,72391261,20190809,1621,5,NULL,ST JOHN                                 ,NULL,RD   ,KY1357  ,KY1357  ,047 KY-1357    ,KY1357                                         ,N,37.70071,-85.88062,1,2019,O,047-KY-1357  -000,16.403,0,0,0,1,0,0,0,1,0,0,1,0,0,Y
Motor Vehicle,DAC,72391586,20190722,1623,1,NULL,MULBERRY                                ,N ,ST   ,US0062  ,US0062  ,047 US-62-10   ,US0062                                         ,N,37.71151,-85.83417,5,2019,O,047-US-0062  -000,19.821,0,0,0,1,0,0,0,1,0,0,0,0,0,Y
Motor Vehicle,DAC,72391587,20190728,1731,0,NULL,COMMERCE                                ,NULL,DR   ,NULL,NULL,047 CS-1108    ,CS1108                                         ,N,37.71039,-85.83311,1,2019,O,047-CS-1108  -000,0.087,0,0,0,0,0,0,1,1,0,0,1,0,0,Y
Motor Vehicle,DAC,72391589,20190804,1459,0,NULL,DIXIE                                   ,N ,AVE  ,US0031W ,US0031W ,047 US-31W     ,US0031W                                        ,N,37.73315,-85.88639,5,2019,O,047-US-0031W -000,19.843,0,0,0,0,0,0,0,1,0,0,0,0,0,Y
Motor Vehicle,Non DAC,72391590,20190804,1804,0,NULL,RING                                    ,NULL,RD   ,KY3005  ,KY3005  ,047 KY-3005    ,KY3005                                         ,N,37.71716,-85.90339,8,2019,O,047-KY-3005  -000,5.255,0,0,0,1,0,0,1,0,0,0,1,0,0,Y