Mode,Crash In Disadvantaged Community,MasterFile,CollisionDate,CollisionTime,CollisionDayWeekCode,RoadwayName_HouseBusinessNumber_,RoadwayName_RoadwayName_,RoadwayName_Direction_,RoadwayName_RoadwaySuffix_,RoadwayfromReport,CurrentRoadwayNumber,RSEUniqueGIS,RoadwayIdentifier,ParkingLotIndicator,Latitude,Longitude,MannerofCollisionCode,YR,KABCO,KTC_RT,KTC_MP,Motorcyclist,Commercial Vehicle,Young Driver,Mature Driver,Pedestrian,Bicyclist,Distracted,Aggressive,Impaired,Unrestrained,Intersection,Roadway Departure,Median Cross-over,In City Limits?
Motor Vehicle,Non DAC,72391591,20190804,1926,0,NULL,MULBERRY                                ,N ,ST   ,US0062  ,US0062  ,047 US-62      ,US0062                                         ,N,37.71437,-85.82803,5,2019,O,047-US-0062  -000,20.197,0,0,0,0,0,0,1,0,1,0,1,0,0,Y
Motor Vehicle,DAC,72391594,20190810,1911,6,NULL,MAIN                                    ,N ,ST   ,NULL,NULL,047 CS-1320    ,CS1320                                         ,N,37.70005,-85.84865,5,2019,O,047-CS-1320  -000,0.697,0,0,0,0,0,0,1,0,0,0,0,0,0,Y
Motor Vehicle,DAC,72391793,20190809,1645,5,NULL,DIXIE                                   ,N ,AVE  ,US0031W ,US0031W ,047 US-31W-10  ,US0031W                                        ,N,37.7073,-85.87328,1,2019,O,047-US-0031W -000,17.897,0,0,0,0,0,0,1,0,0,0,1,0,0,Y
Motor Vehicle,DAC,72391794,20190810,946,6,NULL,JOSALE                                  ,NULL,DR   ,NULL,NULL,047 CS-1643    ,CS1643                                         ,N,37.71113,-85.83768,1,2019,O,047-CS-1643  -000,0.121,0,0,0,0,0,0,0,0,0,0,0,0,0,Y
Motor Vehicle,DAC,72392027,20190812,758,1,NULL,DIXIE                                   ,N ,AVE  ,US0031W ,US0031W ,047 US-31W     ,US0031W                                        ,N,37.74116,-85.89038,5,2019,O,047-US-0031W -000,20.423,0,0,0,0,0,0,1,0,0,0,0,0,0,Y
Motor Vehicle,DAC,72392028,20190808,1155,4,NULL,RING                                    ,NULL,RD   ,KY3005  ,KY3005  ,047 KY-3005    ,KY3005                                         ,N,37.7322,-85.84458,5,2019,O,047-KY-3005  -000,8.816,0,0,0,0,0,0,1,0,0,0,0,0,0,Y
Motor Vehicle,Non DAC,72392401,20190812,1247,1,NULL,RING                                    ,NULL,RD   ,KY3005  ,KY3005  ,047 KY-3005    ,KY3005                                         ,N,37.67924,-85.91488,1,2019,O,047-KY-3005  -000,2.47,0,0,0,0,0,0,1,1,0,0,1,0,0,Y
Motor Vehicle,DAC,72392440,20190806,1040,2,NULL,DIXIE                                   ,W ,AVE  ,US0031W ,US0031W ,047 US-31W     ,US0031W                                        ,N,37.69589,-85.86299,8,2019,O,047-US-0031W -000,16.943,0,0,0,0,0,0,1,0,0,0,0,1,0,Y
Motor Vehicle,DAC,72392459,20190711,1439,4,NULL,DIXIE                                   ,N ,HWY  ,US0031W ,US0031W ,047 US-31W     ,US0031W                                        ,N,37.75914,-85.89885,5,2019,B,047-US-0031W -000,21.77,0,0,0,0,0,0,1,0,0,0,0,0,0,Y
Motor Vehicle,DAC,72392461,20190730,1208,2,NULL,31W                                     ,NULL,BYP  ,US0031WB,US0031WB,047 US-31WB    ,US0031WB                                       ,N,37.69962,-85.88145,5,2019,O,047-US-0031WB-000,2.125,0,0,0,0,0,0,1,0,0,0,0,0,0,Y
Motor Vehicle,Non DAC,72392828,20190812,2026,1,NULL,LEITCHFIELD                             ,NULL,RD   ,US0062  ,US0062  ,NULL,NULL,N,37.6711,-85.91366,5,2019,O,047-US-0062  -000,14.471,0,0,0,0,0,0,1,0,0,0,0,0,0,N
Motor Vehicle,DAC,72392842,20190812,1548,1,NULL,DIXIE                                   ,N ,AVE  ,US0031W ,US0031W ,047 US-31W     ,US0031W                                        ,N,37.73339,-85.88651,5,2019,O,047-US-0031W -000,19.86,0,0,1,1,0,0,1,0,0,0,0,0,0,Y
Motor Vehicle,Non DAC,72392913,20190813,2158,2,NULL,RUBY                                    ,NULL,DR   ,NULL,NULL,047 CS-1162    ,CS1162                                         ,N,37.71871,-85.883,7,2019,O,047-CS-1162  -000,0.206,0,0,0,0,0,0,1,0,0,0,0,1,0,Y
Motor Vehicle,DAC,72393027,20190805,1056,1,1609,DIXIE                                   ,N ,AVE  ,US0031W ,US0031W ,047 US-31W     ,US0031W                                        ,N,37.7295,-85.88449,9,2019,O,047-US-0031W -000,19.568,0,0,0,0,0,0,1,0,0,1,0,1,0,Y
Motor Vehicle,Non DAC,72393073,20190813,550,2,NULL,RING                                    ,NULL,RD   ,KY3005  ,KY3005  ,047 KY-3005-10 ,KY3005                                         ,N,37.68798,-85.91466,5,2019,B,047-KY-3005  -000,3.078,0,0,1,0,0,0,1,0,0,0,0,0,0,Y
Motor Vehicle,DAC,72393074,20190813,1406,2,NULL,DIXIE                                   ,E ,AVE  ,US0031W ,US0031W ,047 US-31W     ,US0031W                                        ,N,37.68978,-85.85463,5,2019,B,047-US-0031W -000,16.313,0,0,0,1,0,0,1,0,0,0,0,0,0,Y
Motor Vehicle,DAC,72393133,20190805,1101,1,NULL,RING                                    ,NULL,RD   ,KY3005  ,KY3005  ,047 KY-3005    ,KY3005                                         ,N,37.7285,-85.88345,1,2019,O,047-KY-3005  -000,6.583,0,0,0,1,0,0,0,1,0,0,0,0,0,Y
Motor Vehicle,DAC,72393226,20190813,1115,2,NULL,DIXIE                                   ,N ,AVE  ,US0031W ,US0031W ,047 US-31W-10  ,US0031W                                        ,N,37.70431,-85.8714,5,2019,O,047-US-0031W -000,17.686,0,0,0,0,0,0,0,0,0,0,0,0,0,Y
Motor Vehicle,DAC,72393388,20190614,1652,5,424,LEE                                     ,NULL,RD   ,NULL,NULL,047 CS-1064    ,CS1064                                         ,N,37.70821,-85.86326,8,2019,O,047-CS-1064  -000,0.146,0,0,0,0,0,0,0,0,0,0,0,0,0,Y
Motor Vehicle,DAC,72393389,20190814,847,3,NULL,MAIN                                    ,S ,ST   ,NULL,NULL,047 CS-1321    ,CS1321                                         ,N,37.69198,-85.85899,1,2019,C,047-CS-1321  -000,0.126,0,0,1,1,0,0,0,0,0,0,1,0,0,Y
Motor Vehicle,DAC,72393576,20190815,1137,4,NULL,US31W BYP N TURN LANE FROM  COLLEGE ST W,NULL,NULL,US0031WB,US0031WB,047 US-31WB-27 ,US0031WB                                       ,N,37.69225,-85.87196,5,2019,O,047-US-0031WB-027,0.02,0,0,0,0,0,0,1,0,0,0,0,0,0,Y
Motor Vehicle,DAC,72393774,20190814,1218,3,NULL,WALMART                                 ,NULL,LN   ,NULL,NULL,047 PR-1004    ,PR1004                                         ,N,37.73257,-85.88451,1,2019,C,047-PR-1004  -000,0.304,0,0,1,1,0,0,1,0,0,0,0,0,0,Y
Motor Vehicle,DAC,72393775,20190814,1649,3,NULL,DIXIE                                   ,N ,AVE  ,US0031W ,US0031W ,047 US-31W     ,US0031W                                        ,N,37.71871,-85.87925,5,2019,O,047-US-0031W -000,18.775,0,0,0,1,0,0,1,0,0,0,0,0,0,Y
Motor Vehicle,DAC,72393776,20190815,1252,4,NULL,MULBERRY                                ,N ,ST   ,US0062  ,US0062  ,047 US-62-10   ,US0062                                         ,N,37.71329,-85.83036,4,2019,B,047-US-0062  -000,20.051,0,0,0,1,0,0,1,0,0,0,0,0,0,Y
Motor Vehicle,DAC,72393905,20190815,1710,4,NULL,RING                                    ,NULL,RD   ,KY3005  ,KY3005  ,047 KY-3005    ,KY3005                                         ,N,37.71017,-85.83913,1,2019,O,047-KY-3005  -000,10.501,0,0,0,0,0,0,0,1,0,0,0,0,0,Y
Motor Vehicle,DAC,72393906,20190815,711,4,NULL,DIXIE                                   ,N ,AVE  ,US0031W ,US0031W ,047 US-31W-10  ,US0031W                                        ,N,37.71276,-85.87657,1,2019,O,047-US-0031W -000,18.338,0,0,1,1,0,0,0,1,0,0,1,0,0,Y
Motor Vehicle,DAC,72394321,20190816,1721,5,NULL,MULBERRY                                ,N ,ST   ,US0062  ,US0062  ,NULL,NULL,N,37.71133,-85.8344,5,2019,O,047-US-0062  -000,19.804,0,0,0,0,0,0,1,0,0,0,0,0,0,Y
Motor Vehicle,Non DAC,72394467,20190816,1734,5,NULL,DIXIE                                   ,N ,AVE  ,US0031W ,US0031W ,047 US-31W     ,US0031W                                        ,N,37.75073,-85.89475,1,2019,B,047-US-0031W -000,21.143,0,0,0,0,0,0,0,1,0,0,1,0,0,Y
Motor Vehicle,Non DAC,72394469,20190811,1223,0,NULL,RING                                    ,NULL,RD   ,KY3005  ,KY3005  ,047 KY-3005    ,KY3005                                         ,N,37.7279,-85.88485,8,2019,O,047-KY-3005  -000,6.502,0,0,0,0,0,0,0,0,0,0,0,1,0,Y
Motor Vehicle,DAC,72394470,20190816,1150,5,NULL,RING                                    ,NULL,RD   ,KY3005  ,KY3005  ,047 KY-3005    ,KY3005                                         ,N,37.72808,-85.88434,8,2019,O,047-KY-3005  -000,6.529,0,0,0,1,0,0,0,1,0,0,0,1,0,Y
Motor Vehicle,DAC,72394471,20190817,1222,6,NULL,RING                                    ,NULL,RD   ,KY3005  ,KY3005  ,047 KY-3005    ,KY3005                                         ,N,37.70938,-85.83857,5,2019,O,047-KY-3005  -000,10.564,0,0,0,0,0,0,1,0,0,0,0,0,0,Y
Motor Vehicle,DAC,72394496,20190817,1158,6,NULL,WESTPORT                                ,NULL,RD   ,NULL,NULL,047 CS-1573    ,CS1573                                         ,N,37.705,-85.8832,5,2019,O,047-CS-1573  -000,0.881,0,0,0,0,0,0,1,0,0,0,0,0,0,Y
Motor Vehicle,DAC,72394707,20190817,1851,6,NULL,MAIN                                    ,N ,ST   ,NULL,NULL,047 CS-1320    ,CS1320                                         ,N,37.70078,-85.84772,9,2019,O,047-CS-1320  -000,0.765,0,0,0,0,0,0,0,0,0,0,0,1,0,Y
Motor Vehicle,Non DAC,72395001,20190710,443,3,NULL,PATRIOT                                 ,NULL,PKWY ,KY0361  ,KY0361  ,047 KY-361     ,KY0361                                         ,N,37.71725,-85.90319,1,2019,C,047-KY-0361  -000,1.814,0,0,0,0,0,0,1,0,0,0,1,0,0,Y
Motor Vehicle,Non DAC,72395038,20190818,1618,0,NULL,WAYSIDE                                 ,NULL,DR   ,NULL,NULL,047 CS-1609    ,CS1609                                         ,N,37.73555,-85.88978,9,2019,O,047-CS-1609  -000,0.018,0,0,0,0,0,0,0,0,0,0,1,0,0,Y
Motor Vehicle,DAC,72395039,20190816,1757,5,NULL,DIXIE                                   ,N ,AVE  ,US0031W ,US0031W ,047 US-31W     ,US0031W                                        ,N,37.74131,-85.89042,5,2019,B,047-US-0031W -000,20.431,0,0,0,0,0,0,1,1,0,0,0,1,0,Y
Motor Vehicle,DAC,72395556,20190819,1447,1,NULL,MULBERRY                                ,N ,ST   ,US0062  ,US0062  ,047 US-62      ,US0062                                         ,N,37.69389,-85.85942,5,2019,O,047-US-0062  -000,17.967,0,0,0,0,0,0,1,1,0,0,0,0,0,Y
Motor Vehicle,Non DAC,72395628,20190820,649,2,NULL,BLACK BRANCH                            ,N ,RD   ,NULL,NULL,047 CS-1551    ,CS1551                                         ,N,37.67698,-85.91877,1,2019,O,047-CS-1551  -000,0.963,0,0,0,0,0,0,1,0,0,0,1,0,0,Y
Motor Vehicle,DAC,72396010,20190820,1227,2,NULL,DIXIE                                   ,W ,AVE  ,US0031W ,US0031W ,047 US-31W     ,US0031W                                        ,N,37.69387,-85.85945,5,2019,O,047-US-0031W -000,16.701,0,0,0,1,0,0,1,1,0,0,0,0,0,Y
Motor Vehicle,Non DAC,72396034,20190820,1617,2,NULL,LEITCHFIELD                             ,NULL,RD   ,US0062  ,US0062  ,047 US-62-10   ,US0062                                         ,N,37.67324,-85.90815,4,2019,O,047-US-0062  -000,14.766,0,0,1,1,0,0,1,1,0,0,1,0,0,N
Motor Vehicle,DAC,72396072,20190820,1417,2,804,MCCULLUM                                ,NULL,AVE  ,NULL,NULL,047 CS-1332    ,CS1332                                         ,N,37.71107,-85.85884,2,2019,O,047-CS-1332  -000,0.155,0,0,0,0,0,0,1,0,0,0,0,0,0,Y
Motor Vehicle,DAC,72396563,20190821,950,3,NULL,US31W BYP N TURN LANE                   ,NULL,NULL,US0031WB,US0031WB,047 US-31WB-24 ,US0031WB                                       ,N,37.7188,-85.87967,5,2019,O,047-US-0031WB-024,0.047,0,0,0,0,0,0,1,1,0,0,0,0,0,Y
Motor Vehicle,DAC,72396750,20190810,1821,6,NULL,MULBERRY                                ,N ,ST   ,US0062  ,US0062  ,047 US-62-10   ,US0062                                         ,N,37.71254,-85.832,5,2019,O,047-US-0062  -000,19.974,0,0,0,0,0,0,1,0,0,0,1,0,0,Y
Motor Vehicle,DAC,72396870,20190820,1059,2,NULL,DIXIE                                   ,N ,AVE  ,US0031W ,US0031W ,047 US-31W     ,US0031W                                        ,N,37.72759,-85.88364,5,2019,O,047-US-0031W -000,19.388,0,0,0,1,0,0,1,0,0,0,0,0,0,Y
Motor Vehicle,DAC,72396871,20190820,1817,2,NULL,WALMART                                 ,NULL,LN   ,NULL,NULL,047 PR-1004    ,PR1004                                         ,N,37.72908,-85.88196,8,2019,O,047-PR-1004  -000,0.008,0,0,0,0,0,0,1,0,0,0,0,1,0,Y
Motor Vehicle,DAC,72396929,20190822,1754,4,NULL,FOXFIRE                                 ,NULL,RD   ,NULL,NULL,NULL,NULL,N,37.72786,-85.86159,8,2019,O,047-CS-1338  -000,1.203,0,0,0,1,0,0,0,0,0,0,0,1,0,Y
Motor Vehicle,DAC,72397114,20190823,1323,5,NULL,PUBLIC                                  ,NULL,SQ   ,US0031W ,US0031W ,047 US-31W-1   ,US0031W                                        ,N,37.69284,-85.85794,5,2019,O,047-US-0031W -001,16.601,0,0,0,0,0,0,1,0,0,0,0,0,0,Y
Motor Vehicle,DAC,72397207,20190823,1228,5,NULL,MULBERRY                                ,N ,ST   ,US0062  ,US0062  ,047 US-62-10   ,US0062                                         ,N,37.71252,-85.83191,3,2019,O,047-US-0062  -000,19.972,0,0,0,0,0,0,0,1,0,0,1,0,0,Y
Motor Vehicle,DAC,72397516,20190823,1330,5,NULL,MULBERRY                                ,N ,ST   ,US0062  ,US0062  ,047 US-62      ,US0062                                         ,N,37.69499,-85.85841,1,2019,O,047-US-0062  -000,18.06,0,0,0,1,0,0,0,0,0,0,1,0,0,Y
Motor Vehicle,Non DAC,72397733,20190824,1625,6,NULL,PINE VALLEY                             ,NULL,DR   ,NULL,NULL,047 CS-1533    ,CS1533                                         ,N,37.75299,-85.88998,5,2019,O,047-CS-1533  -000,0.304,0,0,0,0,0,0,1,0,0,0,1,0,0,Y
Motor Vehicle,DAC,72397734,20190824,1800,6,NULL,JOAN                                    ,NULL,AVE  ,NULL,NULL,047 CS-1278    ,CS1278                                         ,N,37.71096,-85.86091,9,2019,O,047-CS-1278  -000,0.407,0,0,1,0,0,0,0,0,0,0,0,1,0,Y
Motor Vehicle,DAC,72397830,20190823,1308,5,NULL,DIXIE                                   ,N ,AVE  ,US0031W ,US0031W ,047 US-31W     ,US0031W                                        ,N,37.73212,-85.88586,5,2019,O,047-US-0031W -000,19.769,0,0,0,0,0,0,1,0,0,0,0,0,0,Y
Motor Vehicle,DAC,72397831,20190824,1316,6,NULL,DIXIE                                   ,N ,AVE  ,US0031W ,US0031W ,047 US-31W     ,US0031W                                        ,N,37.70427,-85.87127,8,2019,O,047-US-0031W -000,17.681,0,0,0,1,0,0,0,0,0,0,0,1,0,Y
Motor Vehicle,Non DAC,72397991,20190825,1226,0,NULL,RING                                    ,NULL,RD   ,KY3005  ,KY3005  ,047 KY-3005    ,KY3005                                         ,N,37.717,-85.9036,5,2019,O,047-KY-3005  -000,5.216,0,0,0,0,0,0,1,0,0,0,0,0,0,Y
Motor Vehicle,DAC,72398041,20190822,838,4,NULL,STEEL                                   ,NULL,DR   ,NULL,NULL,047 CS-1471    ,CS1471                                         ,N,37.67782,-85.84509,1,2019,O,047-CS-1471  -000,0.113,0,0,0,1,0,0,1,1,0,0,1,0,0,Y
Motor Vehicle,DAC,72398098,20190823,1649,5,NULL,ST JOHN                                 ,NULL,RD   ,KY1357  ,KY1357  ,047 KY-1357-10 ,KY1357                                         ,N,37.70073,-85.88064,1,2019,O,047-KY-1357  -000,16.401,0,0,0,0,0,0,1,1,0,0,1,0,0,Y
Motor Vehicle,Non DAC,72398301,20190822,1207,4,NULL,PATRIOT                                 ,NULL,PKWY ,KY0361  ,KY0361  ,047 KY-361     ,KY0361                                         ,N,37.71945,-85.90651,9,2019,O,047-KY-0361  -000,2.052,0,0,0,0,0,0,1,0,0,0,1,0,0,Y
Motor Vehicle,DAC,72398302,20190822,1803,4,NULL,NULL,NULL,NULL,I 0065  ,I 0065  ,NULL,NULL,N,37.71326,-85.83071,5,2019,O,047-I -0065  -531,0.257,0,0,0,0,0,0,1,0,0,0,0,0,0,Y
Motor Vehicle,DAC,72398349,20190814,1030,3,NULL,MULBERRY                                ,S ,ST   ,US0062  ,US0062  ,047 US-62-10   ,US0062                                         ,N,37.68786,-85.86842,7,2019,O,047-US-0062  -000,17.315,0,0,0,0,0,0,0,1,0,0,0,1,0,Y
Motor Vehicle,DAC,72398351,20190814,1444,3,NULL,DIXIE                                   ,E ,AVE  ,US0031W ,US0031W ,047 US-31W     ,US0031W                                        ,N,37.6864,-85.85176,5,2019,B,047-US-0031W -000,16.004,0,0,1,0,0,0,1,0,0,0,0,0,0,Y
Motor Vehicle,Non DAC,72399125,20190827,1339,2,NULL,RING                                    ,NULL,RD   ,KY3005  ,KY3005  ,047 KY-3005    ,KY3005                                         ,N,37.68601,-85.91534,5,2019,O,047-KY-3005  -000,2.938,0,0,0,0,0,0,0,0,0,0,0,0,0,Y
Motor Vehicle,DAC,72401136,20190831,1756,6,NULL,DIXIE                                   ,N ,AVE  ,US0031W ,US0031W ,047 US-31W     ,US0031W                                        ,N,37.73735,-85.88847,5,2019,O,047-US-0031W -000,20.187,0,0,1,1,0,0,1,0,0,0,0,0,0,Y
Motor Vehicle,DAC,72401200,20190825,2023,0,NULL,DIXIE                                   ,E ,AVE  ,US0031W ,US0031W ,047 US-31W     ,US0031W                                        ,N,37.68816,-85.85295,3,2019,O,047-US-0031W -000,16.182,0,0,1,0,0,0,1,1,0,0,0,1,0,Y
Motor Vehicle,DAC,72401286,20190829,1722,4,NULL,MULBERRY                                ,N ,ST   ,US0062  ,US0062  ,NULL,NULL,N,37.69563,-85.85786,1,2019,C,047-US-0062  -000,18.113,0,0,1,0,0,0,1,1,0,0,1,0,0,Y
Motor Vehicle,DAC,72401308,20190831,1255,6,NULL,DIXIE                                   ,N ,AVE  ,US0031W ,US0031W ,047 US-31W-10  ,US0031W                                        ,N,37.73349,-85.88687,5,2019,O,047-US-0031W -000,19.872,0,0,0,0,0,0,0,1,0,0,0,0,0,Y
Motor Vehicle,DAC,72401309,20190901,1259,0,NULL,RING                                    ,NULL,RD   ,KY3005  ,KY3005  ,047 KY-3005    ,KY3005                                         ,N,37.72938,-85.8805,5,2019,O,047-KY-3005  -000,6.758,0,0,0,0,0,0,1,1,0,0,0,0,0,Y
Motor Vehicle,DAC,72401718,20190901,1810,0,NULL,31W                                     ,NULL,BYP  ,US0031WB,US0031WB,047 US-31WB-10 ,US0031WB                                       ,N,37.69205,-85.87212,5,2019,C,047-US-0031WB-000,1.367,0,0,1,0,0,0,1,0,0,0,0,0,0,Y
Motor Vehicle,Non DAC,72401798,20190902,2145,1,162,BLACK BRANCH                            ,N ,RD   ,NULL,NULL,047 CS-1551    ,CS1551                                         ,N,37.67689,-85.9076,9,2019,O,047-CS-1551  -000,0.254,0,0,0,0,0,0,0,0,1,0,0,1,0,Y
Motor Vehicle,DAC,72401810,20190830,1548,5,NULL,DIXIE                                   ,W ,AVE  ,US0031W ,US0031W ,NULL,NULL,N,37.704,-85.87099,5,2019,O,047-US-0031W -000,17.657,0,0,0,1,0,0,1,0,0,0,0,0,0,Y
Motor Vehicle,DAC,72401961,20190903,757,2,NULL,31W                                     ,NULL,BYP  ,US0031WB,US0031WB,047 US-31WB    ,US0031WB                                       ,N,37.68931,-85.8675,5,2019,O,047-US-0031WB-000,1.067,0,0,1,0,0,0,1,0,0,0,0,0,0,Y
Motor Vehicle,DAC,72402529,20190903,1112,2,NULL,DIXIE                                   ,N ,AVE  ,US0031W ,US0031W ,047 US-31W     ,US0031W                                        ,N,37.70859,-85.87381,5,2019,O,047-US-0031W -000,18.011,0,0,0,0,0,0,1,0,0,0,0,0,0,Y
Motor Vehicle,DAC,72402530,20190903,1204,2,NULL,DIXIE                                   ,W ,AVE  ,US0031W ,US0031W ,047 US-31W     ,US0031W                                        ,N,37.69575,-85.86274,8,2019,O,047-US-0031W -000,16.93,0,0,0,0,0,0,0,0,0,0,0,1,0,Y
Motor Vehicle,Non DAC,72402712,20190904,1641,3,NULL,VETERANS                                ,NULL,WAY  ,NULL,NULL,047 CS-1683    ,CS1683                                         ,N,37.72554,-85.89148,5,2019,O,047-CS-1683  -000,0.006,0,0,0,0,0,0,1,0,0,0,1,0,0,Y
Motor Vehicle,DAC,72402753,20190830,2052,5,NULL,DIXIE                                   ,N ,AVE  ,US0031W ,US0031W ,047 US-31W     ,US0031W                                        ,N,37.73402,-85.88684,5,2019,O,047-US-0031W -000,19.901,0,0,1,0,0,0,1,0,0,0,0,0,0,Y
Motor Vehicle,DAC,72402838,20190826,1309,1,NULL,MILES                                   ,N ,ST   ,KY0251  ,KY0251  ,047 KY-251     ,KY0251                                         ,N,37.70234,-85.85705,1,2019,B,047-KY-0251  -000,0.535,0,0,0,1,0,0,0,1,0,0,1,0,0,Y
Motor Vehicle,DAC,72402839,20190826,845,1,NULL,MILES                                   ,N ,ST   ,KY0251  ,KY0251  ,047 KY-251     ,KY0251                                         ,N,37.69705,-85.86191,1,2019,C,047-KY-0251  -000,0.091,0,0,0,0,0,0,0,1,0,0,1,0,0,Y
Motor Vehicle,DAC,72402928,20190905,620,4,NULL,MAIN                                    ,N ,ST   ,NULL,NULL,047 CS-1320    ,CS1320                                         ,N,37.69832,-85.85167,8,2019,O,047-CS-1320  -000,0.491,0,0,0,1,0,0,0,0,0,0,0,0,0,Y
Motor Vehicle,Non DAC,72402998,20190905,1415,4,NULL,RING                                    ,NULL,RD   ,KY3005  ,KY3005  ,047 KY-3005    ,KY3005                                         ,N,37.72758,-85.88583,5,2019,O,047-KY-3005  -000,6.45,0,0,0,0,0,0,1,0,0,0,0,0,0,Y
Motor Vehicle,DAC,72403301,20190904,2156,3,NULL,DIXIE                                   ,N ,AVE  ,US0031W ,US0031W ,047 US-31W-10  ,US0031W                                        ,N,37.73251,-85.88635,1,2019,O,047-US-0031W -000,19.805,0,0,0,0,0,0,1,0,0,0,0,0,0,Y
Motor Vehicle,DAC,72403315,20190904,1339,3,NULL,WOODLAND                                ,NULL,DR   ,NULL,NULL,047 CS-1193    ,CS1193                                         ,N,37.71204,-85.87924,1,2019,B,047-CS-1193  -000,1.14,0,0,0,1,0,0,1,0,0,0,1,0,0,Y
Motor Vehicle,DAC,72403341,20190905,1105,4,NULL,DIXIE                                   ,N ,AVE  ,US0031W ,US0031W ,047 US-31W-10  ,US0031W                                        ,N,37.72814,-85.88418,1,2019,O,047-US-0031W -000,19.479,0,0,0,1,0,0,1,1,0,0,1,0,0,Y
Motor Vehicle,DAC,72403410,20190906,554,5,NULL,RING                                    ,NULL,RD   ,KY3005  ,KY3005  ,047 KY-3005    ,KY3005                                         ,N,37.73088,-85.87478,5,2019,O,047-KY-3005  -000,7.088,0,0,0,0,0,0,1,0,0,0,0,0,0,Y
Motor Vehicle,DAC,72403703,20190905,1542,4,NULL,DIXIE                                   ,N ,AVE  ,US0031W ,US0031W ,047 US-31W     ,US0031W                                        ,N,37.7181,-85.87893,5,2019,O,047-US-0031W -000,18.731,0,0,1,0,0,0,1,0,0,0,0,0,0,Y
Motor Vehicle,Non DAC,72403862,20190827,1312,2,NULL,LEITCHFIELD                             ,NULL,RD   ,US0062  ,US0062  ,047 US-62-10   ,US0062                                         ,N,37.67769,-85.88805,1,2019,B,047-US-0062  -000,15.974,0,0,1,0,0,0,0,1,0,0,1,0,0,Y
Motor Vehicle,DAC,72403928,20190907,1246,6,NULL,DIXIE                                   ,N ,AVE  ,US0031W ,US0031W ,047 US-31W     ,US0031W                                        ,N,37.73655,-85.8881,5,2019,O,047-US-0031W -000,20.149,0,0,1,0,0,0,1,0,0,0,0,0,0,Y
Motor Vehicle,DAC,72404078,20190830,1638,5,NULL,DIXIE                                   ,N ,AVE  ,US0031W ,US0031W ,047 US-31W-10  ,US0031W                                        ,N,37.71276,-85.87657,1,2019,O,047-US-0031W -000,18.338,0,0,0,1,0,0,1,0,0,0,1,0,0,Y
Motor Vehicle,DAC,72404151,20190907,1520,6,NULL,POPLAR                                  ,W ,ST   ,NULL,NULL,047 CS-1068    ,CS1068                                         ,N,37.70425,-85.8712,5,2019,O,047-CS-1068  -000,1.105,0,0,0,1,0,0,1,0,0,0,0,0,0,Y
Motor Vehicle,DAC,72404240,20190905,1516,4,NULL,DIXIE                                   ,N ,AVE  ,US0031W ,US0031W ,047 US-31W-10  ,US0031W                                        ,N,37.70726,-85.87319,4,2019,C,047-US-0031W -000,17.888,0,0,0,0,0,0,1,0,0,0,0,0,0,Y
Motor Vehicle,Non DAC,72404352,20190906,1355,5,NULL,ENTERPRISE                              ,NULL,DR   ,NULL,NULL,047 CS-1544    ,CS1544                                         ,N,37.68265,-85.91272,8,2019,O,047-CS-1544  -000,0.096,0,1,0,0,0,0,1,0,0,0,0,1,0,Y
Motor Vehicle,DAC,72404359,20190906,1700,5,NULL,CARDINAL                                ,NULL,DR   ,KY0361  ,KY0361  ,047 KY-361     ,KY0361                                         ,N,37.70726,-85.87319,1,2019,O,047-KY-0361  -000,0.019,0,0,0,1,0,0,1,0,0,0,1,0,0,Y