Mode,Crash In Disadvantaged Community,MasterFile,CollisionDate,CollisionTime,CollisionDayWeekCode,RoadwayName_HouseBusinessNumber_,RoadwayName_RoadwayName_,RoadwayName_Direction_,RoadwayName_RoadwaySuffix_,RoadwayfromReport,CurrentRoadwayNumber,RSEUniqueGIS,RoadwayIdentifier,ParkingLotIndicator,Latitude,Longitude,MannerofCollisionCode,YR,KABCO,KTC_RT,KTC_MP,Motorcyclist,Commercial Vehicle,Young Driver,Mature Driver,Pedestrian,Bicyclist,Distracted,Aggressive,Impaired,Unrestrained,Intersection,Roadway Departure,Median Cross-over,In City Limits?
Motor Vehicle,DAC,72404415,20190908,1658,0,NULL,DIXIE                                   ,E ,AVE  ,US0031W ,US0031W ,NULL,NULL,N,37.68733,-85.85207,8,2019,O,047-US-0031W -000,16.089,0,0,1,1,0,0,1,0,0,0,0,1,0,Y
Motor Vehicle,Non DAC,72404858,20190909,1732,1,NULL,MULBERRY                                ,N ,ST   ,US0062  ,US0062  ,NULL,NULL,N,37.7146,-85.82791,1,2019,O,047-US-0062  -000,20.184,0,0,0,0,0,0,0,1,0,0,1,0,0,Y
Motor Vehicle,Non DAC,72404922,20190909,1428,1,NULL,31W                                     ,NULL,BYP  ,US0031WB,US0031WB,047 US-31WB-10 ,US0031WB                                       ,N,37.6759,-85.85929,1,2019,O,047-US-0031WB-000,0.001,0,0,0,0,0,0,1,1,0,0,1,0,0,Y
Motor Vehicle,Non DAC,72404972,20190903,1137,2,NULL,WILSON                                  ,S ,RD   ,KY0447  ,KY0447  ,047 KY-447     ,KY0447                                         ,N,37.74575,-85.89273,5,2019,O,047-KY-0447  -000,0.014,0,0,0,0,0,0,1,0,0,0,1,0,0,Y
Motor Vehicle,DAC,72404973,20190903,1246,2,NULL,LAYMAN                                  ,NULL,LN   ,NULL,NULL,047 CS-1180    ,CS1180                                         ,N,37.71274,-85.87665,5,2019,O,047-CS-1180  -000,0.019,0,0,0,1,0,0,1,0,0,0,1,0,0,Y
Motor Vehicle,Non DAC,72405060,20190910,640,2,NULL,LINCOLN                                 ,NULL,PKWY ,KY0061  ,KY0061  ,047 KY-61      ,KY0061                                         ,N,37.66365,-85.83853,9,2019,O,047-KY-0061  -000,4.671,0,0,0,1,0,0,0,0,0,0,0,0,0,Y
Motor Vehicle,DAC,72405084,20190903,1530,2,NULL,POPLAR                                  ,W ,ST   ,NULL,NULL,047 CS-1068    ,CS1068                                         ,N,37.70427,-85.87117,8,2019,O,047-CS-1068  -000,1.102,0,0,0,0,0,0,0,0,0,0,0,1,0,Y
Motor Vehicle,DAC,72405147,20190910,1057,2,NULL,MULBERRY                                ,N ,ST   ,US0062  ,US0062  ,047 US-62-10   ,US0062                                         ,N,37.70749,-85.84207,8,2019,O,047-US-0062  -000,19.316,0,0,0,1,0,0,0,0,0,0,0,1,0,Y
Motor Vehicle,Non DAC,72405371,20190909,1617,1,NULL,DIXIE                                   ,N ,AVE  ,US0031W ,US0031W ,047 US-31W-10  ,US0031W                                        ,N,37.74615,-85.89289,5,2019,O,047-US-0031W -000,20.802,0,0,1,1,0,0,0,0,0,0,0,0,0,Y
Motor Vehicle,DAC,72405383,20190731,1756,3,NULL,MULBERRY                                ,N ,ST   ,US0062  ,US0062  ,047 US-62      ,US0062                                         ,N,37.71368,-85.82941,5,2019,O,047-US-0062  -000,20.114,0,0,0,0,0,0,0,1,0,0,0,0,0,Y
Motor Vehicle,Non DAC,72405384,20190812,1740,1,NULL,LINCOLN                                 ,NULL,PKWY ,KY0061  ,KY0061  ,047 KY-61      ,KY0061                                         ,N,37.66795,-85.84191,7,2019,O,047-KY-0061  -000,5.025,0,0,0,1,0,0,1,0,0,0,0,1,0,Y
Motor Vehicle,DAC,72405385,20190815,1720,4,NULL,31W                                     ,NULL,BYP  ,US0031WB,US0031WB,047 US-31WB-10 ,US0031WB                                       ,N,37.69305,-85.87374,5,2019,O,047-US-0031WB-000,1.488,0,0,0,0,0,0,1,0,0,0,0,0,0,Y
Motor Vehicle,Non DAC,72405386,20190819,1939,1,NULL,HICKORY                                 ,NULL,LN   ,NULL,NULL,NULL,NULL,N,37.68973,-85.8851,9,2019,O,047-CS-1242  -000,0.027,0,0,1,0,0,0,0,0,0,0,0,1,0,Y
Motor Vehicle,DAC,72405387,20190820,1838,2,NULL,DIXIE                                   ,N ,AVE  ,US0031W ,US0031W ,047 US-31W     ,US0031W                                        ,N,37.74103,-85.89029,5,2019,O,047-US-0031W -000,20.414,0,0,0,0,0,0,0,1,0,0,0,0,0,Y
Motor Vehicle,DAC,72405388,20190822,1648,4,NULL,MILES                                   ,N ,ST   ,KY0251  ,KY0251  ,NULL,NULL,N,37.71541,-85.85152,9,2019,O,047-KY-0251  -000,1.455,0,0,1,0,0,0,0,0,0,0,0,1,0,Y
Motor Vehicle,DAC,72405389,20190828,1602,3,NULL,BROWN                                   ,NULL,LN   ,NULL,NULL,047 CS-1075    ,CS1075                                         ,N,37.70443,-85.8744,7,2019,O,047-CS-1075  -000,0.1,0,0,0,1,0,0,0,0,0,0,1,0,0,Y
Motor Vehicle,DAC,72405390,20190827,1837,2,NULL,HEARTLAND                               ,NULL,DR   ,NULL,NULL,047 CS-1178    ,CS1178                                         ,N,37.7129,-85.8762,9,2019,O,047-CS-1178  -000,0.01,0,0,0,1,0,0,0,0,0,0,1,0,0,Y
Motor Vehicle,DAC,72405391,20190801,1654,4,NULL,US31W BYP N TURN LANE                   ,NULL,NULL,US0031WB,US0031WB,047 US-31WB-21 ,US0031WB                                       ,N,37.70054,-85.88182,5,2019,O,047-US-0031WB-021,0.025,0,0,0,0,0,0,1,1,0,0,0,0,0,Y
Motor Vehicle,DAC,72405393,20190831,644,6,NULL,31W                                     ,NULL,BYP  ,US0031WB,US0031WB,047 US-31WB-10 ,US0031WB                                       ,N,37.70015,-85.88198,9,2019,O,047-US-0031WB-000,2.164,0,0,0,0,0,0,0,0,1,0,1,0,0,Y
Motor Vehicle,DAC,72405394,20190905,1534,4,NULL,DIXIE                                   ,N ,AVE  ,US0031W ,US0031W ,047 US-31W-10  ,US0031W                                        ,N,37.71621,-85.87785,8,2019,O,047-US-0031W -000,18.587,0,0,0,1,0,0,1,0,0,0,0,1,0,Y
Motor Vehicle,Non DAC,72405395,20190906,1508,5,NULL,RING                                    ,NULL,RD   ,KY3005  ,KY3005  ,047 KY-3005-10 ,KY3005                                         ,N,37.67922,-85.91504,4,2019,C,047-KY-3005  -000,2.468,0,0,0,0,0,0,1,1,0,0,1,0,0,Y
Motor Vehicle,DAC,72405571,20190910,1348,2,NULL,DIXIE                                   ,N ,AVE  ,US0031W ,US0031W ,047 US-31W-10  ,US0031W                                        ,N,37.71117,-85.87584,5,2019,O,047-US-0031W -000,18.221,0,0,0,1,0,0,1,0,0,0,0,0,0,Y
Motor Vehicle,Non DAC,72406541,20190906,1402,5,850,PINE VALLEY                             ,NULL,DR   ,NULL,NULL,047 CS-1533    ,CS1533                                         ,N,37.75843,-85.87663,2,2019,O,047-CS-1533  -000,1.151,0,1,0,1,0,0,0,0,0,0,0,0,0,Y
Motor Vehicle,DAC,72406554,20190913,1055,5,NULL,DIXIE                                   ,N ,AVE  ,US0031W ,US0031W ,047 US-31W-10  ,US0031W                                        ,N,37.70922,-85.87458,1,2019,C,047-US-0031W -000,18.071,0,0,0,1,0,0,1,1,0,0,0,0,0,Y
Motor Vehicle,Non DAC,72407214,20190913,2026,5,NULL,VETERANS                                ,NULL,WAY  ,NULL,NULL,047 CS-1683    ,CS1683                                         ,N,37.72762,-85.893,9,2019,O,047-CS-1683  -000,0.18,0,0,0,0,0,0,0,0,0,0,0,0,0,Y
Motor Vehicle,DAC,72407361,20190909,1229,1,NULL,BUFFALO CREEK                           ,NULL,DR   ,NULL,NULL,047 CS-1431    ,CS1431                                         ,N,37.71259,-85.83197,5,2019,C,047-CS-1431  -000,0.009,0,0,0,0,0,0,1,0,0,0,1,0,0,Y
Motor Vehicle,DAC,72407362,20190909,946,1,NULL,PUBLIC                                  ,NULL,SQ   ,US0031W ,US0031W ,047 US-31W     ,US0031W                                        ,N,37.69329,-85.85844,5,2019,O,047-US-0031W -000,16.619,0,0,1,0,0,0,0,0,0,0,0,0,0,Y
Motor Vehicle,DAC,72407363,20190911,1322,3,1614,DIXIE                                   ,N ,AVE  ,US0031W ,US0031W ,047 US-31W-10  ,US0031W                                        ,N,37.72967,-85.88496,5,2019,O,047-US-0031W -000,19.593,0,0,0,1,0,0,0,0,0,0,0,0,0,Y
Motor Vehicle,Non DAC,72407364,20190911,1214,3,NULL,DIXIE                                   ,N ,AVE  ,US0031W ,US0031W ,047 US-31W-10  ,US0031W                                        ,N,37.74582,-85.89274,5,2019,O,047-US-0031W -000,20.768,0,0,0,0,0,0,0,0,0,0,1,0,0,Y
Motor Vehicle,DAC,72407684,20190909,1117,1,NULL,DIXIE                                   ,E ,AVE  ,US0031W ,US0031W ,047 US-31W     ,US0031W                                        ,N,37.69028,-85.85498,5,2019,O,047-US-0031W -000,16.349,0,0,0,1,0,0,1,0,0,0,0,0,0,Y
Motor Vehicle,DAC,72407685,20190909,1401,1,NULL,MULBERRY                                ,N ,ST   ,US0062  ,US0062  ,047 US-62      ,US0062                                         ,N,37.7014,-85.85195,5,2019,B,047-US-0062  -000,18.633,0,0,0,0,0,0,1,0,0,0,0,0,0,Y
Motor Vehicle,DAC,72408456,20190917,1741,2,NULL,31W                                     ,NULL,BYP  ,US0031WB,US0031WB,047 US-31WB-10 ,US0031WB                                       ,N,37.69902,-85.88146,1,2019,O,047-US-0031WB-000,2.134,0,0,0,0,0,0,1,0,0,0,0,0,0,Y
Motor Vehicle,Non DAC,72408526,20190917,2112,2,NULL,HODGENVILLE                             ,NULL,RD   ,KY0210  ,KY0210  ,047 KY-210     ,KY0210                                         ,N,37.66629,-85.83809,9,2019,B,047-KY-0210  -000,0.659,0,0,0,0,0,0,0,1,0,1,0,1,0,Y
Motor Vehicle,DAC,72408789,20190918,1353,3,NULL,31W                                     ,NULL,BYP  ,US0031WB,US0031WB,047 US-31WB-10 ,US0031WB                                       ,N,37.69201,-85.87209,4,2019,O,047-US-0031WB-000,1.369,0,0,0,0,0,0,0,1,0,0,1,0,0,Y
Motor Vehicle,DAC,72409052,20190918,1033,3,NULL,MULBERRY                                ,N ,ST   ,US0062  ,US0062  ,047 US-62-10   ,US0062                                         ,N,37.7125,-85.83213,1,2019,O,047-US-0062  -000,19.965,0,0,1,1,0,0,0,1,0,0,0,0,0,Y
Motor Vehicle,Non DAC,72409102,20190918,1546,3,NULL,RING                                    ,NULL,RD   ,KY3005  ,KY3005  ,047 KY-3005-10 ,KY3005                                         ,N,37.67173,-85.91187,7,2019,O,047-KY-3005  -000,1.914,0,0,1,0,0,0,0,0,0,0,1,0,0,N
Motor Vehicle,DAC,72409625,20190913,1206,5,NULL,DIXIE                                   ,N ,AVE  ,US0031W ,US0031W ,047 US-31W-10  ,US0031W                                        ,N,37.73445,-85.88731,1,2019,O,047-US-0031W -000,19.965,0,0,0,0,0,0,0,1,0,0,0,0,0,Y
Motor Vehicle,Non DAC,72409990,20190920,2210,5,NULL,MULBERRY                                ,S ,ST   ,US0062  ,US0062  ,047 US-62-10   ,US0062                                         ,N,37.68113,-85.87719,1,2019,C,047-US-0062  -000,16.639,0,0,1,0,0,0,0,0,0,0,1,0,0,Y
Motor Vehicle,DAC,72410375,20190921,2058,6,NULL,DIXIE                                   ,N ,AVE  ,US0031W ,US0031W ,047 US-31W     ,US0031W                                        ,N,37.7273,-85.8835,1,2019,O,047-US-0031W -000,19.405,0,0,0,0,0,0,0,0,0,0,1,0,0,Y
Motor Vehicle,DAC,72410581,20190922,1230,0,NULL,RING                                    ,NULL,RD   ,KY3005  ,KY3005  ,047 KY-3005    ,KY3005                                         ,N,37.70932,-85.83853,8,2019,O,047-KY-3005  -000,10.568,0,0,1,0,0,0,1,0,0,0,1,0,0,Y
Motor Vehicle,DAC,72410632,20190920,1155,5,NULL,US31W BYP N TURN LANE                   ,NULL,NULL,US0031WB,US0031WB,047 US-31WB-24 ,US0031WB                                       ,N,37.71876,-85.87957,5,2019,O,047-US-0031WB-024,0.053,0,0,1,1,0,0,1,0,0,0,1,0,0,Y
Motor Vehicle,DAC,72410857,20190917,1745,2,NULL,MULBERRY                                ,N ,ST   ,US0062  ,US0062  ,047 US-62      ,US0062                                         ,N,37.69793,-85.8558,5,2019,O,047-US-0062  -000,18.309,0,0,0,0,0,0,1,0,0,0,0,0,0,Y
Motor Vehicle,DAC,72410858,20190918,1237,3,NULL,MULBERRY                                ,N ,ST   ,US0062  ,US0062  ,047 US-62-10   ,US0062                                         ,N,37.71188,-85.83334,5,2019,B,047-US-0062  -000,19.875,0,0,0,0,0,0,1,0,0,0,0,0,0,Y
Motor Vehicle,DAC,72410921,20190923,1149,1,NULL,DIXIE                                   ,N ,AVE  ,US0031W ,US0031W ,047 US-31W-10  ,US0031W                                        ,N,37.73302,-85.88664,5,2019,O,047-US-0031W -000,19.84,0,0,0,0,0,0,1,0,0,0,0,0,0,Y
Motor Vehicle,DAC,72411080,20190909,1606,1,NULL,DIXIE                                   ,N ,AVE  ,US0031W ,US0031W ,047 US-31W     ,US0031W                                        ,N,37.74033,-85.88996,1,2019,O,047-US-0031W -000,20.369,0,0,0,0,0,0,1,0,0,0,0,0,0,Y
Motor Vehicle,DAC,72411184,20190918,1600,3,NULL,MULBERRY                                ,N ,ST   ,US0062  ,US0062  ,047 US-62-10   ,US0062                                         ,N,37.70458,-85.84676,1,2019,O,047-US-0062  -000,18.999,0,0,0,0,0,0,0,1,0,0,1,0,0,Y
Motor Vehicle,DAC,72411203,20190918,1113,3,NULL,NEW GLENDALE                            ,NULL,RD   ,KY1136  ,KY1136  ,047 KY-1136    ,KY1136                                         ,N,37.67957,-85.85679,1,2019,O,047-KY-1136  -000,10.203,0,0,0,1,0,0,1,0,0,0,1,0,0,Y
Motor Vehicle,Non DAC,72411206,20190917,1811,2,NULL,RING                                    ,NULL,RD   ,KY3005  ,KY3005  ,047 KY-3005    ,KY3005                                         ,N,37.72757,-85.88644,8,2019,O,047-KY-3005  -000,6.417,0,0,0,0,0,0,1,0,1,0,0,1,0,Y
Motor Vehicle,DAC,72411278,20190924,711,2,NULL,US31W BYP N TURN LANE                   ,NULL,NULL,US0031WB,US0031WB,047 US-31WB-24 ,US0031WB                                       ,N,37.71871,-85.87956,5,2019,O,047-US-0031WB-024,0.056,0,0,0,0,0,0,1,0,0,0,0,0,0,Y
Motor Vehicle,DAC,72411283,20190923,1538,1,NULL,DIXIE                                   ,N ,AVE  ,US0031W ,US0031W ,047 US-31W-10  ,US0031W                                        ,N,37.70872,-85.87421,5,2019,O,047-US-0031W -000,18.033,0,0,0,0,0,0,1,0,0,0,1,0,0,Y
Motor Vehicle,DAC,72411692,20190924,900,2,NULL,RIDGECREST                              ,NULL,RD   ,NULL,NULL,047 CS-1379    ,CS1379                                         ,N,37.72373,-85.85101,5,2019,O,047-CS-1379  -000,0.142,0,0,0,0,0,0,1,0,0,0,0,0,0,Y
Motor Vehicle,Non DAC,72411693,20190924,935,2,NULL,PATRIOT                                 ,NULL,PKWY ,KY0361  ,KY0361  ,047 KY-361-10  ,KY0361                                         ,N,37.71726,-85.9031,6,2019,O,047-KY-0361  -000,1.822,0,0,0,0,0,0,0,0,0,0,1,0,0,Y
Motor Vehicle,DAC,72411996,20190925,1715,3,NULL,MULBERRY                                ,N ,ST   ,US0062  ,US0062  ,047 US-62      ,US0062                                         ,N,37.69644,-85.85713,5,2019,O,047-US-0062  -000,18.182,0,0,1,0,0,0,0,1,0,0,0,0,0,Y
Motor Vehicle,Non DAC,72412066,20190925,1900,3,NULL,RING                                    ,NULL,RD   ,KY3005  ,KY3005  ,047 KY-3005-10 ,KY3005                                         ,N,37.72684,-85.8889,1,2019,O,047-KY-3005  -000,6.277,0,0,0,0,0,0,1,0,0,0,0,0,0,Y
Motor Vehicle,DAC,72412354,20190925,1835,3,101,CRUTCHER                                ,E ,ST   ,NULL,NULL,047 CS-1004    ,CS1004                                         ,N,37.6957,-85.8554,9,2019,O,047-CS-1004  -000,0.227,0,0,0,0,0,0,0,0,1,0,0,1,0,Y
Motor Vehicle,Non DAC,72412632,20190927,720,5,NULL,RING                                    ,NULL,RD   ,KY3005  ,KY3005  ,047 KY-3005-10 ,KY3005                                         ,N,37.6858,-85.91547,5,2019,O,047-KY-3005  -000,2.923,0,0,0,0,0,0,1,0,0,0,0,0,0,Y
Motor Vehicle,DAC,72413176,20190906,1300,5,NULL,DIXIE                                   ,N ,AVE  ,US0031W ,US0031W ,047 US-31W     ,US0031W                                        ,N,37.71881,-85.87931,5,2019,O,047-US-0031W -000,18.782,0,0,0,0,0,0,1,0,0,0,0,0,0,Y
Motor Vehicle,DAC,72413177,20190913,1256,5,NULL,ST JOHN                                 ,NULL,RD   ,KY1357  ,KY1357  ,047 KY-1357-10 ,KY1357                                         ,N,37.70075,-85.88064,1,2019,O,047-KY-1357  -000,16.4,0,0,0,1,0,0,0,1,0,0,1,0,0,Y
Motor Vehicle,DAC,72413178,20190913,1403,5,NULL,WALMART                                 ,NULL,DR   ,NULL,NULL,NULL,NULL,N,37.73127,-85.8854,5,2019,O,047-CS-1558  -000,0.076,0,0,1,0,0,0,1,0,0,0,0,0,0,Y
Motor Vehicle,Non DAC,72413179,20190917,1000,2,1221,HAWKINS                                 ,NULL,DR   ,NULL,NULL,047 CS-1553    ,CS1553                                         ,N,37.66966,-85.84028,,2019,O,047-CS-1553  -000,0.009,0,0,0,0,0,0,0,0,0,0,0,0,0,Y
Motor Vehicle,Non DAC,72413180,20190920,1830,5,1242,EASTERN                                 ,NULL,ST   ,NULL,NULL,047 CS-1626    ,CS1626                                         ,N,37.67727,-85.90537,9,2019,O,047-CS-1626  -000,0.13,0,0,0,0,0,0,0,0,0,0,0,1,0,Y
Motor Vehicle,DAC,72413321,20190926,1757,4,NULL,DIXIE                                   ,N ,HWY  ,US0031W ,US0031W ,047 US-31W     ,US0031W                                        ,N,37.75785,-85.898,5,2019,O,047-US-0031W -000,21.675,0,0,0,0,0,0,1,0,0,0,0,0,0,Y
Motor Vehicle,DAC,72413323,20190927,1541,5,NULL,RING                                    ,NULL,RD   ,KY3005  ,KY3005  ,047 KY-3005    ,KY3005                                         ,N,37.72879,-85.88262,8,2019,O,047-KY-3005  -000,6.633,0,0,0,0,0,0,1,0,0,0,0,1,0,Y
Motor Vehicle,Non DAC,72413576,20190926,1655,4,NULL,DEERFIELD HILLS                         ,NULL,RD   ,NULL,NULL,047 CS-1142    ,CS1142                                         ,N,37.70769,-85.89374,1,2019,O,047-CS-1142  -000,0.124,0,0,0,1,0,0,1,0,0,0,0,0,0,Y
Motor Vehicle,DAC,72413577,20190927,1900,5,NULL,RING                                    ,NULL,RD   ,KY3005  ,KY3005  ,047 KY-3005    ,KY3005                                         ,N,37.73081,-85.87542,5,2019,O,047-KY-3005  -000,7.056,0,0,0,0,0,0,1,0,0,0,0,0,0,Y
Motor Vehicle,DAC,72414072,20190930,711,1,NULL,CARDINAL                                ,NULL,DR   ,KY0361  ,KY0361  ,047 KY-361     ,KY0361                                         ,N,37.70734,-85.87337,5,2019,O,047-KY-0361  -000,0.029,0,0,0,0,0,0,0,1,0,0,0,0,0,Y
Motor Vehicle,Non DAC,72414306,20190930,1531,1,NULL,RING                                    ,NULL,RD   ,KY3005  ,KY3005  ,047 KY-3005-10 ,KY3005                                         ,N,37.71738,-85.90337,5,2019,O,047-KY-3005  -000,5.244,0,0,0,0,0,0,1,0,0,0,0,0,0,Y
Motor Vehicle,DAC,72414307,20190930,1800,1,NULL,DIXIE                                   ,N ,AVE  ,US0031W ,US0031W ,047 US-31W-10  ,US0031W                                        ,N,37.73275,-85.88647,5,2019,O,047-US-0031W -000,19.822,0,0,0,0,0,0,0,0,0,0,0,0,0,Y
Motor Vehicle,Non DAC,72414776,20191001,1608,2,NULL,EVERGREEN                               ,NULL,TRL  ,NULL,NULL,NULL,NULL,N,37.73733,-85.85575,5,2019,O,047-CS-1676  -000,0.27,0,0,0,1,0,0,1,0,0,0,0,0,0,Y
Motor Vehicle,Non DAC,72414896,20190923,830,1,NULL,DIXIE                                   ,N ,HWY  ,US0031W ,US0031W ,047 US-31W     ,US0031W                                        ,N,37.75309,-85.89593,8,2019,O,047-US-0031W -000,21.322,0,0,1,0,0,0,0,0,0,0,0,1,0,Y
Motor Vehicle,DAC,72414897,20190930,1320,1,NULL,COLLEGE                                 ,NULL,ST   ,NULL,NULL,047 CS-1730    ,CS1730                                         ,N,37.691,-85.86089,1,2019,O,047-CS-1730  -000,0.653,0,0,0,1,0,0,1,0,0,0,0,0,0,Y
Motor Vehicle,Non DAC,72414898,20191001,713,2,NULL,LEITCHFIELD                             ,NULL,RD   ,US0062  ,US0062  ,047 US-62      ,US0062                                         ,N,37.66686,-85.92367,5,2019,O,047-US-0062  -000,13.806,0,0,0,0,0,0,1,0,0,0,0,0,0,N
Motor Vehicle,Non DAC,72414951,20190925,1459,3,NULL,RING                                    ,NULL,RD   ,KY3005  ,KY3005  ,047 KY-3005    ,KY3005                                         ,N,37.72799,-85.88461,1,2019,C,047-KY-3005  -000,6.515,0,0,0,1,0,0,1,0,0,0,0,0,0,Y
Motor Vehicle,DAC,72414995,20191002,1234,3,NULL,MULBERRY                                ,N ,ST   ,US0062  ,US0062  ,047 US-62      ,US0062                                         ,N,37.695,-85.85841,1,2019,B,047-US-0062  -000,18.06,0,0,0,0,0,0,1,1,0,0,1,0,0,Y
Motor Vehicle,DAC,72415167,20191002,1714,3,NULL,MULBERRY                                ,N ,ST   ,US0062  ,US0062  ,NULL,NULL,N,37.71117,-85.83492,5,2019,O,047-US-0062  -000,19.775,0,0,0,1,0,0,0,1,0,0,0,0,0,Y
Motor Vehicle,Non DAC,72415206,20191002,1748,3,NULL,RING                                    ,NULL,RD   ,KY3005  ,KY3005  ,047 KY-3005    ,KY3005                                         ,N,37.7273,-85.88768,8,2019,O,047-KY-3005  -000,6.348,0,0,0,0,0,0,1,1,0,0,0,1,0,Y
Motor Vehicle,DAC,72415222,20191001,1753,2,NULL,MILES                                   ,N ,ST   ,KY0251  ,KY0251  ,047 KY-251     ,KY0251                                         ,N,37.69708,-85.86192,1,2019,B,047-KY-0251  -000,0.092,0,0,0,1,0,0,1,0,0,0,1,0,0,Y
Motor Vehicle,DAC,72415223,20191002,1539,3,NULL,DIXIE                                   ,N ,AVE  ,US0031W ,US0031W ,047 US-31W     ,US0031W                                        ,N,37.73858,-85.88909,1,2019,O,047-US-0031W -000,20.254,0,0,0,1,0,0,1,1,0,0,0,0,0,Y
Motor Vehicle,DAC,72415283,20190927,900,5,NULL,TOWNE                                   ,NULL,DR   ,NULL,NULL,047 CS-1448-10 ,CS1448                                         ,N,37.73387,-85.8873,1,2019,O,047-CS-1448  -000,0.029,0,0,0,1,0,0,0,1,0,0,1,0,0,Y
Motor Vehicle,Non DAC,72415284,20190928,1221,6,NULL,TOWNE                                   ,NULL,DR   ,NULL,NULL,047 CS-1448    ,CS1448                                         ,N,37.7305,-85.89407,5,2019,O,047-CS-1448  -000,0.481,0,0,1,0,0,0,1,0,0,0,0,0,0,Y
Motor Vehicle,DAC,72415721,20191003,1616,4,NULL,DIXIE                                   ,N ,AVE  ,US0031W ,US0031W ,047 US-31W-10  ,US0031W                                        ,N,37.70725,-85.87318,1,2019,O,047-US-0031W -000,17.889,0,0,0,0,0,0,1,1,0,0,1,0,0,Y
Motor Vehicle,Non DAC,72415740,20191003,1704,4,NULL,ST JOHN                                 ,NULL,RD   ,KY1357  ,KY1357  ,047 KY-1357    ,KY1357                                         ,N,37.6978,-85.88829,9,2019,B,047-KY-1357  -000,15.934,0,0,0,0,0,0,0,0,0,0,0,1,0,Y
Motor Vehicle,DAC,72415745,20191003,1555,4,NULL,31W                                     ,NULL,BYP  ,US0031WB,US0031WB,047 US-31WB-10 ,US0031WB                                       ,N,37.70142,-85.88273,5,2019,O,047-US-0031WB-000,2.194,0,0,0,0,0,0,1,0,0,0,0,0,0,Y
Motor Vehicle,DAC,72415746,20191003,1818,4,NULL,FREEMAN LAKE PARK                       ,NULL,RD   ,NULL,NULL,047 CS-1728    ,CS1728                                         ,N,37.71832,-85.87796,5,2019,O,047-CS-1728  -000,0.056,0,0,1,0,0,0,1,0,0,0,0,0,0,Y
Motor Vehicle,Non DAC,72415793,20190915,2012,0,NULL,PATRIOT                                 ,NULL,PKWY ,KY0361  ,KY0361  ,047 KY-361     ,KY0361                                         ,N,37.71737,-85.90339,1,2019,C,047-KY-0361  -000,1.827,0,0,0,0,0,0,1,1,0,0,1,0,0,Y
Motor Vehicle,DAC,72415794,20190929,117,0,NULL,US31W BYP S TURN LANE                   ,NULL,NULL,US0031WB,US0031WB,NULL,NULL,N,37.71943,-85.88002,2,2019,O,047-US-0031WB-025,0.024,0,0,1,0,0,0,1,0,0,0,0,0,0,Y
Motor Vehicle,Non DAC,72415847,20191004,631,5,750,BLACK BRANCH                            ,N ,RD   ,NULL,NULL,047 CS-1551    ,CS1551                                         ,N,37.67765,-85.91779,5,2019,O,047-CS-1551  -000,0.892,0,0,0,0,0,0,1,0,0,0,0,0,0,Y
Motor Vehicle,Non DAC,72415861,20191001,1545,2,350,RING                                    ,NULL,RD   ,KY3005  ,KY3005  ,047 KY-3005-10 ,KY3005                                         ,N,37.68908,-85.91414,5,2019,O,047-KY-3005  -000,3.158,0,0,0,0,0,0,1,0,0,0,0,0,0,Y
Motor Vehicle,DAC,72416394,20191005,1245,6,405,VILLAGE                                 ,NULL,DR   ,NULL,NULL,047 CS-1550    ,CS1550                                         ,N,37.70662,-85.86575,2,2019,O,047-CS-1550  -000,0.354,0,0,0,1,0,0,1,0,0,0,0,0,0,Y
Motor Vehicle,DAC,72416674,20191001,2240,2,NULL,MEADOW                                  ,NULL,LN   ,NULL,NULL,047 CS-1340    ,CS1340                                         ,N,37.69956,-85.86064,7,2019,O,047-CS-1340  -000,0.089,0,0,0,0,0,0,1,0,0,0,0,0,0,Y