Mode,Crash In Disadvantaged Community,MasterFile,CollisionDate,CollisionTime,CollisionDayWeekCode,RoadwayName_HouseBusinessNumber_,RoadwayName_RoadwayName_,RoadwayName_Direction_,RoadwayName_RoadwaySuffix_,RoadwayfromReport,CurrentRoadwayNumber,RSEUniqueGIS,RoadwayIdentifier,ParkingLotIndicator,Latitude,Longitude,MannerofCollisionCode,YR,KABCO,KTC_RT,KTC_MP,Motorcyclist,Commercial Vehicle,Young Driver,Mature Driver,Pedestrian,Bicyclist,Distracted,Aggressive,Impaired,Unrestrained,Intersection,Roadway Departure,Median Cross-over,In City Limits?
Motor Vehicle,DAC,72416779,20191003,1456,4,2129,RING                                    ,NULL,RD   ,KY3005  ,KY3005  ,047 KY-3005    ,KY3005                                         ,N,37.71572,-85.84013,2,2019,O,047-KY-3005  -000,10.107,0,0,0,0,0,0,1,0,0,0,0,0,0,Y
Motor Vehicle,DAC,72417034,20191003,1607,4,NULL,POPLAR                                  ,W ,ST   ,NULL,NULL,047 CS-1068    ,CS1068                                         ,N,37.70425,-85.87121,8,2019,O,047-CS-1068  -000,1.104,0,0,0,0,0,0,1,0,0,0,1,0,0,Y
Motor Vehicle,Non DAC,72417035,20191001,1735,2,NULL,RING                                    ,NULL,RD   ,KY3005  ,KY3005  ,047 KY-3005-10 ,KY3005                                         ,N,37.72692,-85.88871,5,2019,O,047-KY-3005  -000,6.289,0,0,0,1,0,0,0,1,0,0,0,0,0,Y
Motor Vehicle,DAC,72417399,20191007,1223,1,NULL,MULBERRY                                ,N ,ST   ,US0062  ,US0062  ,047 US-62      ,US0062                                         ,N,37.70446,-85.84656,1,2019,O,047-US-0062  -000,18.999,0,0,1,1,0,0,1,1,0,0,1,0,0,Y
Motor Vehicle,DAC,72417440,20191007,1157,1,NULL,POPLAR                                  ,W ,ST   ,NULL,NULL,047 CS-1068    ,CS1068                                         ,N,37.70153,-85.86672,1,2019,O,047-CS-1068  -000,0.743,0,0,1,1,0,0,0,0,0,0,1,0,0,Y
Motor Vehicle,DAC,72417482,20191007,1225,1,NULL,DIXIE                                   ,N ,AVE  ,US0031W ,US0031W ,047 US-31W-10  ,US0031W                                        ,N,37.73438,-85.88728,5,2019,B,047-US-0031W -000,19.957,0,0,0,0,0,0,1,0,0,0,0,0,0,Y
Motor Vehicle,DAC,72417679,20191007,1842,1,NULL,GLORIA DEI                              ,NULL,LN   ,NULL,NULL,047 CS-1215    ,CS1215                                         ,N,37.72887,-85.87923,1,2019,O,047-CS-1215  -000,0.055,0,0,1,0,0,0,1,1,0,0,0,0,0,Y
Motor Vehicle,Non DAC,72417696,20191006,1939,0,NULL,PINE VALLEY                             ,NULL,DR   ,NULL,NULL,047 CS-1533    ,CS1533                                         ,N,37.75085,-85.89452,7,2019,C,047-CS-1533  -000,0.015,0,0,1,0,0,0,0,0,0,0,0,1,0,Y
Motor Vehicle,DAC,72417766,20191008,705,2,NULL,POPLAR                                  ,W ,ST   ,NULL,NULL,047 CS-1068    ,CS1068                                         ,N,37.70154,-85.86673,5,2019,O,047-CS-1068  -000,0.742,0,0,0,0,0,0,0,0,0,0,1,0,0,Y
Motor Vehicle,DAC,72417872,20191008,1201,2,NULL,MIKE                                    ,NULL,ST   ,NULL,NULL,047 CS-1350    ,CS1350                                         ,N,37.72706,-85.8485,2,2019,O,047-CS-1350  -000,0.081,0,0,0,1,0,0,1,0,0,0,0,0,0,Y
Motor Vehicle,DAC,72418106,20191005,1540,6,NULL,ST JOHN                                 ,NULL,RD   ,KY1357  ,KY1357  ,047 KY-1357    ,KY1357                                         ,N,37.70425,-85.8712,1,2019,O,047-KY-1357  -000,16.981,0,0,0,0,0,0,1,0,0,0,1,0,0,Y
Motor Vehicle,DAC,72418208,20190920,2140,5,NULL,MILES                                   ,N ,ST   ,KY0251  ,KY0251  ,047 KY-251     ,KY0251                                         ,N,37.69674,-85.86223,4,2019,O,047-KY-0251  -000,0.066,0,0,0,1,0,0,0,1,0,0,0,0,0,Y
Motor Vehicle,Non DAC,72418539,20191008,1048,2,NULL,PATRIOT                                 ,NULL,PKWY ,KY0361  ,KY0361  ,047 KY-361-10  ,KY0361                                         ,N,37.7173,-85.90356,8,2019,O,047-KY-0361  -000,1.825,0,0,1,0,0,0,1,0,0,0,0,1,0,Y
Motor Vehicle,Non DAC,72418636,20191003,2259,4,NULL,DIXIE                                   ,N ,AVE  ,US0031W ,US0031W ,047 US-31W     ,US0031W                                        ,N,37.74555,-85.89244,5,2019,O,047-US-0031W -000,20.753,0,0,0,0,0,0,1,0,0,0,0,0,0,Y
Motor Vehicle,DAC,72418637,20191007,2119,1,NULL,HODGENVILLE                             ,NULL,RD   ,KY0210  ,KY0210  ,047 KY-210     ,KY0210                                         ,N,37.67232,-85.84365,1,2019,B,047-KY-0210  -000,0.133,0,0,0,0,0,0,1,1,0,0,1,0,0,Y
Motor Vehicle,DAC,72418712,20191008,1401,2,NULL,RING                                    ,NULL,RD   ,KY3005  ,KY3005  ,047 KY-3005    ,KY3005                                         ,N,37.71041,-85.83934,1,2019,O,047-KY-3005  -000,10.482,0,0,0,1,0,0,0,0,0,0,0,0,0,Y
Motor Vehicle,Non DAC,72418714,20191008,1734,2,NULL,RING                                    ,NULL,RD   ,KY3005  ,KY3005  ,NULL,NULL,N,37.72692,-85.88882,1,2019,O,047-KY-3005  -000,6.282,0,0,0,1,0,0,0,0,0,0,0,0,0,Y
Motor Vehicle,Non DAC,72418811,20191005,2249,6,NULL,WOODLAND                                ,NULL,DR   ,NULL,NULL,NULL,NULL,N,37.7212,-85.88342,5,2019,C,047-CS-1193  -000,0.449,0,0,0,0,0,0,1,0,0,0,1,0,0,Y
Motor Vehicle,DAC,72418869,20191010,1226,4,NULL,VALLEY CREEK                            ,NULL,RD   ,KY0567  ,KY0567  ,047 KY-567     ,KY0567                                         ,N,37.67279,-85.84306,5,2019,O,047-KY-0567  -000,0.046,0,0,0,0,0,0,0,1,0,0,0,0,0,Y
Motor Vehicle,DAC,72419079,20191010,1513,4,NULL,DIXIE                                   ,N ,AVE  ,US0031W ,US0031W ,NULL,NULL,N,37.71074,-85.87535,1,2019,O,047-US-0031W -000,18.184,0,0,1,0,0,0,1,1,0,0,0,0,0,Y
Motor Vehicle,Non DAC,72419080,20191010,1625,4,NULL,RING                                    ,NULL,RD   ,KY3005  ,KY3005  ,NULL,NULL,N,37.72708,-85.88847,5,2019,C,047-KY-3005  -000,6.303,0,0,0,0,0,0,1,0,0,0,0,0,0,Y
Motor Vehicle,DAC,72419303,20191011,1214,5,1600,RING                                    ,NULL,RD   ,KY3005  ,KY3005  ,047 KY-3005    ,KY3005                                         ,N,37.73019,-85.87731,1,2019,O,047-KY-3005  -000,6.943,0,0,0,1,0,0,0,1,0,0,1,0,0,Y
Motor Vehicle,DAC,72419327,20191010,1423,4,NULL,MULBERRY                                ,N ,ST   ,US0062  ,US0062  ,047 US-62-10   ,US0062                                         ,N,37.70991,-85.83735,4,2019,O,047-US-0062  -000,19.619,0,0,0,0,0,0,0,1,0,0,1,0,0,Y
Motor Vehicle,Non DAC,72419328,20191011,1244,5,NULL,DIXIE                                   ,N ,HWY  ,US0031W ,US0031W ,047 US-31W-10  ,US0031W                                        ,N,37.75126,-85.89525,5,2019,O,047-US-0031W -000,21.19,0,0,0,1,0,0,0,0,0,0,0,0,0,Y
Motor Vehicle,DAC,72419577,20190111,1714,5,NULL,RING                                    ,NULL,RD   ,KY3005  ,KY3005  ,047 KY-3005    ,KY3005                                         ,N,37.73014,-85.87796,4,2019,O,047-KY-3005  -000,6.907,0,0,1,0,0,0,1,0,0,0,0,0,0,Y
Motor Vehicle,DAC,72419891,20191007,1548,1,NULL,DIXIE                                   ,N ,AVE  ,US0031W ,US0031W ,047 US-31W     ,US0031W                                        ,N,37.73624,-85.88794,1,2019,O,047-US-0031W -000,20.13,0,0,0,1,0,0,1,1,0,0,0,0,0,Y
Motor Vehicle,DAC,72419892,20191007,2119,1,NULL,COMMERCE                                ,NULL,DR   ,NULL,NULL,047 CS-1108    ,CS1108                                         ,N,37.71155,-85.83351,5,2019,O,047-CS-1108  -000,0.003,0,0,1,0,0,0,1,0,0,0,1,0,0,Y
Motor Vehicle,DAC,72419896,20191011,2201,5,NULL,DIXIE                                   ,N ,AVE  ,US0031W ,US0031W ,047 US-31W     ,US0031W                                        ,N,37.73413,-85.88689,5,2019,O,047-US-0031W -000,19.924,0,0,0,0,0,0,0,1,0,0,0,0,0,Y
Motor Vehicle,DAC,72420077,20191013,958,0,NULL,RING                                    ,NULL,RD   ,KY3005  ,KY3005  ,047 KY-3005    ,KY3005                                         ,N,37.73314,-85.86662,9,2019,O,047-KY-3005  -000,7.572,0,0,0,0,0,0,0,0,0,0,0,0,0,Y
Motor Vehicle,DAC,72420287,20191014,25,1,NULL,31W                                     ,NULL,BYP  ,US0031WB,US0031WB,047 US-31WB-10 ,US0031WB                                       ,N,37.70557,-85.88529,9,2019,O,047-US-0031WB-000,2.578,0,0,0,0,0,0,0,0,0,0,0,0,0,Y
Motor Vehicle,Non DAC,72420362,20191014,708,1,NULL,RING                                    ,NULL,RD   ,KY3005  ,KY3005  ,047 KY-3005    ,KY3005                                         ,N,37.68413,-85.91566,5,2019,O,047-KY-3005  -000,2.809,0,0,0,0,0,0,1,0,0,0,0,0,0,Y
Motor Vehicle,DAC,72420468,20191014,552,1,303,DEEPWOOD                                ,NULL,DR   ,NULL,NULL,047 CS-1146    ,CS1146                                         ,N,37.71287,-85.88227,5,2019,O,047-CS-1146  -000,0.278,0,0,0,0,0,0,1,0,0,0,0,0,0,Y
Motor Vehicle,DAC,72420636,20191010,1719,4,NULL,MULBERRY                                ,N ,ST   ,US0062  ,US0062  ,047 US-62-10   ,US0062                                         ,N,37.71316,-85.83078,5,2019,O,047-US-0062  -000,20.036,0,0,0,0,0,0,1,0,0,0,0,0,0,Y
Motor Vehicle,Non DAC,72421057,20191015,1550,2,NULL,RING                                    ,NULL,RD   ,KY3005  ,KY3005  ,047 KY-3005    ,KY3005                                         ,N,37.69326,-85.91179,5,2019,O,047-KY-3005  -000,3.471,0,0,1,1,0,0,1,0,0,0,0,0,0,Y
Motor Vehicle,DAC,72421360,20191016,700,3,NULL,US31W BYP N TURN LANE                   ,NULL,NULL,US0031WB,US0031WB,047 US-31WB-24 ,US0031WB                                       ,N,37.71885,-85.87977,5,2019,O,047-US-0031WB-024,0.04,0,0,0,0,0,0,1,0,0,0,0,0,0,Y
Motor Vehicle,DAC,72421619,20191016,1215,3,1113,REGENCY                                 ,NULL,WAY  ,NULL,NULL,047 CS-1360    ,CS1360                                         ,N,37.71743,-85.83478,9,2019,O,047-CS-1360  -000,0.116,0,0,0,0,0,0,0,0,0,0,0,1,0,Y
Motor Vehicle,DAC,72422013,20191017,752,4,NULL,KMART CENTER                            ,NULL,DR   ,NULL,NULL,047 PR-1003    ,PR1003                                         ,N,37.73434,-85.88659,1,2019,A,047-PR-1003  -000,0.022,0,0,0,0,0,0,0,0,0,0,0,0,0,Y
Motor Vehicle,Non DAC,72422069,20191017,933,4,NULL,LINCOLN                                 ,NULL,PKWY ,KY0061  ,KY0061  ,047 KY-61      ,KY0061                                         ,N,37.65803,-85.83652,5,2019,C,047-KY-0061  -000,4.28,0,0,0,0,0,0,0,0,0,0,1,0,0,Y
Motor Vehicle,Non DAC,72422111,20191017,1301,4,NULL,HARVARD                                 ,NULL,DR   ,NULL,NULL,047 CS-1233    ,CS1233                                         ,N,37.70038,-85.89114,4,2019,O,047-CS-1233  -000,0.29,0,0,1,1,0,0,1,1,0,0,1,0,0,Y
Motor Vehicle,DAC,72422154,20191014,1655,1,NULL,DIXIE                                   ,N ,AVE  ,US0031W ,US0031W ,047 US-31W     ,US0031W                                        ,N,37.73394,-85.88679,5,2019,O,047-US-0031W -000,19.898,0,0,0,0,0,0,1,0,0,0,0,0,0,Y
Motor Vehicle,Non DAC,72422156,20191016,1125,3,NULL,DIXIE                                   ,N ,AVE  ,US0031W ,US0031W ,047 US-31W     ,US0031W                                        ,N,37.74545,-85.89234,8,2019,O,047-US-0031W -000,20.792,0,0,0,1,0,0,0,1,0,0,0,1,0,Y
Motor Vehicle,Non DAC,72422413,20191015,1701,2,NULL,RING                                    ,NULL,RD   ,KY3005  ,KY3005  ,NULL,NULL,N,37.7274,-85.88655,5,2019,O,047-KY-3005  -000,6.408,0,0,0,0,0,0,1,0,0,0,0,0,0,Y
Motor Vehicle,Non DAC,72422497,20191017,1645,4,NULL,RING                                    ,NULL,RD   ,KY3005  ,KY3005  ,047 KY-3005    ,KY3005                                         ,N,37.72316,-85.8959,8,2019,O,047-KY-3005  -000,5.816,0,0,0,0,0,0,1,0,0,0,0,1,0,Y
Motor Vehicle,Non DAC,72422521,20191018,722,5,NULL,MULBERRY                                ,N ,ST   ,US0062  ,US0062  ,047 US-62      ,US0062                                         ,N,37.71443,-85.82788,5,2019,O,047-US-0062  -000,20.207,0,0,1,0,0,0,0,1,0,0,1,0,0,Y
Motor Vehicle,DAC,72422836,20191018,1604,5,NULL,DIXIE                                   ,N ,AVE  ,US0031W ,US0031W ,NULL,NULL,N,37.71663,-85.87839,5,2019,O,047-US-0031W -000,18.625,0,0,0,0,0,0,1,0,0,0,0,0,0,Y
Motor Vehicle,DAC,72422991,20191018,1205,5,NULL,MULBERRY                                ,N ,ST   ,US0062  ,US0062  ,047 US-62      ,US0062                                         ,N,37.695,-85.85842,1,2019,O,047-US-0062  -000,18.059,0,1,0,1,0,0,0,0,0,0,1,0,0,Y
Motor Vehicle,Non DAC,72423085,20191019,1155,6,NULL,NEW GLENDALE                            ,NULL,RD   ,KY1136  ,KY1136  ,047 KY-1136    ,KY1136                                         ,N,37.66855,-85.86192,7,2019,O,047-KY-1136  -000,9.397,0,0,0,0,0,0,0,0,0,0,0,1,0,Y
Motor Vehicle,Non DAC,72423194,20191018,1541,5,NULL,RING                                    ,NULL,RD   ,KY3005  ,KY3005  ,047 KY-3005    ,KY3005                                         ,N,37.68999,-85.91367,5,2019,O,047-KY-3005  -000,3.225,0,0,0,0,0,0,1,0,0,0,0,0,0,Y
Motor Vehicle,Non DAC,72423358,20191020,908,0,NULL,PATRIOT                                 ,NULL,PKWY ,KY0361  ,KY0361  ,047 KY-361-10  ,KY0361                                         ,N,37.71728,-85.9034,1,2019,O,047-KY-0361  -000,1.823,0,0,0,0,0,0,0,1,0,0,1,0,0,Y
Motor Vehicle,DAC,72423371,20191020,724,0,NULL,DIXIE                                   ,W ,AVE  ,US0031W ,US0031W ,047 US-31W     ,US0031W                                        ,N,37.69386,-85.85944,3,2019,O,047-US-0031W -000,16.702,0,0,1,0,0,0,0,1,0,0,1,0,0,Y
Motor Vehicle,DAC,72423620,20191020,1754,0,NULL,POPLAR                                  ,W ,ST   ,NULL,NULL,047 CS-1068    ,CS1068                                         ,N,37.70464,-85.87048,1,2019,B,047-CS-1068  -000,1.053,0,0,0,0,0,0,0,0,1,0,0,0,0,Y
Motor Vehicle,DAC,72423678,20191014,1626,1,NULL,DIXIE                                   ,N ,AVE  ,US0031W ,US0031W ,047 US-31W     ,US0031W                                        ,N,37.74038,-85.89,5,2019,O,047-US-0031W -000,20.372,0,0,0,0,0,0,1,0,0,0,0,0,0,Y
Motor Vehicle,Non DAC,72424038,20191021,1542,1,NULL,LEITCHFIELD                             ,NULL,RD   ,US0062  ,US0062  ,047 US-62      ,US0062                                         ,N,37.67676,-85.89901,1,2019,O,047-US-0062  -000,15.365,0,0,0,0,0,0,0,0,0,0,0,0,0,Y
Motor Vehicle,DAC,72424078,20191021,1709,1,NULL,DIXIE                                   ,E ,AVE  ,US0031W ,US0031W ,047 US-31W     ,US0031W                                        ,N,37.67816,-85.84737,5,2019,O,047-US-0031W -000,15.388,0,0,1,0,0,0,1,0,0,0,1,0,0,Y
Motor Vehicle,DAC,72424654,20191022,1231,2,NULL,DIXIE                                   ,N ,AVE  ,US0031W ,US0031W ,047 US-31W-10  ,US0031W                                        ,N,37.73126,-85.88573,5,2019,O,047-US-0031W -000,19.71,0,0,0,0,0,0,0,0,0,0,0,0,0,Y
Motor Vehicle,DAC,72424836,20191021,1327,1,NULL,DIXIE                                   ,N ,AVE  ,US0031W ,US0031W ,047 US-31W     ,US0031W                                        ,N,37.71026,-85.87498,1,2019,O,047-US-0031W -000,18.145,0,0,1,0,0,0,1,0,0,0,0,0,0,Y
Motor Vehicle,Non DAC,72425072,20191023,1146,3,NULL,RING                                    ,NULL,RD   ,KY3005  ,KY3005  ,047 KY-3005    ,KY3005                                         ,N,37.7274,-85.88648,5,2019,O,047-KY-3005  -000,6.412,0,0,0,1,0,0,1,0,0,0,0,0,0,Y
Motor Vehicle,DAC,72425271,20191022,1715,2,NULL,DIXIE                                   ,N ,AVE  ,US0031W ,US0031W ,NULL,NULL,N,37.71076,-85.87553,1,2019,O,047-US-0031W -000,18.189,0,0,0,0,0,0,1,1,0,0,0,0,0,Y
Motor Vehicle,DAC,72425348,20191022,1135,2,NULL,DIXIE                                   ,E ,AVE  ,US0031W ,US0031W ,047 US-31W     ,US0031W                                        ,N,37.67113,-85.84621,1,2019,O,047-US-0031W -000,14.894,0,0,0,0,0,0,1,0,0,0,0,0,0,Y
Motor Vehicle,DAC,72425438,20191024,635,4,NULL,DIXIE                                   ,N ,AVE  ,US0031W ,US0031W ,047 US-31W-10  ,US0031W                                        ,N,37.70959,-85.87489,1,2019,O,047-US-0031W -000,18.101,0,0,0,0,0,0,0,0,0,0,0,0,0,Y
Motor Vehicle,Non DAC,72425507,20191024,654,4,NULL,BLACK BRANCH                            ,N ,RD   ,NULL,NULL,047 CS-1551    ,CS1551                                         ,N,37.67605,-85.92013,1,2019,O,047-CS-1551  -000,1.063,0,0,0,0,0,0,1,0,0,0,0,0,0,Y
Motor Vehicle,DAC,72425508,20191024,1259,4,NULL,DIXIE                                   ,N ,AVE  ,US0031W ,US0031W ,047 US-31W-10  ,US0031W                                        ,N,37.70505,-85.87189,5,2019,O,047-US-0031W -000,17.732,0,0,0,0,0,0,1,0,0,0,0,0,0,Y
Motor Vehicle,DAC,72425669,20191023,1350,3,NULL,MILES                                   ,N ,ST   ,KY0251  ,KY0251  ,047 KY-251     ,KY0251                                         ,N,37.70932,-85.85383,8,2019,O,047-KY-0251  -000,1.026,0,0,0,1,0,0,1,0,0,0,0,1,0,Y
Motor Vehicle,Non DAC,72425784,20191022,1532,2,NULL,RING                                    ,NULL,RD   ,KY3005  ,KY3005  ,047 KY-3005-10 ,KY3005                                         ,N,37.69047,-85.91358,1,2019,O,047-KY-3005  -000,3.257,0,0,0,1,0,0,1,0,0,0,0,0,0,Y
Motor Vehicle,Non DAC,72425787,20191016,1235,3,NULL,BUFORD                                  ,NULL,LN   ,NULL,NULL,047 CS-1206    ,CS1206                                         ,N,37.72546,-85.89152,1,2019,A,047-CS-1206  -000,0.009,0,0,1,0,0,0,1,1,0,0,0,0,0,Y
Motor Vehicle,DAC,72426276,20191025,2005,5,NULL,DIXIE                                   ,N ,AVE  ,US0031W ,US0031W ,047 US-31W     ,US0031W                                        ,N,37.7188,-85.87921,1,2019,C,047-US-0031W -000,18.779,0,0,0,0,0,0,1,0,0,0,1,0,0,Y
Motor Vehicle,DAC,72426284,20191025,1537,5,NULL,DIXIE                                   ,N ,AVE  ,US0031W ,US0031W ,047 US-31W     ,US0031W                                        ,N,37.72636,-85.88307,5,2019,O,047-US-0031W -000,19.337,0,0,0,0,0,0,1,0,0,0,0,0,0,Y
Motor Vehicle,DAC,72426397,20191026,716,6,NULL,WOODLAND                                ,NULL,DR   ,NULL,NULL,047 CS-1193    ,CS1193                                         ,N,37.71192,-85.87917,1,2019,O,047-CS-1193  -000,1.15,0,0,0,0,0,0,1,1,0,0,1,0,0,Y
Motor Vehicle,DAC,72426541,20191025,948,5,NULL,MULBERRY                                ,S ,ST   ,US0062  ,US0062  ,047 US-62      ,US0062                                         ,N,37.69282,-85.86039,1,2019,O,047-US-0062  -000,17.88,0,1,1,0,0,0,1,0,0,0,1,0,0,Y
Motor Vehicle,DAC,72426542,20191026,1000,6,NULL,DIXIE                                   ,N ,AVE  ,US0031W ,US0031W ,047 US-31W-10  ,US0031W                                        ,N,37.72881,-85.88453,5,2019,O,047-US-0031W -000,19.529,0,0,0,0,0,0,1,1,0,0,0,0,0,Y
Motor Vehicle,DAC,72426789,20191026,1948,6,NULL,DIXIE                                   ,N ,AVE  ,US0031W ,US0031W ,047 US-31W-10  ,US0031W                                        ,N,37.73434,-85.88725,5,2019,O,047-US-0031W -000,19.915,0,0,1,0,0,0,0,1,0,0,1,0,0,Y
Motor Vehicle,DAC,72426790,20191026,1614,6,NULL,MULBERRY                                ,N ,ST   ,US0062  ,US0062  ,047 US-62-10   ,US0062                                         ,N,37.71264,-85.83185,5,2019,O,047-US-0062  -000,19.969,0,0,1,0,0,0,0,1,0,0,1,0,0,Y
Motor Vehicle,DAC,72427075,20191025,1355,5,NULL,RING                                    ,NULL,RD   ,KY3005  ,KY3005  ,047 KY-3005    ,KY3005                                         ,N,37.71718,-85.83973,5,2019,O,047-KY-3005  -000,10.003,0,0,0,0,0,0,0,1,0,0,0,0,0,Y
Motor Vehicle,DAC,72427120,20191026,1503,6,NULL,DIXIE                                   ,N ,AVE  ,US0031W ,US0031W ,047 US-31W     ,US0031W                                        ,N,37.74114,-85.89032,5,2019,O,047-US-0031W -000,20.421,0,0,0,0,0,0,1,0,0,0,0,0,0,Y
Motor Vehicle,Non DAC,72427275,20191027,1610,0,NULL,RING                                    ,NULL,RD   ,KY3005  ,KY3005  ,047 KY-3005-10 ,KY3005                                         ,N,37.67167,-85.91207,5,2019,O,047-KY-3005  -000,1.918,0,0,0,0,0,0,1,0,0,0,1,0,0,N
Motor Vehicle,DAC,72427279,20191027,1836,0,NULL,RING                                    ,NULL,RD   ,KY3005  ,KY3005  ,047 KY-3005    ,KY3005                                         ,N,37.7293,-85.88077,5,2019,A,047-KY-3005  -000,6.742,0,0,0,0,0,0,0,0,0,1,0,0,0,Y
Motor Vehicle,DAC,72427345,20191023,710,3,NULL,DIXIE                                   ,E ,AVE  ,US0031W ,US0031W ,047 US-31W     ,US0031W                                        ,N,37.67677,-85.84654,4,2019,A,047-US-0031W -000,15.28,0,0,1,0,0,0,0,1,0,1,1,0,0,Y
Motor Vehicle,DAC,72427638,20191028,1455,1,NULL,CARDINAL                                ,NULL,DR   ,KY0361  ,KY0361  ,047 KY-361     ,KY0361                                         ,N,37.70733,-85.87336,5,2019,O,047-KY-0361  -000,0.029,0,0,0,1,0,0,0,0,0,0,0,0,0,Y
Motor Vehicle,Non DAC,72427722,20191028,1655,1,NULL,LINCOLN                                 ,NULL,PKWY ,KY0061  ,KY0061  ,NULL,NULL,N,37.66963,-85.8453,5,2019,O,047-KY-0061  -000,5.243,0,0,0,1,0,0,1,0,0,0,0,0,0,Y
Motor Vehicle,DAC,72427783,20191028,2200,1,NULL,RING                                    ,NULL,RD   ,KY3005  ,KY3005  ,047 KY-3005    ,KY3005                                         ,N,37.72505,-85.83873,1,2019,C,047-KY-3005  -000,9.453,0,0,1,0,0,0,1,0,0,0,1,0,0,Y
Motor Vehicle,Non DAC,72428289,20191029,1526,2,NULL,LEITCHFIELD                             ,NULL,RD   ,US0062  ,US0062  ,047 US-62-10   ,US0062                                         ,N,37.67194,-85.91138,5,2019,O,047-US-0062  -000,14.599,0,0,0,1,0,0,1,0,0,0,0,0,0,N
Motor Vehicle,Non DAC,72428321,20191030,757,3,NULL,DIXIE                                   ,S ,HWY  ,US0031W ,US0031W ,047 US-31W     ,US0031W                                        ,N,37.66749,-85.84705,1,2019,O,047-US-0031W -000,14.641,0,0,0,0,0,0,0,1,0,0,0,0,0,Y
Motor Vehicle,Non DAC,72428805,20191029,503,2,NULL,LINCOLN                                 ,NULL,PKWY ,KY0061  ,KY0061  ,047 KY-61      ,KY0061                                         ,N,37.66407,-85.83882,9,2019,O,047-KY-0061  -000,4.704,0,0,0,0,0,0,0,0,0,0,0,0,0,Y
Motor Vehicle,DAC,72428971,20191030,2138,3,NULL,MULBERRY                                ,N ,ST   ,US0062  ,US0062  ,047 US-62      ,US0062                                         ,N,37.69946,-85.85436,4,2019,C,047-US-0062  -000,18.441,0,0,1,0,0,0,1,0,0,1,1,0,0,Y
Motor Vehicle,DAC,72429073,20191029,1427,2,NULL,DIXIE                                   ,N ,AVE  ,US0031W ,US0031W ,047 US-31W     ,US0031W                                        ,N,37.72821,-85.88395,5,2019,O,047-US-0031W -000,19.472,0,0,1,0,0,0,1,0,0,0,0,0,0,Y
Motor Vehicle,DAC,72429074,20191029,1754,2,NULL,MULBERRY                                ,N ,ST   ,US0062  ,US0062  ,047 US-62      ,US0062                                         ,N,37.70806,-85.8409,1,2019,O,047-US-0062  -000,19.377,0,0,1,0,0,0,0,1,0,0,1,0,0,Y
Motor Vehicle,DAC,72429097,20191027,815,0,NULL,MULBERRY                                ,N ,ST   ,US0062  ,US0062  ,047 US-62      ,US0062                                         ,N,37.69929,-85.85453,1,2019,O,047-US-0062  -000,18.427,0,0,0,1,0,0,0,0,0,0,0,0,0,Y
Motor Vehicle,DAC,72429135,20191030,1420,3,204,GEORGIA                                 ,NULL,LN   ,NULL,NULL,047 CS-1279    ,CS1279                                         ,N,37.73925,-85.88501,9,2019,O,047-CS-1279  -000,0.47,0,0,0,0,0,0,1,0,0,0,0,1,0,Y
Motor Vehicle,DAC,72429283,20191030,802,3,NULL,31W                                     ,NULL,BYP  ,US0031WB,US0031WB,047 US-31WB    ,US0031WB                                       ,N,37.6996,-85.88141,5,2019,O,047-US-0031WB-000,2.122,0,0,0,0,0,0,1,0,0,0,0,0,0,Y
Motor Vehicle,DAC,72429577,20191030,1346,3,NULL,DIXIE                                   ,W ,AVE  ,US0031W ,US0031W ,NULL,NULL,N,37.70386,-85.87091,1,2019,O,047-US-0031W -000,17.646,0,0,0,0,0,0,1,1,0,0,0,0,0,Y