Mode,Crash In Disadvantaged Community,MasterFile,CollisionDate,CollisionTime,CollisionDayWeekCode,RoadwayName_HouseBusinessNumber_,RoadwayName_RoadwayName_,RoadwayName_Direction_,RoadwayName_RoadwaySuffix_,RoadwayfromReport,CurrentRoadwayNumber,RSEUniqueGIS,RoadwayIdentifier,ParkingLotIndicator,Latitude,Longitude,MannerofCollisionCode,YR,KABCO,KTC_RT,KTC_MP,Motorcyclist,Commercial Vehicle,Young Driver,Mature Driver,Pedestrian,Bicyclist,Distracted,Aggressive,Impaired,Unrestrained,Intersection,Roadway Departure,Median Cross-over,In City Limits?
Motor Vehicle,DAC,72429872,20191101,623,5,NULL,DIXIE                                   ,N ,AVE  ,US0031W ,US0031W ,047 US-31W-10  ,US0031W                                        ,N,37.73815,-85.88913,5,2019,O,047-US-0031W -000,20.231,0,0,0,0,0,0,1,0,0,0,0,0,0,Y
Motor Vehicle,Non DAC,72430185,20191101,643,5,NULL,RING                                    ,NULL,RD   ,KY3005  ,KY3005  ,NULL,NULL,N,37.67899,-85.91479,5,2019,O,047-KY-3005  -000,2.452,0,0,0,0,0,0,1,0,0,0,0,0,0,Y
Motor Vehicle,DAC,72430215,20191101,1150,5,NULL,DOLPHIN                                 ,NULL,DR   ,NULL,NULL,047 CS-1430    ,CS1430                                         ,N,37.71108,-85.83758,1,2019,O,047-CS-1430  -000,0.096,0,0,0,1,0,0,0,1,0,0,1,0,0,Y
Motor Vehicle,DAC,72430329,20191102,1124,6,NULL,RING                                    ,NULL,RD   ,KY3005  ,KY3005  ,047 KY-3005    ,KY3005                                         ,N,37.72837,-85.88376,8,2019,O,047-KY-3005  -000,6.564,0,0,0,0,0,0,1,0,0,0,0,1,0,Y
Motor Vehicle,Non DAC,72430330,20191102,1327,6,NULL,DIXIE                                   ,N ,AVE  ,US0031W ,US0031W ,047 US-31W-10  ,US0031W                                        ,N,37.74676,-85.89323,5,2019,O,047-US-0031W -000,20.849,0,0,0,0,0,0,1,0,0,0,0,0,0,Y
Motor Vehicle,DAC,72430456,20191101,1305,5,NULL,RING                                    ,NULL,RD   ,KY3005  ,KY3005  ,047 KY-3005    ,KY3005                                         ,N,37.72871,-85.88281,1,2019,O,047-KY-3005  -000,6.621,0,0,1,1,0,0,1,0,0,0,0,0,0,Y
Motor Vehicle,DAC,72430538,20191103,18,0,NULL,NICHOLAS RIDGE                          ,NULL,DR   ,NULL,NULL,047 CS-1697    ,CS1697                                         ,N,37.67905,-85.86776,5,2019,O,047-CS-1697  -000,0.297,0,0,0,0,0,0,0,0,1,0,0,0,0,Y
Motor Vehicle,DAC,72430712,20191102,1,6,428,MANTLE                                  ,N ,AVE  ,NULL,NULL,047 CS-1025    ,CS1025                                         ,N,37.7066,-85.86019,9,2019,O,047-CS-1025  -000,0.566,0,0,0,0,0,0,0,0,0,0,0,1,0,Y
Motor Vehicle,DAC,72430821,20191026,1753,6,NULL,MULBERRY                                ,N ,ST   ,US0062  ,US0062  ,047 US-62      ,US0062                                         ,N,37.71159,-85.83352,5,2019,O,047-US-0062  -000,19.855,0,0,0,1,0,0,1,0,0,0,1,0,0,Y
Motor Vehicle,DAC,72430954,20191031,1311,4,NULL,DIXIE                                   ,N ,AVE  ,US0031W ,US0031W ,047 US-31W-10  ,US0031W                                        ,N,37.71272,-85.87657,4,2019,O,047-US-0031W -000,18.335,0,0,0,0,0,0,0,1,0,0,1,0,0,Y
Motor Vehicle,DAC,72430961,20191103,1240,0,NULL,31W                                     ,NULL,BYP  ,US0031WB,US0031WB,047 US-31WB    ,US0031WB                                       ,N,37.69969,-85.88144,5,2019,O,047-US-0031WB-000,2.121,0,0,0,0,0,0,1,0,0,0,0,0,0,Y
Motor Vehicle,DAC,72431180,20191104,1342,1,NULL,DIXIE                                   ,N ,AVE  ,US0031W ,US0031W ,047 US-31W     ,US0031W                                        ,N,37.71527,-85.87753,8,2019,O,047-US-0031W -000,18.52,0,0,0,1,0,0,1,1,0,0,0,1,0,Y
Motor Vehicle,Non DAC,72431754,20191104,1127,1,NULL,PARK                                    ,W ,RD   ,NULL,NULL,047 CS-1542    ,CS1542                                         ,N,37.69065,-85.9143,7,2019,O,047-CS-1542  -000,0.74,0,1,0,0,0,0,0,0,0,0,0,0,0,Y
Motor Vehicle,Non DAC,72431931,20191104,2221,1,NULL,LEITCHFIELD                             ,NULL,RD   ,US0062  ,US0062  ,047 US-62      ,US0062                                         ,N,37.66863,-85.91952,9,2019,C,047-US-0062  -000,13.918,0,0,0,0,0,0,0,0,0,0,0,0,0,N
Motor Vehicle,DAC,72431932,20191105,1453,2,NULL,31W                                     ,NULL,BYP  ,US0031WB,US0031WB,NULL,NULL,N,37.6972,-85.87996,5,2019,O,047-US-0031WB-000,1.933,0,0,0,1,0,0,1,0,0,0,0,0,0,Y
Motor Vehicle,DAC,72431933,20191105,1516,2,NULL,MULBERRY                                ,S ,ST   ,US0062  ,US0062  ,NULL,NULL,N,37.69125,-85.86257,5,2019,O,047-US-0062  -000,17.711,0,0,0,0,0,0,1,0,0,0,0,0,0,Y
Motor Vehicle,DAC,72431934,20191105,1932,2,NULL,MULBERRY                                ,N ,ST   ,US0062  ,US0062  ,NULL,NULL,N,37.7116,-85.83348,1,2019,C,047-US-0062  -000,19.853,0,0,0,0,0,0,1,1,0,0,1,0,0,Y
Motor Vehicle,Non DAC,72431938,20191105,1545,2,NULL,RING                                    ,NULL,RD   ,KY3005  ,KY3005  ,047 KY-3005    ,KY3005                                         ,N,37.72518,-85.8918,5,2019,O,047-KY-3005  -000,6.081,0,0,0,0,0,0,1,0,0,0,0,0,0,Y
Motor Vehicle,Non DAC,72431941,20191105,1932,2,NULL,DIXIE                                   ,N ,HWY  ,US0031W ,US0031W ,047 US-31W     ,US0031W                                        ,N,37.75625,-85.89728,9,2019,O,047-US-0031W -000,21.556,0,0,0,0,0,0,0,0,1,0,0,1,0,Y
Motor Vehicle,DAC,72431990,20191105,2102,2,NULL,DIXIE                                   ,N ,AVE  ,US0031W ,US0031W ,047 US-31W     ,US0031W                                        ,N,37.70424,-85.8712,1,2019,O,047-US-0031W -000,17.677,0,0,1,0,0,0,1,0,0,0,1,0,0,Y
Motor Vehicle,DAC,72432238,20191105,1516,2,NULL,MULBERRY                                ,N ,ST   ,US0062  ,US0062  ,047 US-62      ,US0062                                         ,N,37.69931,-85.85449,5,2019,O,047-US-0062  -000,18.43,0,0,1,0,0,0,1,0,0,0,0,0,0,Y
Motor Vehicle,DAC,72432345,20191106,1429,3,NULL,ST JOHN                                 ,NULL,RD   ,KY1357  ,KY1357  ,047 KY-1357    ,KY1357                                         ,N,37.70425,-85.87121,5,2019,O,047-KY-1357  -000,16.98,0,0,0,1,0,0,1,0,0,0,1,0,0,Y
Motor Vehicle,DAC,72432497,20191106,1748,3,NULL,PUBLIC                                  ,NULL,SQ   ,US0031W ,US0031W ,047 US-31W-1   ,US0031W                                        ,N,37.69305,-85.85836,8,2019,O,047-US-0031W -001,16.634,0,0,0,0,0,0,0,1,0,0,0,1,0,Y
Motor Vehicle,Non DAC,72432883,20191107,734,4,NULL,CHILDERS                                ,NULL,CT   ,NULL,NULL,047 CS-1083-30 ,CS1083                                         ,N,37.7379,-85.88952,9,2019,O,047-CS-1083  -030,0.005,0,0,0,0,0,0,0,0,0,0,0,1,0,Y
Motor Vehicle,DAC,72433235,20191107,1305,4,NULL,RING                                    ,NULL,RD   ,KY3005  ,KY3005  ,047 KY-3005    ,KY3005                                         ,N,37.72841,-85.8835,8,2019,O,047-KY-3005  -000,6.578,0,0,0,0,0,0,1,0,0,0,0,1,0,Y
Motor Vehicle,Non DAC,72433236,20191107,1408,4,NULL,RING                                    ,NULL,RD   ,KY3005  ,KY3005  ,047 KY-3005-10 ,KY3005                                         ,N,37.67926,-85.91505,1,2019,O,047-KY-3005  -000,2.466,0,1,0,0,0,0,1,0,0,0,1,0,0,Y
Motor Vehicle,DAC,72433246,20191031,1933,4,NULL,31W                                     ,NULL,BYP  ,US0031WB,US0031WB,047 US-31WB-10 ,US0031WB                                       ,N,37.69209,-85.87215,4,2019,O,047-US-0031WB-000,1.356,0,0,0,0,0,0,0,1,0,0,1,0,0,Y
Motor Vehicle,DAC,72433501,20191108,1206,5,NULL,DIXIE                                   ,N ,AVE  ,US0031W ,US0031W ,047 US-31W-10  ,US0031W                                        ,N,37.70807,-85.87378,5,2019,O,047-US-0031W -000,17.969,0,0,0,0,0,0,1,0,0,0,0,0,0,Y
Motor Vehicle,DAC,72433709,20191108,1635,5,NULL,DIXIE                                   ,N ,AVE  ,US0031W ,US0031W ,047 US-31W     ,US0031W                                        ,N,37.73025,-85.88496,8,2019,O,047-US-0031W -000,19.627,0,0,0,0,0,0,1,0,0,0,0,1,0,Y
Motor Vehicle,Non DAC,72433720,20191108,1546,5,NULL,TOWNE                                   ,NULL,DR   ,NULL,NULL,047 CS-1448    ,CS1448                                         ,N,37.73042,-85.8941,5,2019,O,047-CS-1448  -000,0.487,0,0,0,0,0,0,1,0,0,0,0,0,0,Y
Motor Vehicle,Non DAC,72433734,20191108,1723,5,NULL,TOWNE                                   ,NULL,CTR  ,NULL,NULL,047 PR-1010    ,PR1010                                         ,N,37.73145,-85.88673,8,2019,O,047-PR-1010  -000,0.266,0,0,1,0,0,0,1,0,0,0,1,0,0,Y
Motor Vehicle,DAC,72433806,20191105,1124,2,NULL,US31W BYP N TURN LANE FROM  COLLEGE ST W,NULL,NULL,US0031WB,US0031WB,047 US-31WB-27 ,US0031WB                                       ,N,37.69231,-85.87223,5,2019,O,047-US-0031WB-027,0.035,0,0,0,0,0,0,1,0,0,0,0,0,0,Y
Motor Vehicle,DAC,72433807,20191105,1339,2,NULL,31W                                     ,NULL,BYP  ,US0031WB,US0031WB,047 US-31WB    ,US0031WB                                       ,N,37.69983,-85.88159,5,2019,O,047-US-0031WB-000,2.109,0,0,0,0,0,0,1,0,0,0,1,0,0,Y
Motor Vehicle,DAC,72433808,20191107,1530,4,113,POPLAR                                  ,E ,ST   ,NULL,NULL,047 CS-1002    ,CS1002                                         ,N,37.69367,-85.85607,7,2019,O,047-CS-1002  -000,0.281,0,0,0,0,0,0,0,0,0,0,0,0,0,Y
Motor Vehicle,DAC,72433809,20191107,2017,4,1009,DAVID                                   ,NULL,CT   ,NULL,NULL,047 CS-1387    ,CS1387                                         ,N,37.71474,-85.84539,9,2019,O,047-CS-1387  -000,0.292,0,0,0,0,0,0,0,0,0,0,0,1,0,Y
Motor Vehicle,DAC,72433935,20191108,1108,5,NULL,MULBERRY                                ,N ,ST   ,US0062  ,US0062  ,047 US-62-10   ,US0062                                         ,N,37.70726,-85.84221,7,2019,O,047-US-0062  -000,19.301,0,0,0,1,0,0,0,0,0,0,0,1,0,Y
Motor Vehicle,DAC,72433936,20191108,1137,5,NULL,FREEMAN LAKE                            ,NULL,RD   ,NULL,NULL,047 CS-1197    ,CS1197                                         ,N,37.7161,-85.86217,2,2019,O,047-CS-1197  -000,0.501,0,0,0,0,0,0,1,0,0,0,0,0,0,Y
Motor Vehicle,DAC,72433975,20191107,1554,4,NULL,ST JOHN                                 ,NULL,RD   ,KY1357  ,KY1357  ,047 KY-1357-10 ,KY1357                                         ,N,37.7003,-85.88185,5,2019,O,047-KY-1357  -000,16.328,0,0,0,0,0,0,0,1,0,0,1,0,0,Y
Motor Vehicle,DAC,72433976,20191107,1153,4,NULL,DIXIE                                   ,N ,AVE  ,US0031W ,US0031W ,047 US-31W-10  ,US0031W                                        ,N,37.7341,-85.88713,5,2019,O,047-US-0031W -000,19.893,0,0,0,0,0,0,0,1,0,0,1,0,0,Y
Motor Vehicle,Non DAC,72433977,20191107,1834,4,NULL,PATRIOT                                 ,NULL,PKWY ,KY0361  ,KY0361  ,047 KY-361     ,KY0361                                         ,N,37.71342,-85.89533,9,2019,B,047-KY-0361  -000,1.296,0,0,0,0,0,0,0,0,0,0,1,0,0,Y
Motor Vehicle,Non DAC,72434307,20191109,45,6,NULL,PATRIOT                                 ,NULL,PKWY ,KY0361  ,KY0361  ,047 KY-361     ,KY0361                                         ,N,37.72298,-85.91115,9,2019,O,047-KY-0361  -000,2.402,0,0,0,0,0,0,0,0,0,0,0,0,0,Y
Motor Vehicle,DAC,72434456,20191106,2240,3,NULL,METTS                                   ,NULL,CT   ,NULL,NULL,047 CS-1346    ,CS1346                                         ,N,37.71221,-85.8494,8,2019,O,047-CS-1346  -000,0.101,0,0,0,0,0,0,1,0,0,0,1,0,0,Y
Motor Vehicle,DAC,72435119,20191111,2342,1,NULL,DIXIE                                   ,N ,AVE  ,US0031W ,US0031W ,047 US-31W-10  ,US0031W                                        ,N,37.71276,-85.87662,1,2019,O,047-US-0031W -000,18.273,0,0,0,0,0,0,0,0,0,0,1,0,0,Y
Motor Vehicle,DAC,72435417,20191112,1338,2,NULL,MULBERRY                                ,N ,ST   ,US0062  ,US0062  ,047 US-62-10   ,US0062                                         ,N,37.70704,-85.84259,1,2019,O,047-US-0062  -000,19.276,0,0,1,1,0,0,1,1,0,0,0,0,0,Y
Motor Vehicle,Non DAC,72435987,20191113,1026,3,NULL,DIXIE                                   ,N ,AVE  ,US0031W ,US0031W ,047 US-31W     ,US0031W                                        ,N,37.74567,-85.8924,5,2019,O,047-US-0031W -000,20.76,0,0,1,0,0,0,1,0,0,0,0,0,0,Y
Motor Vehicle,Non DAC,72436001,20191113,1446,3,NULL,RING                                    ,NULL,RD   ,KY3005  ,KY3005  ,047 KY-3005-10 ,KY3005                                         ,N,37.70916,-85.90785,5,2019,O,047-KY-3005  -000,4.608,0,0,0,1,0,0,0,1,0,0,0,0,0,Y
Motor Vehicle,DAC,72436254,20191113,1539,3,NULL,MORNINGSIDE                             ,NULL,DR   ,NULL,NULL,NULL,NULL,N,37.70205,-85.8636,5,2019,O,047-CS-1095  -000,0.393,0,0,1,0,0,0,1,0,0,0,0,0,0,Y
Motor Vehicle,DAC,72436312,20191104,1159,1,NULL,DIXIE                                   ,N ,AVE  ,US0031W ,US0031W ,047 US-31W     ,US0031W                                        ,N,37.72674,-85.88322,5,2019,O,047-US-0031W -000,19.364,0,0,1,0,0,0,1,0,0,0,0,0,0,Y
Motor Vehicle,DAC,72436345,20191114,714,4,NULL,31W                                     ,NULL,BYP  ,US0031WB,US0031WB,047 US-31WB    ,US0031WB                                       ,N,37.68643,-85.86352,9,2019,O,047-US-0031WB-000,0.772,0,0,0,0,0,0,0,0,0,0,0,0,0,Y
Motor Vehicle,DAC,72436369,20191113,1038,3,NULL,DIXIE                                   ,E ,AVE  ,US0031W ,US0031W ,047 US-31W     ,US0031W                                        ,N,37.67699,-85.84659,8,2019,O,047-US-0031W -000,15.295,0,0,0,1,0,0,1,0,0,0,0,1,0,Y
Motor Vehicle,Non DAC,72436436,20191114,1306,4,NULL,COLLEGE ST RD                           ,NULL,NULL,NULL,NULL,047 CS-1124    ,CS1124                                         ,N,37.67872,-85.88152,1,2019,O,047-CS-1124  -000,0.009,0,0,0,1,0,0,0,1,0,0,1,0,0,Y
Motor Vehicle,Non DAC,72436616,20191107,1353,4,NULL,RING                                    ,NULL,RD   ,KY3005  ,KY3005  ,047 KY-3005    ,KY3005                                         ,N,37.72538,-85.8914,1,2019,C,047-KY-3005  -000,6.101,0,0,1,1,0,0,0,1,0,0,1,0,0,Y
Motor Vehicle,DAC,72436617,20191114,1204,4,NULL,MILES                                   ,N ,ST   ,KY0251  ,KY0251  ,047 KY-251     ,KY0251                                         ,N,37.70236,-85.85716,1,2019,O,047-KY-0251  -000,0.539,0,0,0,1,0,0,0,1,0,0,1,0,0,Y
Motor Vehicle,DAC,72436618,20191114,1418,4,NULL,RING                                    ,NULL,RD   ,KY3005  ,KY3005  ,047 KY-3005    ,KY3005                                         ,N,37.71146,-85.83992,5,2019,O,047-KY-3005  -000,10.403,0,0,0,1,0,0,1,0,0,0,0,0,0,Y
Motor Vehicle,DAC,72436784,20191114,2002,4,NULL,DIXIE                                   ,N ,AVE  ,US0031W ,US0031W ,047 US-31W     ,US0031W                                        ,N,37.73852,-85.88905,5,2019,O,047-US-0031W -000,20.251,0,0,0,1,0,0,1,1,0,0,0,0,0,Y
Motor Vehicle,DAC,72436994,20191115,918,5,NULL,DIXIE                                   ,N ,AVE  ,US0031W ,US0031W ,047 US-31W     ,US0031W                                        ,N,37.73805,-85.88884,1,2019,O,047-US-0031W -000,20.22,0,0,0,0,0,0,0,1,0,0,1,0,0,Y
Motor Vehicle,DAC,72437238,20191115,1722,5,NULL,DIXIE                                   ,N ,AVE  ,US0031W ,US0031W ,047 US-31W     ,US0031W                                        ,N,37.73877,-85.88914,5,2019,O,047-US-0031W -000,20.266,0,0,1,0,0,0,1,0,0,0,0,0,0,Y
Motor Vehicle,DAC,72437265,20191114,1828,4,NULL,MULBERRY                                ,N ,ST   ,US0062  ,US0062  ,047 US-62      ,US0062                                         ,N,37.70312,-85.84904,8,2019,O,047-US-0062  -000,18.833,0,0,1,0,0,0,1,0,0,0,0,1,0,Y
Motor Vehicle,DAC,72437266,20191115,1608,5,NULL,HELM                                    ,NULL,ST   ,NULL,NULL,047 CS-1127    ,CS1127                                         ,N,37.69263,-85.85998,2,2019,O,047-CS-1127  -000,0.119,0,0,0,0,0,0,1,0,0,0,0,0,0,Y
Motor Vehicle,DAC,72437563,20191115,1303,5,NULL,DIXIE                                   ,N ,AVE  ,US0031W ,US0031W ,047 US-31W     ,US0031W                                        ,N,37.7371,-85.88835,5,2019,O,047-US-0031W -000,20.175,0,0,0,1,0,0,1,0,0,0,0,0,0,Y
Motor Vehicle,DAC,72437564,20191115,1837,5,NULL,DIXIE                                   ,N ,AVE  ,US0031W ,US0031W ,047 US-31W-10  ,US0031W                                        ,N,37.70438,-85.8714,5,2019,O,047-US-0031W -000,17.689,0,0,1,0,0,0,1,0,0,0,0,0,0,Y
Motor Vehicle,DAC,72437707,20191116,1421,6,NULL,DIXIE                                   ,N ,AVE  ,US0031W ,US0031W ,047 US-31W     ,US0031W                                        ,N,37.72829,-85.88423,4,2019,O,047-US-0031W -000,19.468,0,0,0,0,0,0,0,0,0,0,1,0,0,Y
Motor Vehicle,Non DAC,72437738,20191117,831,0,NULL,ROBINA                                  ,NULL,CT   ,NULL,NULL,047 CS-1163    ,CS1163                                         ,N,37.71929,-85.88469,9,2019,O,047-CS-1163  -000,0.076,0,0,0,0,0,0,1,0,0,0,1,0,0,Y
Motor Vehicle,DAC,72437870,20191107,1623,4,NULL,DIXIE                                   ,W ,AVE  ,US0031W ,US0031W ,047 US-31W     ,US0031W                                        ,N,37.70424,-85.8712,1,2019,O,047-US-0031W -000,17.677,0,0,1,0,0,0,1,0,0,0,0,0,0,Y
Motor Vehicle,Non DAC,72438062,20191118,456,1,NULL,LEITCHFIELD                             ,NULL,RD   ,US0062  ,US0062  ,047 US-62      ,US0062                                         ,N,37.6656,-85.92616,5,2019,O,047-US-0062  -000,13.648,0,1,0,1,0,0,0,0,0,0,0,0,0,N
Motor Vehicle,Non DAC,72438302,20191118,649,1,NULL,DIXIE                                   ,N ,HWY  ,US0031W ,US0031W ,047 US-31W     ,US0031W                                        ,N,37.75559,-85.89687,9,2019,O,047-US-0031W -000,21.505,0,0,0,0,0,0,0,0,0,0,0,0,0,Y
Motor Vehicle,Non DAC,72438598,20191112,1700,2,42701,RING                                    ,NULL,RD   ,KY3005  ,KY3005  ,047 KY-3005    ,KY3005                                         ,N,37.7211,-85.89878,7,2019,O,047-KY-3005  -000,5.604,0,0,0,0,0,0,0,0,0,0,0,1,0,Y
Motor Vehicle,DAC,72438633,20191119,740,2,NULL,MAPLE                                   ,S ,ST   ,NULL,NULL,047 CS-1606    ,CS1606                                         ,N,37.69508,-85.86845,9,2019,O,047-CS-1606  -000,0.295,0,0,0,0,0,0,0,0,0,0,0,1,0,Y
Motor Vehicle,DAC,72438745,20190809,1455,5,NULL,MAIN                                    ,N ,ST   ,NULL,NULL,047 CS-1320    ,CS1320                                         ,N,37.7079,-85.84071,2,2019,O,047-CS-1320  -000,1.404,0,0,1,0,0,0,1,0,0,0,1,0,0,Y
Motor Vehicle,DAC,72438746,20191113,730,3,NULL,DIXIE                                   ,E ,AVE  ,US0031W ,US0031W ,047 US-31W     ,US0031W                                        ,N,37.68815,-85.85298,1,2019,O,047-US-0031W -000,16.184,0,0,0,0,0,0,1,0,0,0,0,0,0,Y
Motor Vehicle,DAC,72439436,20191112,1808,2,NULL,DIXIE                                   ,N ,AVE  ,US0031W ,US0031W ,047 US-31W     ,US0031W                                        ,N,37.7389,-85.88924,5,2019,O,047-US-0031W -000,20.2,0,0,0,0,0,0,1,0,0,0,0,0,0,Y
Motor Vehicle,DAC,72439644,20191120,1731,3,NULL,MULBERRY                                ,N ,ST   ,US0062  ,US0062  ,047 US-62      ,US0062                                         ,N,37.71308,-85.83062,5,2019,O,047-US-0062  -000,20.042,0,0,0,0,0,0,0,1,0,0,1,0,0,Y
Motor Vehicle,Non DAC,72439679,20191119,550,2,NULL,LINCOLN                                 ,NULL,PKWY ,KY0061  ,KY0061  ,047 KY-61      ,KY0061                                         ,N,37.65631,-85.83628,8,2019,O,047-KY-0061  -000,4.144,0,0,0,0,0,0,0,0,0,0,1,0,0,Y
Motor Vehicle,DAC,72439704,20191025,2210,5,NULL,MULBERRY                                ,N ,ST   ,US0062  ,US0062  ,047 US-62      ,US0062                                         ,N,37.71077,-85.83515,5,2019,O,047-US-0062  -000,19.754,0,0,0,0,0,0,1,0,0,0,0,0,0,Y
Motor Vehicle,Non DAC,72439728,20191120,1515,3,NULL,RING                                    ,NULL,RD   ,KY3005  ,KY3005  ,047 KY-3005-10 ,KY3005                                         ,N,37.72548,-85.89157,1,2019,B,047-KY-3005  -000,6.1,0,0,0,0,0,0,1,0,1,0,1,0,0,Y
Motor Vehicle,Non DAC,72439923,20191121,1418,4,NULL,RING                                    ,NULL,RD   ,KY3005  ,KY3005  ,047 KY-3005    ,KY3005                                         ,N,37.72748,-85.88616,5,2019,O,047-KY-3005  -000,6.431,0,0,0,0,0,0,1,0,0,0,0,0,0,Y
Motor Vehicle,Non DAC,72440107,20191120,2328,3,NULL,DIXIE                                   ,N ,HWY  ,US0031W ,US0031W ,NULL,NULL,N,37.75655,-85.89738,9,2019,O,047-US-0031W -000,21.565,0,0,0,0,0,0,0,0,0,0,0,0,0,Y
Motor Vehicle,DAC,72440109,20191121,1627,4,NULL,31W BYPASS NORTH                        ,NULL,BYP  ,US0031WB,US0031WB,047 US-31WB    ,US0031WB                                       ,N,37.69592,-85.87794,8,2019,O,047-US-0031WB-000,1.801,0,0,0,0,0,0,1,1,0,0,0,1,0,Y
Motor Vehicle,DAC,72440126,20191121,1409,4,NULL,DIXIE                                   ,N ,AVE  ,US0031W ,US0031W ,047 US-31W-10  ,US0031W                                        ,N,37.72685,-85.88352,8,2019,O,047-US-0031W -000,19.376,0,0,0,1,0,0,1,0,0,0,0,1,0,Y
Motor Vehicle,Non DAC,72440185,20191121,1755,4,NULL,LEITCHFIELD                             ,NULL,RD   ,US0062  ,US0062  ,047 US-62-10   ,US0062                                         ,N,37.6748,-85.90456,8,2019,O,047-US-0062  -000,14.983,0,0,0,1,0,0,1,0,0,0,0,1,0,N
Motor Vehicle,DAC,72440322,20191121,1435,4,NULL,MULBERRY                                ,N ,ST   ,US0062  ,US0062  ,047 US-62      ,US0062                                         ,N,37.696,-85.85752,8,2019,O,047-US-0062  -000,18.145,0,0,0,1,0,0,1,0,0,1,0,1,0,Y
Motor Vehicle,DAC,72440348,20191122,740,5,NULL,POPLAR                                  ,W ,ST   ,NULL,NULL,047 CS-1068    ,CS1068                                         ,N,37.70224,-85.86749,1,2019,O,047-CS-1068  -000,0.808,0,0,1,0,0,0,1,0,0,0,1,0,0,Y
Motor Vehicle,DAC,72440366,20191122,906,5,NULL,DIXIE                                   ,W ,AVE  ,US0031W ,US0031W ,047 US-31W     ,US0031W                                        ,N,37.70089,-85.86761,1,2019,O,047-US-0031W -000,17.374,0,0,0,0,0,0,0,1,0,0,1,0,0,Y
Motor Vehicle,Non DAC,72440748,20191121,1747,4,NULL,RING                                    ,NULL,RD   ,KY3005  ,KY3005  ,047 KY-3005-10 ,KY3005                                         ,N,37.7255,-85.89143,5,2019,O,047-KY-3005  -000,6.099,0,0,0,0,0,0,1,0,0,0,1,0,0,Y
Motor Vehicle,DAC,72441180,20191123,1807,6,NULL,DIXIE                                   ,N ,AVE  ,US0031W ,US0031W ,047 US-31W-10  ,US0031W                                        ,N,37.72841,-85.88432,5,2019,O,047-US-0031W -000,19.485,0,0,0,0,0,0,1,0,0,0,0,0,0,Y
Motor Vehicle,DAC,72441348,20191120,547,3,NULL,MAIN                                    ,N ,ST   ,NULL,NULL,047 CS-1320    ,CS1320                                         ,N,37.7079,-85.84072,9,2019,B,047-CS-1320  -000,1.404,0,0,1,0,0,0,0,1,0,1,1,0,0,Y
Motor Vehicle,Non DAC,72441357,20191122,1353,5,NULL,RING                                    ,NULL,RD   ,KY3005  ,KY3005  ,047 KY-3005    ,KY3005                                         ,N,37.7174,-85.90332,5,2019,O,047-KY-3005  -000,5.252,0,0,0,0,0,0,1,0,0,0,1,0,0,Y
Motor Vehicle,Non DAC,72441629,20191123,1621,6,NULL,WILSON                                  ,S ,RD   ,KY0447  ,KY0447  ,047 KY-447     ,KY0447                                         ,N,37.74576,-85.89277,9,2019,O,047-KY-0447  -000,0.015,0,0,1,0,0,0,1,1,0,0,0,1,0,Y
Motor Vehicle,DAC,72441682,20191106,1719,3,NULL,DIXIE                                   ,N ,AVE  ,US0031W ,US0031W ,047 US-31W-10  ,US0031W                                        ,N,37.70785,-85.8736,5,2019,O,047-US-0031W -000,17.947,0,0,1,0,0,0,1,0,0,0,0,0,0,Y
Motor Vehicle,DAC,72442068,20191109,1712,6,NULL,MULBERRY                                ,N ,ST   ,US0062  ,US0062  ,047 US-62      ,US0062                                         ,N,37.71234,-85.83212,5,2019,O,047-US-0062  -000,19.959,0,0,0,0,0,0,1,0,0,0,0,0,0,Y