Mode,Crash In Disadvantaged Community,MasterFile,CollisionDate,CollisionTime,CollisionDayWeekCode,RoadwayName_HouseBusinessNumber_,RoadwayName_RoadwayName_,RoadwayName_Direction_,RoadwayName_RoadwaySuffix_,RoadwayfromReport,CurrentRoadwayNumber,RSEUniqueGIS,RoadwayIdentifier,ParkingLotIndicator,Latitude,Longitude,MannerofCollisionCode,YR,KABCO,KTC_RT,KTC_MP,Motorcyclist,Commercial Vehicle,Young Driver,Mature Driver,Pedestrian,Bicyclist,Distracted,Aggressive,Impaired,Unrestrained,Intersection,Roadway Departure,Median Cross-over,In City Limits?
Motor Vehicle,Non DAC,72442383,20191126,648,2,NULL,MULBERRY                                ,N ,ST   ,US0062  ,US0062  ,047 US-62-10   ,US0062                                         ,N,37.71448,-85.82812,4,2019,A,047-US-0062  -000,20.198,0,0,0,0,0,0,0,1,0,0,1,0,0,Y
Motor Vehicle,DAC,72442513,20191126,757,2,NULL,MULBERRY                                ,S ,ST   ,US0062  ,US0062  ,047 US-62      ,US0062                                         ,N,37.69087,-85.86279,8,2019,O,047-US-0062  -000,17.687,0,0,0,0,0,0,0,0,0,0,0,1,0,Y
Motor Vehicle,DAC,72442810,20191126,1741,2,NULL,DIXIE                                   ,N ,AVE  ,US0031W ,US0031W ,047 US-31W     ,US0031W                                        ,N,37.73108,-85.88533,5,2019,O,047-US-0031W -000,19.69,0,0,0,0,0,0,1,1,0,0,0,0,0,Y
Motor Vehicle,DAC,72442811,20191126,1839,2,NULL,DIXIE                                   ,N ,AVE  ,US0031W ,US0031W ,047 US-31W     ,US0031W                                        ,N,37.71182,-85.87585,1,2019,O,047-US-0031W -000,18.263,0,0,0,0,0,0,1,0,0,0,0,0,0,Y
Motor Vehicle,DAC,72442942,20191127,612,3,NULL,31W                                     ,NULL,BYP  ,US0031WB,US0031WB,047 US-31WB    ,US0031WB                                       ,N,37.68143,-85.86174,9,2019,O,047-US-0031WB-000,0.412,0,0,1,0,0,0,0,0,0,0,0,1,0,Y
Motor Vehicle,DAC,72442952,20191126,954,2,NULL,DIXIE                                   ,N ,AVE  ,US0031W ,US0031W ,047 US-31W     ,US0031W                                        ,N,37.70466,-85.87151,5,2019,O,047-US-0031W -000,17.71,0,0,1,0,0,0,1,0,0,0,0,0,0,Y
Motor Vehicle,Non DAC,72442953,20191126,1333,2,NULL,LEITCHFIELD                             ,NULL,RD   ,US0062  ,US0062  ,047 US-62      ,US0062                                         ,N,37.67585,-85.90139,1,2019,O,047-US-0062  -000,15.219,0,0,1,0,0,0,1,0,0,0,0,0,0,Y
Motor Vehicle,DAC,72443357,20191120,2202,3,NULL,MULBERRY                                ,N ,ST   ,US0062  ,US0062  ,047 US-62-10   ,US0062                                         ,N,37.71178,-85.83361,1,2019,O,047-US-0062  -000,19.855,0,0,0,0,0,0,1,0,0,0,1,0,0,Y
Motor Vehicle,DAC,72443386,20191127,1615,3,NULL,MULBERRY                                ,N ,ST   ,US0062  ,US0062  ,NULL,NULL,N,37.71076,-85.83571,5,2019,O,047-US-0062  -000,19.725,0,0,1,0,0,0,1,0,0,0,0,0,0,Y
Motor Vehicle,DAC,72443536,20191127,1414,3,NULL,DIXIE                                   ,N ,AVE  ,US0031W ,US0031W ,047 US-31W     ,US0031W                                        ,N,37.73121,-85.88545,6,2019,O,047-US-0031W -000,19.706,0,0,0,1,0,0,1,0,0,0,0,0,0,Y
Motor Vehicle,DAC,72443542,20191127,1518,3,NULL,DIXIE                                   ,W ,AVE  ,US0031W ,US0031W ,047 US-31W     ,US0031W                                        ,N,37.69524,-85.86186,5,2019,O,047-US-0031W -000,16.877,0,0,1,0,0,0,0,1,0,0,0,0,0,Y
Motor Vehicle,DAC,72443543,20191127,1845,3,NULL,DIXIE                                   ,N ,AVE  ,US0031W ,US0031W ,047 US-31W-10  ,US0031W                                        ,N,37.73156,-85.88587,5,2019,O,047-US-0031W -000,19.733,0,0,0,1,0,0,0,1,0,0,0,1,0,Y
Motor Vehicle,DAC,72443544,20191127,1628,3,NULL,RING                                    ,NULL,RD   ,KY3005  ,KY3005  ,047 KY-3005    ,KY3005                                         ,N,37.73054,-85.84089,1,2019,O,047-KY-3005  -000,9.063,0,0,0,0,0,0,0,0,0,0,1,0,0,Y
Motor Vehicle,DAC,72443556,20191127,1250,3,NULL,MULBERRY                                ,N ,ST   ,US0062  ,US0062  ,047 US-62-10   ,US0062                                         ,N,37.71129,-85.83457,5,2019,O,047-US-0062  -000,19.795,0,0,0,0,0,0,0,1,0,0,0,0,0,Y
Motor Vehicle,DAC,72443693,20191127,1614,3,NULL,MULBERRY                                ,N ,ST   ,US0062  ,US0062  ,047 US-62      ,US0062                                         ,N,37.71185,-85.833,8,2019,O,047-US-0062  -000,19.894,0,0,0,1,0,0,1,1,0,0,0,1,0,Y
Motor Vehicle,DAC,72443694,20191127,1648,3,NULL,MULBERRY                                ,N ,ST   ,US0062  ,US0062  ,047 US-62      ,US0062                                         ,N,37.7079,-85.84072,1,2019,O,047-US-0062  -000,19.391,0,0,0,0,0,0,0,1,0,0,1,0,0,Y
Motor Vehicle,DAC,72443712,20191019,1829,6,NULL,BUFFALO CREEK                           ,NULL,DR   ,NULL,NULL,047 CS-1431    ,CS1431                                         ,N,37.71265,-85.832,5,2019,O,047-CS-1431  -000,0.016,0,0,0,0,0,0,1,0,0,0,0,0,0,Y
Motor Vehicle,DAC,72443714,20191114,2253,4,NULL,MULBERRY                                ,S ,ST   ,US0062  ,US0062  ,047 US-62      ,US0062                                         ,N,37.69152,-85.86175,1,2019,O,047-US-0062  -000,17.713,0,0,0,0,0,0,1,1,0,0,1,0,0,Y
Motor Vehicle,DAC,72443728,20191124,1334,0,NULL,MULBERRY                                ,N ,ST   ,US0062  ,US0062  ,047 US-62      ,US0062                                         ,N,37.70297,-85.84927,5,2019,O,047-US-0062  -000,18.817,0,0,0,0,0,0,0,1,0,0,0,0,0,Y
Motor Vehicle,DAC,72443817,20191129,1238,5,NULL,DIXIE                                   ,N ,AVE  ,US0031W ,US0031W ,047 US-31W     ,US0031W                                        ,N,37.73234,-85.88601,5,2019,O,047-US-0031W -000,19.786,0,0,0,0,0,0,1,1,0,0,0,0,0,Y
Motor Vehicle,DAC,72443974,20191116,1525,6,NULL,MULBERRY                                ,N ,ST   ,US0062  ,US0062  ,047 US-62      ,US0062                                         ,N,37.70571,-85.84453,1,2019,O,047-US-0062  -000,19.138,0,0,0,0,0,0,0,1,0,0,0,0,0,Y
Motor Vehicle,DAC,72443975,20191123,1831,6,NULL,DIXIE                                   ,N ,AVE  ,US0031W ,US0031W ,047 US-31W-10  ,US0031W                                        ,N,37.70877,-85.87428,5,2019,O,047-US-0031W -000,18.036,0,0,1,0,0,0,0,0,0,0,0,0,0,Y
Motor Vehicle,DAC,72444032,20191129,1204,5,NULL,DIXIE                                   ,N ,AVE  ,US0031W ,US0031W ,047 US-31W     ,US0031W                                        ,N,37.72956,-85.88463,5,2019,O,047-US-0031W -000,19.575,0,0,0,1,0,0,1,0,0,0,0,1,0,Y
Motor Vehicle,Non DAC,72444552,20191115,1015,5,NULL,LEITCHFIELD                             ,NULL,RD   ,US0062  ,US0062  ,047 US-62      ,US0062                                         ,N,37.67765,-85.88805,1,2019,O,047-US-0062  -000,15.968,0,0,0,1,0,0,0,1,0,0,1,0,0,Y
Motor Vehicle,DAC,72444553,20191129,1252,5,NULL,RING                                    ,NULL,RD   ,KY3005  ,KY3005  ,047 KY-3005    ,KY3005                                         ,N,37.73036,-85.87677,1,2019,C,047-KY-3005  -000,6.975,0,0,1,0,0,0,0,1,0,0,0,0,0,Y
Motor Vehicle,DAC,72444689,20191129,1652,5,NULL,DIXIE                                   ,E ,AVE  ,US0031W ,US0031W ,047 US-31W     ,US0031W                                        ,N,37.67002,-85.84643,5,2019,O,047-US-0031W -000,14.817,0,0,0,0,0,0,1,1,0,0,0,0,0,Y
Motor Vehicle,DAC,72444799,20191201,2001,0,NULL,DIXIE                                   ,W ,AVE  ,US0031W ,US0031W ,047 US-31W     ,US0031W                                        ,N,37.69967,-85.8663,9,2019,O,047-US-0031W -000,17.263,0,0,0,0,0,0,0,0,1,0,0,1,0,Y
Motor Vehicle,DAC,72444891,20191202,710,1,NULL,MULBERRY                                ,N ,ST   ,US0062  ,US0062  ,047 US-62      ,US0062                                         ,N,37.70941,-85.83838,5,2019,O,047-US-0062  -000,19.537,0,0,0,0,0,0,1,0,0,0,0,0,0,Y
Motor Vehicle,DAC,72444892,20191202,742,1,NULL,RING                                    ,NULL,RD   ,KY3005  ,KY3005  ,047 KY-3005    ,KY3005                                         ,N,37.73055,-85.87603,5,2019,O,047-KY-3005  -000,7.018,0,0,0,0,0,0,1,0,0,0,0,0,0,Y
Motor Vehicle,Non DAC,72445166,20191202,1415,1,NULL,RING                                    ,NULL,RD   ,KY3005  ,KY3005  ,047 KY-3005    ,KY3005                                         ,N,37.7176,-85.90328,5,2019,O,047-KY-3005  -000,5.265,0,0,0,0,0,0,1,0,0,0,0,0,0,Y
Motor Vehicle,DAC,72445398,20191202,1844,1,NULL,MILES                                   ,N ,ST   ,KY0251  ,KY0251  ,047 KY-251     ,KY0251                                         ,N,37.6973,-85.86171,7,2019,O,047-KY-0251  -000,0.111,0,0,1,0,0,0,0,0,0,0,0,1,0,Y
Motor Vehicle,DAC,72445560,20191202,922,1,NULL,MILES                                   ,N ,ST   ,KY0251  ,KY0251  ,047 KY-251     ,KY0251                                         ,N,37.70268,-85.85693,8,2019,O,047-KY-0251  -000,0.565,0,0,1,0,0,0,1,0,0,0,0,1,0,Y
Motor Vehicle,DAC,72445561,20191202,1236,1,NULL,MILES                                   ,S ,ST   ,NULL,NULL,047 CS-1126    ,CS1126                                         ,N,37.69584,-85.86305,5,2019,O,047-CS-1126  -000,0.005,0,0,0,0,0,0,0,1,0,0,0,0,0,Y
Motor Vehicle,DAC,72445562,20191203,1155,2,NULL,RING                                    ,NULL,RD   ,KY3005  ,KY3005  ,047 KY-3005    ,KY3005                                         ,N,37.71835,-85.83962,8,2019,O,047-KY-3005  -000,9.923,0,0,0,1,0,0,0,0,0,0,0,1,0,Y
Motor Vehicle,Non DAC,72445724,20191203,1537,2,NULL,RING                                    ,NULL,RD   ,KY3005  ,KY3005  ,047 KY-3005    ,KY3005                                         ,N,37.69407,-85.91134,8,2019,O,047-KY-3005  -000,3.531,0,0,0,0,0,0,1,0,0,0,0,1,0,Y
Motor Vehicle,Non DAC,72445778,20191203,1542,2,NULL,BRUIN                                   ,NULL,LN   ,NULL,NULL,047 LA-1001    ,LA1001                                         ,N,37.67547,-85.91386,5,2019,O,047-LA-1001  -000,0.533,0,0,1,1,0,0,0,1,0,0,1,0,0,Y
Motor Vehicle,DAC,72445779,20191203,1815,2,NULL,DIXIE                                   ,N ,AVE  ,US0031W ,US0031W ,047 US-31W     ,US0031W                                        ,N,37.73413,-85.88689,5,2019,O,047-US-0031W -000,19.923,0,0,0,1,0,0,0,1,0,0,1,0,0,Y
Motor Vehicle,DAC,72446096,20191203,943,2,NULL,US31W BYP S TURN LANE                   ,NULL,NULL,US0031WB,US0031WB,047 US-31WB-23 ,US0031WB                                       ,N,37.69993,-85.88201,5,2019,O,047-US-0031WB-023,0.024,0,0,1,0,0,0,1,0,0,0,0,0,0,Y
Motor Vehicle,DAC,72446306,20191204,1556,3,NULL,RING                                    ,NULL,RD   ,KY3005  ,KY3005  ,NULL,NULL,N,37.72877,-85.8824,1,2019,O,047-KY-3005  -000,6.644,0,0,0,1,0,0,1,1,0,0,0,0,0,Y
Motor Vehicle,Non DAC,72446307,20191204,1630,3,NULL,RING                                    ,NULL,RD   ,KY3005  ,KY3005  ,NULL,NULL,N,37.72545,-85.89159,1,2019,O,047-KY-3005  -000,6.1,0,0,0,1,0,0,1,1,0,0,1,0,0,Y
Motor Vehicle,DAC,72446316,20191204,1722,3,NULL,WILLIAMS                                ,E ,ST   ,NULL,NULL,NULL,NULL,N,37.69842,-85.85145,9,2019,O,047-CS-1578  -000,0.204,0,0,0,0,0,0,1,0,0,0,1,0,0,Y
Motor Vehicle,Non DAC,72446412,20191204,1700,3,NULL,RING                                    ,NULL,RD   ,KY3005  ,KY3005  ,047 KY-3005-10 ,KY3005                                         ,N,37.72656,-85.88925,8,2019,O,047-KY-3005  -000,6.251,0,0,0,0,0,0,1,0,0,1,0,1,0,Y
Motor Vehicle,DAC,72446418,20191203,1754,2,NULL,DIXIE                                   ,N ,AVE  ,US0031W ,US0031W ,047 US-31W-10  ,US0031W                                        ,N,37.72009,-85.88032,8,2019,O,047-US-0031W -000,18.884,0,0,1,0,0,0,1,0,0,0,0,1,0,Y
Motor Vehicle,DAC,72446419,20191204,1141,3,NULL,DIXIE                                   ,N ,AVE  ,US0031W ,US0031W ,047 US-31W-10  ,US0031W                                        ,N,37.72463,-85.88252,8,2019,O,047-US-0031W -000,19.216,0,0,0,1,0,0,1,0,0,0,0,1,0,Y
Motor Vehicle,DAC,72446529,20191126,749,2,NULL,DIXIE                                   ,W ,AVE  ,US0031W ,US0031W ,047 US-31W     ,US0031W                                        ,N,37.69379,-85.85932,5,2019,O,047-US-0031W -000,16.695,0,0,0,0,0,0,1,0,0,0,0,0,0,Y
Motor Vehicle,DAC,72446767,20191205,1303,4,NULL,DIXIE                                   ,E ,AVE  ,US0031W ,US0031W ,047 US-31W     ,US0031W                                        ,N,37.69286,-85.85767,8,2019,O,047-US-0031W -000,16.584,0,0,0,0,0,0,0,0,0,0,0,1,0,Y
Motor Vehicle,Non DAC,72446827,20191205,1807,4,4101,DIXIE                                   ,N ,AVE  ,US0031W ,US0031W ,047 US-31W-10  ,US0031W                                        ,N,37.74619,-85.89292,5,2019,O,047-US-0031W -000,20.805,0,0,0,0,0,0,0,1,0,0,1,0,0,Y
Motor Vehicle,DAC,72446926,20191206,657,5,NULL,RING                                    ,NULL,RD   ,KY3005  ,KY3005  ,047 KY-3005    ,KY3005                                         ,N,37.72824,-85.88406,8,2019,O,047-KY-3005  -000,6.555,0,0,0,1,0,0,1,0,0,0,1,0,0,Y
Motor Vehicle,DAC,72446949,20191206,822,5,NULL,BELLWOOD                                ,NULL,DR   ,NULL,NULL,047 CS-1062    ,CS1062                                         ,N,37.70899,-85.86913,1,2019,O,047-CS-1062  -000,0.31,0,0,0,1,0,0,1,1,0,0,1,0,0,Y
Motor Vehicle,DAC,72446991,20191206,838,5,NULL,RING                                    ,NULL,RD   ,KY3005  ,KY3005  ,047 KY-3005    ,KY3005                                         ,N,37.72928,-85.88086,8,2019,A,047-KY-3005  -000,6.736,0,0,0,1,0,0,0,0,0,0,0,1,0,Y
Motor Vehicle,Non DAC,72447175,20191206,815,5,NULL,BRUIN                                   ,NULL,LN   ,NULL,NULL,047 LA-1001    ,LA1001                                         ,N,37.67569,-85.91227,3,2019,O,047-LA-1001  -000,0.431,0,0,1,0,0,0,0,0,0,0,0,1,0,Y
Motor Vehicle,DAC,72447235,20191205,1253,4,NULL,MILES                                   ,N ,ST   ,KY0251  ,KY0251  ,047 KY-251     ,KY0251                                         ,N,37.70234,-85.85716,1,2019,O,047-KY-0251  -000,0.54,0,0,1,1,0,0,1,0,0,0,1,0,0,Y
Motor Vehicle,DAC,72447326,20191201,1521,0,NULL,RING                                    ,NULL,RD   ,KY3005  ,KY3005  ,047 KY-3005    ,KY3005                                         ,N,37.72929,-85.88084,8,2019,O,047-KY-3005  -000,6.737,0,0,1,1,0,0,1,0,0,0,1,0,0,Y
Motor Vehicle,Non DAC,72447327,20191205,1545,4,NULL,RING                                    ,NULL,RD   ,KY3005  ,KY3005  ,047 KY-3005    ,KY3005                                         ,N,37.68268,-85.91497,5,2019,O,047-KY-3005  -000,2.526,0,0,1,0,0,0,1,0,0,0,0,0,0,Y
Motor Vehicle,DAC,72447338,20191206,1758,5,NULL,DIXIE                                   ,N ,AVE  ,US0031W ,US0031W ,047 US-31W-10  ,US0031W                                        ,N,37.73407,-85.88712,5,2019,O,047-US-0031W -000,19.894,0,0,1,0,0,0,0,0,0,0,1,0,0,Y
Motor Vehicle,DAC,72447706,20191206,1850,5,NULL,DIXIE                                   ,N ,AVE  ,US0031W ,US0031W ,047 US-31W-10  ,US0031W                                        ,N,37.70912,-85.87456,1,2019,O,047-US-0031W -000,18.064,0,0,1,1,0,0,1,0,0,0,0,0,0,Y
Motor Vehicle,DAC,72447762,20191207,1822,6,NULL,SHEPHERDSVILLE                          ,NULL,RD   ,KY0251  ,KY0251  ,047 KY-251-10  ,KY0251                                         ,N,37.73356,-85.84365,2,2019,O,047-KY-0251  -000,2.786,0,0,0,1,0,0,1,0,0,0,0,0,0,N
Motor Vehicle,DAC,72447763,20191207,1938,6,NULL,DIXIE                                   ,N ,AVE  ,US0031W ,US0031W ,NULL,NULL,N,37.71795,-85.87886,1,2019,O,047-US-0031W -000,18.721,0,0,1,0,0,0,1,1,0,0,1,0,0,Y
Motor Vehicle,DAC,72448007,20191206,1208,5,NULL,DIXIE                                   ,N ,AVE  ,US0031W ,US0031W ,047 US-31W     ,US0031W                                        ,N,37.70883,-85.87401,1,2019,O,047-US-0031W -000,18.032,0,0,0,0,0,0,1,0,0,0,1,0,0,Y
Motor Vehicle,DAC,72448008,20191207,1237,6,NULL,PUBLIC                                  ,NULL,SQ   ,US0031W ,US0031W ,047 US-31W-1   ,US0031W                                        ,N,37.69284,-85.85785,1,2019,O,047-US-0031W -001,16.603,0,0,0,0,0,0,1,0,0,0,0,0,0,Y
Motor Vehicle,Non DAC,72448009,20191207,1746,6,NULL,TOWNE                                   ,NULL,CTR  ,NULL,NULL,047 PR-1010    ,PR1010                                         ,N,37.73248,-85.88726,5,2019,O,047-PR-1010  -000,0.32,0,0,0,0,0,0,1,0,0,0,0,0,0,Y
Motor Vehicle,Non DAC,72448015,20191206,1530,5,NULL,RING                                    ,NULL,RD   ,KY3005  ,KY3005  ,047 KY-3005    ,KY3005                                         ,N,37.72529,-85.89159,4,2019,O,047-KY-3005  -000,6.094,0,0,0,0,0,0,1,1,0,0,1,0,0,Y
Motor Vehicle,DAC,72448063,20191207,1123,6,NULL,DIXIE                                   ,W ,AVE  ,US0031W ,US0031W ,047 US-31W     ,US0031W                                        ,N,37.70171,-85.86852,1,2019,O,047-US-0031W -000,17.449,0,0,0,0,0,0,1,0,0,0,0,0,0,Y
Motor Vehicle,Non DAC,72448064,20191208,1342,0,NULL,RING                                    ,NULL,RD   ,KY3005  ,KY3005  ,047 KY-3005    ,KY3005                                         ,N,37.71851,-85.90215,1,2019,C,047-KY-3005  -000,5.347,0,0,0,1,0,0,1,0,0,0,0,0,0,Y
Motor Vehicle,Non DAC,72448113,20191208,2109,0,NULL,BLACK BRANCH                            ,N ,RD   ,NULL,NULL,047 CS-1551    ,CS1551                                         ,N,37.67697,-85.91873,1,2019,C,047-CS-1551  -000,0.962,0,0,0,0,0,0,1,1,0,0,0,0,0,Y
Motor Vehicle,DAC,72448365,20191113,1619,3,NULL,RING                                    ,NULL,RD   ,KY3005  ,KY3005  ,047 KY-3005    ,KY3005                                         ,N,37.72813,-85.88419,8,2019,O,047-KY-3005  -000,6.563,0,0,0,1,0,0,1,0,0,0,1,0,0,Y
Motor Vehicle,Non DAC,72448366,20191121,1746,4,NULL,PATRIOT                                 ,NULL,PKWY ,KY0361  ,KY0361  ,047 KY-361-10  ,KY0361                                         ,N,37.71615,-85.90113,5,2019,O,047-KY-0361  -000,1.678,0,0,0,0,0,0,1,0,0,0,0,0,0,Y
Motor Vehicle,DAC,72448586,20191209,1653,1,NULL,DIXIE                                   ,N ,AVE  ,US0031W ,US0031W ,047 US-31W     ,US0031W                                        ,N,37.73781,-85.88877,8,2019,C,047-US-0031W -000,20.209,0,0,1,0,0,0,1,0,0,0,0,1,0,Y
Motor Vehicle,DAC,72448681,20191209,1552,1,2630,RING                                    ,NULL,RD   ,KY3005  ,KY3005  ,047 KY-3005    ,KY3005                                         ,N,37.7273,-85.83917,9,2019,O,047-KY-3005  -000,9.301,0,0,0,1,0,0,1,0,0,0,0,0,0,Y
Motor Vehicle,Non DAC,72448687,20191209,1507,1,NULL,COLLEGE ST RD                           ,NULL,NULL,NULL,NULL,047 CS-1124    ,CS1124                                         ,N,37.68989,-85.88142,9,2019,O,047-CS-1124  -000,0.852,0,0,0,1,0,0,0,0,0,0,0,1,0,Y
Motor Vehicle,DAC,72449210,20191210,1730,2,NULL,31W                                     ,NULL,BYP  ,US0031WB,US0031WB,047 US-31WB    ,US0031WB                                       ,N,37.70013,-85.88175,5,2019,O,047-US-0031WB-000,2.164,0,0,0,0,0,0,0,0,0,0,0,0,0,Y
Motor Vehicle,DAC,72449419,20191209,1518,1,NULL,RING                                    ,NULL,RD   ,KY3005  ,KY3005  ,047 KY-3005    ,KY3005                                         ,N,37.73396,-85.8615,6,2019,O,047-KY-3005  -000,7.862,0,0,0,0,0,0,1,0,0,0,0,0,0,Y
Motor Vehicle,DAC,72449420,20191209,1335,1,NULL,DIXIE                                   ,N ,AVE  ,US0031W ,US0031W ,047 US-31W-10  ,US0031W                                        ,N,37.73332,-85.88675,6,2019,O,047-US-0031W -000,19.86,0,0,0,0,0,0,1,1,0,0,0,0,0,Y
Motor Vehicle,DAC,72449421,20191210,746,2,NULL,RING                                    ,NULL,RD   ,KY3005  ,KY3005  ,047 KY-3005    ,KY3005                                         ,N,37.73359,-85.8556,1,2019,O,047-KY-3005  -000,8.19,0,0,1,0,0,0,1,0,0,0,0,0,0,Y
Motor Vehicle,Non DAC,72449497,20191211,1430,3,NULL,NEW GLENDALE                            ,NULL,RD   ,KY1136  ,KY1136  ,047 KY-1136    ,KY1136                                         ,N,37.67433,-85.86042,5,2019,O,047-KY-1136  -000,9.801,0,0,0,1,0,0,0,1,0,0,0,0,0,Y
Motor Vehicle,DAC,72449713,20191211,1758,3,NULL,RING                                    ,NULL,RD   ,KY3005  ,KY3005  ,047 KY-3005    ,KY3005                                         ,N,37.73232,-85.87052,5,2019,O,047-KY-3005  -000,7.348,0,0,0,0,0,0,1,0,0,0,0,0,0,Y
Motor Vehicle,DAC,72449714,20191211,1647,3,NULL,ST JOHN                                 ,NULL,RD   ,KY1357  ,KY1357  ,047 KY-1357    ,KY1357                                         ,N,37.70213,-85.87749,8,2019,O,047-KY-1357  -000,16.601,0,0,0,0,0,0,0,1,0,0,0,1,0,Y
Motor Vehicle,Non DAC,72449749,20191207,1218,6,1065,LORIEN                                  ,NULL,CT   ,NULL,NULL,047 CR-1010H   ,CR1010H                                        ,N,37.73436,-85.9044,2,2019,O,047-CR-1010H -000,0.082,0,0,0,0,0,0,1,0,0,0,0,0,0,Y
Motor Vehicle,DAC,72449761,20191211,1137,3,NULL,DIXIE                                   ,N ,AVE  ,US0031W ,US0031W ,047 US-31W-10  ,US0031W                                        ,N,37.70911,-85.87449,5,2019,O,047-US-0031W -000,18.062,0,0,0,0,0,0,1,0,0,0,0,0,0,Y
Motor Vehicle,DAC,72449826,20191212,755,4,NULL,MULBERRY                                ,N ,ST   ,US0062  ,US0062  ,047 US-62-10   ,US0062                                         ,N,37.70959,-85.83798,5,2019,O,047-US-0062  -000,19.583,0,0,0,0,0,0,0,1,0,0,0,0,0,Y
Motor Vehicle,Non DAC,72449851,20191203,1236,2,NULL,RING                                    ,NULL,RD   ,KY3005  ,KY3005  ,047 KY-3005-10 ,KY3005                                         ,N,37.72442,-85.89393,5,2019,O,047-KY-3005  -000,5.954,0,0,1,0,0,0,0,0,0,0,0,0,0,Y
Motor Vehicle,Non DAC,72450105,20191212,1033,4,2511,RIDGESTONE                              ,NULL,DR   ,NULL,NULL,047 CS-1538    ,CS1538                                         ,N,37.7563,-85.87392,9,2019,O,047-CS-1538  -000,0.397,0,0,0,0,0,0,1,0,0,0,0,0,0,Y
Motor Vehicle,DAC,72450106,20191211,1820,3,400,MULBERRY                                ,S ,ST   ,US0062  ,US0062  ,047 US-62      ,US0062                                         ,N,37.68636,-85.87072,9,2019,O,047-US-0062  -000,17.148,0,0,0,0,0,0,0,0,0,0,0,0,0,Y
Motor Vehicle,DAC,72450208,20191212,1708,4,NULL,31W                                     ,NULL,BYP  ,US0031WB,US0031WB,047 US-31WB    ,US0031WB                                       ,N,37.69208,-85.87186,3,2019,O,047-US-0031WB-000,1.374,0,0,0,1,0,0,0,1,0,0,1,0,0,Y
Motor Vehicle,Non DAC,72450241,20191212,1620,4,NULL,PATRIOT                                 ,NULL,PKWY ,KY0361  ,KY0361  ,NULL,NULL,N,37.72205,-85.90992,1,2019,O,047-KY-0361  -000,2.309,0,0,0,0,0,0,1,1,0,0,1,0,0,Y
Motor Vehicle,DAC,72450254,20191125,2025,1,NULL,31W                                     ,NULL,BYP  ,US0031WB,US0031WB,047 US-31WB    ,US0031WB                                       ,N,37.69186,-85.87153,5,2019,O,047-US-0031WB-000,1.351,0,0,1,0,0,0,1,0,0,0,1,0,0,Y
Motor Vehicle,Non DAC,72450395,20191213,1111,5,NULL,DIXIE                                   ,S ,HWY  ,US0031W ,US0031W ,047 US-31W     ,US0031W                                        ,N,37.66882,-85.84672,5,2019,O,047-US-0031W -000,14.734,0,0,0,1,0,0,0,0,0,0,0,0,0,Y
Motor Vehicle,DAC,72450424,20191213,1157,5,NULL,RING                                    ,NULL,RD   ,KY3005  ,KY3005  ,047 KY-3005    ,KY3005                                         ,N,37.72946,-85.8802,5,2019,O,047-KY-3005  -000,6.775,0,0,1,0,0,0,1,0,0,0,0,0,0,Y
Motor Vehicle,DAC,72450491,20191213,1436,5,NULL,DIXIE                                   ,N ,AVE  ,US0031W ,US0031W ,047 US-31W-10  ,US0031W                                        ,N,37.70897,-85.87439,1,2019,O,047-US-0031W -000,18.051,0,0,1,0,0,0,1,0,0,0,0,0,0,Y
Motor Vehicle,DAC,72450875,20191213,2147,5,NULL,RING                                    ,NULL,RD   ,KY3005  ,KY3005  ,NULL,NULL,N,37.70937,-85.83858,5,2019,C,047-KY-3005  -000,10.564,0,0,0,0,0,0,0,0,0,0,0,0,0,Y