Mode,Crash In Disadvantaged Community,MasterFile,CollisionDate,CollisionTime,CollisionDayWeekCode,RoadwayName_HouseBusinessNumber_,RoadwayName_RoadwayName_,RoadwayName_Direction_,RoadwayName_RoadwaySuffix_,RoadwayfromReport,CurrentRoadwayNumber,RSEUniqueGIS,RoadwayIdentifier,ParkingLotIndicator,Latitude,Longitude,MannerofCollisionCode,YR,KABCO,KTC_RT,KTC_MP,Motorcyclist,Commercial Vehicle,Young Driver,Mature Driver,Pedestrian,Bicyclist,Distracted,Aggressive,Impaired,Unrestrained,Intersection,Roadway Departure,Median Cross-over,In City Limits?
Motor Vehicle,Non DAC,72450880,20191213,2014,5,NULL,TOWNE                                   ,NULL,DR   ,NULL,NULL,047 CS-1448    ,CS1448                                         ,N,37.73268,-85.89109,1,2019,O,047-CS-1448  -000,0.246,0,0,0,0,0,0,0,1,0,0,0,0,0,Y
Motor Vehicle,DAC,72451530,20191127,2115,3,NULL,MULBERRY                                ,N ,ST   ,US0062  ,US0062  ,047 US-62-10   ,US0062                                         ,N,37.71243,-85.83222,2,2019,O,047-US-0062  -000,19.958,0,0,0,0,0,0,1,0,0,0,0,0,0,Y
Motor Vehicle,DAC,72451646,20191212,2246,4,NULL,NICHOLAS ST CONN                        ,NULL,NULL,NULL,NULL,047 CS-1389-71 ,CS1389                                         ,N,37.68753,-85.86803,9,2019,O,047-CS-1389  -071,0.004,0,0,0,0,0,0,0,0,0,0,1,0,0,Y
Motor Vehicle,Non DAC,72451934,20191213,1826,5,1640,HUTCHERSON                              ,NULL,LN   ,KY2802  ,KY2802  ,047 KY-2802    ,KY2802                                         ,N,37.72873,-85.90698,3,2019,O,047-KY-2802  -000,0.466,0,0,1,0,0,0,0,0,0,0,0,1,0,Y
Motor Vehicle,Non DAC,72451935,20191213,2240,5,NULL,NEW GLENDALE                            ,NULL,RD   ,KY1136  ,KY1136  ,047 KY-1136    ,KY1136                                         ,N,37.67064,-85.86144,9,2019,O,047-KY-1136  -000,9.542,0,0,1,0,0,0,0,0,0,0,0,1,0,Y
Motor Vehicle,DAC,72451936,20191216,730,1,NULL,RING                                    ,NULL,RD   ,KY3005  ,KY3005  ,NULL,NULL,N,37.73363,-85.85579,5,2019,C,047-KY-3005  -000,8.179,0,0,0,1,0,0,0,1,0,0,0,0,0,Y
Motor Vehicle,DAC,72452084,20191216,1735,1,NULL,POPLAR                                  ,W ,ST   ,NULL,NULL,047 CS-1068    ,CS1068                                         ,N,37.70225,-85.86749,1,2019,O,047-CS-1068  -000,0.808,0,0,0,0,0,0,1,0,0,0,1,0,0,Y
Motor Vehicle,Non DAC,72452242,20191216,1657,1,NULL,RING                                    ,NULL,RD   ,KY3005  ,KY3005  ,NULL,NULL,N,37.6733,-85.91273,1,2019,O,047-KY-3005  -000,2.037,0,0,0,0,0,0,0,1,0,0,0,0,0,Y
Motor Vehicle,DAC,72452252,20191216,1459,1,NULL,31W                                     ,NULL,BYP  ,US0031WB,US0031WB,047 US-31WB    ,US0031WB                                       ,N,37.69956,-85.8814,5,2019,O,047-US-0031WB-000,2.12,0,0,0,0,0,0,0,0,0,0,0,0,0,Y
Motor Vehicle,DAC,72452253,20191216,2035,1,NULL,MULBERRY                                ,N ,ST   ,US0062  ,US0062  ,047 US-62      ,US0062                                         ,N,37.70915,-85.83842,8,2019,O,047-US-0062  -000,19.549,0,0,1,1,0,0,0,0,0,0,1,0,0,Y
Motor Vehicle,Non DAC,72452254,20191215,1949,0,NULL,ST JOHN                                 ,NULL,RD   ,KY1357  ,KY1357  ,047 KY-1357    ,KY1357                                         ,N,37.69458,-85.90614,3,2019,B,047-KY-1357  -000,14.867,0,0,0,0,0,0,0,0,1,0,0,1,0,Y
Motor Vehicle,DAC,72452380,20191217,809,2,NULL,31W                                     ,NULL,BYP  ,US0031WB,US0031WB,047 US-31WB    ,US0031WB                                       ,N,37.69166,-85.8712,5,2019,O,047-US-0031WB-000,1.327,0,0,1,0,0,0,1,0,0,0,0,0,0,Y
Motor Vehicle,DAC,72452437,20191213,1733,5,NULL,RING                                    ,NULL,RD   ,KY3005  ,KY3005  ,047 KY-3005    ,KY3005                                         ,N,37.73081,-85.87522,5,2019,O,047-KY-3005  -000,7.066,0,0,1,1,0,0,1,0,0,0,0,0,0,Y
Motor Vehicle,Non DAC,72452438,20191213,1713,5,NULL,VETERANS                                ,NULL,WAY  ,NULL,NULL,047 CS-1683    ,CS1683                                         ,N,37.7305,-85.89421,5,2019,O,047-CS-1683  -000,0.39,0,0,1,0,0,0,1,0,0,0,0,0,0,Y
Motor Vehicle,DAC,72452448,20191217,1201,2,NULL,US31W BYP N TURN LANE                   ,NULL,NULL,US0031WB,US0031WB,047 US-31WB-24 ,US0031WB                                       ,N,37.71883,-85.87974,5,2019,O,047-US-0031WB-024,0.042,0,0,0,0,0,0,1,0,0,0,0,0,0,Y
Motor Vehicle,DAC,72452465,20191201,1847,0,NULL,RING                                    ,NULL,RD   ,KY3005  ,KY3005  ,047 KY-3005    ,KY3005                                         ,N,37.72841,-85.88376,5,2019,O,047-KY-3005  -000,6.565,0,0,1,0,0,0,0,1,0,0,0,0,0,Y
Motor Vehicle,DAC,72452466,20191213,1524,5,NULL,DIXIE                                   ,N ,AVE  ,US0031W ,US0031W ,047 US-31W     ,US0031W                                        ,N,37.72646,-85.88309,5,2019,O,047-US-0031W -000,19.344,0,0,0,1,0,0,1,0,0,0,0,0,0,Y
Motor Vehicle,DAC,72452467,20191214,1434,6,NULL,RING                                    ,NULL,RD   ,KY3005  ,KY3005  ,047 KY-3005    ,KY3005                                         ,N,37.7305,-85.8761,5,2019,O,047-KY-3005  -000,7.013,0,0,0,0,0,0,0,1,0,0,0,0,0,Y
Motor Vehicle,DAC,72452835,20191213,1604,5,NULL,MULBERRY                                ,S ,ST   ,US0062  ,US0062  ,047 US-62      ,US0062                                         ,N,37.69133,-85.86196,5,2019,O,047-US-0062  -000,17.743,0,0,1,0,0,0,1,0,0,0,0,0,0,Y
Motor Vehicle,DAC,72452836,20191213,1636,5,NULL,DIXIE                                   ,N ,AVE  ,US0031W ,US0031W ,047 US-31W     ,US0031W                                        ,N,37.73631,-85.88797,8,2019,O,047-US-0031W -000,20.136,0,0,1,0,0,0,1,0,0,0,1,0,0,Y
Motor Vehicle,DAC,72452837,20191213,1647,5,NULL,DIXIE                                   ,N ,AVE  ,US0031W ,US0031W ,047 US-31W     ,US0031W                                        ,N,37.72643,-85.88305,5,2019,O,047-US-0031W -000,19.341,0,0,1,0,0,0,1,0,0,0,0,0,0,Y
Motor Vehicle,DAC,72452838,20191213,1728,5,NULL,DIXIE                                   ,N ,AVE  ,US0031W ,US0031W ,047 US-31W     ,US0031W                                        ,N,37.7178,-85.87877,8,2019,O,047-US-0031W -000,18.73,0,0,0,1,0,0,1,0,0,0,0,1,0,Y
Motor Vehicle,Non DAC,72452839,20191213,1755,5,NULL,LINCOLN                                 ,NULL,PKWY ,KY0061  ,KY0061  ,047 KY-61      ,KY0061                                         ,N,37.66957,-85.8452,5,2019,O,047-KY-0061  -000,5.236,0,0,0,0,0,0,1,0,0,0,0,0,0,Y
Motor Vehicle,DAC,72452883,20191217,806,2,NULL,NORTHRIDGE                              ,NULL,DR   ,NULL,NULL,047 CS-1429    ,CS1429                                         ,N,37.72006,-85.83963,5,2019,O,047-CS-1429  -000,0.001,0,0,0,0,0,0,1,0,0,0,1,0,0,Y
Motor Vehicle,Non DAC,72452954,20191218,707,3,NULL,RING                                    ,NULL,RD   ,KY3005  ,KY3005  ,047 KY-3005-10 ,KY3005                                         ,N,37.72708,-85.88833,1,2019,O,047-KY-3005  -000,6.313,0,0,1,0,0,0,0,1,0,0,1,0,0,Y
Motor Vehicle,DAC,72453030,20191218,1302,3,NULL,RING                                    ,NULL,RD   ,KY3005  ,KY3005  ,047 KY-3005-10 ,KY3005                                         ,N,37.72826,-85.88411,1,2019,O,047-KY-3005  -000,6.532,0,0,0,1,0,0,1,0,0,0,1,0,0,Y
Motor Vehicle,DAC,72453303,20191218,2051,3,NULL,DIXIE                                   ,W ,AVE  ,US0031W ,US0031W ,047 US-31W     ,US0031W                                        ,N,37.6939,-85.85948,5,2019,O,047-US-0031W -000,16.7,0,0,0,0,0,0,0,0,0,0,1,0,0,Y
Motor Vehicle,DAC,72453367,20191217,2049,2,NULL,DIXIE                                   ,N ,AVE  ,US0031W ,US0031W ,NULL,NULL,N,37.72941,-85.88455,8,2019,O,047-US-0031W -000,19.563,0,0,1,0,0,0,1,0,0,0,0,1,0,Y
Motor Vehicle,DAC,72453390,20191217,1340,2,NULL,DIXIE                                   ,N ,AVE  ,US0031W ,US0031W ,047 US-31W-10  ,US0031W                                        ,N,37.73314,-85.88668,5,2019,O,047-US-0031W -000,19.848,0,0,1,0,0,0,0,1,0,0,0,0,0,Y
Motor Vehicle,Non DAC,72453442,20191219,0,4,NULL,ROBINBROOKE                             ,NULL,BLVD ,NULL,NULL,047 CS-1411-10 ,CS1411                                         ,N,37.72282,-85.90971,9,2019,O,047-CS-1411  -000,1.125,0,0,0,0,0,0,0,0,0,0,0,1,0,Y
Motor Vehicle,DAC,72453604,20191218,1423,3,NULL,MULBERRY                                ,N ,ST   ,US0062  ,US0062  ,047 US-62      ,US0062                                         ,N,37.70902,-85.83872,5,2019,O,047-US-0062  -000,19.53,0,0,0,1,0,0,0,0,1,1,0,0,0,Y
Motor Vehicle,Non DAC,72453606,20191217,1427,2,NULL,ST JOHN                                 ,NULL,RD   ,KY1357  ,KY1357  ,047 KY-1357    ,KY1357                                         ,N,37.69749,-85.88902,7,2019,O,047-KY-1357  -000,15.823,0,0,0,0,0,0,1,0,0,0,0,1,0,Y
Motor Vehicle,DAC,72453607,20191218,1342,3,NULL,DIXIE                                   ,N ,AVE  ,US0031W ,US0031W ,047 US-31W-10  ,US0031W                                        ,N,37.73266,-85.88642,8,2019,O,047-US-0031W -000,19.796,0,0,0,0,0,0,1,0,0,0,0,1,0,Y
Motor Vehicle,DAC,72453860,20191219,1803,4,NULL,31W                                     ,NULL,BYP  ,US0031WB,US0031WB,047 US-31WB    ,US0031WB                                       ,N,37.70078,-85.88214,5,2019,O,047-US-0031WB-000,2.212,0,0,0,0,0,0,0,0,0,0,1,0,0,Y
Motor Vehicle,DAC,72453891,20191219,539,4,NULL,SKYLINE                                 ,NULL,DR   ,NULL,NULL,047 CS-1491    ,CS1491                                         ,N,37.68495,-85.8573,7,2019,O,047-CS-1491  -000,0.534,0,0,0,0,0,0,1,0,0,0,0,1,0,Y
Motor Vehicle,DAC,72454072,20191220,1133,5,NULL,CLIFF RIDGE                             ,NULL,CT   ,NULL,NULL,047 CS-1396    ,CS1396                                         ,N,37.72378,-85.8401,2,2019,O,047-CS-1396  -000,0.074,0,0,0,0,0,0,1,0,0,0,0,0,0,Y
Motor Vehicle,Non DAC,72454109,20191209,649,1,NULL,NEW GLENDALE                            ,NULL,RD   ,KY1136  ,KY1136  ,047 KY-1136    ,KY1136                                         ,N,37.67312,-85.86091,5,2019,O,047-KY-1136  -000,9.714,0,0,0,0,0,0,1,0,0,0,0,0,0,Y
Motor Vehicle,DAC,72454317,20191220,2222,5,NULL,COMMERCE                                ,NULL,DR   ,NULL,NULL,NULL,NULL,N,37.71034,-85.8331,1,2019,O,047-CS-1108  -000,0.086,0,0,0,0,0,0,0,1,0,0,1,0,0,Y
Motor Vehicle,DAC,72454333,20191219,1847,4,NULL,DIXIE                                   ,N ,AVE  ,US0031W ,US0031W ,047 US-31W-10  ,US0031W                                        ,N,37.71252,-85.87645,5,2019,O,047-US-0031W -000,18.32,0,0,1,0,0,0,1,1,0,0,0,0,0,Y
Motor Vehicle,DAC,72454334,20191219,1532,4,NULL,RING                                    ,NULL,RD   ,KY3005  ,KY3005  ,047 KY-3005    ,KY3005                                         ,N,37.73219,-85.84973,5,2019,B,047-KY-3005  -000,8.533,0,0,0,1,0,0,1,0,0,0,0,0,0,Y
Motor Vehicle,DAC,72454410,20191220,1407,5,NULL,DIXIE                                   ,N ,AVE  ,US0031W ,US0031W ,047 US-31W-10  ,US0031W                                        ,N,37.73301,-85.88662,5,2019,O,047-US-0031W -000,19.839,0,0,0,0,0,0,1,0,0,0,0,0,0,Y
Motor Vehicle,DAC,72454465,20191221,933,6,1046,EXECUTIVE                               ,NULL,DR   ,NULL,NULL,047 CS-1410    ,CS1410                                         ,N,37.71101,-85.83191,2,2019,O,047-CS-1410  -000,0.109,0,0,0,0,0,0,0,0,0,0,0,0,0,Y
Motor Vehicle,Non DAC,72454498,20191216,1057,1,NULL,LEITCHFIELD                             ,NULL,RD   ,US0062  ,US0062  ,047 US-62      ,US0062                                         ,N,37.67694,-85.8982,1,2019,K,047-US-0062  -000,15.411,0,0,1,1,0,0,0,1,0,1,0,0,1,N
Motor Vehicle,DAC,72454679,20191221,1912,6,NULL,DIXIE                                   ,N ,AVE  ,US0031W ,US0031W ,047 US-31W     ,US0031W                                        ,N,37.72698,-85.88329,9,2019,O,047-US-0031W -000,19.381,0,0,0,0,0,0,0,0,0,0,0,1,0,Y
Motor Vehicle,DAC,72454980,20191215,1933,0,NULL,DIXIE                                   ,N ,AVE  ,US0031W ,US0031W ,047 US-31W     ,US0031W                                        ,N,37.74131,-85.89038,8,2019,O,047-US-0031W -000,20.43,0,0,1,1,0,0,1,1,0,0,1,0,0,Y
Motor Vehicle,DAC,72454982,20191222,1821,0,NULL,PEAR ORCHARD                            ,NULL,RD   ,NULL,NULL,047 CS-1327    ,CS1327                                         ,N,37.71885,-85.85704,9,2019,O,047-CS-1327  -000,0.56,0,0,0,0,0,0,0,0,1,0,0,1,0,Y
Motor Vehicle,DAC,72454985,20191222,1847,0,NULL,MULBERRY                                ,N ,ST   ,US0062  ,US0062  ,047 US-62-10   ,US0062                                         ,N,37.71298,-85.83115,5,2019,O,047-US-0062  -000,20.018,0,0,0,1,0,0,1,0,0,0,0,0,0,Y
Motor Vehicle,Non DAC,72455136,20191223,1035,1,NULL,RING                                    ,NULL,RD   ,KY3005  ,KY3005  ,047 KY-3005    ,KY3005                                         ,N,37.72694,-85.88824,1,2019,O,047-KY-3005  -000,6.311,0,0,1,0,0,0,1,0,0,0,0,0,0,Y
Motor Vehicle,DAC,72455184,20191223,1419,1,NULL,DIXIE                                   ,N ,AVE  ,US0031W ,US0031W ,047 US-31W-10  ,US0031W                                        ,N,37.71672,-85.87855,8,2019,O,047-US-0031W -000,18.634,0,0,0,0,0,0,1,0,0,0,0,1,0,Y
Motor Vehicle,DAC,72455426,20191223,1510,1,NULL,ST JOHN                                 ,NULL,RD   ,KY1357  ,KY1357  ,047 KY-1357    ,KY1357                                         ,N,37.70071,-85.88061,1,2019,O,047-KY-1357  -000,16.403,0,0,1,0,0,0,0,1,0,0,1,0,0,Y
Motor Vehicle,DAC,72455427,20191223,1605,1,NULL,DIXIE                                   ,N ,AVE  ,US0031W ,US0031W ,047 US-31W     ,US0031W                                        ,N,37.72916,-85.88443,5,2019,O,047-US-0031W -000,19.544,0,0,1,0,0,0,1,0,0,0,0,0,0,Y
Motor Vehicle,DAC,72455516,20191214,1236,6,NULL,DIXIE                                   ,N ,AVE  ,US0031W ,US0031W ,047 US-31W-10  ,US0031W                                        ,N,37.72671,-85.88347,8,2019,O,047-US-0031W -000,19.366,0,0,0,1,0,0,0,1,0,0,0,1,0,Y
Motor Vehicle,DAC,72455716,20191223,1244,1,NULL,MULBERRY                                ,N ,ST   ,US0062  ,US0062  ,047 US-62-10   ,US0062                                         ,N,37.7099,-85.83735,1,2019,O,047-US-0062  -000,19.62,0,0,1,0,0,0,1,0,0,0,0,0,0,Y
Motor Vehicle,DAC,72455717,20191223,1353,1,NULL,DIXIE                                   ,N ,AVE  ,US0031W ,US0031W ,047 US-31W-10  ,US0031W                                        ,N,37.7092,-85.87453,1,2019,O,047-US-0031W -000,18.068,0,0,0,0,0,0,1,0,0,0,0,0,0,Y
Motor Vehicle,DAC,72455731,20191224,2019,2,NULL,DIXIE                                   ,N ,AVE  ,US0031W ,US0031W ,047 US-31W     ,US0031W                                        ,N,37.72246,-85.88111,1,2019,O,047-US-0031W -000,19.051,0,0,0,0,0,0,0,1,0,0,1,0,0,Y
Motor Vehicle,DAC,72455807,20191218,1412,3,NULL,MULBERRY                                ,N ,ST   ,US0062  ,US0062  ,047 US-62      ,US0062                                         ,N,37.69943,-85.8544,5,2019,O,047-US-0062  -000,18.439,0,0,0,0,0,0,0,1,0,0,0,0,0,Y
Motor Vehicle,DAC,72455890,20191218,2037,3,NULL,DIXIE                                   ,W ,AVE  ,US0031W ,US0031W ,047 US-31W     ,US0031W                                        ,N,37.70089,-85.86763,1,2019,O,047-US-0031W -000,17.373,0,0,0,0,0,0,1,0,0,0,1,0,0,Y
Motor Vehicle,DAC,72455891,20191225,1952,3,NULL,31W                                     ,NULL,BYP  ,US0031WB,US0031WB,NULL,NULL,N,37.69203,-85.87214,5,2019,O,047-US-0031WB-000,1.357,0,0,0,0,0,0,1,0,0,0,1,0,0,Y
Motor Vehicle,Non DAC,72455952,20191219,1929,4,NULL,RING                                    ,NULL,RD   ,KY3005  ,KY3005  ,047 KY-3005-10 ,KY3005                                         ,N,37.7267,-85.88943,4,2019,B,047-KY-3005  -000,6.247,0,0,0,0,0,0,0,1,0,0,0,0,0,Y
Motor Vehicle,DAC,72455953,20191219,1538,4,NULL,WALMART                                 ,NULL,DR   ,NULL,NULL,047 CS-1558    ,CS1558                                         ,N,37.73146,-85.8851,5,2019,O,047-CS-1558  -000,0.056,0,0,0,0,0,0,1,0,0,0,0,0,0,Y
Motor Vehicle,Non DAC,72455954,20191223,2115,1,NULL,PINE VALLEY                             ,NULL,DR   ,NULL,NULL,047 CS-1533    ,CS1533                                         ,N,37.75182,-85.89277,5,2019,O,047-CS-1533  -000,0.132,0,0,0,0,0,0,1,0,0,0,0,0,0,Y
Motor Vehicle,Non DAC,72456060,20191226,1107,4,NULL,TOWNE                                   ,NULL,CTR  ,NULL,NULL,047 PR-1010    ,PR1010                                         ,N,37.72783,-85.8858,5,2019,O,047-PR-1010  -000,0.009,0,0,0,0,0,0,1,0,0,0,0,0,0,Y
Motor Vehicle,Non DAC,72456083,20191226,1233,4,NULL,LINCOLN                                 ,NULL,PKWY ,KY0061  ,KY0061  ,047 KY-61      ,KY0061                                         ,N,37.66946,-85.84493,5,2019,O,047-KY-0061  -000,5.219,0,0,0,0,0,0,1,0,0,0,0,0,0,Y
Motor Vehicle,Non DAC,72456133,20191226,1241,4,NULL,LINCOLN                                 ,NULL,PKWY ,KY0061  ,KY0061  ,047 KY-61      ,KY0061                                         ,N,37.66928,-85.84519,5,2019,O,047-KY-0061  -000,5.226,0,0,0,0,0,0,1,0,0,0,0,0,0,Y
Motor Vehicle,DAC,72456243,20191225,1504,3,NULL,RING                                    ,NULL,RD   ,KY3005  ,KY3005  ,047 KY-3005    ,KY3005                                         ,N,37.72836,-85.88385,5,2019,C,047-KY-3005  -000,6.559,0,0,0,1,0,0,1,0,0,0,1,0,0,Y
Motor Vehicle,Non DAC,72456348,20191220,1540,5,1300,PATRIOT                                 ,NULL,PKWY ,KY0361  ,KY0361  ,047 KY-361-10  ,KY0361                                         ,N,37.71731,-85.90356,5,2019,O,047-KY-0361  -000,1.825,0,0,0,0,0,0,1,0,0,0,1,0,0,Y
Motor Vehicle,Non DAC,72456740,20191227,1339,5,NULL,VETERANS                                ,NULL,WAY  ,NULL,NULL,047 CS-1683    ,CS1683                                         ,N,37.72618,-85.89191,2,2019,O,047-CS-1683  -000,0.064,0,0,0,0,0,0,1,0,0,0,0,0,0,Y
Motor Vehicle,DAC,72456881,20191222,1914,0,NULL,DIXIE                                   ,N ,AVE  ,US0031W ,US0031W ,047 US-31W     ,US0031W                                        ,N,37.71795,-85.87887,1,2019,O,047-US-0031W -000,18.721,0,0,1,0,0,0,1,0,0,0,1,0,0,Y
Motor Vehicle,Non DAC,72456904,20191227,1509,5,NULL,DIXIE                                   ,N ,AVE  ,US0031W ,US0031W ,047 US-31W-10  ,US0031W                                        ,N,37.74579,-85.89276,5,2019,O,047-US-0031W -000,20.769,0,0,1,0,0,0,0,0,0,0,1,0,0,Y
Motor Vehicle,DAC,72456905,20191228,1457,6,NULL,DIXIE                                   ,N ,AVE  ,US0031W ,US0031W ,047 US-31W-10  ,US0031W                                        ,N,37.73426,-85.88722,1,2019,O,047-US-0031W -000,19.945,0,0,0,1,0,0,0,1,0,0,0,0,0,Y
Motor Vehicle,DAC,72457053,20191229,1020,0,NULL,DIXIE                                   ,N ,AVE  ,US0031W ,US0031W ,NULL,NULL,N,37.74033,-85.88996,5,2019,O,047-US-0031W -000,20.369,0,0,0,1,0,0,1,0,0,0,0,0,0,Y
Motor Vehicle,DAC,72457243,20191229,1827,0,NULL,POPLAR                                  ,W ,ST   ,NULL,NULL,047 CS-1068    ,CS1068                                         ,N,37.70225,-85.86749,1,2019,O,047-CS-1068  -000,0.808,0,0,0,0,0,0,1,0,0,0,1,0,0,Y
Motor Vehicle,DAC,72457417,20191224,1245,2,NULL,FRENCH                                  ,NULL,ST   ,NULL,NULL,047 CS-1390    ,CS1390                                         ,N,37.71155,-85.85258,1,2019,O,047-CS-1390  -000,0.019,0,0,0,1,0,0,1,1,0,0,0,0,0,Y
Motor Vehicle,DAC,72457461,20191217,1433,2,NULL,RING                                    ,NULL,RD   ,KY3005  ,KY3005  ,047 KY-3005    ,KY3005                                         ,N,37.73213,-85.84407,5,2019,C,047-KY-3005  -000,8.816,0,0,1,0,0,0,1,0,0,0,0,0,0,Y
Motor Vehicle,DAC,72457462,20191219,1032,4,NULL,RING                                    ,NULL,RD   ,KY3005  ,KY3005  ,047 KY-3005    ,KY3005                                         ,N,37.71876,-85.83974,5,2019,O,047-KY-3005  -000,9.895,0,0,0,1,0,0,0,1,0,0,0,0,0,Y
Motor Vehicle,DAC,72457463,20191223,1256,1,NULL,MULBERRY                                ,N ,ST   ,US0062  ,US0062  ,047 US-62      ,US0062                                         ,N,37.71076,-85.83517,5,2019,O,047-US-0062  -000,19.752,0,0,0,0,0,0,1,0,0,0,0,0,0,Y
Motor Vehicle,DAC,72457465,20191223,1449,1,NULL,WALMART                                 ,NULL,DR   ,NULL,NULL,047 CS-1558    ,CS1558                                         ,N,37.73156,-85.88481,5,2019,O,047-CS-1558  -000,0.039,0,0,0,1,0,0,0,0,0,0,0,0,0,Y
Motor Vehicle,DAC,72457466,20191223,1144,1,NULL,RING                                    ,NULL,RD   ,KY3005  ,KY3005  ,047 KY-3005    ,KY3005                                         ,N,37.73223,-85.87118,5,2019,O,047-KY-3005  -000,7.312,0,0,0,0,0,0,1,0,0,0,0,0,0,Y
Motor Vehicle,DAC,72457838,20191224,1831,2,NULL,DIXIE                                   ,N ,AVE  ,US0031W ,US0031W ,047 US-31W     ,US0031W                                        ,N,37.74121,-85.89039,5,2019,O,047-US-0031W -000,20.426,0,0,1,0,0,0,1,0,0,0,0,0,0,Y
Motor Vehicle,DAC,72457849,20191229,1808,0,NULL,MULBERRY                                ,N ,ST   ,US0062  ,US0062  ,047 US-62      ,US0062                                         ,N,37.70465,-85.84632,9,2019,O,047-US-0062  -000,18.985,0,0,0,0,0,0,0,0,0,0,1,0,0,Y
Motor Vehicle,DAC,72458060,20191230,1248,1,NULL,MAIN                                    ,N ,ST   ,NULL,NULL,047 CS-1320    ,CS1320                                         ,N,37.69578,-85.85553,1,2019,C,047-CS-1320  -000,0.215,0,0,0,1,0,0,1,0,0,0,1,0,0,Y
Motor Vehicle,DAC,72458061,20191230,1817,1,NULL,RING                                    ,NULL,RD   ,KY3005  ,KY3005  ,047 KY-3005    ,KY3005                                         ,N,37.73098,-85.8747,5,2019,O,047-KY-3005  -000,7.084,0,0,1,1,0,0,1,0,0,0,0,0,0,Y
Motor Vehicle,DAC,72458104,20191229,1930,0,1501,YORKSHIRE                               ,NULL,DR   ,NULL,NULL,047 CS-1600    ,CS1600                                         ,N,37.71883,-85.84559,,2019,O,047-CS-1600  -000,0.009,0,0,0,0,0,0,0,0,0,0,0,0,0,Y
Motor Vehicle,DAC,72458303,20191230,1806,1,NULL,RING                                    ,NULL,RD   ,KY3005  ,KY3005  ,047 KY-3005    ,KY3005                                         ,N,37.73162,-85.87297,6,2019,O,047-KY-3005  -000,7.204,0,0,1,0,0,0,1,0,0,0,0,0,0,Y
Motor Vehicle,DAC,72458504,20200102,952,4,NULL,DIXIE                                   ,N ,AVE  ,US0031W ,US0031W ,047 US-31W-10  ,US0031W                                        ,N,37.71259,-85.87649,5,2020,O,047-US-0031W -000,18.326,0,0,0,1,0,0,1,0,0,0,0,0,0,Y
Motor Vehicle,DAC,72458505,20200102,1341,4,NULL,DIXIE                                   ,W ,AVE  ,US0031W ,US0031W ,047 US-31W     ,US0031W                                        ,N,37.69523,-85.86185,5,2020,O,047-US-0031W -000,16.876,0,0,1,0,0,0,1,0,0,0,0,0,0,Y
Motor Vehicle,DAC,72458512,20200102,1356,4,NULL,RING                                    ,NULL,RD   ,KY3005  ,KY3005  ,047 KY-3005    ,KY3005                                         ,N,37.73232,-85.84713,1,2020,O,047-KY-3005  -000,8.677,0,0,1,0,0,0,0,0,0,0,0,0,0,Y
Motor Vehicle,DAC,72458527,20200102,1032,4,NULL,POPLAR                                  ,W ,ST   ,NULL,NULL,047 CS-1068    ,CS1068                                         ,N,37.69807,-85.86293,1,2020,O,047-CS-1068  -000,0.425,0,0,1,0,0,0,1,0,0,0,1,0,0,Y
Motor Vehicle,Non DAC,72458535,20190102,1300,3,400,RING                                    ,NULL,RD   ,KY3005  ,KY3005  ,047 KY-3005-10 ,KY3005                                         ,N,37.69438,-85.91129,9,2019,O,047-KY-3005  -000,3.551,0,0,0,0,0,0,0,0,0,0,0,1,0,Y
Motor Vehicle,DAC,72458741,20191231,1845,2,NULL,DIXIE                                   ,N ,AVE  ,US0031W ,US0031W ,NULL,NULL,N,37.73636,-85.88831,1,2019,C,047-US-0031W -000,20.137,0,0,0,1,0,0,1,1,0,0,1,0,0,Y