Mode,Crash In Disadvantaged Community,MasterFile,CollisionDate,CollisionTime,CollisionDayWeekCode,RoadwayName_HouseBusinessNumber_,RoadwayName_RoadwayName_,RoadwayName_Direction_,RoadwayName_RoadwaySuffix_,RoadwayfromReport,CurrentRoadwayNumber,RSEUniqueGIS,RoadwayIdentifier,ParkingLotIndicator,Latitude,Longitude,MannerofCollisionCode,YR,KABCO,KTC_RT,KTC_MP,Motorcyclist,Commercial Vehicle,Young Driver,Mature Driver,Pedestrian,Bicyclist,Distracted,Aggressive,Impaired,Unrestrained,Intersection,Roadway Departure,Median Cross-over,In City Limits?
Motor Vehicle,DAC,72458742,20200102,2020,4,NULL,DIXIE                                   ,N ,AVE  ,US0031W ,US0031W ,NULL,NULL,N,37.74117,-85.89021,5,2020,O,047-US-0031W -000,20.419,0,0,1,0,0,0,1,0,0,0,0,0,0,Y
Motor Vehicle,Non DAC,72458783,20200101,1649,3,NULL,DIXIE                                   ,N ,AVE  ,US0031W ,US0031W ,047 US-31W-10  ,US0031W                                        ,N,37.74323,-85.89155,4,2020,O,047-US-0031W -000,20.588,0,0,0,0,0,0,0,1,0,0,1,0,0,Y
Motor Vehicle,DAC,72459001,20200102,1507,4,NULL,DIXIE                                   ,N ,AVE  ,US0031W ,US0031W ,047 US-31W     ,US0031W                                        ,N,37.73389,-85.88678,6,2020,O,047-US-0031W -000,19.895,0,0,1,0,0,0,0,1,0,0,0,0,0,Y
Motor Vehicle,DAC,72459002,20200103,754,5,NULL,31W                                     ,NULL,BYP  ,US0031WB,US0031WB,047 US-31WB    ,US0031WB                                       ,N,37.6921,-85.87192,1,2020,C,047-US-0031WB-000,1.363,0,0,0,0,0,0,0,0,0,0,1,0,0,Y
Motor Vehicle,DAC,72459466,20200103,1625,5,NULL,MULBERRY                                ,N ,ST   ,US0062  ,US0062  ,047 US-62-10   ,US0062                                         ,N,37.71254,-85.83205,5,2020,O,047-US-0062  -000,19.971,0,0,0,0,0,0,1,0,0,0,0,0,0,Y
Motor Vehicle,DAC,72459649,20191228,2152,6,NULL,MULBERRY                                ,S ,ST   ,US0062  ,US0062  ,047 US-62-10   ,US0062                                         ,N,37.69002,-85.86462,8,2019,O,047-US-0062  -000,17.57,0,0,0,0,0,0,0,0,0,0,0,1,0,Y
Motor Vehicle,DAC,72459771,20200105,1005,0,NULL,DIXIE                                   ,N ,AVE  ,US0031W ,US0031W ,047 US-31W     ,US0031W                                        ,N,37.73637,-85.888,1,2020,O,047-US-0031W -000,20.141,0,0,0,0,0,0,0,1,0,0,1,0,0,Y
Motor Vehicle,DAC,72459791,20200105,1446,0,NULL,RING                                    ,NULL,RD   ,KY3005  ,KY3005  ,047 KY-3005    ,KY3005                                         ,N,37.72973,-85.87943,1,2020,O,047-KY-3005  -000,6.806,0,0,1,0,0,0,1,0,0,0,0,0,0,Y
Motor Vehicle,DAC,72459873,20200105,1255,0,NULL,DIXIE                                   ,N ,AVE  ,US0031W ,US0031W ,047 US-31W     ,US0031W                                        ,N,37.72665,-85.88319,8,2020,O,047-US-0031W -000,19.358,0,0,0,0,0,0,1,0,0,0,0,1,0,Y
Motor Vehicle,DAC,72459906,20191210,1540,2,NULL,VALLEY CREEK                            ,NULL,RD   ,KY0567  ,KY0567  ,047 KY-567     ,KY0567                                         ,N,37.673,-85.84317,7,2019,O,047-KY-0567  -000,0.052,0,0,0,0,0,0,0,0,0,0,0,1,0,Y
Motor Vehicle,DAC,72459907,20191229,1536,0,NULL,DIXIE                                   ,N ,AVE  ,US0031W ,US0031W ,047 US-31W     ,US0031W                                        ,N,37.71332,-85.87655,1,2019,B,047-US-0031W -000,18.373,0,0,0,0,0,0,1,1,0,0,0,0,0,Y
Motor Vehicle,DAC,72459995,20200102,1557,4,NULL,DIXIE                                   ,N ,AVE  ,US0031W ,US0031W ,047 US-31W     ,US0031W                                        ,N,37.73117,-85.88543,8,2020,O,047-US-0031W -000,19.709,0,0,1,0,0,0,1,0,0,0,0,1,0,Y
Motor Vehicle,DAC,72460238,20200101,1814,3,NULL,DIXIE                                   ,W ,AVE  ,US0031W ,US0031W ,047 US-31W     ,US0031W                                        ,N,37.694,-85.8597,5,2020,O,047-US-0031W -000,16.723,0,0,0,0,0,0,1,0,0,0,0,0,0,Y
Motor Vehicle,DAC,72460239,20200106,1218,1,NULL,DIXIE                                   ,N ,AVE  ,US0031W ,US0031W ,NULL,NULL,N,37.7091,-85.8742,8,2020,O,047-US-0031W -000,18.054,0,0,0,0,0,0,0,1,0,0,0,1,0,Y
Motor Vehicle,DAC,72460307,20200106,1455,1,NULL,DIXIE                                   ,E ,AVE  ,US0031W ,US0031W ,047 US-31W     ,US0031W                                        ,N,37.68992,-85.85478,1,2020,O,047-US-0031W -000,16.317,0,0,0,1,0,0,0,1,0,0,1,0,0,Y
Motor Vehicle,DAC,72460604,20200106,2154,1,NULL,SHEPHERDSVILLE                          ,NULL,RD   ,KY0251  ,KY0251  ,047 KY-251     ,KY0251                                         ,N,37.73254,-85.84406,9,2020,O,047-KY-0251  -000,2.711,0,0,0,0,0,0,0,0,1,0,0,1,1,Y
Motor Vehicle,DAC,72460691,20200107,1941,2,NULL,DIXIE                                   ,N ,AVE  ,US0031W ,US0031W ,047 US-31W     ,US0031W                                        ,N,37.72726,-85.88355,8,2020,O,047-US-0031W -000,19.402,0,0,0,1,0,0,0,0,0,0,0,1,0,Y
Motor Vehicle,DAC,72461146,20200107,1955,2,NULL,SPRINGDALE                              ,NULL,DR   ,NULL,NULL,047 CS-1096    ,CS1096                                         ,N,37.70605,-85.86362,9,2020,O,047-CS-1096  -000,0.055,0,0,0,0,0,0,1,0,0,0,0,1,0,Y
Motor Vehicle,DAC,72461192,20200108,1505,3,NULL,MULBERRY                                ,N ,ST   ,US0062  ,US0062  ,047 US-62      ,US0062                                         ,N,37.70129,-85.85216,1,2020,O,047-US-0062  -000,18.619,0,0,1,1,0,0,1,0,0,0,1,0,0,Y
Motor Vehicle,DAC,72461670,20191231,1016,2,NULL,ST JOHN                                 ,NULL,RD   ,KY1357  ,KY1357  ,047 KY-1357    ,KY1357                                         ,N,37.70022,-85.8818,1,2019,O,047-KY-1357  -000,16.329,0,0,1,0,0,0,1,1,0,0,1,0,0,Y
Motor Vehicle,Non DAC,72462087,20191220,1301,5,NULL,RING                                    ,NULL,RD   ,KY3005  ,KY3005  ,047 KY-3005    ,KY3005                                         ,N,37.69534,-85.91068,5,2019,O,047-KY-3005  -000,3.625,0,0,1,0,0,0,1,0,0,0,0,0,0,Y
Motor Vehicle,Non DAC,72462088,20200110,1241,5,NULL,DIXIE                                   ,N ,AVE  ,US0031W ,US0031W ,047 US-31W-10  ,US0031W                                        ,N,37.74183,-85.89084,5,2020,O,047-US-0031W -000,20.483,0,0,0,0,0,0,1,0,0,0,0,0,0,Y
Motor Vehicle,DAC,72462263,20200110,1628,5,NULL,DIXIE                                   ,N ,AVE  ,US0031W ,US0031W ,047 US-31W-10  ,US0031W                                        ,N,37.73475,-85.88722,5,2020,O,047-US-0031W -000,19.99,0,0,1,0,0,0,1,0,0,0,0,0,0,Y
Motor Vehicle,Non DAC,72462268,20200110,1754,5,NULL,PATRIOT                                 ,NULL,PKWY ,KY0361  ,KY0361  ,047 KY-361     ,KY0361                                         ,N,37.71806,-85.90454,5,2020,O,047-KY-0361  -000,1.907,0,0,1,0,0,0,1,0,0,0,0,0,0,Y
Motor Vehicle,DAC,72462532,20200110,1425,5,NULL,WOODLAND                                ,NULL,DR   ,NULL,NULL,047 CS-1193    ,CS1193                                         ,N,37.71694,-85.88201,1,2020,O,047-CS-1193  -000,0.764,0,0,0,1,0,0,1,0,0,0,1,0,0,Y
Motor Vehicle,DAC,72462550,20200112,1051,0,NULL,POPLAR                                  ,NULL,DR   ,NULL,NULL,047 CS-1021    ,CS1021                                         ,N,37.69736,-85.86435,7,2020,O,047-CS-1021  -000,0.003,0,0,1,0,0,0,0,1,0,0,0,1,0,Y
Motor Vehicle,DAC,72462807,20200110,1837,5,NULL,MULBERRY                                ,N ,ST   ,US0062  ,US0062  ,047 US-62-10   ,US0062                                         ,N,37.70994,-85.83736,1,2020,O,047-US-0062  -000,19.617,0,0,0,0,0,0,1,1,0,0,1,0,0,Y
Motor Vehicle,Non DAC,72462869,20200108,1428,3,NULL,NELSON                                  ,NULL,DR   ,NULL,NULL,047 CS-1086    ,CS1086                                         ,N,37.73405,-85.85292,2,2020,O,047-CS-1086  -000,0.135,0,0,0,0,0,0,1,0,0,0,0,0,0,Y
Motor Vehicle,Non DAC,72462968,20200113,1204,1,NULL,DIXIE                                   ,S ,HWY  ,US0031W ,US0031W ,047 US-31W     ,US0031W                                        ,N,37.66963,-85.84652,8,2020,O,047-US-0031W -000,14.79,0,0,0,1,0,0,0,0,0,0,0,1,0,Y
Motor Vehicle,DAC,72463160,20200113,1625,1,NULL,DOLPHIN                                 ,NULL,DR   ,NULL,NULL,047 CS-1430    ,CS1430                                         ,N,37.71182,-85.83759,1,2020,O,047-CS-1430  -000,0.147,0,0,0,0,0,0,1,0,0,0,0,0,0,Y
Motor Vehicle,DAC,72463183,20200113,1510,1,NULL,DIXIE                                   ,E ,AVE  ,US0031W ,US0031W ,047 US-31W     ,US0031W                                        ,N,37.69052,-85.8552,8,2020,O,047-US-0031W -000,16.369,0,0,0,0,0,0,0,0,0,0,0,1,0,Y
Motor Vehicle,DAC,72463544,20200113,1552,1,NULL,31W                                     ,NULL,BYP  ,US0031WB,US0031WB,047 US-31WB    ,US0031WB                                       ,N,37.69225,-85.87181,4,2020,O,047-US-0031WB-000,1.36,0,0,1,0,0,0,0,0,0,0,1,0,0,Y
Motor Vehicle,DAC,72463917,20200115,701,3,NULL,RING                                    ,NULL,RD   ,KY3005  ,KY3005  ,047 KY-3005    ,KY3005                                         ,N,37.7287,-85.88287,1,2020,O,047-KY-3005  -000,6.618,0,0,0,0,0,0,0,1,0,0,0,0,0,Y
Motor Vehicle,DAC,72463924,20200115,1336,3,NULL,DIXIE                                   ,N ,AVE  ,US0031W ,US0031W ,047 US-31W     ,US0031W                                        ,N,37.73387,-85.88676,5,2020,O,047-US-0031W -000,19.893,0,0,0,0,0,0,1,0,0,0,0,0,0,Y
Motor Vehicle,Non DAC,72463934,20200115,545,3,NULL,PATRIOT                                 ,NULL,PKWY ,KY0361  ,KY0361  ,047 KY-361     ,KY0361                                         ,N,37.71368,-85.89594,5,2020,O,047-KY-0361  -000,1.346,0,0,0,0,0,0,0,0,0,1,0,0,0,Y
Motor Vehicle,Non DAC,72464080,20200114,1400,2,NULL,TOWNE                                   ,NULL,CTR  ,NULL,NULL,047 PR-1010    ,PR1010                                         ,N,37.73117,-85.88657,8,2020,O,047-PR-1010  -000,0.216,0,0,1,1,0,0,1,0,0,0,0,1,0,Y
Motor Vehicle,Non DAC,72464179,20200115,1631,3,2025,LEITCHFIELD                             ,NULL,RD   ,US0062  ,US0062  ,047 US-62      ,US0062                                         ,N,37.67738,-85.88873,9,2020,C,047-US-0062  -000,15.937,0,0,0,0,0,0,0,0,0,0,0,1,0,Y
Motor Vehicle,Non DAC,72464408,20200114,1224,2,NULL,DIXIE                                   ,N ,AVE  ,US0031W ,US0031W ,047 US-31W     ,US0031W                                        ,N,37.74573,-85.89273,5,2020,O,047-US-0031W -000,20.785,0,0,0,0,0,0,1,0,0,0,1,0,0,Y
Motor Vehicle,Non DAC,72464419,20200115,1547,3,NULL,DIXIE                                   ,N ,AVE  ,US0031W ,US0031W ,047 US-31W     ,US0031W                                        ,N,37.74521,-85.89222,5,2020,O,047-US-0031W -000,20.726,0,0,1,0,0,0,0,0,0,0,0,0,0,Y
Motor Vehicle,DAC,72464622,20200110,2017,5,NULL,DIXIE                                   ,E ,AVE  ,US0031W ,US0031W ,047 US-31W     ,US0031W                                        ,N,37.68969,-85.85461,5,2020,O,047-US-0031W -000,16.314,0,0,0,0,0,0,0,0,0,0,0,0,0,Y
Motor Vehicle,DAC,72464971,20200102,1533,4,NULL,DIXIE                                   ,N ,AVE  ,US0031W ,US0031W ,047 US-31W-10  ,US0031W                                        ,N,37.70875,-85.87424,5,2020,O,047-US-0031W -000,18.034,0,0,0,0,0,0,1,0,0,0,1,0,0,Y
Motor Vehicle,Non DAC,72465081,20200116,1325,4,NULL,RING                                    ,NULL,RD   ,KY3005  ,KY3005  ,047 KY-3005    ,KY3005                                         ,N,37.71961,-85.90053,4,2020,O,047-KY-3005  -000,5.463,0,0,0,0,0,0,1,0,0,0,0,0,0,Y
Motor Vehicle,Non DAC,72465195,20200118,1314,6,NULL,LINCOLN                                 ,NULL,PKWY ,KY0061  ,KY0061  ,047 KY-61      ,KY0061                                         ,N,37.66926,-85.84436,5,2020,O,047-KY-0061  -000,5.185,0,0,0,0,0,0,0,1,0,0,0,0,0,Y
Motor Vehicle,DAC,72465387,20200118,2154,6,NULL,NULL,NULL,NULL,I 0065  ,I 0065  ,NULL,NULL,N,37.7134,-85.83069,5,2020,O,047-I -0065  -531,0.247,0,0,0,0,0,0,1,1,0,0,0,0,0,Y
Motor Vehicle,Non DAC,72465717,20200120,931,1,NULL,NORWOOD                                 ,NULL,DR   ,NULL,NULL,047 CS-1503    ,CS1503                                         ,N,37.67673,-85.84378,1,2020,O,047-CS-1503  -000,0.029,0,0,0,0,0,0,0,0,0,0,0,0,0,Y
Motor Vehicle,DAC,72465734,20200120,1204,1,NULL,RING                                    ,NULL,RD   ,KY3005  ,KY3005  ,NULL,NULL,N,37.73223,-85.84812,5,2020,O,047-KY-3005  -000,8.622,0,0,0,0,0,0,1,1,0,0,1,0,0,Y
Motor Vehicle,DAC,72465797,20200120,748,1,NULL,DIXIE                                   ,W ,AVE  ,US0031W ,US0031W ,047 US-31W     ,US0031W                                        ,N,37.70312,-85.87005,1,2020,O,047-US-0031W -000,17.578,0,0,0,0,0,0,0,0,0,0,0,0,0,Y
Motor Vehicle,DAC,72465907,20200120,1441,1,NULL,DIXIE                                   ,N ,AVE  ,US0031W ,US0031W ,047 US-31W-10  ,US0031W                                        ,N,37.73286,-85.88651,5,2020,O,047-US-0031W -000,19.829,0,0,0,0,0,0,1,0,0,0,0,0,0,Y
Motor Vehicle,DAC,72466670,20200122,1914,3,NULL,DIXIE                                   ,W ,AVE  ,US0031W ,US0031W ,047 US-31W     ,US0031W                                        ,N,37.694,-85.85966,5,2020,C,047-US-0031W -000,16.721,0,0,0,1,0,0,1,0,0,0,0,0,0,Y
Motor Vehicle,Non DAC,72466679,20200122,1850,3,NULL,DIXIE                                   ,N ,AVE  ,US0031W ,US0031W ,047 US-31W-10  ,US0031W                                        ,N,37.74221,-85.89115,8,2020,O,047-US-0031W -000,20.513,0,0,1,0,0,0,1,0,0,0,0,1,0,Y
Motor Vehicle,Non DAC,72466697,20200104,2055,6,NULL,PATRIOT                                 ,NULL,PKWY ,KY0361  ,KY0361  ,047 KY-361-10  ,KY0361                                         ,N,37.71707,-85.90335,8,2020,O,047-KY-0361  -000,1.822,0,0,1,1,0,0,1,0,0,0,1,0,0,Y
Motor Vehicle,DAC,72466708,20200122,2053,3,NULL,RING                                    ,NULL,RD   ,KY3005  ,KY3005  ,047 KY-3005    ,KY3005                                         ,N,37.7283,-85.88399,5,2020,O,047-KY-3005  -000,6.55,0,0,0,0,0,0,1,0,0,0,1,0,0,Y
Motor Vehicle,Non DAC,72466878,20200117,1843,5,NULL,LEITCHFIELD                             ,NULL,RD   ,US0062  ,US0062  ,047 US-62      ,US0062                                         ,N,37.67155,-85.912,1,2020,O,047-US-0062  -000,14.572,0,0,0,1,0,0,1,1,0,0,1,0,0,N
Motor Vehicle,DAC,72466964,20200123,1708,4,NULL,MULBERRY                                ,N ,ST   ,US0062  ,US0062  ,047 US-62-10   ,US0062                                         ,N,37.70964,-85.83809,5,2020,O,047-US-0062  -000,19.58,0,0,0,0,0,0,1,0,0,0,0,0,0,Y
Motor Vehicle,Non DAC,72467131,20200123,2143,4,NULL,ROUTT                                   ,NULL,DR   ,NULL,NULL,047 CS-1285    ,CS1285                                         ,N,37.73604,-85.88913,1,2020,O,047-CS-1285  -000,0.066,0,0,0,0,0,0,1,1,0,0,0,0,0,Y
Motor Vehicle,Non DAC,72467196,20200124,645,5,NULL,PATRIOT                                 ,NULL,PKWY ,KY0361  ,KY0361  ,047 KY-361-10  ,KY0361                                         ,N,37.71763,-85.90411,5,2020,C,047-KY-0361  -000,1.871,0,0,0,0,0,0,1,0,0,0,0,0,0,Y
Motor Vehicle,Non DAC,72467947,20200124,1815,5,NULL,HUTCHERSON                              ,NULL,LN   ,KY2802  ,KY2802  ,047 KY-2802    ,KY2802                                         ,N,37.73687,-85.90651,9,2020,A,047-KY-2802  -000,1.174,0,0,0,0,0,0,0,0,0,0,0,1,0,Y
Motor Vehicle,Non DAC,72468055,20200125,1434,6,NULL,PATRIOT                                 ,NULL,PKWY ,KY0361  ,KY0361  ,047 KY-361-10  ,KY0361                                         ,N,37.71745,-85.90385,5,2020,O,047-KY-0361  -000,1.853,0,0,1,0,0,0,1,0,0,0,0,0,0,Y
Motor Vehicle,Non DAC,72468241,20200115,519,3,NULL,PATRIOT                                 ,NULL,PKWY ,KY0361  ,KY0361  ,NULL,NULL,N,37.71375,-85.89618,9,2020,O,047-KY-0361  -000,1.36,0,0,0,0,0,0,0,0,0,0,0,0,0,Y
Motor Vehicle,DAC,72468319,20200123,1512,4,NULL,US31W BYP S TURN LANE                   ,NULL,NULL,US0031WB,US0031WB,047 US-31WB-22 ,US0031WB                                       ,N,37.6999,-85.882,5,2020,O,047-US-0031WB-022,0.036,0,0,0,0,0,0,1,0,0,0,0,0,0,Y
Motor Vehicle,DAC,72468699,20200127,1603,1,NULL,MILES                                   ,N ,ST   ,KY0251  ,KY0251  ,047 KY-251     ,KY0251                                         ,N,37.73208,-85.84439,5,2020,O,047-KY-0251  -000,2.675,0,0,0,0,0,0,1,1,0,0,1,0,0,Y
Motor Vehicle,DAC,72468700,20200127,1714,1,NULL,MILES                                   ,N ,ST   ,KY0251  ,KY0251  ,047 KY-251     ,KY0251                                         ,N,37.71913,-85.8501,1,2020,O,047-KY-0251  -000,1.728,0,0,0,1,0,0,1,0,0,0,1,0,0,Y
Motor Vehicle,DAC,72468736,20200112,651,0,NULL,PIERCE                                  ,NULL,ST   ,NULL,NULL,047 CS-1500    ,CS1500                                         ,N,37.68861,-85.85039,9,2020,O,047-CS-1500  -000,0.146,0,0,0,0,0,0,1,0,0,0,0,1,0,Y
Motor Vehicle,DAC,72468737,20200117,1828,5,NULL,STRAWBERRY                              ,NULL,ALY  ,NULL,NULL,047 CS-1060    ,CS1060                                         ,N,37.69519,-85.86385,9,2020,O,047-CS-1060  -000,0.35,0,0,0,0,0,0,0,0,0,0,0,1,0,Y
Motor Vehicle,Non DAC,72468897,20200127,1057,1,NULL,COLLEGE ST RD                           ,NULL,NULL,NULL,NULL,047 CS-1124    ,CS1124                                         ,N,37.68527,-85.88291,5,2020,O,047-CS-1124  -000,0.468,0,0,1,0,0,0,1,0,0,0,0,0,0,Y
Motor Vehicle,DAC,72468978,20200127,1241,1,NULL,31W                                     ,NULL,BYP  ,US0031WB,US0031WB,047 US-31WB    ,US0031WB                                       ,N,37.71768,-85.88228,9,2020,A,047-US-0031WB-000,3.585,0,0,0,0,0,0,0,0,0,0,0,1,0,Y
Motor Vehicle,DAC,72468979,20200128,1310,2,NULL,COMMERCE                                ,NULL,DR   ,NULL,NULL,047 CS-1108    ,CS1108                                         ,N,37.71147,-85.8335,5,2020,O,047-CS-1108  -000,0.008,0,0,0,0,0,0,1,0,0,0,0,0,0,Y
Motor Vehicle,Non DAC,72469119,20200128,1100,2,NULL,TOWNE                                   ,NULL,DR   ,NULL,NULL,047 PR-1008    ,PR1008                                         ,N,37.73335,-85.88877,1,2020,O,047-PR-1010  -070,0.006,0,0,0,1,0,0,1,0,0,0,1,0,0,Y
Motor Vehicle,Non DAC,72469244,20200129,610,3,NULL,RING                                    ,NULL,RD   ,KY3005  ,KY3005  ,047 KY-3005    ,KY3005                                         ,N,37.68348,-85.9157,8,2020,O,047-KY-3005  -000,2.764,0,0,0,0,0,0,0,1,0,0,0,1,0,Y
Motor Vehicle,DAC,72469442,20200128,1510,2,NULL,RING                                    ,NULL,RD   ,KY3005  ,KY3005  ,047 KY-3005    ,KY3005                                         ,N,37.73305,-85.86759,5,2020,B,047-KY-3005  -000,7.519,0,0,1,0,0,0,1,1,0,0,1,0,0,Y
Motor Vehicle,DAC,72469474,20200129,1242,3,NULL,DIXIE                                   ,N ,AVE  ,US0031W ,US0031W ,047 US-31W     ,US0031W                                        ,N,37.70823,-85.87362,8,2020,O,047-US-0031W -000,17.982,0,0,0,0,0,0,1,0,0,0,0,1,0,Y
Motor Vehicle,DAC,72469856,20200130,1432,4,NULL,POPLAR                                  ,W ,ST   ,NULL,NULL,047 CS-1068    ,CS1068                                         ,N,37.70094,-85.86565,5,2020,O,047-CS-1068  -000,0.672,0,0,0,1,0,0,1,0,0,0,0,0,0,Y
Motor Vehicle,Non DAC,72469938,20200130,2144,4,NULL,DIXIE                                   ,N ,HWY  ,US0031W ,US0031W ,047 US-31W     ,US0031W                                        ,N,37.75308,-85.89582,5,2020,C,047-US-0031W -000,21.319,0,0,0,0,0,0,1,0,0,0,0,1,0,Y
Motor Vehicle,Non DAC,72469960,20200129,1544,3,NULL,DIXIE                                   ,N ,AVE  ,US0031W ,US0031W ,047 US-31W     ,US0031W                                        ,N,37.74445,-85.89187,5,2020,O,047-US-0031W -000,20.669,0,0,0,0,0,0,1,1,0,0,0,0,0,Y
Motor Vehicle,DAC,72470201,20200131,1039,5,NULL,DIXIE                                   ,N ,AVE  ,US0031W ,US0031W ,047 US-31W-10  ,US0031W                                        ,N,37.73117,-85.88573,5,2020,O,047-US-0031W -000,19.701,0,0,0,0,0,0,1,0,0,0,1,0,0,Y
Motor Vehicle,DAC,72470281,20200131,1015,5,NULL,SHEPHERDSVILLE                          ,NULL,RD   ,KY0251  ,KY0251  ,047 KY-251     ,KY0251                                         ,N,37.73243,-85.84412,9,2020,O,047-KY-0251  -000,2.703,0,0,0,1,0,0,1,0,0,0,0,1,0,Y
Motor Vehicle,DAC,72470443,20200131,1512,5,NULL,DIXIE                                   ,N ,AVE  ,US0031W ,US0031W ,047 US-31W     ,US0031W                                        ,N,37.73279,-85.88618,5,2020,O,047-US-0031W -000,19.794,0,0,1,0,0,0,0,0,0,0,1,0,0,Y
Motor Vehicle,DAC,72470515,20200131,943,5,NULL,US31W BYP S TURN LANE FROM  COLLEGE ST E,NULL,NULL,US0031WB,US0031WB,047 US-31WB-28 ,US0031WB                                       ,N,37.69179,-85.8719,5,2020,O,047-US-0031WB-028,0.023,0,0,0,0,0,0,1,0,0,0,0,0,0,Y
Motor Vehicle,Non DAC,72470768,20200201,1616,6,NULL,RING                                    ,NULL,RD   ,KY3005  ,KY3005  ,047 KY-3005    ,KY3005                                         ,N,37.72689,-85.8884,5,2020,O,047-KY-3005  -000,6.302,0,0,0,0,0,0,0,0,0,0,0,0,0,Y
Motor Vehicle,DAC,72470963,20200201,1401,6,NULL,DIXIE                                   ,N ,AVE  ,US0031W ,US0031W ,047 US-31W     ,US0031W                                        ,N,37.73124,-85.88546,5,2020,O,047-US-0031W -000,19.704,0,0,0,0,0,0,1,0,0,0,1,0,0,Y
Motor Vehicle,DAC,72470964,20200202,1159,0,NULL,DIXIE                                   ,W ,AVE  ,US0031W ,US0031W ,047 US-31W     ,US0031W                                        ,N,37.69517,-85.86176,5,2020,O,047-US-0031W -000,16.87,0,0,1,0,0,0,1,0,0,0,0,0,0,Y
Motor Vehicle,DAC,72471046,20200201,1840,6,NULL,MULBERRY                                ,S ,ST   ,US0062  ,US0062  ,047 US-62-10   ,US0062                                         ,N,37.69061,-85.8636,1,2020,O,047-US-0062  -000,17.638,0,0,1,0,0,0,1,1,0,0,0,1,0,Y
Motor Vehicle,DAC,72471346,20200130,847,4,NULL,LONG                                    ,NULL,AVE  ,NULL,NULL,047 CS-1144    ,CS1144                                         ,N,37.70997,-85.88018,2,2020,O,047-CS-1144  -000,0.065,0,0,0,0,0,0,1,0,0,0,0,0,0,Y
Motor Vehicle,DAC,72471557,20200204,619,2,NULL,RING                                    ,NULL,RD   ,KY3005  ,KY3005  ,047 KY-3005    ,KY3005                                         ,N,37.73312,-85.85351,9,2020,O,047-KY-3005  -000,8.311,0,0,0,1,0,0,0,0,0,0,0,1,0,Y
Motor Vehicle,DAC,72471564,20200204,552,2,NULL,PERRY                                   ,NULL,AVE  ,NULL,NULL,047 CS-1090    ,CS1090                                         ,N,37.70522,-85.85828,2,2020,O,047-CS-1090  -000,0.067,0,0,0,0,0,0,1,0,0,0,0,0,0,Y
Motor Vehicle,Non DAC,72472077,20200204,1915,2,NULL,NEW GLENDALE                            ,NULL,RD   ,KY1136  ,KY1136  ,047 KY-1136    ,KY1136                                         ,N,37.66937,-85.86172,5,2020,O,047-KY-1136  -000,9.454,0,0,0,1,0,0,0,0,0,0,0,0,0,Y
Motor Vehicle,DAC,72472123,20200204,730,2,NULL,DIXIE                                   ,E ,AVE  ,US0031W ,US0031W ,047 US-31W     ,US0031W                                        ,N,37.68368,-85.85055,9,2020,O,047-US-0031W -000,15.799,0,0,0,1,0,0,1,0,0,0,0,1,0,Y
Motor Vehicle,DAC,72472183,20200204,1857,2,NULL,ST JOHN                                 ,NULL,RD   ,KY1357  ,KY1357  ,047 KY-1357    ,KY1357                                         ,N,37.70399,-85.87158,7,2020,O,047-KY-1357  -000,16.954,0,0,0,1,0,0,1,0,0,0,0,1,0,Y
Motor Vehicle,DAC,72472248,20200204,1015,2,NULL,RING                                    ,NULL,RD   ,KY3005  ,KY3005  ,047 KY-3005    ,KY3005                                         ,N,37.73004,-85.87793,8,2020,O,047-KY-3005  -000,6.907,0,0,0,1,0,0,0,1,0,0,0,1,0,Y