Mode,Crash In Disadvantaged Community,MasterFile,CollisionDate,CollisionTime,CollisionDayWeekCode,RoadwayName_HouseBusinessNumber_,RoadwayName_RoadwayName_,RoadwayName_Direction_,RoadwayName_RoadwaySuffix_,RoadwayfromReport,CurrentRoadwayNumber,RSEUniqueGIS,RoadwayIdentifier,ParkingLotIndicator,Latitude,Longitude,MannerofCollisionCode,YR,KABCO,KTC_RT,KTC_MP,Motorcyclist,Commercial Vehicle,Young Driver,Mature Driver,Pedestrian,Bicyclist,Distracted,Aggressive,Impaired,Unrestrained,Intersection,Roadway Departure,Median Cross-over,In City Limits?
Motor Vehicle,DAC,72472336,20200203,824,1,NULL,POPLAR                                  ,W ,ST   ,NULL,NULL,047 CS-1068    ,CS1068                                         ,N,37.70056,-85.8653,1,2020,O,047-CS-1068  -000,0.64,0,0,0,1,0,0,1,0,0,0,0,0,0,Y
Motor Vehicle,DAC,72472337,20200204,1119,2,NULL,SYCAMORE                                ,NULL,ST   ,NULL,NULL,047 CS-1026    ,CS1026                                         ,N,37.70293,-85.86658,1,2020,C,047-CS-1026  -000,0.134,0,0,0,1,0,0,0,0,0,0,0,0,0,Y
Motor Vehicle,Non DAC,72472338,20200205,657,3,NULL,RING                                    ,NULL,RD   ,KY3005  ,KY3005  ,047 KY-3005-10 ,KY3005                                         ,N,37.71664,-85.90422,8,2020,O,047-KY-3005  -000,5.175,0,0,0,0,0,0,0,0,0,0,0,1,0,Y
Motor Vehicle,Non DAC,72472468,20200205,1454,3,NULL,VETERANS                                ,NULL,WAY  ,NULL,NULL,047 CS-1683    ,CS1683                                         ,N,37.73328,-85.89571,1,2020,B,047-CS-1683  -000,0.6,0,0,0,1,0,0,0,0,0,0,0,0,1,Y
Motor Vehicle,DAC,72472471,20200204,1606,2,121,BUFFALO CREEK                           ,NULL,DR   ,NULL,NULL,047 CS-1431    ,CS1431                                         ,N,37.71325,-85.83223,1,2020,O,047-CS-1431  -000,0.063,0,0,1,0,0,0,1,0,0,0,1,0,0,Y
Motor Vehicle,DAC,72472541,20200203,1545,1,NULL,RING                                    ,NULL,RD   ,KY3005  ,KY3005  ,047 KY-3005    ,KY3005                                         ,N,37.7328,-85.86888,5,2020,O,047-KY-3005  -000,7.444,0,0,1,0,0,0,1,1,0,0,0,0,0,Y
Motor Vehicle,Non DAC,72472619,20200204,1358,2,NULL,DIXIE                                   ,N ,AVE  ,US0031W ,US0031W ,NULL,NULL,N,37.74473,-85.89194,1,2020,O,047-US-0031W -000,20.689,0,0,0,1,0,0,0,0,0,0,0,0,1,Y
Motor Vehicle,DAC,72472620,20200205,1315,3,NULL,LAYMAN                                  ,NULL,LN   ,NULL,NULL,NULL,NULL,N,37.71239,-85.87791,5,2020,O,047-CS-1180  -000,0.092,0,0,0,0,0,0,0,0,0,0,0,0,0,Y
Motor Vehicle,DAC,72472662,20191119,1314,2,NULL,CARDINAL                                ,NULL,DR   ,KY0361  ,KY0361  ,047 KY-361     ,KY0361                                         ,N,37.70728,-85.87325,5,2019,O,047-KY-0361  -000,0.023,0,0,0,0,0,0,1,0,0,0,1,0,0,Y
Motor Vehicle,DAC,72472850,20200206,726,4,NULL,MULBERRY                                ,N ,ST   ,US0062  ,US0062  ,047 US-62      ,US0062                                         ,N,37.70115,-85.85241,8,2020,O,047-US-0062  -000,18.602,0,0,0,0,0,0,1,0,0,0,0,1,0,Y
Motor Vehicle,Non DAC,72473189,20200207,754,5,NULL,IVY POINTE                              ,NULL,DR   ,NULL,NULL,047 CS-1742A   ,CS1742A                                        ,N,37.65313,-85.84994,5,2020,O,047-CS-1742A -000,0.026,0,0,0,0,0,0,0,0,0,0,0,0,0,Y
Motor Vehicle,DAC,72473303,20200207,805,5,515,MULBERRY                                ,N ,ST   ,US0062  ,US0062  ,047 US-62      ,US0062                                         ,N,37.6997,-85.85419,5,2020,O,047-US-0062  -000,18.461,0,0,0,0,0,0,1,1,0,0,0,0,0,Y
Motor Vehicle,DAC,72473388,20200207,1429,5,NULL,MULBERRY                                ,N ,ST   ,US0062  ,US0062  ,047 US-62      ,US0062                                         ,N,37.69943,-85.8544,5,2020,O,047-US-0062  -000,18.439,0,0,1,0,0,0,1,0,0,0,0,0,0,Y
Motor Vehicle,DAC,72473594,20200207,2149,5,NULL,DIXIE                                   ,N ,AVE  ,US0031W ,US0031W ,047 US-31W     ,US0031W                                        ,N,37.70873,-85.87426,5,2020,O,047-US-0031W -000,18.017,0,0,0,0,0,0,1,0,0,0,1,0,0,Y
Motor Vehicle,Non DAC,72473654,20200207,951,5,NULL,RING                                    ,NULL,RD   ,KY3005  ,KY3005  ,047 KY-3005-10 ,KY3005                                         ,N,37.72771,-85.88587,1,2020,O,047-KY-3005  -000,6.454,0,0,0,1,0,0,0,1,0,0,0,0,0,Y
Motor Vehicle,Non DAC,72473655,20200207,820,5,NULL,31W                                     ,NULL,BYP  ,US0031WB,US0031WB,047 US-31WB-10 ,US0031WB                                       ,N,37.67695,-85.86069,1,2020,O,047-US-0031WB-000,0.102,0,0,0,0,0,0,0,1,0,0,0,0,0,Y
Motor Vehicle,DAC,72473656,20200207,716,5,NULL,MAIN                                    ,N ,ST   ,NULL,NULL,047 CS-1320    ,CS1320                                         ,N,37.7078,-85.84069,9,2020,O,047-CS-1320  -000,1.397,0,0,0,0,0,0,0,0,0,0,0,1,0,Y
Motor Vehicle,Non DAC,72473791,20200207,901,5,NULL,ST JOHN                                 ,NULL,RD   ,KY1357  ,KY1357  ,047 KY-1357    ,KY1357                                         ,N,37.69727,-85.88952,1,2020,O,047-KY-1357  -000,15.84,0,0,0,0,0,0,0,0,0,0,1,0,0,Y
Motor Vehicle,DAC,72473886,20200208,1615,6,NULL,DIXIE                                   ,N ,AVE  ,US0031W ,US0031W ,047 US-31W-10  ,US0031W                                        ,N,37.7407,-85.8904,8,2020,O,047-US-0031W -000,20.404,0,0,0,1,0,0,1,0,0,0,0,1,0,Y
Motor Vehicle,DAC,72473928,20200208,1843,6,NULL,DIXIE                                   ,N ,AVE  ,US0031W ,US0031W ,047 US-31W-10  ,US0031W                                        ,N,37.73322,-85.88666,5,2020,O,047-US-0031W -000,19.852,0,0,0,0,0,0,1,0,0,0,0,0,0,Y
Motor Vehicle,DAC,72474020,20200209,933,0,NULL,ORIOLE                                  ,NULL,DR   ,NULL,NULL,047 CS-1397    ,CS1397                                         ,N,37.74055,-85.88222,9,2020,O,047-CS-1397  -000,0.603,0,0,0,0,0,0,0,0,0,0,0,1,0,Y
Motor Vehicle,DAC,72474031,20200209,1120,0,304,CHESTNUT                                ,NULL,ST   ,NULL,NULL,047 CS-1293    ,CS1293                                         ,N,37.74116,-85.87313,9,2020,O,047-CS-1293  -000,0.101,0,0,0,0,0,0,1,0,0,0,0,1,0,Y
Motor Vehicle,Non DAC,72474178,20200208,1723,6,NULL,DIXIE                                   ,N ,AVE  ,US0031W ,US0031W ,047 US-31W     ,US0031W                                        ,N,37.75062,-85.89473,5,2020,O,047-US-0031W -000,21.135,0,0,0,0,0,0,1,0,0,0,0,0,0,Y
Motor Vehicle,DAC,72474268,20200209,1812,0,NULL,DIXIE                                   ,N ,HWY  ,US0031W ,US0031W ,047 US-31W-10  ,US0031W                                        ,N,37.75787,-85.8983,5,2020,C,047-US-0031W -000,21.681,0,0,0,0,0,0,1,0,0,0,0,0,0,Y
Motor Vehicle,DAC,72474293,20200207,2108,5,NULL,RING                                    ,NULL,RD   ,KY3005  ,KY3005  ,047 KY-3005    ,KY3005                                         ,N,37.73216,-85.84421,5,2020,O,047-KY-3005  -000,8.822,0,0,0,0,0,0,0,0,0,0,0,0,0,Y
Motor Vehicle,DAC,72474294,20200209,2254,0,NULL,31W                                     ,NULL,BYP  ,US0031WB,US0031WB,NULL,NULL,N,37.69202,-85.87211,1,2020,O,047-US-0031WB-000,1.357,0,0,1,0,0,0,1,0,0,0,1,0,0,Y
Motor Vehicle,DAC,72474305,20200207,1731,5,NULL,DIXIE                                   ,E ,AVE  ,US0031W ,US0031W ,047 US-31W     ,US0031W                                        ,N,37.6866,-85.85175,8,2020,O,047-US-0031W -000,16.022,0,0,0,0,0,0,1,0,0,0,0,1,0,Y
Motor Vehicle,Non DAC,72474306,20200208,1747,6,NULL,RING                                    ,NULL,RD   ,KY3005  ,KY3005  ,047 KY-3005    ,KY3005                                         ,N,37.71754,-85.90321,5,2020,O,047-KY-3005  -000,5.261,0,0,0,0,0,0,0,1,0,0,0,0,0,Y
Motor Vehicle,DAC,72474331,20200210,152,1,NULL,PUBLIC                                  ,NULL,SQ   ,US0031W ,US0031W ,047 US-31W     ,US0031W                                        ,N,37.69297,-85.8577,9,2020,O,047-US-0031W -000,16.606,0,0,0,0,0,0,0,0,1,0,0,1,0,Y
Motor Vehicle,DAC,72474332,20200209,1443,0,NULL,DIXIE                                   ,N ,AVE  ,US0031W ,US0031W ,NULL,NULL,N,37.73583,-85.88776,5,2020,C,047-US-0031W -000,20.064,0,0,1,0,0,0,1,0,0,0,1,0,0,Y
Motor Vehicle,DAC,72474729,20200210,1415,1,NULL,DIXIE                                   ,N ,AVE  ,US0031W ,US0031W ,047 US-31W-10  ,US0031W                                        ,N,37.72924,-85.88477,5,2020,O,047-US-0031W -000,19.561,0,0,0,0,0,0,1,0,0,0,0,0,0,Y
Motor Vehicle,DAC,72474900,20200211,720,2,NULL,DOLPHIN                                 ,NULL,DR   ,NULL,NULL,NULL,NULL,N,37.71099,-85.83761,1,2020,O,047-CS-1430  -000,0.09,0,0,1,0,0,0,0,1,0,0,1,0,0,Y
Motor Vehicle,DAC,72475333,20200211,1153,2,NULL,DIXIE                                   ,N ,AVE  ,US0031W ,US0031W ,NULL,NULL,N,37.72398,-85.88229,5,2020,C,047-US-0031W -000,19.171,0,0,0,0,0,0,0,0,0,0,0,0,0,Y
Motor Vehicle,DAC,72475424,20200211,1631,2,NULL,COLLEGE                                 ,NULL,ST   ,NULL,NULL,047 CS-1730    ,CS1730                                         ,N,37.69311,-85.86578,5,2020,O,047-CS-1730  -000,0.344,0,0,1,0,0,0,1,1,0,0,0,0,0,Y
Motor Vehicle,DAC,72475667,20200212,1631,3,NULL,MILES                                   ,N ,ST   ,KY0251  ,KY0251  ,047 KY-251     ,KY0251                                         ,N,37.7069,-85.85503,8,2020,O,047-KY-0251  -000,0.857,0,0,1,0,0,0,1,1,0,0,0,1,0,Y
Motor Vehicle,DAC,72475699,20200212,1712,3,NULL,RING                                    ,NULL,RD   ,KY3005  ,KY3005  ,047 KY-3005    ,KY3005                                         ,N,37.72929,-85.88085,1,2020,O,047-KY-3005  -000,6.737,0,0,0,1,0,0,0,1,0,0,1,0,0,Y
Motor Vehicle,DAC,72475706,20200212,1921,3,NULL,PUBLIC                                  ,NULL,SQ   ,US0031W ,US0031W ,047 US-31W-1   ,US0031W                                        ,N,37.69284,-85.85788,8,2020,O,047-US-0031W -001,16.608,0,0,0,0,0,0,1,1,0,0,0,1,0,Y
Motor Vehicle,DAC,72475767,20200212,1009,3,NULL,MULBERRY                                ,S ,ST   ,US0062  ,US0062  ,NULL,NULL,N,37.693,-85.86024,5,2020,O,047-US-0062  -000,17.894,0,0,0,0,0,0,0,0,0,0,0,0,0,Y
Motor Vehicle,DAC,72475781,20200212,1333,3,NULL,RING                                    ,NULL,RD   ,KY3005  ,KY3005  ,047 KY-3005    ,KY3005                                         ,N,37.70989,-85.83893,1,2020,O,047-KY-3005  -000,10.524,0,0,0,0,0,0,0,0,1,0,0,0,0,Y
Motor Vehicle,DAC,72475841,20200120,1133,1,NULL,MULBERRY                                ,N ,ST   ,US0062  ,US0062  ,047 US-62-10   ,US0062                                         ,N,37.70994,-85.83738,1,2020,O,047-US-0062  -000,19.617,0,0,1,1,0,0,0,1,0,0,1,0,0,Y
Motor Vehicle,DAC,72475842,20200123,1641,4,NULL,MANTLE                                  ,N ,AVE  ,NULL,NULL,047 CS-1025    ,CS1025                                         ,N,37.7067,-85.86017,1,2020,O,047-CS-1025  -000,0.569,0,0,0,0,0,0,0,1,0,0,1,0,0,Y
Motor Vehicle,DAC,72475843,20200131,1534,5,NULL,RING                                    ,NULL,RD   ,KY3005  ,KY3005  ,047 KY-3005    ,KY3005                                         ,N,37.73052,-85.84067,1,2020,O,047-KY-3005  -000,9.224,0,0,0,0,0,0,0,1,0,0,1,0,0,Y
Motor Vehicle,Non DAC,72475844,20200207,1034,5,NULL,RING                                    ,NULL,RD   ,KY3005  ,KY3005  ,047 KY-3005    ,KY3005                                         ,N,37.72711,-85.8884,1,2020,O,047-KY-3005  -000,6.307,0,0,0,0,0,0,0,1,0,0,0,0,0,Y
Motor Vehicle,DAC,72475845,20200209,1053,0,NULL,MILES                                   ,N ,ST   ,KY0251  ,KY0251  ,047 KY-251     ,KY0251                                         ,N,37.69708,-85.86193,1,2020,O,047-KY-0251  -000,0.091,0,0,0,0,0,0,0,0,0,0,1,0,0,Y
Motor Vehicle,DAC,72475846,20200209,1610,0,NULL,31W                                     ,NULL,BYP  ,US0031WB,US0031WB,047 US-31WB-10 ,US0031WB                                       ,N,37.69212,-85.87208,1,2020,O,047-US-0031WB-000,1.324,0,0,1,1,0,0,0,0,0,0,1,0,0,Y
Motor Vehicle,Non DAC,72475849,20200207,816,5,NULL,COLLEGE ST RD                           ,NULL,NULL,NULL,NULL,047 CS-1124    ,CS1124                                         ,N,37.69138,-85.8792,9,2020,O,047-CS-1124  -000,1.037,0,0,0,0,0,0,0,0,0,0,0,1,0,Y
Motor Vehicle,DAC,72475961,20200213,803,4,NULL,31W                                     ,NULL,BYP  ,US0031WB,US0031WB,047 US-31WB    ,US0031WB                                       ,N,37.69198,-85.87173,5,2020,O,047-US-0031WB-000,1.364,0,0,0,0,0,0,0,1,0,0,0,0,0,Y
Motor Vehicle,DAC,72476194,20200214,603,5,NULL,DIXIE                                   ,E ,AVE  ,US0031W ,US0031W ,047 US-31W     ,US0031W                                        ,N,37.68331,-85.85034,1,2020,O,047-US-0031W -000,15.769,0,0,0,0,0,0,1,1,0,0,1,0,0,Y
Motor Vehicle,DAC,72476282,20200214,1035,5,NULL,DIXIE                                   ,N ,AVE  ,US0031W ,US0031W ,047 US-31W-10  ,US0031W                                        ,N,37.7096,-85.87484,1,2020,C,047-US-0031W -000,18.1,0,0,0,0,0,0,1,0,0,0,0,0,0,Y
Motor Vehicle,DAC,72476626,20200214,1344,5,NULL,DIXIE                                   ,N ,AVE  ,US0031W ,US0031W ,047 US-31W-10  ,US0031W                                        ,N,37.71006,-85.87519,1,2020,O,047-US-0031W -000,18.137,0,0,0,0,0,0,0,1,0,0,0,0,0,Y
Motor Vehicle,Non DAC,72476708,20200215,1206,6,NULL,TOWNE                                   ,NULL,DR   ,NULL,NULL,047 CS-1448    ,CS1448                                         ,N,37.73049,-85.89397,5,2020,O,047-CS-1448  -000,0.478,0,0,0,1,0,0,1,0,0,0,0,0,0,Y
Motor Vehicle,DAC,72476716,20200215,858,6,NULL,DIXIE                                   ,E ,AVE  ,US0031W ,US0031W ,047 US-31W     ,US0031W                                        ,N,37.68309,-85.8502,5,2020,O,047-US-0031W -000,15.753,0,0,0,0,0,0,1,0,0,0,0,0,0,Y
Motor Vehicle,DAC,72476816,20200214,2204,5,NULL,DIXIE                                   ,E ,AVE  ,US0031W ,US0031W ,047 US-31W     ,US0031W                                        ,N,37.66986,-85.84646,1,2020,O,047-US-0031W -000,14.808,0,0,1,0,0,0,1,0,0,0,1,0,0,Y
Motor Vehicle,Non DAC,72477183,20200216,426,0,NULL,MULBERRY                                ,S ,ST   ,US0062  ,US0062  ,NULL,NULL,N,37.67928,-85.88007,9,2020,O,047-US-0062  -000,16.428,0,0,0,0,0,0,1,0,0,0,0,1,0,Y
Motor Vehicle,DAC,72477370,20200217,1432,1,NULL,DIXIE                                   ,W ,AVE  ,US0031W ,US0031W ,047 US-31W     ,US0031W                                        ,N,37.70088,-85.8676,1,2020,O,047-US-0031W -000,17.373,0,0,0,0,0,0,1,1,0,0,1,0,0,Y
Motor Vehicle,Non DAC,72477660,20200218,717,2,NULL,LEITCHFIELD                             ,NULL,RD   ,US0062  ,US0062  ,047 US-62      ,US0062                                         ,N,37.67146,-85.91261,9,2020,O,047-US-0062  -000,14.535,0,0,0,1,0,0,0,0,1,0,0,1,0,N
Motor Vehicle,DAC,72477727,20200203,955,1,NULL,DIXIE                                   ,N ,AVE  ,US0031W ,US0031W ,047 US-31W-10  ,US0031W                                        ,N,37.71856,-85.87934,5,2020,O,047-US-0031W -000,18.77,0,0,0,0,0,0,1,0,0,0,0,0,0,Y
Motor Vehicle,DAC,72477728,20200204,834,2,NULL,NULL,NULL,NULL,I 0065  ,I 0065  ,NULL,NULL,N,37.71332,-85.8307,5,2020,O,047-I -0065  -531,0.253,0,1,0,0,0,0,1,0,0,0,0,0,0,Y
Motor Vehicle,Non DAC,72477729,20200204,1440,2,NULL,ST JOHN                                 ,NULL,RD   ,KY1357  ,KY1357  ,047 KY-1357    ,KY1357                                         ,N,37.69576,-85.9105,1,2020,O,047-KY-1357  -000,14.603,0,0,0,0,0,0,0,1,0,0,1,0,0,Y
Motor Vehicle,DAC,72477941,20200217,1619,1,NULL,RING                                    ,NULL,RD   ,KY3005  ,KY3005  ,NULL,NULL,N,37.70988,-85.83897,5,2020,O,047-KY-3005  -000,10.523,0,0,0,1,0,0,1,0,0,0,0,0,0,Y
Motor Vehicle,Non DAC,72478217,20200218,813,2,NULL,LEITCHFIELD                             ,NULL,RD   ,US0062  ,US0062  ,047 US-62-10   ,US0062                                         ,N,37.67835,-85.88376,9,2020,O,047-US-0062  -000,16.211,0,0,1,0,0,0,0,0,0,0,0,1,0,Y
Motor Vehicle,DAC,72478383,20200219,1708,3,NULL,RING                                    ,NULL,RD   ,KY3005  ,KY3005  ,047 KY-3005    ,KY3005                                         ,N,37.7283,-85.88396,5,2020,O,047-KY-3005  -000,6.552,0,0,0,1,0,0,1,0,0,0,0,0,0,Y
Motor Vehicle,DAC,72478393,20200219,1518,3,NULL,MULBERRY                                ,N ,ST   ,US0062  ,US0062  ,047 US-62      ,US0062                                         ,N,37.69432,-85.85904,5,2020,O,047-US-0062  -000,18.003,0,0,0,0,0,0,1,0,0,0,0,0,0,Y
Motor Vehicle,DAC,72478492,20200216,1805,0,NULL,DIXIE                                   ,W ,AVE  ,US0031W ,US0031W ,047 US-31W     ,US0031W                                        ,N,37.6999,-85.86654,5,2020,O,047-US-0031W -000,17.284,0,0,0,0,0,0,1,1,0,0,0,0,0,Y
Motor Vehicle,Non DAC,72478518,20200220,1153,4,NULL,31W                                     ,NULL,BYP  ,US0031WB,US0031WB,047 US-31WB-10 ,US0031WB                                       ,N,37.67595,-85.85939,5,2020,O,047-US-0031WB-000,0.006,0,0,0,0,0,0,1,0,0,0,0,0,0,Y
Motor Vehicle,DAC,72478743,20200220,2254,4,212,NEVIS                                   ,NULL,DR   ,NULL,NULL,047 CS-1423    ,CS1423                                         ,N,37.72284,-85.85235,9,2020,O,047-CS-1423  -000,0.149,0,0,0,0,0,0,1,0,0,0,0,1,0,Y
Motor Vehicle,DAC,72479371,20200221,1241,5,NULL,MULBERRY                                ,N ,ST   ,US0062  ,US0062  ,047 US-62-10   ,US0062                                         ,N,37.7127,-85.83177,5,2020,O,047-US-0062  -000,19.988,0,0,0,0,0,0,1,0,0,0,0,0,0,Y
Motor Vehicle,DAC,72479427,20200222,1935,6,NULL,DIXIE                                   ,W ,AVE  ,US0031W ,US0031W ,047 US-31W     ,US0031W                                        ,N,37.69385,-85.85942,3,2020,O,047-US-0031W -000,16.701,0,0,0,0,0,0,0,0,0,0,0,1,0,Y
Motor Vehicle,DAC,72479428,20200222,1707,6,NULL,DIXIE                                   ,N ,AVE  ,US0031W ,US0031W ,NULL,NULL,N,37.73421,-85.88716,1,2020,O,047-US-0031W -000,19.939,0,0,0,0,0,0,0,1,0,0,1,0,0,Y
Motor Vehicle,DAC,72479488,20200223,35,0,720,SUNRISE                                 ,NULL,LN   ,NULL,NULL,NULL,NULL,N,37.71328,-85.86086,5,2020,O,047-CS-1333  -000,0.425,0,0,0,0,0,0,1,0,0,0,0,0,0,Y
Motor Vehicle,Non DAC,72479938,20200223,1708,0,NULL,ST JOHN                                 ,NULL,RD   ,KY1357  ,KY1357  ,047 KY-1357    ,KY1357                                         ,N,37.69731,-85.88945,3,2020,O,047-KY-1357  -000,15.837,0,0,1,0,0,0,1,1,0,0,1,0,0,Y
Motor Vehicle,Non DAC,72479949,20200223,1226,0,NULL,MULBERRY                                ,N ,ST   ,US0062  ,US0062  ,047 US-62-10   ,US0062                                         ,N,37.71504,-85.82695,8,2020,O,047-US-0062  -000,20.276,0,0,0,0,0,0,1,0,0,0,0,1,0,Y
Motor Vehicle,DAC,72479956,20200224,919,1,NULL,QUINCE                                  ,NULL,ALY  ,NULL,NULL,047 CS-1013    ,CS1013                                         ,N,37.69331,-85.85675,9,2020,O,047-CS-1013  -000,0.319,0,0,0,0,0,0,0,0,0,0,0,1,0,Y
Motor Vehicle,Non DAC,72480182,20200224,1733,1,NULL,BUFORD                                  ,NULL,LN   ,NULL,NULL,047 CS-1206    ,CS1206                                         ,N,37.72534,-85.89143,5,2020,O,047-CS-1206  -000,0.001,0,0,0,0,0,0,1,0,0,0,1,0,0,Y
Motor Vehicle,DAC,72480186,20200217,1641,1,NULL,POPLAR                                  ,W ,ST   ,NULL,NULL,047 CS-1068    ,CS1068                                         ,N,37.70226,-85.8675,1,2020,O,047-CS-1068  -000,0.807,0,0,0,0,0,0,1,0,0,0,1,0,0,Y
Motor Vehicle,DAC,72480187,20200219,1604,3,NULL,POPLAR                                  ,W ,ST   ,NULL,NULL,047 CS-1068    ,CS1068                                         ,N,37.69503,-85.85845,5,2020,O,047-CS-1068  -000,0.093,0,0,0,1,0,0,0,1,0,0,1,0,0,Y
Motor Vehicle,Non DAC,72480206,20200224,1954,1,2008,MULBERRY                                ,N ,ST   ,US0062  ,US0062  ,047 US-62-10   ,US0062                                         ,N,37.71545,-85.82596,9,2020,O,047-US-0062  -000,20.335,0,0,0,1,0,0,1,0,0,0,0,1,0,Y
Motor Vehicle,DAC,72480207,20200225,150,2,NULL,HAWKINS                                 ,NULL,DR   ,NULL,NULL,047 CS-1553    ,CS1553                                         ,N,37.67343,-85.84225,1,2020,O,047-CS-1553  -000,0.292,0,0,0,0,0,0,1,0,0,0,1,0,0,Y
Motor Vehicle,DAC,72480282,20200217,1651,1,NULL,DIXIE                                   ,E ,AVE  ,US0031W ,US0031W ,047 US-31W     ,US0031W                                        ,N,37.68333,-85.85035,5,2020,O,047-US-0031W -000,15.767,0,0,0,1,0,0,0,0,0,0,0,0,0,Y
Motor Vehicle,DAC,72480679,20200225,1228,2,NULL,PAWNEE                                  ,NULL,DR   ,NULL,NULL,047 CS-1391    ,CS1391                                         ,N,37.70924,-85.8406,1,2020,O,047-CS-1391  -000,0.086,0,0,0,1,0,0,1,1,0,0,1,0,0,Y
Motor Vehicle,DAC,72480727,20191212,1312,4,NULL,RING                                    ,NULL,RD   ,KY3005  ,KY3005  ,047 KY-3005    ,KY3005                                         ,N,37.72831,-85.88401,8,2019,O,047-KY-3005  -000,6.549,0,0,0,1,0,0,0,0,0,0,1,0,0,Y
Motor Vehicle,Non DAC,72480825,20200226,1009,3,NULL,MULBERRY                                ,N ,ST   ,US0062  ,US0062  ,047 US-62      ,US0062                                         ,N,37.71425,-85.82821,1,2020,O,047-US-0062  -000,20.186,0,0,0,1,0,0,1,0,0,0,1,0,0,Y
Motor Vehicle,DAC,72481249,20200215,1347,6,NULL,DIXIE                                   ,N ,AVE  ,US0031W ,US0031W ,047 US-31W     ,US0031W                                        ,N,37.715,-85.8774,5,2020,O,047-US-0031W -000,18.5,0,0,0,1,0,0,1,0,0,0,0,0,0,Y
Motor Vehicle,Non DAC,72481250,20200221,1152,5,NULL,31W BYPASS RAMP TO 31W BYPASS S         ,NULL,NULL,US0031WB,US0031WB,NULL,NULL,N,37.70995,-85.88831,9,2020,O,047-US-0031WB-342,0.065,0,0,1,0,0,0,0,0,0,0,0,1,0,Y
Motor Vehicle,Non DAC,72481252,20200220,1235,4,NULL,TOWNE                                   ,NULL,CTR  ,NULL,NULL,047 PR-1010    ,PR1010                                         ,N,37.72803,-85.88595,5,2020,O,047-PR-1010  -000,0.024,0,0,1,0,0,0,1,0,0,0,0,0,0,Y
Motor Vehicle,Non DAC,72481253,20200221,1223,5,NULL,PATRIOT                                 ,NULL,PKWY ,KY0361  ,KY0361  ,047 KY-361-10  ,KY0361                                         ,N,37.71756,-85.90398,5,2020,O,047-KY-0361  -000,1.862,0,0,0,0,0,0,1,0,0,0,0,0,0,Y
Motor Vehicle,Non DAC,72481254,20200225,1402,2,NULL,DIXIE                                   ,N ,AVE  ,US0031W ,US0031W ,047 US-31W     ,US0031W                                        ,N,37.74333,-85.89139,1,2020,O,047-US-0031W -000,20.578,0,0,0,0,0,0,0,1,0,0,1,0,0,Y
Motor Vehicle,Non DAC,72481275,20200227,1220,4,NULL,LEITCHFIELD                             ,NULL,RD   ,US0062  ,US0062  ,047 US-62      ,US0062                                         ,N,37.67584,-85.9013,1,2020,B,047-US-0062  -000,15.223,0,0,0,0,0,0,1,0,0,0,0,0,0,Y
Motor Vehicle,DAC,72481537,20200225,1937,2,NULL,DIXIE                                   ,E ,AVE  ,US0031W ,US0031W ,047 US-31W     ,US0031W                                        ,N,37.69218,-85.85656,1,2020,O,047-US-0031W -000,16.509,0,0,0,0,0,0,1,0,0,0,0,0,0,Y
Motor Vehicle,Non DAC,72481538,20200226,1525,3,NULL,TOWNE                                   ,NULL,DR   ,NULL,NULL,047 CS-1448    ,CS1448                                         ,N,37.73367,-85.88812,1,2020,O,047-CS-1448  -000,0.075,0,0,0,0,0,0,1,0,0,0,0,0,0,Y
Motor Vehicle,Non DAC,72481983,20200228,1618,5,NULL,RING                                    ,NULL,RD   ,KY3005  ,KY3005  ,047 KY-3005-10 ,KY3005                                         ,N,37.69045,-85.91351,1,2020,O,047-KY-3005  -000,3.253,0,0,0,0,0,0,1,0,0,0,1,0,0,Y