Mode,Crash In Disadvantaged Community,MasterFile,CollisionDate,CollisionTime,CollisionDayWeekCode,RoadwayName_HouseBusinessNumber_,RoadwayName_RoadwayName_,RoadwayName_Direction_,RoadwayName_RoadwaySuffix_,RoadwayfromReport,CurrentRoadwayNumber,RSEUniqueGIS,RoadwayIdentifier,ParkingLotIndicator,Latitude,Longitude,MannerofCollisionCode,YR,KABCO,KTC_RT,KTC_MP,Motorcyclist,Commercial Vehicle,Young Driver,Mature Driver,Pedestrian,Bicyclist,Distracted,Aggressive,Impaired,Unrestrained,Intersection,Roadway Departure,Median Cross-over,In City Limits?
Motor Vehicle,Non DAC,72481984,20200228,1740,5,NULL,HODGENVILLE                             ,NULL,RD   ,KY0210  ,KY0210  ,047 KY-210     ,KY0210                                         ,N,37.66687,-85.83874,5,2020,O,047-KY-0210  -000,0.607,0,0,0,0,0,0,1,0,0,0,0,0,0,Y
Motor Vehicle,DAC,72482183,20200229,1303,6,NULL,DIXIE                                   ,N ,AVE  ,US0031W ,US0031W ,047 US-31W     ,US0031W                                        ,N,37.73217,-85.88587,8,2020,O,047-US-0031W -000,19.772,0,0,0,0,0,0,1,0,0,0,0,1,0,Y
Motor Vehicle,DAC,72482196,20200227,1056,4,NULL,RING                                    ,NULL,RD   ,KY3005  ,KY3005  ,NULL,NULL,N,37.73017,-85.87752,5,2020,O,047-KY-3005  -000,6.931,0,0,0,0,0,0,0,0,0,0,0,0,0,Y
Motor Vehicle,DAC,72482204,20200228,1451,5,NULL,NULL,NULL,NULL,I 0065  ,I 0065  ,NULL,NULL,N,37.71348,-85.83068,5,2020,O,047-I -0065  -531,0.242,0,0,0,0,0,0,1,0,0,0,0,0,0,Y
Motor Vehicle,DAC,72482208,20200229,1422,6,NULL,31W                                     ,NULL,BYP  ,US0031WB,US0031WB,047 US-31WB    ,US0031WB                                       ,N,37.69169,-85.87124,9,2020,O,047-US-0031WB-000,1.331,0,1,0,1,0,0,0,0,0,0,0,1,0,Y
Motor Vehicle,DAC,72482226,20200228,1224,5,NULL,MULBERRY                                ,N ,ST   ,US0062  ,US0062  ,047 US-62      ,US0062                                         ,N,37.6939,-85.85944,5,2020,O,047-US-0062  -000,17.968,0,0,0,0,0,0,1,0,0,0,0,0,0,Y
Motor Vehicle,Non DAC,72482445,20200229,1332,6,NULL,ST JOHN                                 ,NULL,RD   ,KY1357  ,KY1357  ,047 KY-1357    ,KY1357                                         ,N,37.69455,-85.89606,5,2020,O,047-KY-1357  -000,15.444,0,0,1,0,0,0,1,0,0,0,1,0,0,Y
Motor Vehicle,DAC,72482487,20200301,942,0,NULL,MULBERRY                                ,N ,ST   ,US0062  ,US0062  ,047 US-62-10   ,US0062                                         ,N,37.71286,-85.83154,5,2020,O,047-US-0062  -000,20,0,0,0,1,0,0,0,0,0,0,0,0,0,Y
Motor Vehicle,Non DAC,72482769,20200302,729,1,NULL,LINCOLN                                 ,NULL,PKWY ,KY0061  ,KY0061  ,047 KY-61      ,KY0061                                         ,N,37.66968,-85.84559,5,2020,O,047-KY-0061  -000,5.259,0,0,0,0,0,0,1,0,0,0,0,0,0,Y
Motor Vehicle,Non DAC,72483374,20200302,1553,1,NULL,DIXIE                                   ,S ,HWY  ,US0031W ,US0031W ,047 US-31W     ,US0031W                                        ,N,37.65318,-85.85041,5,2020,C,047-US-0031W -000,13.635,0,1,0,0,0,0,1,0,0,0,1,0,0,Y
Motor Vehicle,Non DAC,72483753,20200303,641,2,NULL,BLACK BRANCH                            ,N ,RD   ,NULL,NULL,047 CS-1551    ,CS1551                                         ,N,37.67614,-85.91995,1,2020,O,047-CS-1551  -000,1.051,0,0,0,0,0,0,0,1,0,0,0,0,0,Y
Motor Vehicle,DAC,72483998,20200303,1910,2,NULL,MULBERRY                                ,N ,ST   ,US0062  ,US0062  ,047 US-62-10   ,US0062                                         ,N,37.71318,-85.83074,5,2020,O,047-US-0062  -000,20.038,0,0,0,0,0,0,0,0,0,0,1,0,0,Y
Motor Vehicle,DAC,72484148,20200305,1327,4,NULL,POPLAR                                  ,W ,ST   ,NULL,NULL,047 CS-1068    ,CS1068                                         ,N,37.70302,-85.86798,1,2020,O,047-CS-1068  -000,0.868,0,0,0,1,0,0,1,0,0,0,1,0,0,Y
Motor Vehicle,Non DAC,72484202,20200305,1409,4,NULL,LEITCHFIELD                             ,NULL,RD   ,US0062  ,US0062  ,047 US-62-10   ,US0062                                         ,N,37.67614,-85.90097,9,2020,O,047-US-0062  -000,15.248,0,0,0,0,0,0,0,0,0,0,0,1,0,Y
Motor Vehicle,DAC,72484342,20200304,1647,3,NULL,DIXIE                                   ,W ,AVE  ,US0031W ,US0031W ,047 US-31W     ,US0031W                                        ,N,37.70234,-85.86914,5,2020,O,047-US-0031W -000,17.476,0,0,1,0,0,0,1,0,0,0,0,0,0,Y
Motor Vehicle,DAC,72484915,20200306,1747,5,NULL,DIXIE                                   ,N ,AVE  ,US0031W ,US0031W ,047 US-31W-10  ,US0031W                                        ,N,37.72651,-85.88337,8,2020,O,047-US-0031W -000,19.352,0,0,0,1,0,0,1,0,0,0,0,1,0,Y
Motor Vehicle,DAC,72484939,20200306,845,5,NULL,MAIN                                    ,S ,ST   ,NULL,NULL,047 CS-1321    ,CS1321                                         ,N,37.69198,-85.85899,1,2020,O,047-CS-1321  -000,0.126,0,0,1,0,0,0,1,0,0,0,1,0,0,Y
Motor Vehicle,DAC,72484940,20200306,830,5,208,CRUTCHER                                ,E ,ST   ,NULL,NULL,047 CS-1004    ,CS1004                                         ,N,37.69436,-85.85302,8,2020,O,047-CS-1004  -000,0.067,0,0,0,0,0,0,0,0,0,0,0,0,0,Y
Motor Vehicle,DAC,72484969,20200307,930,6,NULL,DIXIE                                   ,E ,AVE  ,US0031W ,US0031W ,047 US-31W     ,US0031W                                        ,N,37.68818,-85.85305,1,2020,O,047-US-0031W -000,16.187,0,0,1,0,0,0,0,1,0,0,0,0,0,Y
Motor Vehicle,DAC,72485217,20200307,1445,6,NULL,WALMART                                 ,NULL,LN   ,NULL,NULL,047 PR-1004    ,PR1004                                         ,N,37.72908,-85.88195,5,2020,O,047-PR-1004  -000,0.007,0,0,0,0,0,0,1,0,0,0,0,0,0,Y
Motor Vehicle,DAC,72485612,20200309,724,1,NULL,MULBERRY                                ,N ,ST   ,US0062  ,US0062  ,047 US-62      ,US0062                                         ,N,37.70193,-85.85107,5,2020,O,047-US-0062  -000,18.694,0,0,0,0,0,0,0,1,0,0,0,0,0,Y
Motor Vehicle,DAC,72485651,20200309,953,1,NULL,RING                                    ,NULL,RD   ,KY3005  ,KY3005  ,047 KY-3005    ,KY3005                                         ,N,37.73211,-85.84376,5,2020,O,047-KY-3005  -000,8.862,0,0,0,1,0,0,1,0,0,0,0,0,0,Y
Motor Vehicle,DAC,72486094,20200309,1506,1,NULL,COLLEGE STREET                          ,NULL,RD   ,NULL,NULL,047 CS-1124-10 ,CS1124                                         ,N,37.69223,-85.87184,5,2020,O,047-CS-1124  -000,1.451,0,0,1,1,0,0,1,0,0,0,1,0,0,Y
Motor Vehicle,DAC,72486237,20200310,1636,2,NULL,DIXIE                                   ,E ,AVE  ,US0031W ,US0031W ,047 US-31W     ,US0031W                                        ,N,37.69099,-85.85543,8,2020,O,047-US-0031W -000,16.404,0,0,0,0,0,0,1,0,0,0,0,1,0,Y
Motor Vehicle,DAC,72487210,20200311,2139,3,NULL,DIXIE                                   ,N ,AVE  ,US0031W ,US0031W ,047 US-31W     ,US0031W                                        ,N,37.70883,-85.874,1,2020,B,047-US-0031W -000,18.032,0,0,1,0,0,0,1,0,0,0,1,0,0,Y
Motor Vehicle,DAC,72487297,20200223,608,0,NULL,LAYMAN                                  ,NULL,LN   ,NULL,NULL,047 CS-1180    ,CS1180                                         ,N,37.71254,-85.8775,2,2020,O,047-CS-1180  -000,0.067,0,0,0,0,0,0,1,0,0,0,0,0,0,Y
Motor Vehicle,Non DAC,72487298,20200306,958,5,NULL,PATRIOT                                 ,NULL,PKWY ,KY0361  ,KY0361  ,047 KY-361     ,KY0361                                         ,N,37.72524,-85.91423,9,2020,O,047-KY-0361  -000,2.631,0,0,0,0,0,0,0,0,0,0,0,1,0,Y
Motor Vehicle,DAC,72487299,20200307,1258,6,NULL,DIXIE                                   ,N ,AVE  ,US0031W ,US0031W ,047 US-31W     ,US0031W                                        ,N,37.72909,-85.8845,8,2020,O,047-US-0031W -000,19.541,0,0,0,1,0,0,1,0,0,0,0,1,0,Y
Motor Vehicle,DAC,72487382,20200313,1254,5,NULL,DIXIE                                   ,N ,AVE  ,US0031W ,US0031W ,047 US-31W     ,US0031W                                        ,N,37.73259,-85.88613,5,2020,O,047-US-0031W -000,19.805,0,0,0,0,0,0,1,0,0,0,0,0,0,Y
Motor Vehicle,Non DAC,72487430,20200313,1251,5,NULL,WILSON                                  ,S ,RD   ,KY0447  ,KY0447  ,047 KY-447     ,KY0447                                         ,N,37.74589,-85.89491,5,2020,O,047-KY-0447  -000,0.129,0,0,1,1,0,0,0,0,0,0,0,0,0,Y
Motor Vehicle,DAC,72487920,20200314,1546,6,NULL,DIXIE                                   ,N ,AVE  ,US0031W ,US0031W ,047 US-31W-10  ,US0031W                                        ,N,37.73145,-85.88581,5,2020,O,047-US-0031W -000,19.724,0,0,0,0,0,0,0,0,0,0,0,0,0,Y
Motor Vehicle,DAC,72488253,20200311,1023,3,NULL,ST JOHN                                 ,NULL,RD   ,KY1357  ,KY1357  ,047 KY-1357    ,KY1357                                         ,N,37.70424,-85.8712,1,2020,O,047-KY-1357  -000,16.981,0,0,0,1,0,0,1,1,0,0,1,0,0,Y
Motor Vehicle,DAC,72488545,20200316,1639,1,NULL,DIXIE                                   ,N ,AVE  ,US0031W ,US0031W ,047 US-31W     ,US0031W                                        ,N,37.71072,-85.87538,1,2020,O,047-US-0031W -000,18.183,0,0,0,1,0,0,0,1,0,0,0,0,0,Y
Motor Vehicle,Non DAC,72488604,20200313,856,5,NULL,HUTCHERSON                              ,NULL,LN   ,NULL,NULL,047 CR-1008    ,CR1008                                         ,N,37.71931,-85.91785,9,2020,O,047-CR-1008  -000,0.453,0,0,1,0,0,0,0,0,0,0,0,1,0,Y
Motor Vehicle,DAC,72488690,20200317,1143,2,NULL,DIXIE                                   ,W ,AVE  ,US0031W ,US0031W ,047 US-31W     ,US0031W                                        ,N,37.70091,-85.86762,5,2020,O,047-US-0031W -000,17.372,0,0,1,1,0,0,0,0,0,0,0,0,0,Y
Motor Vehicle,Non DAC,72488825,20200317,1749,2,NULL,WOODLAND                                ,NULL,DR   ,NULL,NULL,047 CS-1193    ,CS1193                                         ,N,37.72652,-85.88557,1,2020,O,047-CS-1193  -000,0.075,0,0,0,1,0,0,1,1,0,0,0,0,0,Y
Motor Vehicle,DAC,72489290,20200316,658,1,NULL,DIXIE                                   ,W ,AVE  ,US0031W ,US0031W ,047 US-31W     ,US0031W                                        ,N,37.69954,-85.8662,5,2020,O,047-US-0031W -000,17.253,0,0,0,0,0,0,0,1,0,0,0,0,0,Y
Motor Vehicle,DAC,72489291,20200318,1205,3,NULL,MILES                                   ,N ,ST   ,KY0251  ,KY0251  ,047 KY-251     ,KY0251                                         ,N,37.72697,-85.84692,5,2020,O,047-KY-0251  -000,2.297,0,0,0,0,0,0,1,0,0,0,0,0,0,Y
Motor Vehicle,DAC,72489870,20200313,722,5,NULL,MULBERRY                                ,N ,ST   ,US0062  ,US0062  ,047 US-62      ,US0062                                         ,N,37.7017,-85.85146,8,2020,O,047-US-0062  -000,18.667,0,0,0,0,0,0,1,0,0,0,0,1,0,Y
Motor Vehicle,Non DAC,72489874,20200322,636,0,NULL,LEITCHFIELD                             ,NULL,RD   ,US0062  ,US0062  ,047 US-62-10   ,US0062                                         ,N,37.67196,-85.91145,9,2020,O,047-US-0062  -000,14.597,0,0,0,1,0,0,1,0,0,0,0,1,0,N
Motor Vehicle,DAC,72490156,20200319,1525,4,NULL,DIXIE                                   ,N ,HWY  ,US0031W ,US0031W ,047 US-31W     ,US0031W                                        ,N,37.75792,-85.89804,5,2020,O,047-US-0031W -000,21.68,0,0,0,0,0,0,1,0,0,0,0,0,0,Y
Motor Vehicle,DAC,72490954,20200326,1230,4,NULL,HAWKINS                                 ,NULL,DR   ,NULL,NULL,047 CS-1553    ,CS1553                                         ,N,37.67779,-85.84507,9,2020,A,047-CS-1553  -000,0.635,0,0,0,1,0,0,1,0,0,0,1,0,0,Y
Motor Vehicle,Non DAC,72491891,20200401,1049,3,NULL,COLLEGE ST RD                           ,NULL,NULL,NULL,NULL,047 CS-1124    ,CS1124                                         ,N,37.68989,-85.88067,9,2020,C,047-CS-1124  -000,0.896,0,0,0,0,0,0,0,0,0,0,0,1,0,Y
Motor Vehicle,DAC,72492222,20200402,1648,4,NULL,RING                                    ,NULL,RD   ,KY3005  ,KY3005  ,047 KY-3005    ,KY3005                                         ,N,37.72832,-85.88395,5,2020,O,047-KY-3005  -000,6.553,0,0,0,0,0,0,1,0,0,0,0,0,0,Y
Motor Vehicle,DAC,72492428,20200403,1707,5,NULL,DIXIE                                   ,E ,AVE  ,US0031W ,US0031W ,047 US-31W     ,US0031W                                        ,N,37.68186,-85.84949,5,2020,O,047-US-0031W -000,15.662,0,0,0,0,0,0,1,0,0,0,0,0,0,Y
Motor Vehicle,DAC,72492512,20200403,2338,5,NULL,CARDINAL                                ,NULL,DR   ,KY0361  ,KY0361  ,047 KY-361     ,KY0361                                         ,N,37.70925,-85.87706,5,2020,O,047-KY-0361  -000,0.171,0,0,0,0,0,0,1,0,0,0,0,0,0,Y
Motor Vehicle,DAC,72492632,20200405,1518,0,NULL,RING                                    ,NULL,RD   ,KY3005  ,KY3005  ,047 KY-3005    ,KY3005                                         ,N,37.73156,-85.87268,5,2020,O,047-KY-3005  -000,7.217,0,0,0,1,0,0,0,1,0,0,0,0,0,Y
Motor Vehicle,DAC,72492873,20200406,1825,1,NULL,DIXIE                                   ,N ,AVE  ,US0031W ,US0031W ,047 US-31W-10  ,US0031W                                        ,N,37.72835,-85.88428,5,2020,O,047-US-0031W -000,19.494,0,0,1,1,0,0,1,0,0,0,1,0,0,Y
Motor Vehicle,DAC,72492944,20200407,1002,2,NULL,BEECH                                   ,NULL,ST   ,NULL,NULL,047 CS-1030    ,CS1030                                         ,N,37.70349,-85.86005,9,2020,O,047-CS-1030  -000,0.504,0,0,0,0,0,0,0,0,0,0,1,0,0,Y
Motor Vehicle,DAC,72493061,20200407,1645,2,NULL,DIXIE                                   ,N ,AVE  ,US0031W ,US0031W ,047 US-31W-10  ,US0031W                                        ,N,37.71788,-85.87911,1,2020,O,047-US-0031W -000,18.721,0,0,0,0,0,0,1,1,0,0,1,0,0,Y
Motor Vehicle,Non DAC,72493307,20200408,1844,3,NULL,DIXIE                                   ,S ,HWY  ,US0031W ,US0031W ,047 US-31W     ,US0031W                                        ,N,37.65331,-85.85044,5,2020,B,047-US-0031W -000,13.645,0,0,0,1,0,0,1,0,0,0,0,0,0,Y
Motor Vehicle,Non DAC,72493400,20200406,1748,1,NULL,RING                                    ,NULL,RD   ,KY3005  ,KY3005  ,047 KY-3005-10 ,KY3005                                         ,N,37.72719,-85.88802,1,2020,O,047-KY-3005  -000,6.331,0,0,0,1,0,0,1,1,0,0,0,0,0,Y
Motor Vehicle,Non DAC,72493544,20200404,1205,6,NULL,RING                                    ,NULL,RD   ,KY3005  ,KY3005  ,047 KY-3005    ,KY3005                                         ,N,37.72535,-85.89143,1,2020,O,047-KY-3005  -000,6.104,0,0,0,0,0,0,1,1,0,0,1,0,0,Y
Motor Vehicle,DAC,72493555,20200410,1340,5,NULL,NULL,NULL,NULL,I 0065  ,I 0065  ,NULL,NULL,N,37.71327,-85.8307,5,2020,O,047-I -0065  -531,0.256,0,0,0,1,0,0,1,0,0,0,0,0,0,Y
Motor Vehicle,DAC,72493722,20200405,928,0,1835,DIXIE                                   ,N ,AVE  ,US0031W ,US0031W ,047 US-31W     ,US0031W                                        ,N,37.7112,-85.87558,9,2020,O,047-US-0031W -000,18.217,0,0,0,0,0,0,1,0,0,0,0,1,0,Y
Motor Vehicle,DAC,72493918,20200411,2229,6,NULL,DEEPWOOD                                ,NULL,DR   ,NULL,NULL,047 CS-1146    ,CS1146                                         ,N,37.71357,-85.88051,9,2020,O,047-CS-1146  -000,0.388,0,0,0,0,0,0,0,0,0,0,1,0,0,Y
Motor Vehicle,Non DAC,72494192,20200411,108,6,3586,HODGENVILLE                             ,NULL,RD   ,KY0210  ,KY0210  ,047 KY-210     ,KY0210                                         ,N,37.66928,-85.84018,9,2020,O,047-KY-0210  -000,0.43,0,0,0,0,0,0,1,0,0,0,0,1,0,Y
Motor Vehicle,DAC,72494228,20200408,1312,3,NULL,31W                                     ,NULL,BYP  ,US0031WB,US0031WB,047 US-31WB    ,US0031WB                                       ,N,37.70566,-85.88515,9,2020,O,047-US-0031WB-000,2.589,0,0,0,0,0,0,1,0,0,0,0,1,0,Y
Motor Vehicle,DAC,72494943,20200417,1532,5,NULL,DIXIE                                   ,N ,AVE  ,US0031W ,US0031W ,047 US-31W     ,US0031W                                        ,N,37.72071,-85.88023,5,2020,O,047-US-0031W -000,18.923,0,0,1,0,0,0,1,0,0,0,0,0,0,Y
Motor Vehicle,DAC,72495059,20200418,1017,6,NULL,DIXIE                                   ,N ,AVE  ,US0031W ,US0031W ,047 US-31W     ,US0031W                                        ,N,37.70439,-85.87124,8,2020,C,047-US-0031W -000,17.687,0,1,0,0,0,0,1,1,0,0,0,1,0,Y
Motor Vehicle,DAC,72495105,20200418,1704,6,1571,DIXIE                                   ,N ,AVE  ,US0031W ,US0031W ,047 US-31W     ,US0031W                                        ,N,37.72812,-85.88394,1,2020,O,047-US-0031W -000,19.466,0,0,1,0,0,0,0,0,0,0,1,0,0,Y
Motor Vehicle,Non DAC,72495123,20200417,1523,5,NULL,CORPORATE                               ,NULL,DR   ,NULL,NULL,047 CS-1548    ,CS1548                                         ,N,37.67938,-85.89889,1,2020,O,047-CS-1548  -000,0.284,0,0,0,0,0,0,1,1,0,0,0,0,0,Y
Motor Vehicle,DAC,72495222,20200416,1335,4,NULL,DIXIE                                   ,N ,AVE  ,US0031W ,US0031W ,047 US-31W-10  ,US0031W                                        ,N,37.70917,-85.87444,5,2020,O,047-US-0031W -000,18.064,0,0,0,0,0,0,1,0,0,0,0,0,0,Y
Motor Vehicle,Non DAC,72495287,20200417,820,5,NULL,LEITCHFIELD                             ,NULL,RD   ,US0062  ,US0062  ,047 US-62      ,US0062                                         ,N,37.6751,-85.90316,9,2020,O,047-US-0062  -000,15.075,0,0,0,0,0,0,0,1,0,0,0,1,0,N
Motor Vehicle,DAC,72495438,20200420,1200,1,NULL,MAIN                                    ,N ,ST   ,NULL,NULL,047 CS-1320    ,CS1320                                         ,N,37.69872,-85.8507,1,2020,O,047-CS-1320  -000,0.552,0,0,0,1,0,0,0,1,0,0,0,0,0,Y
Motor Vehicle,DAC,72495563,20200408,2005,3,301,LINDA                                   ,NULL,LN   ,NULL,NULL,047 CS-1311    ,CS1311                                         ,N,37.74571,-85.88467,9,2020,O,047-CS-1311  -000,0.235,0,0,0,0,0,0,1,0,1,0,0,1,0,Y
Motor Vehicle,DAC,72495686,20200420,931,1,NULL,DIXIE                                   ,N ,AVE  ,US0031W ,US0031W ,047 US-31W     ,US0031W                                        ,N,37.70781,-85.87321,4,2020,O,047-US-0031W -000,17.943,0,0,0,0,0,0,1,0,0,0,0,1,0,Y
Motor Vehicle,DAC,72495750,20200421,1045,2,NULL,MULBERRY                                ,N ,ST   ,US0062  ,US0062  ,047 US-62-10   ,US0062                                         ,N,37.70585,-85.84454,1,2020,O,047-US-0062  -000,19.145,0,0,0,0,0,0,1,0,0,0,0,0,0,Y
Motor Vehicle,DAC,72495830,20200420,1120,1,NULL,DIXIE                                   ,N ,AVE  ,US0031W ,US0031W ,047 US-31W-10  ,US0031W                                        ,N,37.73498,-85.88757,5,2020,O,047-US-0031W -000,20.021,0,0,0,1,0,0,1,0,0,0,0,0,0,Y
Motor Vehicle,Non DAC,72495841,20200421,922,2,NULL,MULBERRY                                ,N ,ST   ,US0062  ,US0062  ,NULL,NULL,N,37.71448,-85.82806,1,2020,O,047-US-0062  -000,20.202,0,0,0,1,0,0,0,1,0,0,1,0,0,Y
Motor Vehicle,DAC,72495868,20200422,1155,3,NULL,FRENCH                                  ,NULL,ST   ,NULL,NULL,047 CS-1390    ,CS1390                                         ,N,37.71162,-85.85291,5,2020,O,047-CS-1390  -000,0,0,0,0,1,0,0,0,0,0,0,0,0,0,Y
Motor Vehicle,DAC,72496162,20200422,1123,3,NULL,DIXIE                                   ,N ,AVE  ,US0031W ,US0031W ,047 US-31W-10  ,US0031W                                        ,N,37.70872,-85.87423,1,2020,O,047-US-0031W -000,18.031,0,0,0,1,0,0,1,1,0,0,1,0,0,Y
Motor Vehicle,DAC,72496193,20200423,1824,4,NULL,DIXIE                                   ,N ,HWY  ,US0031W ,US0031W ,047 US-31W-10  ,US0031W                                        ,N,37.75828,-85.89854,5,2020,O,047-US-0031W -000,21.667,0,0,0,1,0,0,1,1,0,0,0,0,0,Y
Motor Vehicle,DAC,72496255,20200423,1636,4,NULL,DIXIE                                   ,N ,AVE  ,US0031W ,US0031W ,047 US-31W-10  ,US0031W                                        ,N,37.72763,-85.88409,5,2020,O,047-US-0031W -000,19.381,0,0,0,0,0,0,1,0,0,0,0,0,0,Y
Motor Vehicle,DAC,72496864,20200426,1519,0,NULL,DIXIE                                   ,N ,HWY  ,US0031W ,US0031W ,047 US-31W-10  ,US0031W                                        ,N,37.75801,-85.89834,5,2020,O,047-US-0031W -000,21.691,0,0,0,0,0,0,1,1,0,0,0,0,0,Y
Motor Vehicle,Non DAC,72496865,20200426,1619,0,NULL,DIXIE                                   ,N ,HWY  ,US0031W ,US0031W ,047 US-31W-10  ,US0031W                                        ,N,37.75081,-85.89507,5,2020,O,047-US-0031W -000,21.157,0,0,0,0,0,0,1,1,0,0,0,0,0,Y
Motor Vehicle,DAC,72497024,20200426,1737,0,NULL,DIXIE                                   ,N ,AVE  ,US0031W ,US0031W ,047 US-31W-10  ,US0031W                                        ,N,37.73239,-85.88631,8,2020,O,047-US-0031W -000,19.796,0,0,0,0,0,0,1,1,0,0,0,1,0,Y
Motor Vehicle,DAC,72497209,20200420,1322,1,NULL,DIXIE                                   ,N ,AVE  ,US0031W ,US0031W ,047 US-31W     ,US0031W                                        ,N,37.71675,-85.87824,5,2020,O,047-US-0031W -000,18.63,0,0,1,1,0,0,1,0,0,0,0,0,0,Y
Motor Vehicle,DAC,72497659,20200224,2020,1,NULL,NULL,NULL,NULL,I 0065  ,I 0065  ,NULL,NULL,N,37.7137,-85.83068,9,2020,O,047-I -0065  -531,0.226,0,0,0,0,0,0,0,1,0,0,0,1,0,Y
Motor Vehicle,DAC,72497664,20200425,934,6,NULL,WALMART                                 ,NULL,EXT  ,NULL,NULL,047 PR-1005    ,PR1005                                         ,N,37.73042,-85.88444,9,2020,O,047-PR-1005  -000,0.067,0,0,0,1,0,0,1,0,0,0,0,1,0,Y
Motor Vehicle,DAC,72497686,20200429,1437,3,NULL,MULBERRY                                ,S ,ST   ,US0031WB,US0031WB,NULL,NULL,N,37.69033,-85.86833,9,2020,O,047-US-0031WB-123,0.079,0,0,1,0,0,0,0,1,0,0,0,1,0,Y
Motor Vehicle,DAC,72497961,20200430,1733,4,NULL,RING                                    ,NULL,RD   ,KY3005  ,KY3005  ,047 KY-3005    ,KY3005                                         ,N,37.72834,-85.8839,8,2020,O,047-KY-3005  -000,6.556,0,0,0,0,0,0,1,0,0,0,0,1,0,Y
Motor Vehicle,DAC,72498108,20200430,1817,4,NULL,DIXIE                                   ,N ,AVE  ,US0031W ,US0031W ,047 US-31W     ,US0031W                                        ,N,37.71929,-85.8796,4,2020,O,047-US-0031W -000,18.814,0,0,0,0,0,0,1,1,0,0,1,0,0,Y
Motor Vehicle,DAC,72498298,20200502,1503,6,NULL,DIXIE                                   ,E ,AVE  ,US0031W ,US0031W ,047 US-31W     ,US0031W                                        ,N,37.68587,-85.85173,5,2020,O,047-US-0031W -000,15.968,0,0,0,0,0,0,1,0,0,0,0,0,0,Y
Motor Vehicle,DAC,72498388,20200418,2235,6,NULL,DIECKS                                  ,NULL,DR   ,NULL,NULL,047 CS-1061    ,CS1061                                         ,N,37.709,-85.86914,5,2020,O,047-CS-1061  -000,0.276,0,0,0,0,0,0,1,0,0,0,1,0,0,Y
Motor Vehicle,Non DAC,72498870,20200504,2333,1,NULL,RING                                    ,NULL,RD   ,KY3005  ,KY3005  ,047 KY-3005    ,KY3005                                         ,N,37.71685,-85.90373,9,2020,O,047-KY-3005  -000,5.204,0,0,0,0,0,0,0,0,0,0,0,0,0,Y
Motor Vehicle,Non DAC,72499430,20200503,1003,0,NULL,KENSINGTON                              ,NULL,WAY  ,NULL,NULL,047 CS-1703    ,CS1703                                         ,N,37.75551,-85.88471,9,2020,O,047-CS-1703  -000,0,0,0,0,0,0,0,1,0,1,0,1,0,0,Y
Motor Vehicle,Non DAC,72499823,20200508,1253,5,NULL,RING                                    ,NULL,RD   ,KY3005  ,KY3005  ,047 KY-3005-10 ,KY3005                                         ,N,37.7265,-85.88959,1,2020,O,047-KY-3005  -000,6.233,0,0,0,0,0,0,0,0,0,0,0,0,0,Y
Motor Vehicle,DAC,72501227,20200513,1807,3,NULL,DIXIE                                   ,W ,AVE  ,US0031W ,US0031W ,047 US-31W     ,US0031W                                        ,N,37.69626,-85.86357,9,2020,O,047-US-0031W -000,16.984,0,0,0,0,0,0,1,0,0,0,1,0,0,Y
Motor Vehicle,DAC,72501475,20200513,1455,3,NULL,DIXIE                                   ,N ,AVE  ,US0031W ,US0031W ,047 US-31W-10  ,US0031W                                        ,N,37.70886,-85.87435,5,2020,O,047-US-0031W -000,18.043,0,0,1,0,0,0,1,0,0,0,0,0,0,Y
Motor Vehicle,DAC,72501476,20200514,1647,4,NULL,DIXIE                                   ,E ,AVE  ,US0031W ,US0031W ,047 US-31W     ,US0031W                                        ,N,37.68578,-85.85163,1,2020,A,047-US-0031W -000,15.96,0,0,0,1,0,0,0,1,0,0,0,0,0,Y