Mode,Crash In Disadvantaged Community,MasterFile,CollisionDate,CollisionTime,CollisionDayWeekCode,RoadwayName_HouseBusinessNumber_,RoadwayName_RoadwayName_,RoadwayName_Direction_,RoadwayName_RoadwaySuffix_,RoadwayfromReport,CurrentRoadwayNumber,RSEUniqueGIS,RoadwayIdentifier,ParkingLotIndicator,Latitude,Longitude,MannerofCollisionCode,YR,KABCO,KTC_RT,KTC_MP,Motorcyclist,Commercial Vehicle,Young Driver,Mature Driver,Pedestrian,Bicyclist,Distracted,Aggressive,Impaired,Unrestrained,Intersection,Roadway Departure,Median Cross-over,In City Limits?
Motor Vehicle,DAC,72501602,20200515,1152,5,NULL,DIXIE                                   ,W ,AVE  ,US0031W ,US0031W ,047 US-31W     ,US0031W                                        ,N,37.70162,-85.86837,5,2020,O,047-US-0031W -000,17.439,0,0,0,0,0,0,1,0,0,0,1,0,0,Y
Motor Vehicle,Non DAC,72501615,20200428,609,2,NULL,RING                                    ,NULL,RD   ,KY3005  ,KY3005  ,047 KY-3005    ,KY3005                                         ,N,37.71722,-85.90354,7,2020,O,047-KY-3005  -000,5.235,0,0,0,0,0,0,0,0,0,0,1,0,0,Y
Motor Vehicle,DAC,72502123,20200516,1107,6,NULL,MULBERRY                                ,N ,ST   ,US0062  ,US0062  ,047 US-62-10   ,US0062                                         ,N,37.70926,-85.83869,5,2020,O,047-US-0062  -000,19.541,0,0,0,0,0,0,1,0,0,0,0,0,0,Y
Motor Vehicle,DAC,72502328,20200514,1725,4,NULL,DIXIE                                   ,E ,AVE  ,US0031W ,US0031W ,047 US-31W     ,US0031W                                        ,N,37.6768,-85.84662,1,2020,O,047-US-0031W -000,15.284,0,0,0,1,0,0,1,1,0,0,0,0,0,Y
Motor Vehicle,DAC,72502384,20200518,1340,1,NULL,RING                                    ,NULL,RD   ,KY3005  ,KY3005  ,047 KY-3005    ,KY3005                                         ,N,37.73227,-85.84537,8,2020,O,047-KY-3005  -000,8.772,0,0,0,1,0,0,1,1,0,0,0,1,0,Y
Motor Vehicle,DAC,72502522,20200518,1329,1,NULL,MULBERRY                                ,N ,ST   ,US0062  ,US0062  ,047 US-62      ,US0062                                         ,N,37.71246,-85.83188,1,2020,B,047-US-0062  -000,19.976,0,0,0,0,0,0,1,0,0,0,1,0,0,Y
Motor Vehicle,DAC,72502985,20200519,1508,2,NULL,MULBERRY                                ,N ,ST   ,US0062  ,US0062  ,047 US-62      ,US0062                                         ,N,37.69412,-85.85921,5,2020,O,047-US-0062  -000,17.987,0,0,1,0,0,0,0,0,0,0,0,0,0,Y
Motor Vehicle,DAC,72503167,20200518,1620,1,NULL,DIXIE                                   ,N ,AVE  ,US0031W ,US0031W ,047 US-31W     ,US0031W                                        ,N,37.74082,-85.89022,5,2020,O,047-US-0031W -000,20.401,0,0,0,0,0,0,0,1,0,0,0,0,0,Y
Motor Vehicle,Non DAC,72503356,20200515,2220,5,892,HODGENVILLE                             ,NULL,RD   ,KY0210  ,KY0210  ,047 KY-210     ,KY0210                                         ,N,37.66191,-85.83449,7,2020,O,047-KY-0210  -000,1.021,0,0,0,0,0,0,0,0,0,0,0,1,0,Y
Motor Vehicle,DAC,72503371,20200514,1024,4,NULL,RING                                    ,NULL,RD   ,KY3005  ,KY3005  ,047 KY-3005    ,KY3005                                         ,N,37.71906,-85.83971,5,2020,B,047-KY-3005  -000,9.874,0,0,1,0,0,0,1,0,0,0,0,0,0,Y
Motor Vehicle,DAC,72503377,20200516,2330,6,216,CENTRAL                                 ,NULL,AVE  ,NULL,NULL,047 CS-1072    ,CS1072                                         ,N,37.694,-85.85456,7,2020,O,047-CS-1072  -000,0.168,0,0,0,0,0,0,1,0,0,0,0,0,0,Y
Motor Vehicle,Non DAC,72503382,20200521,732,4,NULL,PATRIOT                                 ,NULL,PKWY ,KY0361  ,KY0361  ,047 KY-361-10  ,KY0361                                         ,N,37.72271,-85.91104,9,2020,O,047-KY-0361  -000,2.385,0,0,1,0,0,0,0,0,0,0,0,1,0,Y
Motor Vehicle,DAC,72503470,20200520,1550,3,NULL,ST JOHN                                 ,NULL,RD   ,KY1357  ,KY1357  ,047 KY-1357    ,KY1357                                         ,N,37.70424,-85.87121,5,2020,O,047-KY-1357  -000,16.98,0,0,0,1,0,0,1,0,0,0,0,0,0,Y
Motor Vehicle,DAC,72503606,20200516,828,6,NULL,DIXIE                                   ,N ,AVE  ,US0031W ,US0031W ,047 US-31W-10  ,US0031W                                        ,N,37.73182,-85.88608,4,2020,O,047-US-0031W -000,19.754,0,0,0,0,0,0,0,0,0,0,0,0,0,Y
Motor Vehicle,DAC,72503679,20200520,1038,3,NULL,DIXIE                                   ,N ,AVE  ,US0031W ,US0031W ,047 US-31W-10  ,US0031W                                        ,N,37.72022,-85.88028,5,2020,O,047-US-0031W -000,18.848,0,0,0,1,0,0,1,0,1,0,0,0,0,Y
Motor Vehicle,DAC,72503829,20200522,1204,5,NULL,RING                                    ,NULL,RD   ,KY3005  ,KY3005  ,047 KY-3005    ,KY3005                                         ,N,37.72945,-85.88025,5,2020,O,047-KY-3005  -000,6.772,0,0,0,1,0,0,0,0,0,0,0,0,0,Y
Motor Vehicle,Non DAC,72504303,20200505,527,2,NULL,PARK                                    ,S ,RD   ,NULL,NULL,047 CS-1504    ,CS1504                                         ,N,37.67385,-85.8395,9,2020,O,047-CS-1504  -000,0.007,0,1,0,0,0,0,1,0,0,0,0,1,0,Y
Motor Vehicle,DAC,72504318,20200525,226,1,404,MAPLE                                   ,S ,ST   ,NULL,NULL,047 CS-1606    ,CS1606                                         ,N,37.69699,-85.86678,9,2020,O,047-CS-1606  -000,0.133,0,0,0,0,0,0,0,0,1,0,0,1,0,Y
Motor Vehicle,Non DAC,72508478,20200602,1224,2,NULL,ST JOHN                                 ,NULL,RD   ,KY1357  ,KY1357  ,047 KY-1357    ,KY1357                                         ,N,37.69466,-85.89575,9,2020,O,047-KY-1357  -000,15.463,0,0,1,0,0,0,1,0,0,0,0,1,0,Y
Motor Vehicle,Non DAC,72510068,20200611,938,4,NULL,RING                                    ,NULL,RD   ,KY3005  ,KY3005  ,047 KY-3005-10 ,KY3005                                         ,N,37.67164,-85.91202,1,2020,A,047-KY-3005  -000,1.915,0,0,0,0,0,0,1,1,0,0,1,0,0,N
Motor Vehicle,DAC,72510447,20200612,1728,5,NULL,DIXIE                                   ,N ,AVE  ,US0031W ,US0031W ,047 US-31W-10  ,US0031W                                        ,N,37.72821,-85.88421,1,2020,O,047-US-0031W -000,19.484,0,0,0,1,0,0,1,1,0,0,1,0,0,Y
Motor Vehicle,Non DAC,72510579,20200610,1725,3,NULL,PATRIOT                                 ,NULL,PKWY ,KY0361  ,KY0361  ,047 KY-361     ,KY0361                                         ,N,37.72757,-85.91682,5,2020,O,047-KY-0361  -000,2.832,0,0,0,1,0,0,0,0,0,0,0,0,0,Y
Motor Vehicle,Non DAC,72511424,20200615,1749,1,NULL,WALNUT                                  ,NULL,WAY  ,NULL,NULL,047 CR-1082A   ,CR1082A                                        ,N,37.753,-85.88996,7,2020,O,047-CR-1082A -000,0,0,0,1,0,0,0,1,0,0,0,1,0,0,Y
Motor Vehicle,DAC,72513168,20200620,2041,6,NULL,MULBERRY                                ,S ,ST   ,US0062  ,US0062  ,NULL,NULL,N,37.68511,-85.87201,9,2020,C,047-US-0062  -000,17.038,0,0,0,0,0,0,1,0,0,0,0,1,0,Y
Motor Vehicle,DAC,72513454,20200620,1730,6,NULL,DIXIE                                   ,N ,AVE  ,US0031W ,US0031W ,047 US-31W     ,US0031W                                        ,N,37.72826,-85.884,5,2020,O,047-US-0031W -000,19.475,0,0,0,0,0,0,1,1,0,0,0,0,0,Y
Motor Vehicle,Non DAC,72513714,20200622,1157,1,NULL,RING                                    ,NULL,RD   ,KY3005  ,KY3005  ,047 KY-3005    ,KY3005                                         ,N,37.72788,-85.88479,8,2020,O,047-KY-3005  -000,6.504,0,0,0,0,0,0,1,0,0,0,0,1,0,Y
Motor Vehicle,Non DAC,72514017,20200617,805,3,NULL,MULBERRY                                ,N ,ST   ,US0062  ,US0062  ,047 US-62-10   ,US0062                                         ,N,37.71475,-85.82757,4,2020,B,047-US-0062  -000,20.236,0,0,0,1,0,0,1,1,0,0,1,0,0,Y
Motor Vehicle,DAC,72514018,20200622,1028,1,NULL,DIXIE                                   ,N ,AVE  ,US0031W ,US0031W ,047 US-31W     ,US0031W                                        ,N,37.7326,-85.88614,1,2020,O,047-US-0031W -000,19.804,0,0,0,1,0,0,1,0,0,0,1,0,0,Y
Motor Vehicle,Non DAC,72514019,20200622,903,1,NULL,TOWNE                                   ,NULL,DR   ,NULL,NULL,047 CS-1448    ,CS1448                                         ,N,37.73242,-85.89164,8,2020,O,047-CS-1448  -000,0.287,0,0,0,0,0,0,0,0,0,0,0,1,0,Y
Motor Vehicle,DAC,72514578,20200621,1329,0,NULL,CARDINAL                                ,NULL,DR   ,KY0361  ,KY0361  ,047 KY-361     ,KY0361                                         ,N,37.7093,-85.87684,7,2020,O,047-KY-0361  -000,0.247,0,0,0,0,0,0,0,0,0,0,0,1,0,Y
Motor Vehicle,DAC,72514605,20200602,1411,2,NULL,MULBERRY                                ,N ,ST   ,US0062  ,US0062  ,047 US-62-10   ,US0062                                         ,N,37.70939,-85.83841,5,2020,O,047-US-0062  -000,19.544,0,0,0,0,0,0,0,0,0,0,0,0,0,Y
Motor Vehicle,DAC,72514606,20200607,1501,0,NULL,BUFFALO CREEK                           ,NULL,DR   ,NULL,NULL,047 CS-1431    ,CS1431                                         ,N,37.71352,-85.83281,1,2020,O,047-CS-1431  -000,0.092,0,0,1,0,0,0,0,1,0,0,0,0,0,Y
Motor Vehicle,DAC,72515011,20200620,1548,6,NULL,WK9001 E                                ,NULL,NULL,WK9001  ,WK9001  ,047 WK-9001    ,WK9001                                         ,N,37.66991,-85.84664,5,2020,O,047-WK-9001  -000,136.785,0,0,0,0,0,0,0,1,0,0,0,0,0,Y
Motor Vehicle,DAC,72515099,20200618,1751,4,NULL,31W                                     ,NULL,BYP  ,US0031WB,US0031WB,047 US-31WB    ,US0031WB                                       ,N,37.69228,-85.87202,5,2020,O,047-US-0031WB-000,1.374,0,0,1,0,0,0,0,0,0,0,1,0,0,Y
Motor Vehicle,DAC,72515100,20200619,1608,5,NULL,DIXIE                                   ,N ,AVE  ,US0031W ,US0031W ,047 US-31W     ,US0031W                                        ,N,37.73382,-85.88669,5,2020,O,047-US-0031W -000,19.886,0,0,0,1,0,0,0,0,0,0,1,0,0,Y
Motor Vehicle,DAC,72515101,20200620,2319,6,115,MANTLE                                  ,S ,AVE  ,NULL,NULL,047 CS-1120    ,CS1120                                         ,N,37.69941,-85.86936,3,2020,O,047-CS-1120  -000,0.14,0,0,0,1,0,0,0,0,0,0,0,1,0,Y
Motor Vehicle,DAC,72515102,20200621,1430,0,NULL,VETERANS                                ,NULL,WAY  ,NULL,NULL,047 CS-1683    ,CS1683                                         ,N,37.74105,-85.89074,5,2020,O,047-CS-1683  -000,1.231,0,0,0,1,0,0,0,0,0,0,1,0,0,Y
Motor Vehicle,DAC,72515193,20200626,1905,5,NULL,DIXIE                                   ,N ,AVE  ,US0031W ,US0031W ,047 US-31W     ,US0031W                                        ,N,37.72681,-85.88327,8,2020,O,047-US-0031W -000,19.37,0,0,0,0,0,0,1,0,0,0,0,1,0,Y
Motor Vehicle,Non DAC,72515260,20200626,1631,5,NULL,PETERSON                                ,NULL,DR   ,NULL,NULL,047 CS-1251    ,CS1251                                         ,N,37.68422,-85.91551,3,2020,O,047-CS-1251  -000,0.006,0,0,0,0,0,0,1,0,0,0,0,1,0,Y
Motor Vehicle,Non DAC,72515441,20200626,1604,5,NULL,TOWNE                                   ,NULL,DR   ,NULL,NULL,047 CS-1448    ,CS1448                                         ,N,37.73338,-85.88878,4,2020,O,047-CS-1448  -000,0.084,0,0,1,1,0,0,0,0,0,0,1,0,0,Y
Motor Vehicle,Non DAC,72515487,20200626,1428,5,NULL,RING                                    ,NULL,RD   ,KY3005  ,KY3005  ,047 KY-3005    ,KY3005                                         ,N,37.72683,-85.88849,5,2020,O,047-KY-3005  -000,6.295,0,0,0,0,0,0,0,1,0,0,0,0,0,Y
Motor Vehicle,DAC,72515593,20200620,958,6,NULL,DIXIE                                   ,E ,AVE  ,US0031W ,US0031W ,047 US-31W     ,US0031W                                        ,N,37.69266,-85.85732,5,2020,O,047-US-0031W -000,16.562,0,0,1,0,0,0,1,0,0,0,1,0,0,Y
Motor Vehicle,DAC,72515594,20200626,923,5,NULL,DIXIE                                   ,N ,AVE  ,US0031W ,US0031W ,047 US-31W-10  ,US0031W                                        ,N,37.70424,-85.87119,5,2020,O,047-US-0031W -000,17.677,0,0,0,1,0,0,1,0,0,0,1,0,0,Y
Motor Vehicle,DAC,72515805,20200627,3,6,NULL,MULBERRY                                ,N ,ST   ,US0062  ,US0062  ,047 US-62      ,US0062                                         ,N,37.695,-85.85841,1,2020,O,047-US-0062  -000,18.06,0,0,0,0,0,0,1,1,0,0,1,0,0,Y
Motor Vehicle,DAC,72515925,20200629,1027,1,NULL,PUBLIC                                  ,NULL,SQ   ,US0031W ,US0031W ,047 US-31W     ,US0031W                                        ,N,37.69317,-85.85777,2,2020,O,047-US-0031W -000,16.612,0,0,0,0,0,0,1,1,0,0,0,0,0,Y
Motor Vehicle,DAC,72516100,20200629,1903,1,NULL,RING                                    ,NULL,RD   ,KY3005  ,KY3005  ,NULL,NULL,N,37.72832,-85.884,8,2020,O,047-KY-3005  -000,6.549,0,0,0,1,0,0,1,0,0,0,1,0,0,Y
Motor Vehicle,Non DAC,72516196,20200629,1930,1,NULL,DIXIE                                   ,N ,AVE  ,US0031W ,US0031W ,047 US-31W     ,US0031W                                        ,N,37.74186,-85.89093,8,2020,O,047-US-0031W -000,20.485,0,0,1,0,0,0,1,0,0,0,0,1,0,Y
Motor Vehicle,DAC,72516276,20200629,1231,1,NULL,RING                                    ,NULL,RD   ,KY3005  ,KY3005  ,047 KY-3005    ,KY3005                                         ,N,37.7302,-85.8773,1,2020,O,047-KY-3005  -000,6.942,0,0,0,0,0,0,0,1,0,0,1,0,0,Y
Motor Vehicle,DAC,72516441,20200630,1603,2,NULL,DIXIE                                   ,N ,AVE  ,US0031W ,US0031W ,047 US-31W-10  ,US0031W                                        ,N,37.73353,-85.88684,5,2020,O,047-US-0031W -000,19.874,0,0,0,0,0,0,1,0,0,0,0,0,0,Y
Motor Vehicle,DAC,72516446,20200630,1539,2,NULL,ST JOHN                                 ,NULL,RD   ,KY1357  ,KY1357  ,047 KY-1357-10 ,KY1357                                         ,N,37.70077,-85.8807,1,2020,O,047-KY-1357  -000,16.398,0,0,0,0,0,0,1,1,0,0,0,0,0,Y
Motor Vehicle,Non DAC,72516503,20200616,1845,2,NULL,KENTUCKY                                ,NULL,DR   ,NULL,NULL,047 CR-1234A   ,CR1234A                                        ,N,37.67854,-85.90061,4,2020,O,047-CR-1234A -000,0.147,0,0,1,0,0,0,1,0,0,0,0,0,0,Y
Motor Vehicle,Non DAC,72516757,20200630,1730,2,NULL,RING                                    ,NULL,RD   ,KY3005  ,KY3005  ,047 KY-3005    ,KY3005                                         ,N,37.71772,-85.90321,5,2020,O,047-KY-3005  -000,5.274,0,0,0,0,0,0,1,0,0,0,0,0,0,Y
Motor Vehicle,DAC,72517081,20200702,1353,4,NULL,MULBERRY                                ,N ,ST   ,US0062  ,US0062  ,047 US-62-10   ,US0062                                         ,N,37.70458,-85.84676,1,2020,O,047-US-0062  -000,18.999,0,0,0,1,0,0,1,1,0,0,1,0,0,Y
Motor Vehicle,DAC,72517968,20200630,1909,2,913,DIXIE                                   ,N ,AVE  ,US0031W ,US0031W ,047 US-31W-10  ,US0031W                                        ,N,37.70904,-85.87441,5,2020,O,047-US-0031W -000,18.056,0,0,1,1,0,0,1,0,0,0,0,0,0,Y
Motor Vehicle,DAC,72518241,20200623,1130,2,NULL,DIXIE                                   ,W ,AVE  ,US0031W ,US0031W ,047 US-31W     ,US0031W                                        ,N,37.70214,-85.86892,5,2020,O,047-US-0031W -000,17.486,0,0,0,0,0,0,1,0,0,0,1,0,0,Y
Motor Vehicle,DAC,72518242,20200629,814,1,NULL,DIXIE                                   ,W ,AVE  ,US0031W ,US0031W ,047 US-31W     ,US0031W                                        ,N,37.6985,-85.86527,9,2020,C,047-US-0031W -000,17.165,0,0,0,0,0,0,1,0,1,0,1,0,0,Y
Motor Vehicle,DAC,72518243,20200701,1424,3,NULL,MILES                                   ,N ,ST   ,KY0251  ,KY0251  ,047 KY-251     ,KY0251                                         ,N,37.69707,-85.8619,1,2020,O,047-KY-0251  -000,0.091,0,0,0,0,0,0,1,0,0,0,1,0,0,Y
Motor Vehicle,DAC,72518339,20200702,1456,4,NULL,DIXIE                                   ,N ,AVE  ,US0031W ,US0031W ,047 US-31W-10  ,US0031W                                        ,N,37.72536,-85.8828,1,2020,O,047-US-0031W -000,19.268,0,0,0,1,0,0,1,0,0,0,0,0,0,Y
Motor Vehicle,DAC,72518479,20200706,1526,1,NULL,DIXIE                                   ,N ,AVE  ,US0031W ,US0031W ,047 US-31W-10  ,US0031W                                        ,N,37.73435,-85.88729,5,2020,O,047-US-0031W -000,19.956,0,0,1,0,0,0,1,0,0,0,0,0,0,Y
Motor Vehicle,DAC,72518651,20200706,1525,1,NULL,MULBERRY                                ,S ,ST   ,US0062  ,US0062  ,047 US-62      ,US0062                                         ,N,37.68117,-85.87687,7,2020,K,047-US-0062  -000,16.653,0,0,1,0,0,0,0,0,0,1,0,1,0,Y
Motor Vehicle,DAC,72519312,20200708,2043,3,NULL,DIXIE                                   ,E ,AVE  ,US0031W ,US0031W ,047 US-31W     ,US0031W                                        ,N,37.68387,-85.85078,9,2020,O,047-US-0031W -000,15.816,0,0,0,1,0,0,1,0,0,0,0,1,0,Y
Motor Vehicle,DAC,72519389,20200704,2342,6,NULL,DIXIE                                   ,N ,AVE  ,US0031W ,US0031W ,047 US-31W-10  ,US0031W                                        ,N,37.72828,-85.88415,8,2020,O,047-US-0031W -000,19.471,0,0,0,1,0,0,1,0,0,0,1,0,0,Y
Motor Vehicle,DAC,72520076,20200710,1721,5,NULL,RING                                    ,NULL,RD   ,KY3005  ,KY3005  ,047 KY-3005    ,KY3005                                         ,N,37.73076,-85.87541,5,2020,O,047-KY-3005  -000,7.055,0,0,0,0,0,0,1,0,0,0,0,0,0,Y
Motor Vehicle,Non DAC,72520089,20200711,1525,6,NULL,RING                                    ,NULL,RD   ,KY3005  ,KY3005  ,047 KY-3005    ,KY3005                                         ,N,37.72744,-85.88649,5,2020,O,047-KY-3005  -000,6.413,0,0,1,0,0,0,0,0,0,0,1,0,0,Y
Motor Vehicle,Non DAC,72520570,20200712,1248,0,NULL,MULBERRY                                ,N ,ST   ,US0062  ,US0062  ,047 US-62-10   ,US0062                                         ,N,37.71511,-85.82685,8,2020,O,047-US-0062  -000,20.283,0,0,1,1,0,0,0,0,0,0,0,1,0,Y
Motor Vehicle,DAC,72520579,20200713,921,1,NULL,DIXIE                                   ,E ,AVE  ,US0031W ,US0031W ,047 US-31W     ,US0031W                                        ,N,37.68889,-85.85401,2,2020,O,047-US-0031W -000,16.201,0,0,0,0,0,0,1,0,0,0,0,0,0,Y
Motor Vehicle,DAC,72520686,20200712,1414,0,NULL,DIXIE                                   ,N ,AVE  ,US0031W ,US0031W ,NULL,NULL,N,37.70475,-85.87166,5,2020,O,047-US-0031W -000,17.712,0,0,0,0,0,0,0,0,0,0,0,0,0,Y
Motor Vehicle,Non DAC,72520910,20200714,1330,2,NULL,RING                                    ,NULL,RD   ,KY3005  ,KY3005  ,047 KY-3005    ,KY3005                                         ,N,37.72312,-85.89632,8,2020,O,047-KY-3005  -000,5.796,0,0,1,0,0,0,0,1,0,0,0,1,0,Y
Motor Vehicle,Non DAC,72521465,20200715,1625,3,NULL,PATRIOT                                 ,NULL,PKWY ,KY0361  ,KY0361  ,NULL,NULL,N,37.71716,-85.9033,5,2020,O,047-KY-0361  -000,1.814,0,0,0,1,0,0,0,0,0,0,1,0,0,Y
Motor Vehicle,Non DAC,72521628,20200716,1245,4,NULL,MULBERRY                                ,N ,ST   ,US0062  ,US0062  ,047 US-62-10   ,US0062                                         ,N,37.7145,-85.82812,1,2020,O,047-US-0062  -000,20.188,0,0,0,1,0,0,0,1,0,0,1,0,0,Y
Motor Vehicle,DAC,72521683,20200715,1613,3,NULL,POPLAR                                  ,NULL,DR   ,NULL,NULL,047 CS-1021    ,CS1021                                         ,N,37.69781,-85.86332,3,2020,O,047-CS-1021  -000,0.068,0,0,0,0,0,0,1,1,0,0,0,0,0,Y
Motor Vehicle,DAC,72521706,20200716,1228,4,NULL,MULBERRY                                ,N ,ST   ,US0062  ,US0062  ,047 US-62      ,US0062                                         ,N,37.71315,-85.83042,1,2020,B,047-US-0062  -000,20.058,0,0,0,0,0,0,1,0,0,0,1,0,0,Y
Motor Vehicle,DAC,72522021,20200717,858,5,NULL,MILES                                   ,N ,ST   ,KY0251  ,KY0251  ,047 KY-251     ,KY0251                                         ,N,37.70343,-85.85646,9,2020,O,047-KY-0251  -000,0.619,0,0,0,0,0,0,0,0,0,0,0,1,0,Y
Motor Vehicle,DAC,72522022,20200717,1123,5,NULL,POPLAR                                  ,W ,ST   ,NULL,NULL,NULL,NULL,N,37.69865,-85.86342,5,2020,O,047-CS-1068  -000,0.473,0,0,0,1,0,0,0,0,0,0,0,0,0,Y
Motor Vehicle,DAC,72522027,20200717,1423,5,NULL,MULBERRY                                ,N ,ST   ,US0062  ,US0062  ,047 US-62-10   ,US0062                                         ,N,37.7122,-85.8327,5,2020,O,047-US-0062  -000,19.922,0,0,0,0,0,0,1,1,0,0,0,0,0,Y
Motor Vehicle,DAC,72522100,20200717,1827,5,NULL,MULBERRY                                ,N ,ST   ,US0062  ,US0062  ,047 US-62      ,US0062                                         ,N,37.69386,-85.85944,5,2020,O,047-US-0062  -000,17.965,0,0,1,0,0,0,1,0,0,0,0,0,0,Y
Motor Vehicle,Non DAC,72522117,20200717,1605,5,NULL,LEITCHFIELD                             ,NULL,RD   ,US0062  ,US0062  ,047 US-62-10   ,US0062                                         ,N,37.67683,-85.89924,8,2020,O,047-US-0062  -000,15.355,0,0,0,0,0,0,1,1,1,0,0,1,0,Y
Motor Vehicle,DAC,72522282,20200718,1150,6,NULL,COLLEGE STREET                          ,NULL,RD   ,NULL,NULL,NULL,NULL,N,37.69211,-85.87191,1,2020,O,047-CS-1124  -000,1.473,0,0,0,0,0,0,0,1,0,0,1,0,0,Y
Motor Vehicle,Non DAC,72522667,20200716,1156,4,NULL,DIXIE                                   ,N ,AVE  ,US0031W ,US0031W ,047 US-31W     ,US0031W                                        ,N,37.74837,-85.89392,8,2020,O,047-US-0031W -000,20.953,0,0,0,1,0,0,1,0,0,0,0,1,0,Y
Motor Vehicle,DAC,72522747,20200718,1730,6,NULL,HUCKABERRY                              ,NULL,ST   ,NULL,NULL,047 CS-1103B   ,CS1103B                                        ,N,37.68405,-85.86667,2,2020,O,047-CS-1103B -000,0.17,0,0,0,0,0,0,1,0,0,0,1,0,0,Y
Motor Vehicle,DAC,72522901,20200711,1050,6,NULL,COMMERCE                                ,NULL,DR   ,NULL,NULL,047 CS-1108    ,CS1108                                         ,N,37.71113,-85.83346,1,2020,O,047-CS-1108  -000,0.032,0,0,0,0,0,0,0,1,0,1,0,0,0,Y
Motor Vehicle,DAC,72522902,20200709,1344,4,NULL,DIXIE                                   ,W ,AVE  ,US0031W ,US0031W ,047 US-31W     ,US0031W                                        ,N,37.69597,-85.86313,5,2020,O,047-US-0031W -000,16.953,0,0,0,0,0,0,1,1,0,0,0,0,0,Y
Motor Vehicle,Non DAC,72523221,20200720,1507,1,NULL,NULL,NULL,NULL,I 0065  ,I 0065  ,NULL,NULL,N,37.71435,-85.82801,5,2020,O,047-I -0065  -512,0.025,0,0,0,1,0,0,0,1,0,0,0,0,0,Y
Motor Vehicle,DAC,72523267,20200715,1858,3,NULL,DIXIE                                   ,W ,AVE  ,US0031W ,US0031W ,047 US-31W     ,US0031W                                        ,N,37.69363,-85.85903,5,2020,O,047-US-0031W -000,16.68,0,0,0,1,0,0,0,1,0,0,0,0,0,Y
Motor Vehicle,Non DAC,72523321,20200721,1055,2,NULL,DIXIE                                   ,N ,AVE  ,US0031W ,US0031W ,047 US-31W-10  ,US0031W                                        ,N,37.74709,-85.89335,5,2020,O,047-US-0031W -000,20.874,0,0,0,0,0,0,1,0,0,0,0,0,0,Y
Motor Vehicle,DAC,72523506,20200720,1354,1,NULL,DIXIE                                   ,N ,AVE  ,US0031W ,US0031W ,047 US-31W     ,US0031W                                        ,N,37.72882,-85.88424,5,2020,O,047-US-0031W -000,19.518,0,0,0,1,0,0,1,1,0,0,0,0,0,Y
Motor Vehicle,DAC,72523559,20200722,1209,3,NULL,DOLPHIN                                 ,NULL,DR   ,NULL,NULL,047 CS-1430    ,CS1430                                         ,N,37.71005,-85.83739,5,2020,O,047-CS-1430  -000,0.024,0,0,0,0,0,0,1,1,0,0,0,0,0,Y
Motor Vehicle,Non DAC,72523800,20200717,1421,5,NULL,RING                                    ,NULL,RD   ,KY3005  ,KY3005  ,047 KY-3005    ,KY3005                                         ,N,37.72084,-85.8999,5,2020,O,047-KY-3005  -000,5.548,0,0,0,1,0,0,1,0,0,0,0,0,0,Y
Motor Vehicle,DAC,72523831,20200723,1027,4,NULL,MILES                                   ,N ,ST   ,KY0251  ,KY0251  ,047 KY-251     ,KY0251                                         ,N,37.69706,-85.86194,1,2020,O,047-KY-0251  -000,0.091,0,0,0,1,0,0,1,1,0,0,1,0,0,Y
Motor Vehicle,DAC,72523911,20200719,1156,0,211,DIECKS                                  ,NULL,DR   ,NULL,NULL,047 CS-1061    ,CS1061                                         ,N,37.7093,-85.87097,6,2020,O,047-CS-1061  -000,0.174,0,0,0,0,0,0,1,0,0,0,0,0,0,Y