Mode,Crash In Disadvantaged Community,MasterFile,CollisionDate,CollisionTime,CollisionDayWeekCode,RoadwayName_HouseBusinessNumber_,RoadwayName_RoadwayName_,RoadwayName_Direction_,RoadwayName_RoadwaySuffix_,RoadwayfromReport,CurrentRoadwayNumber,RSEUniqueGIS,RoadwayIdentifier,ParkingLotIndicator,Latitude,Longitude,MannerofCollisionCode,YR,KABCO,KTC_RT,KTC_MP,Motorcyclist,Commercial Vehicle,Young Driver,Mature Driver,Pedestrian,Bicyclist,Distracted,Aggressive,Impaired,Unrestrained,Intersection,Roadway Departure,Median Cross-over,In City Limits?
Motor Vehicle,DAC,72524303,20200319,1150,4,NULL,MULBERRY                                ,S ,ST   ,US0062  ,US0062  ,047 US-62      ,US0062                                         ,N,37.68988,-85.86464,1,2020,O,047-US-0062  -000,17.564,0,0,1,0,0,0,0,1,0,0,0,0,0,Y
Motor Vehicle,Non DAC,72524304,20200722,1246,3,NULL,LINCOLN                                 ,NULL,PKWY ,KY0061  ,KY0061  ,047 KY-61      ,KY0061                                         ,N,37.66975,-85.84587,5,2020,O,047-KY-0061  -000,5.275,0,0,1,0,0,0,1,0,0,0,0,0,0,Y
Motor Vehicle,DAC,72524448,20200723,1214,4,NULL,MILES                                   ,N ,ST   ,KY0251  ,KY0251  ,047 KY-251     ,KY0251                                         ,N,37.69705,-85.86188,1,2020,B,047-KY-0251  -000,0.09,0,0,0,0,0,0,1,0,0,0,1,0,0,Y
Motor Vehicle,DAC,72524450,20200724,650,5,NULL,31W                                     ,NULL,BYP  ,US0031WB,US0031WB,047 US-31WB-10 ,US0031WB                                       ,N,37.69924,-85.88139,5,2020,O,047-US-0031WB-000,2.093,0,0,1,0,0,0,1,0,0,0,0,0,0,Y
Motor Vehicle,DAC,72524451,20200724,1147,5,NULL,MULBERRY                                ,N ,ST   ,US0062  ,US0062  ,047 US-62-10   ,US0062                                         ,N,37.70969,-85.83774,5,2020,O,047-US-0062  -000,19.597,0,0,0,0,0,0,1,0,0,0,0,0,0,Y
Motor Vehicle,DAC,72524563,20200723,1159,4,NULL,31W                                     ,NULL,BYP  ,US0031WB,US0031WB,047 US-31WB-10 ,US0031WB                                       ,N,37.71891,-85.88054,5,2020,O,047-US-0031WB-000,3.711,0,0,0,1,0,0,0,0,0,0,1,0,0,Y
Motor Vehicle,DAC,72524564,20200725,630,6,NULL,31W                                     ,NULL,BYP  ,US0031WB,US0031WB,047 US-31WB-10 ,US0031WB                                       ,N,37.70024,-85.88204,5,2020,O,047-US-0031WB-000,2.17,0,0,0,0,0,0,0,0,0,0,0,0,0,Y
Motor Vehicle,DAC,72524587,20200725,924,6,NULL,31W                                     ,NULL,BYP  ,US0031WB,US0031WB,NULL,NULL,N,37.69197,-85.872,1,2020,O,047-US-0031WB-000,1.364,0,0,0,0,0,0,0,1,0,0,1,0,0,Y
Motor Vehicle,DAC,72524790,20200725,1442,6,NULL,DIXIE                                   ,N ,HWY  ,US0031W ,US0031W ,047 US-31W-10  ,US0031W                                        ,N,37.75969,-85.89912,5,2020,A,047-US-0031W -000,21.807,0,0,0,0,0,0,1,0,0,1,0,0,0,Y
Motor Vehicle,Non DAC,72524791,20200725,1632,6,NULL,MULBERRY                                ,N ,ST   ,US0062  ,US0062  ,047 US-62-10   ,US0062                                         ,N,37.71446,-85.82812,1,2020,B,047-US-0062  -000,20.196,0,0,0,0,0,0,1,0,0,0,1,0,0,Y
Motor Vehicle,Non DAC,72524920,20200726,1325,0,NULL,GREENWAY                                ,NULL,DR   ,NULL,NULL,NULL,NULL,N,37.67258,-85.83839,2,2020,O,047-CS-1505  -000,0.087,0,0,0,1,0,0,0,0,0,0,0,0,0,Y
Motor Vehicle,DAC,72525049,20200726,1718,0,NULL,HAYCRAFT                                ,NULL,ST   ,NULL,NULL,047 CS-1019    ,CS1019                                         ,N,37.69207,-85.85208,9,2020,O,047-CS-1019  -000,0.199,0,0,0,0,0,0,1,0,0,0,0,1,0,Y
Motor Vehicle,DAC,72525050,20200726,1737,0,NULL,DIXIE                                   ,N ,AVE  ,US0031W ,US0031W ,047 US-31W     ,US0031W                                        ,N,37.7332,-85.88671,1,2020,O,047-US-0031W -000,19.852,0,0,0,0,0,0,1,0,0,0,0,0,0,Y
Motor Vehicle,DAC,72525057,20200726,1550,0,NULL,31W                                     ,NULL,BYP  ,US0031WB,US0031WB,047 US-31WB    ,US0031WB                                       ,N,37.6921,-85.87191,1,2020,O,047-US-0031WB-000,1.377,0,0,0,0,0,0,0,1,0,0,1,0,0,Y
Motor Vehicle,Non DAC,72525099,20200723,1106,4,NULL,LEITCHFIELD                             ,NULL,RD   ,US0062  ,US0062  ,047 US-62-10   ,US0062                                         ,N,37.67872,-85.88151,1,2020,O,047-US-0062  -000,16.336,0,1,0,0,0,0,0,1,0,0,1,0,0,Y
Motor Vehicle,Non DAC,72525108,20200723,1421,4,NULL,RING                                    ,NULL,RD   ,KY3005  ,KY3005  ,047 KY-3005    ,KY3005                                         ,N,37.72536,-85.89146,1,2020,O,047-KY-3005  -000,6.102,0,0,0,0,0,0,1,1,0,0,1,0,0,Y
Motor Vehicle,Non DAC,72525383,20200722,1753,3,NULL,RING                                    ,NULL,RD   ,KY3005  ,KY3005  ,047 KY-3005    ,KY3005                                         ,N,37.7253,-85.89156,1,2020,O,047-KY-3005  -000,6.096,0,0,0,0,0,0,0,0,0,0,0,0,0,Y
Motor Vehicle,DAC,72525480,20200728,1045,2,NULL,MULBERRY                                ,N ,ST   ,US0062  ,US0062  ,047 US-62      ,US0062                                         ,N,37.7079,-85.84072,1,2020,O,047-US-0062  -000,19.391,0,0,0,1,0,0,1,1,0,0,1,0,0,Y
Motor Vehicle,DAC,72525720,20200727,1656,1,NULL,TUNNEL HILL                             ,NULL,RD   ,NULL,NULL,047 CS-1342    ,CS1342                                         ,N,37.73049,-85.84074,5,2020,O,047-CS-1342  -000,0.138,0,0,1,0,0,0,1,0,0,0,1,0,0,Y
Motor Vehicle,Non DAC,72525778,20200728,1538,2,NULL,PATRIOT                                 ,NULL,PKWY ,KY0361  ,KY0361  ,047 KY-361     ,KY0361                                         ,N,37.71725,-85.90319,5,2020,O,047-KY-0361  -000,1.814,0,0,0,0,0,0,1,0,0,0,0,0,0,Y
Motor Vehicle,DAC,72525989,20200728,2021,2,NULL,ST JOHN                                 ,NULL,RD   ,KY1357  ,KY1357  ,047 KY-1357    ,KY1357                                         ,N,37.70126,-85.87927,4,2020,O,047-KY-1357  -000,16.486,0,0,0,0,0,0,1,1,0,0,1,0,0,Y
Motor Vehicle,DAC,72526213,20200729,1549,3,NULL,DIXIE                                   ,N ,AVE  ,US0031W ,US0031W ,047 US-31W-10  ,US0031W                                        ,N,37.72742,-85.88383,8,2020,O,047-US-0031W -000,19.394,0,0,1,0,0,0,0,0,0,0,0,1,0,Y
Motor Vehicle,DAC,72526249,20200730,1144,4,NULL,RING                                    ,NULL,RD   ,KY3005  ,KY3005  ,047 KY-3005    ,KY3005                                         ,N,37.73296,-85.85334,5,2020,O,047-KY-3005  -000,8.324,0,0,0,0,0,0,1,0,0,0,0,0,0,Y
Motor Vehicle,DAC,72526250,20200730,1333,4,NULL,DIXIE                                   ,W ,AVE  ,US0031W ,US0031W ,047 US-31W     ,US0031W                                        ,N,37.70252,-85.86934,5,2020,O,047-US-0031W -000,17.521,0,0,1,0,0,0,0,1,0,0,0,0,0,Y
Motor Vehicle,DAC,72526349,20200721,1015,2,NULL,MILES                                   ,N ,ST   ,KY0251  ,KY0251  ,047 KY-251     ,KY0251                                         ,N,37.6971,-85.86196,1,2020,O,047-KY-0251  -000,0.089,0,0,0,1,0,0,0,1,0,0,1,0,0,Y
Motor Vehicle,Non DAC,72526350,20200730,1102,4,NULL,MULBERRY                                ,S ,ST   ,US0062  ,US0062  ,047 US-62-10   ,US0062                                         ,N,37.67875,-85.88152,3,2020,O,047-US-0062  -000,16.34,0,0,0,0,0,0,0,1,0,0,1,0,0,Y
Motor Vehicle,Non DAC,72526351,20200728,1318,2,NULL,TOWNE                                   ,NULL,CTR  ,NULL,NULL,047 PR-1010    ,PR1010                                         ,N,37.73121,-85.88658,8,2020,O,047-PR-1010  -000,0.247,0,0,0,0,0,0,0,1,0,0,0,1,0,Y
Motor Vehicle,Non DAC,72526447,20200730,1635,4,NULL,HODGENVILLE                             ,NULL,RD   ,KY0210  ,KY0210  ,047 KY-210     ,KY0210                                         ,N,37.66743,-85.83932,5,2020,O,047-KY-0210  -000,0.559,0,0,0,0,0,0,1,0,0,0,0,0,0,Y
Motor Vehicle,Non DAC,72526452,20200730,1742,4,NULL,PATRIOT                                 ,NULL,PKWY ,KY0361  ,KY0361  ,047 KY-361     ,KY0361                                         ,N,37.71719,-85.90311,5,2020,O,047-KY-0361  -000,1.805,0,0,0,0,0,0,1,0,0,0,0,0,0,Y
Motor Vehicle,DAC,72526661,20200731,1334,5,NULL,DIXIE                                   ,E ,AVE  ,US0031W ,US0031W ,047 US-31W     ,US0031W                                        ,N,37.68952,-85.85451,8,2020,O,047-US-0031W -000,16.29,0,0,0,0,0,0,0,0,0,0,0,1,0,Y
Motor Vehicle,DAC,72526699,20200731,1205,5,NULL,COLLEGE                                 ,NULL,ST   ,NULL,NULL,NULL,NULL,N,37.69154,-85.8618,5,2020,O,047-CS-1730  -000,0.592,0,0,0,0,0,0,1,1,0,0,1,0,0,Y
Motor Vehicle,Non DAC,72526917,20200718,1257,6,NULL,RING                                    ,NULL,RD   ,KY3005  ,KY3005  ,047 KY-3005    ,KY3005                                         ,N,37.71698,-85.90367,5,2020,O,047-KY-3005  -000,5.213,0,0,0,0,0,0,1,0,1,0,0,0,0,Y
Motor Vehicle,Non DAC,72526918,20200719,1009,0,NULL,RING                                    ,NULL,RD   ,KY3005  ,KY3005  ,047 KY-3005-10 ,KY3005                                         ,N,37.71751,-85.90319,5,2020,O,047-KY-3005  -000,5.257,0,0,0,0,0,0,1,0,0,0,0,0,0,Y
Motor Vehicle,DAC,72526919,20200724,724,5,NULL,DOLPHIN                                 ,NULL,DR   ,NULL,NULL,047 CS-1430    ,CS1430                                         ,N,37.71109,-85.83758,1,2020,O,047-CS-1430  -000,0.095,0,0,0,0,0,0,0,1,0,0,1,0,0,Y
Motor Vehicle,DAC,72526932,20200731,1445,5,NULL,DIXIE                                   ,N ,AVE  ,US0031W ,US0031W ,NULL,NULL,N,37.73933,-85.88936,5,2020,O,047-US-0031W -000,20.302,0,0,1,0,0,0,0,0,0,0,0,0,0,Y
Motor Vehicle,Non DAC,72526933,20200731,1335,5,NULL,RING                                    ,NULL,RD   ,KY3005  ,KY3005  ,NULL,NULL,N,37.72513,-85.89229,8,2020,O,047-KY-3005  -000,6.056,0,0,0,1,0,0,1,1,0,0,0,1,0,Y
Motor Vehicle,DAC,72527034,20200801,1405,6,NULL,DIXIE                                   ,W ,AVE  ,US0031W ,US0031W ,047 US-31W     ,US0031W                                        ,N,37.70089,-85.86761,1,2020,O,047-US-0031W -000,17.374,0,0,0,0,0,0,1,1,0,0,1,0,0,Y
Motor Vehicle,DAC,72527211,20200801,1110,6,NULL,DIXIE                                   ,E ,AVE  ,US0031W ,US0031W ,047 US-31W     ,US0031W                                        ,N,37.68881,-85.85398,5,2020,C,047-US-0031W -000,16.231,0,0,0,0,0,0,1,0,0,0,0,0,0,Y
Motor Vehicle,DAC,72527242,20200801,1106,6,NULL,RING                                    ,NULL,RD   ,KY3005  ,KY3005  ,NULL,NULL,N,37.73075,-85.8411,5,2020,O,047-KY-3005  -000,9.04,0,0,0,0,0,0,0,0,0,0,0,0,0,Y
Motor Vehicle,DAC,72527311,20200801,1709,6,NULL,DIXIE                                   ,N ,AVE  ,US0031W ,US0031W ,047 US-31W-10  ,US0031W                                        ,N,37.7324,-85.88629,5,2020,O,047-US-0031W -000,19.797,0,0,0,0,0,0,1,1,0,0,0,0,0,Y
Motor Vehicle,DAC,72527485,20200725,2128,6,NULL,MULBERRY                                ,S ,ST   ,US0062  ,US0062  ,047 US-62      ,US0062                                         ,N,37.69385,-85.85945,1,2020,O,047-US-0062  -000,17.964,0,0,0,0,0,0,1,0,0,0,1,0,0,Y
Motor Vehicle,DAC,72527539,20200731,825,5,NULL,MULBERRY                                ,N ,ST   ,US0062  ,US0062  ,047 US-62      ,US0062                                         ,N,37.70923,-85.83827,9,2020,O,047-US-0062  -000,19.544,0,0,1,0,0,0,0,0,0,0,0,1,0,Y
Motor Vehicle,DAC,72527540,20200731,1402,5,NULL,31W                                     ,NULL,BYP  ,US0031WB,US0031WB,047 US-31WB    ,US0031WB                                       ,N,37.70031,-85.88186,1,2020,O,047-US-0031WB-000,2.176,0,0,0,1,0,0,1,0,0,0,1,0,0,Y
Motor Vehicle,Non DAC,72527773,20200802,1808,0,NULL,TOWNE                                   ,NULL,CTR  ,NULL,NULL,047 PR-1010    ,PR1010                                         ,N,37.7317,-85.88682,8,2020,O,047-PR-1010  -000,0.283,0,0,0,0,0,0,1,0,0,0,0,1,0,Y
Motor Vehicle,DAC,72528143,20200801,1828,6,NULL,DIXIE                                   ,N ,AVE  ,US0031W ,US0031W ,047 US-31W-10  ,US0031W                                        ,N,37.73476,-85.8875,5,2020,C,047-US-0031W -000,19.999,0,0,0,1,0,0,1,0,0,0,0,0,0,Y
Motor Vehicle,DAC,72528144,20200803,1604,1,NULL,RING                                    ,NULL,RD   ,KY3005  ,KY3005  ,047 KY-3005    ,KY3005                                         ,N,37.73017,-85.8773,5,2020,O,047-KY-3005  -000,6.941,0,0,0,0,0,0,0,0,0,0,1,0,0,Y
Motor Vehicle,DAC,72528397,20200805,1409,3,NULL,DIXIE                                   ,N ,AVE  ,US0031W ,US0031W ,047 US-31W     ,US0031W                                        ,N,37.7301,-85.88488,5,2020,O,047-US-0031W -000,19.615,0,0,0,0,0,0,0,0,0,0,0,0,0,Y
Motor Vehicle,DAC,72528550,20200804,1516,2,NULL,MULBERRY                                ,N ,ST   ,US0062  ,US0062  ,047 US-62      ,US0062                                         ,N,37.70185,-85.8512,5,2020,O,047-US-0062  -000,18.685,0,0,0,1,0,0,1,0,0,0,0,0,0,Y
Motor Vehicle,Non DAC,72528578,20200805,2138,3,NULL,RING                                    ,NULL,RD   ,KY3005  ,KY3005  ,047 KY-3005-10 ,KY3005                                         ,N,37.70085,-85.90831,8,2020,O,047-KY-3005  -000,4.031,0,0,0,0,0,0,0,0,0,0,0,1,0,Y
Motor Vehicle,Non DAC,72528668,20200802,1020,0,NULL,HODGENVILLE                             ,NULL,RD   ,KY0210  ,KY0210  ,047 KY-210     ,KY0210                                         ,N,37.66716,-85.83901,9,2020,O,047-KY-0210  -000,0.583,0,0,0,0,0,0,0,0,0,0,0,1,0,Y
Motor Vehicle,DAC,72528709,20200806,954,4,NULL,DIXIE                                   ,N ,AVE  ,US0031W ,US0031W ,047 US-31W-10  ,US0031W                                        ,N,37.73318,-85.88668,5,2020,O,047-US-0031W -000,19.85,0,0,0,0,0,0,0,1,0,0,0,0,0,Y
Motor Vehicle,DAC,72528884,20200806,1802,4,NULL,SYCAMORE                                ,NULL,ST   ,NULL,NULL,047 CS-1026    ,CS1026                                         ,N,37.70318,-85.86627,4,2020,O,047-CS-1026  -000,0.158,0,0,0,0,0,0,1,1,0,0,0,0,0,Y
Motor Vehicle,DAC,72528885,20200806,1450,4,NULL,RING                                    ,NULL,RD   ,KY3005  ,KY3005  ,047 KY-3005    ,KY3005                                         ,N,37.73156,-85.87286,5,2020,C,047-KY-3005  -000,7.208,0,0,0,1,0,0,1,0,0,0,0,0,0,Y
Motor Vehicle,DAC,72528957,20200807,800,5,NULL,MANTLE                                  ,N ,AVE  ,NULL,NULL,NULL,NULL,N,37.70153,-85.86672,1,2020,O,047-CS-1025  -000,0.066,0,0,0,0,0,0,0,1,0,0,1,0,0,Y
Motor Vehicle,DAC,72528986,20200807,957,5,NULL,DIXIE                                   ,N ,AVE  ,US0031W ,US0031W ,047 US-31W-10  ,US0031W                                        ,N,37.71201,-85.8762,1,2020,O,047-US-0031W -000,18.282,0,0,0,1,0,0,1,0,0,0,0,0,0,Y
Motor Vehicle,DAC,72529018,20200807,1307,5,NULL,DIXIE                                   ,N ,AVE  ,US0031W ,US0031W ,047 US-31W-10  ,US0031W                                        ,N,37.73276,-85.88646,5,2020,O,047-US-0031W -000,19.822,0,0,0,0,0,0,1,1,0,0,0,0,0,Y
Motor Vehicle,DAC,72529033,20200731,1210,5,NULL,31W                                     ,NULL,BYP  ,US0031WB,US0031WB,047 US-31WB-10 ,US0031WB                                       ,N,37.70026,-85.88192,1,2020,B,047-US-0031WB-000,2.158,0,0,1,0,0,0,0,0,0,0,1,0,0,Y
Motor Vehicle,DAC,72529084,20200807,1554,5,NULL,MULBERRY                                ,N ,ST   ,US0062  ,US0062  ,047 US-62-10   ,US0062                                         ,N,37.71014,-85.83701,5,2020,O,047-US-0062  -000,19.644,0,0,1,0,0,0,1,1,0,0,0,0,0,Y
Motor Vehicle,Non DAC,72529093,20200806,1820,4,NULL,LINCOLN                                 ,NULL,PKWY ,KY0061  ,KY0061  ,NULL,NULL,N,37.6697,-85.84559,5,2020,O,047-KY-0061  -000,5.259,0,0,0,0,0,0,1,0,0,0,0,0,0,Y
Motor Vehicle,Non DAC,72529358,20200808,1247,6,NULL,TOWNE                                   ,NULL,CTR  ,NULL,NULL,047 PR-1010    ,PR1010                                         ,N,37.73239,-85.88716,1,2020,O,047-PR-1010  -000,0.325,0,0,1,0,0,0,1,1,0,0,0,0,0,Y
Motor Vehicle,DAC,72529615,20200808,1244,6,NULL,DIXIE                                   ,N ,AVE  ,US0031W ,US0031W ,NULL,NULL,N,37.73095,-85.88526,5,2020,O,047-US-0031W -000,19.68,0,0,0,0,0,0,0,0,0,0,0,0,0,Y
Motor Vehicle,DAC,72530038,20200803,1545,1,NULL,WESTPORT                                ,NULL,RD   ,NULL,NULL,047 CS-1573    ,CS1573                                         ,N,37.70071,-85.88062,5,2020,O,047-CS-1573  -000,0.553,0,0,0,1,0,0,1,0,0,0,1,0,0,Y
Motor Vehicle,Non DAC,72530167,20200809,2205,0,NULL,PATRIOT                                 ,NULL,PKWY ,KY0361  ,KY0361  ,047 KY-361     ,KY0361                                         ,N,37.71563,-85.90014,9,2020,O,047-KY-0361  -000,1.613,0,0,0,0,0,0,0,0,0,0,0,0,0,Y
Motor Vehicle,Non DAC,72530545,20200811,49,2,NULL,HODGENVILLE                             ,NULL,RD   ,KY0210  ,KY0210  ,NULL,NULL,N,37.66872,-85.83995,9,2020,O,047-KY-0210  -000,0.47,0,0,0,0,0,0,1,0,0,1,0,1,0,Y
Motor Vehicle,DAC,72530579,20200811,2009,2,NULL,MULBERRY                                ,N ,ST   ,US0062  ,US0062  ,047 US-62      ,US0062                                         ,N,37.70991,-85.83738,1,2020,O,047-US-0062  -000,19.609,0,0,0,0,0,0,0,1,0,0,0,0,0,Y
Motor Vehicle,DAC,72530874,20200812,1633,3,NULL,RING                                    ,NULL,RD   ,KY3005  ,KY3005  ,047 KY-3005    ,KY3005                                         ,N,37.73217,-85.84455,1,2020,O,047-KY-3005  -000,8.818,0,0,0,0,0,0,1,0,0,0,0,0,0,Y
Motor Vehicle,DAC,72531017,20200813,838,4,NULL,ST JOHN                                 ,NULL,RD   ,KY1357  ,KY1357  ,NULL,NULL,N,37.70423,-85.87126,5,2020,O,047-KY-1357  -000,16.978,0,0,0,0,0,0,0,0,0,0,1,0,0,Y
Motor Vehicle,DAC,72531113,20200812,941,3,NULL,DIXIE                                   ,N ,AVE  ,US0031W ,US0031W ,047 US-31W-10  ,US0031W                                        ,N,37.72825,-85.88423,1,2020,O,047-US-0031W -000,19.472,0,0,0,1,0,0,0,1,0,0,1,0,0,Y
Motor Vehicle,Non DAC,72531114,20200812,1251,3,NULL,COLLEGE ST RD                           ,NULL,NULL,NULL,NULL,047 CS-1124    ,CS1124                                         ,N,37.67917,-85.88178,5,2020,O,047-CS-1124  -000,0.041,0,0,0,0,0,0,1,0,0,0,0,0,0,Y
Motor Vehicle,Non DAC,72531120,20200813,1451,4,NULL,MULBERRY                                ,N ,ST   ,US0062  ,US0062  ,NULL,NULL,N,37.71497,-85.82735,9,2020,O,047-US-0062  -000,20.256,0,0,0,0,0,0,0,0,0,0,0,1,0,Y
Motor Vehicle,DAC,72531165,20200811,1503,2,NULL,MULBERRY                                ,S ,ST   ,US0062  ,US0062  ,047 US-62-10   ,US0062                                         ,N,37.68767,-85.86885,5,2020,O,047-US-0062  -000,17.286,0,0,0,1,0,0,1,0,0,0,0,0,0,Y
Motor Vehicle,DAC,72531223,20200812,1738,3,NULL,DIXIE                                   ,W ,AVE  ,US0031W ,US0031W ,047 US-31W     ,US0031W                                        ,N,37.69386,-85.85944,5,2020,O,047-US-0031W -000,16.702,0,0,1,0,0,0,1,0,0,0,1,0,0,Y
Motor Vehicle,Non DAC,72531224,20200813,1134,4,NULL,SPORTSMAN LAKE                          ,NULL,RD   ,NULL,NULL,047 CS-1520    ,CS1520                                         ,N,37.66642,-85.83871,5,2020,O,047-CS-1520  -000,0.827,0,0,0,0,0,0,1,0,0,0,0,0,0,Y
Motor Vehicle,DAC,72531319,20200813,1418,4,NULL,BEECH                                   ,NULL,ST   ,NULL,NULL,047 CS-1030    ,CS1030                                         ,N,37.70131,-85.8559,1,2020,O,047-CS-1030  -000,0.227,0,0,0,0,0,0,0,1,0,0,1,0,0,Y
Motor Vehicle,DAC,72531432,20200814,1403,5,NULL,MULBERRY                                ,N ,ST   ,US0062  ,US0062  ,047 US-62      ,US0062                                         ,N,37.70927,-85.83819,8,2020,O,047-US-0062  -000,19.564,0,0,0,0,0,0,1,0,0,0,0,1,0,Y
Motor Vehicle,DAC,72531771,20200814,1202,5,NULL,DIXIE                                   ,N ,AVE  ,US0031W ,US0031W ,NULL,NULL,N,37.72781,-85.88377,5,2020,O,047-US-0031W -000,19.443,0,0,0,0,0,0,0,0,0,0,0,0,0,Y
Motor Vehicle,DAC,72531793,20200814,954,5,NULL,DIXIE                                   ,N ,AVE  ,US0031W ,US0031W ,047 US-31W-10  ,US0031W                                        ,N,37.71782,-85.87909,1,2020,O,047-US-0031W -000,18.717,0,0,0,0,0,0,0,0,0,0,1,0,0,Y
Motor Vehicle,Non DAC,72531802,20200815,1327,6,NULL,RANDALL CASTEEL                         ,NULL,CT   ,NULL,NULL,047 CS-1742B   ,CS1742B                                        ,N,37.65176,-85.84998,8,2020,O,047-CS-1742B -000,0.092,0,0,0,1,0,0,0,0,0,0,0,0,0,Y
Motor Vehicle,DAC,72531839,20200813,1150,4,2002,CLEARVIEW                               ,NULL,DR   ,NULL,NULL,047 CS-1291    ,CS1291                                         ,N,37.74027,-85.88517,8,2020,O,047-CS-1291  -000,0.255,0,0,0,0,0,0,0,0,0,0,0,0,0,Y
Motor Vehicle,DAC,72531840,20200813,1436,4,NULL,MADISON                                 ,NULL,DR   ,NULL,NULL,047 CS-1384    ,CS1384                                         ,N,37.71913,-85.85011,1,2020,C,047-CS-1384  -000,0.001,0,0,0,0,0,0,1,0,0,0,1,0,0,Y
Motor Vehicle,Non DAC,72531841,20200814,750,5,NULL,RING                                    ,NULL,RD   ,KY3005  ,KY3005  ,047 KY-3005-10 ,KY3005                                         ,N,37.69101,-85.91305,7,2020,O,047-KY-3005  -000,3.223,0,0,0,0,0,0,0,0,0,0,0,1,1,Y
Motor Vehicle,Non DAC,72532030,20200813,1609,4,NULL,PATRIOT                                 ,NULL,PKWY ,KY0361  ,KY0361  ,047 KY-361-10  ,KY0361                                         ,N,37.71727,-85.90352,6,2020,C,047-KY-0361  -000,1.828,0,0,1,0,0,0,1,0,0,0,0,0,0,Y
Motor Vehicle,DAC,72532305,20200728,1516,2,NULL,RING                                    ,NULL,RD   ,KY3005  ,KY3005  ,047 KY-3005    ,KY3005                                         ,N,37.72813,-85.88425,8,2020,O,047-KY-3005  -000,6.534,0,0,0,0,0,0,0,1,0,0,0,1,0,Y
Motor Vehicle,DAC,72532356,20200817,752,1,NULL,US31W BYP N TURN LANE                   ,NULL,NULL,US0031WB,US0031WB,047 US-31WB-24 ,US0031WB                                       ,N,37.71887,-85.8798,5,2020,O,047-US-0031WB-024,0.039,0,0,0,0,0,0,1,0,0,0,0,0,0,Y
Motor Vehicle,DAC,72532610,20200817,1612,1,NULL,MILES                                   ,N ,ST   ,KY0251  ,KY0251  ,047 KY-251     ,KY0251                                         ,N,37.71162,-85.85291,1,2020,O,047-KY-0251  -000,1.189,0,0,0,1,0,0,1,1,0,0,1,0,0,Y
Motor Vehicle,Non DAC,72532611,20200817,1918,1,NULL,LEITCHFIELD                             ,NULL,RD   ,US0062  ,US0062  ,047 US-62-10   ,US0062                                         ,N,37.67496,-85.90388,1,2020,O,047-US-0062  -000,15.019,0,0,0,0,0,0,1,0,0,0,0,0,0,N
Motor Vehicle,DAC,72532654,20200813,1042,4,NULL,PIKE                                    ,NULL,ST   ,NULL,NULL,NULL,NULL,N,37.71581,-85.8568,2,2020,O,047-CS-1363  -000,0.066,0,0,0,0,0,0,0,0,0,0,0,0,0,Y
Motor Vehicle,DAC,72533029,20200818,1733,2,NULL,POPLAR                                  ,NULL,DR   ,NULL,NULL,047 CS-1021    ,CS1021                                         ,N,37.69789,-85.86327,2,2020,O,047-CS-1021  -000,0.073,0,0,0,0,0,0,1,0,0,0,0,0,0,Y
Motor Vehicle,DAC,72533138,20200818,1449,2,NULL,DIXIE                                   ,N ,AVE  ,US0031W ,US0031W ,047 US-31W     ,US0031W                                        ,N,37.7273,-85.88355,5,2020,O,047-US-0031W -000,19.402,0,0,0,0,0,0,1,0,0,0,1,0,0,Y
Motor Vehicle,DAC,72533216,20200818,1632,2,NULL,31W                                     ,NULL,BYP  ,US0031WB,US0031WB,047 US-31WB-10 ,US0031WB                                       ,N,37.69415,-85.87546,5,2020,O,047-US-0031WB-000,1.61,0,0,0,0,0,0,1,0,0,0,0,0,0,Y
Motor Vehicle,DAC,72533330,20200731,2002,5,NULL,NULL,NULL,NULL,I 0065  ,I 0065  ,NULL,NULL,N,37.71334,-85.83067,5,2020,O,047-I -0065  -531,0.251,0,0,1,0,0,0,1,0,0,0,0,0,0,Y