Mode,Crash In Disadvantaged Community,MasterFile,CollisionDate,CollisionTime,CollisionDayWeekCode,RoadwayName_HouseBusinessNumber_,RoadwayName_RoadwayName_,RoadwayName_Direction_,RoadwayName_RoadwaySuffix_,RoadwayfromReport,CurrentRoadwayNumber,RSEUniqueGIS,RoadwayIdentifier,ParkingLotIndicator,Latitude,Longitude,MannerofCollisionCode,YR,KABCO,KTC_RT,KTC_MP,Motorcyclist,Commercial Vehicle,Young Driver,Mature Driver,Pedestrian,Bicyclist,Distracted,Aggressive,Impaired,Unrestrained,Intersection,Roadway Departure,Median Cross-over,In City Limits?
Motor Vehicle,Non DAC,72534218,20200822,1103,6,NULL,TOWNE                                   ,NULL,DR   ,NULL,NULL,047 CS-1448    ,CS1448                                         ,N,37.73265,-85.89132,1,2020,O,047-CS-1448  -000,0.239,0,0,0,0,0,0,1,0,0,0,0,0,0,Y
Motor Vehicle,DAC,72534308,20200822,900,6,NULL,DOLPHIN                                 ,NULL,DR   ,NULL,NULL,047 CS-1430    ,CS1430                                         ,N,37.71108,-85.83762,1,2020,O,047-CS-1430  -000,0.094,0,0,0,0,0,0,0,1,0,0,1,0,0,Y
Motor Vehicle,DAC,72534819,20200819,1138,3,NULL,US31W BYP S TURN LANE                   ,NULL,NULL,US0031WB,US0031WB,047 US-31WB-23 ,US0031WB                                       ,N,37.69986,-85.88187,5,2020,O,047-US-0031WB-023,0.032,0,0,0,0,0,0,0,0,0,0,1,0,0,Y
Motor Vehicle,Non DAC,72534927,20200824,1358,1,NULL,RING                                    ,NULL,RD   ,KY3005  ,KY3005  ,NULL,NULL,N,37.72687,-85.88846,4,2020,O,047-KY-3005  -000,6.298,0,0,0,0,0,0,1,1,0,0,0,0,0,Y
Motor Vehicle,DAC,72535474,20200825,1657,2,NULL,RING                                    ,NULL,RD   ,KY3005  ,KY3005  ,047 KY-3005    ,KY3005                                         ,N,37.72867,-85.88294,1,2020,O,047-KY-3005  -000,6.614,0,0,0,0,0,0,0,1,0,0,0,0,0,Y
Motor Vehicle,DAC,72535591,20200826,1123,3,NULL,WALMART                                 ,NULL,DR   ,NULL,NULL,047 CS-1558    ,CS1558                                         ,N,37.73143,-85.88494,8,2020,O,047-CS-1558  -000,0.049,0,0,1,0,0,0,1,0,0,0,0,1,0,Y
Motor Vehicle,DAC,72535629,20200826,1112,3,NULL,DIXIE                                   ,N ,AVE  ,US0031W ,US0031W ,047 US-31W-10  ,US0031W                                        ,N,37.74031,-85.89021,8,2020,O,047-US-0031W -000,20.378,0,0,1,0,0,0,0,1,0,0,0,1,0,Y
Motor Vehicle,DAC,72535725,20200826,1558,3,NULL,DIXIE                                   ,E ,AVE  ,US0031W ,US0031W ,NULL,NULL,N,37.67936,-85.84809,5,2020,O,047-US-0031W -000,15.48,0,0,0,0,0,0,1,1,0,0,0,0,0,Y
Motor Vehicle,DAC,72535923,20200808,1340,6,NULL,RING                                    ,NULL,RD   ,KY3005  ,KY3005  ,047 KY-3005    ,KY3005                                         ,N,37.73386,-85.86179,2,2020,O,047-KY-3005  -000,7.845,0,1,0,0,0,0,1,0,0,0,0,0,0,Y
Motor Vehicle,DAC,72536299,20200828,1040,5,NULL,DIECKS                                  ,NULL,DR   ,NULL,NULL,047 CS-1061    ,CS1061                                         ,N,37.70878,-85.86811,6,2020,O,047-CS-1061  -000,0.335,0,0,1,0,0,0,1,0,0,0,0,0,0,Y
Motor Vehicle,DAC,72536897,20200824,1100,1,NULL,RING                                    ,NULL,RD   ,KY3005  ,KY3005  ,047 KY-3005    ,KY3005                                         ,N,37.72862,-85.88308,8,2020,O,047-KY-3005  -000,6.605,0,0,1,0,0,0,1,0,0,0,1,0,0,Y
Motor Vehicle,Non DAC,72536898,20200825,1131,2,407,TRICIA                                  ,NULL,LN   ,NULL,NULL,047 CS-1266    ,CS1266                                         ,N,37.68631,-85.88062,9,2020,O,047-CS-1266  -000,0.169,0,0,0,1,0,0,1,0,0,0,0,0,0,Y
Motor Vehicle,DAC,72537079,20200817,945,1,NULL,US31W BYP N TURN LANE FROM  COLLEGE ST W,NULL,NULL,US0031WB,US0031WB,047 US-31WB-27 ,US0031WB                                       ,N,37.69225,-85.87198,5,2020,O,047-US-0031WB-027,0.021,0,0,0,0,0,0,1,1,0,0,0,0,0,Y
Motor Vehicle,Non DAC,72537080,20200820,655,4,NULL,RING                                    ,NULL,RD   ,KY3005  ,KY3005  ,047 KY-3005    ,KY3005                                         ,N,37.69,-85.91365,5,2020,O,047-KY-3005  -000,3.226,0,0,0,0,0,0,0,0,0,0,0,0,0,Y
Motor Vehicle,DAC,72537081,20200821,1400,5,NULL,DIXIE                                   ,N ,AVE  ,US0031W ,US0031W ,047 US-31W     ,US0031W                                        ,N,37.7298,-85.88476,5,2020,O,047-US-0031W -000,19.594,0,0,1,0,0,0,0,1,0,0,0,0,0,Y
Motor Vehicle,Non DAC,72537082,20200821,1415,5,NULL,TOWNE                                   ,NULL,DR   ,NULL,NULL,047 CS-1448    ,CS1448                                         ,N,37.73351,-85.88854,1,2020,O,047-CS-1448  -000,0.094,0,0,0,0,0,0,0,0,0,0,0,0,0,Y
Motor Vehicle,Non DAC,72537446,20200831,1515,1,NULL,ST JOHN                                 ,NULL,RD   ,KY1357  ,KY1357  ,047 KY-1357    ,KY1357                                         ,N,37.69857,-85.88636,5,2020,O,047-KY-1357  -000,16.054,0,0,0,0,0,0,1,0,0,0,0,0,0,Y
Motor Vehicle,DAC,72537521,20200831,1627,1,NULL,US31W BYP N TURN LANE                   ,NULL,NULL,US0031WB,US0031WB,047 US-31WB-24 ,US0031WB                                       ,N,37.71888,-85.87993,5,2020,O,047-US-0031WB-024,0.032,0,0,1,0,0,0,1,0,0,0,0,0,0,Y
Motor Vehicle,DAC,72537526,20200831,1857,1,NULL,DIXIE                                   ,N ,AVE  ,US0031W ,US0031W ,047 US-31W-10  ,US0031W                                        ,N,37.72876,-85.88447,5,2020,O,047-US-0031W -000,19.524,0,0,0,0,0,0,0,0,0,0,0,0,0,Y
Motor Vehicle,DAC,72537771,20200901,1743,2,NULL,DIXIE                                   ,E ,AVE  ,US0031W ,US0031W ,NULL,NULL,N,37.68492,-85.85126,1,2020,O,047-US-0031W -000,15.896,0,0,0,1,0,0,1,1,0,0,0,0,0,Y
Motor Vehicle,DAC,72537804,20200901,1337,2,NULL,MAIN                                    ,N ,ST   ,NULL,NULL,047 CS-1320    ,CS1320                                         ,N,37.70318,-85.84493,2,2020,O,047-CS-1320  -000,0.995,0,0,0,0,0,0,1,0,0,0,0,0,0,Y
Motor Vehicle,DAC,72537964,20200829,1410,6,NULL,RING                                    ,NULL,RD   ,KY3005  ,KY3005  ,047 KY-3005-10 ,KY3005                                         ,N,37.72833,-85.88393,5,2020,O,047-KY-3005  -000,6.548,0,0,0,0,0,0,1,1,0,0,1,0,0,Y
Motor Vehicle,DAC,72538064,20200902,1406,3,NULL,DIXIE                                   ,E ,AVE  ,US0031W ,US0031W ,047 US-31W     ,US0031W                                        ,N,37.6833,-85.85034,1,2020,O,047-US-0031W -000,15.769,0,0,0,1,0,0,0,1,0,0,1,0,0,Y
Motor Vehicle,DAC,72538079,20200902,1443,3,NULL,DIXIE                                   ,N ,AVE  ,US0031W ,US0031W ,047 US-31W     ,US0031W                                        ,N,37.71488,-85.87735,5,2020,O,047-US-0031W -000,18.491,0,0,0,0,0,0,1,1,0,0,0,0,0,Y
Motor Vehicle,DAC,72538191,20200902,1355,3,NULL,STRAWBERRY                              ,NULL,ALY  ,NULL,NULL,047 CS-1060    ,CS1060                                         ,N,37.69342,-85.8601,9,2020,O,047-CS-1060  -000,0.588,0,0,0,0,0,0,0,0,0,0,0,1,0,Y
Motor Vehicle,DAC,72538317,20200902,1125,3,NULL,DIXIE                                   ,N ,AVE  ,US0031W ,US0031W ,NULL,NULL,N,37.71553,-85.87767,1,2020,C,047-US-0031W -000,18.54,0,0,0,1,0,0,0,1,0,0,0,0,0,Y
Motor Vehicle,Non DAC,72538743,20200903,1626,4,NULL,KY1600                                  ,NULL,NULL,KY1600  ,KY1600  ,047 KY-1600    ,KY1600                                         ,N,37.72759,-85.91681,5,2020,O,047-KY-1600  -000,0.009,0,0,0,0,0,0,1,0,0,0,1,0,0,Y
Motor Vehicle,Non DAC,72538822,20200830,1352,0,NULL,KY1600                                  ,NULL,NULL,KY1600  ,KY1600  ,047 KY-1600    ,KY1600                                         ,N,37.72759,-85.91677,5,2020,O,047-KY-1600  -000,0.01,0,0,0,1,0,0,0,1,0,0,1,0,0,Y
Motor Vehicle,DAC,72539540,20200903,1109,4,NULL,MANTLE                                  ,N ,AVE  ,NULL,NULL,047 CS-1025    ,CS1025                                         ,N,37.70688,-85.85989,1,2020,O,047-CS-1025  -000,0.592,0,0,0,0,0,0,0,1,0,0,1,0,0,Y
Motor Vehicle,DAC,72540009,20200907,1929,1,NULL,WHITEHALL                               ,NULL,ST   ,NULL,NULL,047 CS-1577    ,CS1577                                         ,N,37.6977,-85.86969,2,2020,O,047-CS-1577  -000,0.064,0,0,1,0,0,0,1,0,0,0,0,0,0,Y
Motor Vehicle,DAC,72540091,20200908,817,2,NULL,MILES                                   ,N ,ST   ,KY0251  ,KY0251  ,047 KY-251     ,KY0251                                         ,N,37.69588,-85.86298,1,2020,O,047-KY-0251  -000,0,0,0,0,1,0,0,0,0,0,0,1,0,0,Y
Motor Vehicle,DAC,72540885,20200905,1247,6,NULL,DIXIE                                   ,W ,AVE  ,US0031W ,US0031W ,047 US-31W     ,US0031W                                        ,N,37.70424,-85.8712,4,2020,B,047-US-0031W -000,17.677,0,0,0,1,0,0,0,1,0,0,1,0,0,Y
Motor Vehicle,DAC,72541225,20200909,735,3,NULL,MAIN                                    ,N ,ST   ,NULL,NULL,047 CS-1320    ,CS1320                                         ,N,37.70482,-85.84317,1,2020,O,047-CS-1320  -000,1.139,0,0,1,0,0,0,1,0,0,0,1,0,0,Y
Motor Vehicle,DAC,72542405,20200831,1351,1,NULL,MILES                                   ,N ,ST   ,KY0251  ,KY0251  ,047 KY-251     ,KY0251                                         ,N,37.71163,-85.85292,1,2020,O,047-KY-0251  -000,1.19,0,0,0,0,0,0,1,1,0,0,1,0,0,Y
Motor Vehicle,DAC,72542406,20200902,809,3,NULL,DIXIE                                   ,E ,AVE  ,US0031W ,US0031W ,047 US-31W     ,US0031W                                        ,N,37.67002,-85.84641,5,2020,O,047-US-0031W -000,14.817,0,0,0,0,0,0,1,0,0,0,0,0,0,Y
Motor Vehicle,DAC,72542943,20200915,1551,2,NULL,DIXIE                                   ,N ,AVE  ,US0031W ,US0031W ,047 US-31W-10  ,US0031W                                        ,N,37.72842,-85.88431,5,2020,O,047-US-0031W -000,19.465,0,0,0,1,0,0,1,0,0,0,0,0,0,Y
Motor Vehicle,Non DAC,72542944,20200909,1652,3,NULL,LEITCHFIELD                             ,NULL,RD   ,US0062  ,US0062  ,047 US-62-10   ,US0062                                         ,N,37.67541,-85.90277,5,2020,O,047-US-0062  -000,15.115,0,0,0,0,0,0,1,0,0,0,0,0,0,N
Motor Vehicle,DAC,72542955,20200916,1838,3,NULL,DIXIE                                   ,N ,AVE  ,US0031W ,US0031W ,047 US-31W-10  ,US0031W                                        ,N,37.70919,-85.87455,1,2020,O,047-US-0031W -000,18.068,0,0,0,0,0,0,1,0,0,0,0,0,0,Y
Motor Vehicle,DAC,72544117,20200920,1231,0,NULL,MULBERRY                                ,N ,ST   ,US0062  ,US0062  ,NULL,NULL,N,37.71261,-85.83188,5,2020,O,047-US-0062  -000,19.981,0,0,0,1,0,0,0,0,0,0,0,0,0,Y
Motor Vehicle,Non DAC,72545837,20200925,1509,5,NULL,DIXIE                                   ,S ,HWY  ,US0031W ,US0031W ,047 US-31W     ,US0031W                                        ,N,37.66132,-85.84845,2,2020,O,047-US-0031W -000,14.211,0,0,0,0,0,0,1,0,0,0,0,0,0,Y
Motor Vehicle,DAC,72545995,20200925,1512,5,NULL,DIXIE                                   ,N ,AVE  ,US0031W ,US0031W ,047 US-31W-10  ,US0031W                                        ,N,37.70894,-85.87436,5,2020,O,047-US-0031W -000,18.048,0,0,0,0,0,0,1,0,0,0,0,0,0,Y
Motor Vehicle,DAC,72546191,20200925,1423,5,NULL,DIXIE                                   ,N ,AVE  ,US0031W ,US0031W ,047 US-31W     ,US0031W                                        ,N,37.73391,-85.88677,5,2020,O,047-US-0031W -000,19.881,0,0,0,1,0,0,1,0,0,0,0,0,0,Y
Motor Vehicle,Non DAC,72546325,20200927,705,0,NULL,PARK                                    ,W ,RD   ,NULL,NULL,047 CS-1542    ,CS1542                                         ,N,37.68871,-85.90649,9,2020,O,047-CS-1542  -000,1.236,0,0,1,0,0,0,0,1,0,0,0,1,0,Y
Motor Vehicle,DAC,72546700,20200928,1257,1,NULL,31W                                     ,NULL,BYP  ,US0031WB,US0031WB,047 US-31WB    ,US0031WB                                       ,N,37.69203,-85.87179,1,2020,B,047-US-0031WB-000,1.369,0,0,0,0,0,0,1,0,0,0,1,0,0,Y
Motor Vehicle,DAC,72547264,20200924,1554,4,309,POPLAR                                  ,E ,ST   ,NULL,NULL,047 CS-1002    ,CS1002                                         ,N,37.69263,-85.85192,9,2020,O,047-CS-1002  -000,0.096,0,0,0,0,0,0,0,0,0,0,0,1,0,Y
Motor Vehicle,DAC,72547489,20200928,1237,1,NULL,DIXIE                                   ,N ,AVE  ,US0031W ,US0031W ,047 US-31W     ,US0031W                                        ,N,37.72761,-85.88364,8,2020,O,047-US-0031W -000,19.428,0,0,0,1,0,0,0,1,0,0,0,1,0,Y
Motor Vehicle,DAC,72547490,20200927,1427,0,NULL,DIXIE                                   ,N ,AVE  ,US0031W ,US0031W ,047 US-31W     ,US0031W                                        ,N,37.70882,-85.87401,4,2020,B,047-US-0031W -000,18.032,0,0,0,0,0,0,0,1,0,0,1,0,0,Y
Motor Vehicle,DAC,72549609,20200620,2129,6,NULL,PUBLIC                                  ,NULL,SQ   ,US0031W ,US0031W ,047 US-31W-1   ,US0031W                                        ,N,37.69283,-85.85805,9,2020,O,047-US-0031W -001,16.609,0,0,0,0,0,0,1,0,1,0,0,1,0,Y
Motor Vehicle,DAC,72549611,20200705,133,0,1501,OXFORD                                  ,NULL,CT   ,NULL,NULL,047 CS-1351    ,CS1351                                         ,N,37.7195,-85.84539,9,2020,O,047-CS-1351  -000,0.003,0,0,0,0,0,0,0,1,0,0,1,0,0,Y
Motor Vehicle,Non DAC,72549612,20200716,39,4,NULL,RING                                    ,NULL,RD   ,KY3005  ,KY3005  ,NULL,NULL,N,37.67167,-85.91212,5,2020,O,047-KY-3005  -000,1.916,0,0,0,0,0,0,1,0,0,0,1,0,0,N
Motor Vehicle,DAC,72549613,20200729,47,3,NULL,CRUTCHER                                ,E ,ST   ,NULL,NULL,047 CS-1004    ,CS1004                                         ,N,37.69387,-85.85219,9,2020,O,047-CS-1004  -000,0.011,0,0,0,0,0,0,0,0,1,0,0,1,0,Y
Motor Vehicle,Non DAC,72549614,20200822,2112,6,NULL,PATRIOT                                 ,NULL,PKWY ,KY0361  ,KY0361  ,047 KY-361     ,KY0361                                         ,N,37.71712,-85.9029,8,2020,O,047-KY-0361  -000,1.793,0,0,0,0,0,0,1,0,0,0,0,1,0,Y
Motor Vehicle,DAC,72549615,20200924,2046,4,NULL,DIXIE                                   ,N ,AVE  ,US0031W ,US0031W ,047 US-31W-10  ,US0031W                                        ,N,37.70437,-85.87131,5,2020,O,047-US-0031W -000,17.685,0,0,1,0,0,0,1,0,0,0,0,0,0,Y
Motor Vehicle,Non DAC,72549616,20200928,2004,1,NULL,RING                                    ,NULL,RD   ,KY3005  ,KY3005  ,047 KY-3005    ,KY3005                                         ,N,37.71739,-85.90329,8,2020,O,047-KY-3005  -000,5.251,0,0,0,0,0,0,1,0,0,0,0,1,0,Y
Motor Vehicle,Non DAC,72549617,20200929,1956,2,NULL,HUTCHERSON                              ,NULL,LN   ,NULL,NULL,047 CR-1008    ,CR1008                                         ,N,37.7241,-85.91242,7,2020,O,047-CR-1008  -000,0.025,0,0,0,0,0,0,0,0,0,0,0,1,0,Y
Motor Vehicle,DAC,72549618,20201003,1612,6,NULL,MAIN                                    ,N ,ST   ,NULL,NULL,NULL,NULL,N,37.69575,-85.85551,1,2020,O,047-CS-1320  -000,0.216,0,0,1,0,0,0,1,0,0,0,1,0,0,Y
Motor Vehicle,DAC,72549633,20201006,49,2,604,PEAR ORCHARD                            ,NW,RD   ,NULL,NULL,047 CS-1297    ,CS1297                                         ,N,37.74862,-85.87358,9,2020,O,047-CS-1297  -000,0.008,0,0,0,0,0,0,0,0,1,1,0,1,0,Y
Motor Vehicle,Non DAC,72549742,20201006,1145,2,NULL,ST JOHN                                 ,NULL,RD   ,KY1357  ,KY1357  ,047 KY-1357    ,KY1357                                         ,N,37.69722,-85.88964,1,2020,O,047-KY-1357  -000,15.846,0,0,0,1,0,0,1,0,0,0,0,0,0,Y
Motor Vehicle,DAC,72550057,20201002,1127,5,NULL,DIXIE                                   ,N ,AVE  ,US0031W ,US0031W ,047 US-31W     ,US0031W                                        ,N,37.72732,-85.88356,1,2020,B,047-US-0031W -000,19.401,0,0,1,0,0,0,1,1,0,0,1,0,0,Y
Motor Vehicle,DAC,72550063,20201007,1154,3,NULL,DIXIE                                   ,N ,AVE  ,US0031W ,US0031W ,047 US-31W     ,US0031W                                        ,N,37.72794,-85.8838,5,2020,O,047-US-0031W -000,19.452,0,0,0,0,0,0,0,1,0,0,0,0,0,Y
Motor Vehicle,DAC,72550079,20201007,1224,3,NULL,RING                                    ,NULL,RD   ,KY3005  ,KY3005  ,047 KY-3005    ,KY3005                                         ,N,37.71117,-85.83984,1,2020,O,047-KY-3005  -000,10.424,0,0,0,1,0,0,1,1,0,0,1,0,0,Y
Motor Vehicle,Non DAC,72550266,20201007,1624,3,NULL,RING                                    ,NULL,RD   ,KY3005  ,KY3005  ,047 KY-3005-10 ,KY3005                                         ,N,37.7256,-85.89123,5,2020,O,047-KY-3005  -000,6.123,0,0,1,0,0,0,0,1,0,0,0,0,0,Y
Motor Vehicle,DAC,72550336,20201008,813,4,NULL,MULBERRY                                ,S ,ST   ,US0062  ,US0062  ,047 US-62      ,US0062                                         ,N,37.69207,-85.86092,9,2020,O,047-US-0062  -000,17.81,0,0,1,0,0,0,0,0,0,0,0,1,0,Y
Motor Vehicle,DAC,72550370,20201007,1335,3,NULL,DIXIE                                   ,N ,AVE  ,US0031W ,US0031W ,047 US-31W-10  ,US0031W                                        ,N,37.7267,-85.88348,1,2020,O,047-US-0031W -000,19.365,0,0,1,0,0,0,0,1,0,0,0,0,0,Y
Motor Vehicle,DAC,72550435,20201004,1419,0,NULL,RING                                    ,NULL,RD   ,KY3005  ,KY3005  ,047 KY-3005    ,KY3005                                         ,N,37.72968,-85.87932,5,2020,O,047-KY-3005  -000,6.827,0,0,0,0,0,0,1,0,0,0,0,0,0,Y
Motor Vehicle,DAC,72550532,20200930,1655,3,NULL,MULBERRY                                ,S ,ST   ,US0062  ,US0062  ,047 US-62      ,US0062                                         ,N,37.6806,-85.87757,5,2020,O,047-US-0062  -000,16.597,0,0,1,0,0,0,0,0,0,0,0,0,0,Y
Motor Vehicle,Non DAC,72550533,20201007,1123,3,NULL,DIXIE                                   ,N ,AVE  ,US0031W ,US0031W ,047 US-31W     ,US0031W                                        ,N,37.74716,-85.89346,5,2020,O,047-US-0031W -000,20.876,0,0,0,0,0,0,0,1,0,0,0,0,0,Y
Motor Vehicle,Non DAC,72550534,20201007,1052,3,1222,WOODLAND                                ,NULL,DR   ,NULL,NULL,047 CS-1193    ,CS1193                                         ,N,37.71843,-85.8825,8,2020,O,047-CS-1193  -000,0.61,0,0,0,1,0,0,0,0,0,0,0,0,0,Y
Motor Vehicle,DAC,72550535,20201006,1010,2,NULL,MULBERRY                                ,S ,ST   ,US0062  ,US0062  ,047 US-62      ,US0062                                         ,N,37.69191,-85.86121,8,2020,O,047-US-0062  -000,17.789,0,0,0,1,0,0,0,0,0,0,0,1,0,Y
Motor Vehicle,DAC,72550614,20201007,1828,3,NULL,PEAR ORCHARD                            ,NULL,RD   ,NULL,NULL,047 CS-1327    ,CS1327                                         ,N,37.73211,-85.86147,1,2020,O,047-CS-1327  -000,1.522,0,0,1,0,0,0,1,0,0,0,0,0,0,Y
Motor Vehicle,Non DAC,72550647,20201006,441,2,408,KENTUCKY                                ,NULL,DR   ,NULL,NULL,047 CR-1234A   ,CR1234A                                        ,N,37.6817,-85.90661,9,2020,O,047-CR-1234A -000,0.554,0,0,0,0,0,0,0,0,0,0,0,1,0,Y
Motor Vehicle,Non DAC,72550709,20201008,1615,4,NULL,TOWNE                                   ,NULL,CTR  ,NULL,NULL,047 PR-1010    ,PR1010                                         ,N,37.73184,-85.88691,8,2020,O,047-PR-1010  -000,0.294,0,0,0,0,0,0,1,0,0,0,0,1,0,Y
Motor Vehicle,DAC,72551080,20201010,1216,6,NULL,31W                                     ,NULL,BYP  ,US0031WB,US0031WB,047 US-31WB-10 ,US0031WB                                       ,N,37.7003,-85.88202,5,2020,O,047-US-0031WB-000,2.157,0,0,0,0,0,0,1,0,0,0,1,0,0,Y
Motor Vehicle,Non DAC,72551214,20200109,1743,4,NULL,RING                                    ,NULL,RD   ,KY3005  ,KY3005  ,047 KY-3005-10 ,KY3005                                         ,N,37.72794,-85.88513,8,2020,O,047-KY-3005  -000,6.492,0,0,1,0,0,0,1,0,0,0,0,1,0,Y
Motor Vehicle,DAC,72551280,20201010,1543,6,NULL,DIXIE                                   ,N ,AVE  ,US0031W ,US0031W ,047 US-31W-10  ,US0031W                                        ,N,37.71812,-85.87922,5,2020,O,047-US-0031W -000,18.739,0,0,0,0,0,0,1,0,0,0,0,0,0,Y
Motor Vehicle,DAC,72551341,20201010,1605,6,NULL,DIXIE                                   ,N ,AVE  ,US0031W ,US0031W ,047 US-31W-10  ,US0031W                                        ,N,37.72609,-85.88306,1,2020,O,047-US-0031W -000,19.319,0,0,0,0,0,0,1,0,0,0,0,0,0,Y
Motor Vehicle,DAC,72551693,20201012,740,1,NULL,DIXIE                                   ,E ,AVE  ,US0031W ,US0031W ,047 US-31W     ,US0031W                                        ,N,37.68331,-85.85033,1,2020,O,047-US-0031W -000,15.769,0,0,0,1,0,0,0,1,0,0,1,0,0,Y
Motor Vehicle,DAC,72551897,20201009,1150,5,NULL,RING                                    ,NULL,RD   ,KY3005  ,KY3005  ,047 KY-3005    ,KY3005                                         ,N,37.72868,-85.88292,5,2020,C,047-KY-3005  -000,6.615,0,0,1,0,0,0,1,1,0,0,0,0,0,Y
Motor Vehicle,Non DAC,72551899,20201011,1249,0,NULL,RING                                    ,NULL,RD   ,KY3005  ,KY3005  ,047 KY-3005    ,KY3005                                         ,N,37.72525,-85.89168,5,2020,O,047-KY-3005  -000,6.089,0,0,0,0,0,0,0,1,0,0,0,0,0,Y
Motor Vehicle,DAC,72552150,20201013,1046,2,NULL,31W                                     ,NULL,BYP  ,US0031WB,US0031WB,047 US-31WB    ,US0031WB                                       ,N,37.69744,-85.87975,5,2020,O,047-US-0031WB-000,1.947,0,0,0,0,0,0,1,0,0,0,0,0,0,Y
Motor Vehicle,DAC,72552512,20201013,1159,2,NULL,DIXIE                                   ,N ,AVE  ,US0031W ,US0031W ,047 US-31W-10  ,US0031W                                        ,N,37.71734,-85.87852,5,2020,B,047-US-0031W -000,18.672,0,0,0,1,0,0,1,0,0,0,0,0,0,Y
Motor Vehicle,DAC,72552746,20201012,1458,1,NULL,DIXIE                                   ,W ,AVE  ,US0031W ,US0031W ,047 US-31W     ,US0031W                                        ,N,37.69589,-85.86299,1,2020,C,047-US-0031W -000,16.943,0,0,1,0,0,0,0,1,0,0,1,0,0,Y
Motor Vehicle,DAC,72552821,20200915,647,2,NULL,MULBERRY                                ,N ,ST   ,US0062  ,US0062  ,047 US-62-10   ,US0062                                         ,N,37.70533,-85.84544,5,2020,O,047-US-0062  -000,19.085,0,0,0,1,0,0,1,0,0,0,0,0,0,Y
Motor Vehicle,Non DAC,72553033,20201012,1552,1,NULL,DIXIE                                   ,N ,AVE  ,US0031W ,US0031W ,047 US-31W     ,US0031W                                        ,N,37.74616,-85.89299,5,2020,O,047-US-0031W -000,20.808,0,0,0,0,0,0,0,0,0,0,1,0,0,Y
Motor Vehicle,DAC,72553036,20201014,1612,3,NULL,RING                                    ,NULL,RD   ,KY3005  ,KY3005  ,047 KY-3005    ,KY3005                                         ,N,37.73405,-85.86193,5,2020,O,047-KY-3005  -000,7.85,0,0,0,0,0,0,0,0,0,0,1,0,0,Y
Motor Vehicle,Non DAC,72553188,20201015,1847,4,1409,KENTUCKY                                ,NULL,DR   ,NULL,NULL,047 CS-1552    ,CS1552                                         ,N,37.67912,-85.91168,7,2020,O,047-CS-1552  -000,0.132,0,0,0,1,0,0,1,0,0,0,0,0,0,Y
Motor Vehicle,DAC,72553211,20201015,1813,4,NULL,MULBERRY                                ,N ,ST   ,US0062  ,US0062  ,047 US-62-10   ,US0062                                         ,N,37.71261,-85.83188,5,2020,O,047-US-0062  -000,19.972,0,0,0,0,0,0,1,0,0,0,0,0,0,Y
Motor Vehicle,DAC,72553226,20201015,1601,4,1311,DIXIE                                   ,N ,AVE  ,US0031W ,US0031W ,047 US-31W     ,US0031W                                        ,N,37.72167,-85.88071,5,2020,B,047-US-0031W -000,18.993,0,0,0,0,0,0,1,0,0,0,0,0,0,Y
Motor Vehicle,Non DAC,72553227,20201015,1636,4,NULL,RING                                    ,NULL,RD   ,KY3005  ,KY3005  ,047 KY-3005    ,KY3005                                         ,N,37.71741,-85.90334,5,2020,O,047-KY-3005  -000,5.247,0,0,0,0,0,0,1,0,0,0,0,0,0,Y
Motor Vehicle,Non DAC,72553228,20201015,1634,4,NULL,BLACK BRANCH                            ,N ,RD   ,NULL,NULL,047 CS-1551    ,CS1551                                         ,N,37.67603,-85.92015,1,2020,B,047-CS-1551  -000,1.064,0,0,1,1,0,0,1,0,0,0,0,0,0,Y