Mode,Crash In Disadvantaged Community,MasterFile,CollisionDate,CollisionTime,CollisionDayWeekCode,RoadwayName_HouseBusinessNumber_,RoadwayName_RoadwayName_,RoadwayName_Direction_,RoadwayName_RoadwaySuffix_,RoadwayfromReport,CurrentRoadwayNumber,RSEUniqueGIS,RoadwayIdentifier,ParkingLotIndicator,Latitude,Longitude,MannerofCollisionCode,YR,KABCO,KTC_RT,KTC_MP,Motorcyclist,Commercial Vehicle,Young Driver,Mature Driver,Pedestrian,Bicyclist,Distracted,Aggressive,Impaired,Unrestrained,Intersection,Roadway Departure,Median Cross-over,In City Limits?
Motor Vehicle,DAC,72553426,20201010,1056,6,1011,VIRGINIA                                ,NULL,AVE  ,NULL,NULL,047 CS-1436    ,CS1436                                         ,N,37.70576,-85.84001,2,2020,O,047-CS-1436  -000,0.075,0,0,0,0,0,0,1,0,0,0,0,0,0,Y
Motor Vehicle,DAC,72553623,20201016,1737,5,NULL,MULBERRY                                ,N ,ST   ,US0062  ,US0062  ,047 US-62      ,US0062                                         ,N,37.695,-85.85841,1,2020,O,047-US-0062  -000,18.06,0,0,0,0,0,0,1,1,0,0,1,0,0,Y
Motor Vehicle,DAC,72553624,20201016,2141,5,NULL,MULBERRY                                ,S ,ST   ,US0062  ,US0062  ,047 US-62      ,US0062                                         ,N,37.69237,-85.86087,9,2020,O,047-US-0062  -000,17.839,0,0,0,0,0,0,1,0,1,0,0,1,0,Y
Motor Vehicle,Non DAC,72553875,20201016,1145,5,NULL,LEITCHFIELD                             ,NULL,RD   ,US0062  ,US0062  ,047 US-62      ,US0062                                         ,N,37.67164,-85.91204,1,2020,O,047-US-0062  -000,14.563,0,0,0,0,0,0,1,0,0,0,1,0,0,N
Motor Vehicle,DAC,72554278,20201019,14,1,NULL,DIXIE                                   ,W ,AVE  ,US0031W ,US0031W ,047 US-31W     ,US0031W                                        ,N,37.69386,-85.85944,1,2020,O,047-US-0031W -000,16.702,0,0,1,0,0,0,0,0,0,0,1,0,0,Y
Motor Vehicle,Non DAC,72554375,20201015,1651,4,NULL,PATRIOT                                 ,NULL,PKWY ,KY0361  ,KY0361  ,047 KY-361     ,KY0361                                         ,N,37.72202,-85.91017,8,2020,O,047-KY-0361  -000,2.319,0,0,0,0,0,0,0,0,0,0,0,1,0,Y
Motor Vehicle,DAC,72554457,20201019,1307,1,NULL,MULBERRY                                ,N ,ST   ,US0062  ,US0062  ,047 US-62      ,US0062                                         ,N,37.71132,-85.83396,5,2020,O,047-US-0062  -000,19.827,0,0,0,1,0,0,1,0,0,0,0,0,0,Y
Motor Vehicle,DAC,72554475,20201015,1930,4,NULL,DIXIE                                   ,N ,AVE  ,US0031W ,US0031W ,047 US-31W-10  ,US0031W                                        ,N,37.73066,-85.88542,8,2020,O,047-US-0031W -000,19.666,0,0,0,0,0,0,0,0,0,0,0,1,0,Y
Motor Vehicle,DAC,72554513,20201019,1116,1,NULL,MULBERRY                                ,N ,ST   ,US0062  ,US0062  ,047 US-62-10   ,US0062                                         ,N,37.71077,-85.83561,5,2020,C,047-US-0062  -000,19.73,0,0,0,0,0,0,0,0,0,0,0,0,0,Y
Motor Vehicle,Non DAC,72554764,20201019,1638,1,NULL,BUFORD                                  ,NULL,LN   ,NULL,NULL,047 CS-1206    ,CS1206                                         ,N,37.72426,-85.88748,1,2020,B,047-CS-1206  -000,0.24,0,0,0,0,0,0,0,0,0,0,0,1,0,Y
Motor Vehicle,Non DAC,72555016,20201020,745,2,NULL,MULBERRY                                ,N ,ST   ,US0062  ,US0062  ,047 US-62      ,US0062                                         ,N,37.71433,-85.82809,5,2020,O,047-US-0062  -000,20.194,0,0,0,1,0,0,0,1,0,0,0,0,0,Y
Motor Vehicle,DAC,72555021,20201020,754,2,NULL,MILES                                   ,N ,ST   ,KY0251  ,KY0251  ,047 KY-251     ,KY0251                                         ,N,37.69718,-85.86208,1,2020,O,047-KY-0251  -000,0.082,0,0,0,0,0,0,0,1,0,0,1,0,0,Y
Motor Vehicle,Non DAC,72555216,20201019,402,1,NULL,WILSON                                  ,S ,RD   ,KY0447  ,KY0447  ,NULL,NULL,N,37.74669,-85.89564,9,2020,O,047-KY-0447  -000,0.195,0,0,0,0,0,0,1,0,0,0,0,1,0,Y
Motor Vehicle,DAC,72555725,20201021,820,3,NULL,DIXIE                                   ,E ,AVE  ,US0031W ,US0031W ,047 US-31W     ,US0031W                                        ,N,37.69251,-85.857,6,2020,O,047-US-0031W -000,16.542,0,0,0,1,0,0,0,1,0,0,0,0,0,Y
Motor Vehicle,DAC,72555804,20201020,1520,2,NULL,DIXIE                                   ,W ,AVE  ,US0031W ,US0031W ,047 US-31W     ,US0031W                                        ,N,37.69889,-85.86559,5,2020,C,047-US-0031W -000,17.197,0,0,0,0,0,0,1,1,0,0,0,0,0,Y
Motor Vehicle,DAC,72556040,20201023,1115,5,NULL,DIXIE                                   ,N ,AVE  ,US0031W ,US0031W ,047 US-31W-10  ,US0031W                                        ,N,37.73362,-85.8869,8,2020,O,047-US-0031W -000,19.88,0,0,0,1,0,0,1,0,0,0,0,1,0,Y
Motor Vehicle,DAC,72556606,20201024,1646,6,NULL,MILES                                   ,N ,ST   ,KY0251  ,KY0251  ,047 KY-251     ,KY0251                                         ,N,37.71163,-85.85292,9,2020,O,047-KY-0251  -000,1.19,0,0,0,0,0,0,0,0,0,0,1,0,0,Y
Motor Vehicle,DAC,72556611,20201022,1509,4,NULL,POPLAR                                  ,W ,ST   ,NULL,NULL,047 CS-1068    ,CS1068                                         ,N,37.70328,-85.8683,1,2020,O,047-CS-1068  -000,0.892,0,0,0,0,0,0,0,1,0,0,1,0,0,Y
Motor Vehicle,Non DAC,72556722,20201019,1626,1,NULL,MULBERRY                                ,N ,ST   ,US0062  ,US0062  ,047 US-62      ,US0062                                         ,N,37.71631,-85.82353,9,2020,A,047-US-0062  -000,20.481,0,0,0,0,0,0,0,0,0,0,0,1,0,N
Motor Vehicle,DAC,72556723,20201019,1754,1,NULL,RING                                    ,NULL,RD   ,KY3005  ,KY3005  ,047 KY-3005    ,KY3005                                         ,N,37.73218,-85.84448,5,2020,O,047-KY-3005  -000,8.821,0,0,0,0,0,0,0,1,0,0,0,0,0,Y
Motor Vehicle,DAC,72556724,20201022,1352,4,NULL,MULBERRY                                ,N ,ST   ,US0062  ,US0062  ,047 US-62      ,US0062                                         ,N,37.71255,-85.83155,5,2020,O,047-US-0062  -000,19.992,0,0,0,0,0,0,0,1,0,0,0,0,0,Y
Motor Vehicle,DAC,72556916,20201025,1752,0,NULL,LINCOLN                                 ,NULL,PKWY ,KY0061  ,KY0061  ,047 KY-61      ,KY0061                                         ,N,37.66987,-85.84616,5,2020,O,047-KY-0061  -000,5.293,0,0,0,0,0,0,1,0,0,0,0,0,0,Y
Motor Vehicle,DAC,72557314,20201025,1844,0,NULL,DIXIE                                   ,N ,AVE  ,US0031W ,US0031W ,047 US-31W-10  ,US0031W                                        ,N,37.72845,-85.8843,5,2020,O,047-US-0031W -000,19.502,0,0,0,0,0,0,0,1,0,0,0,0,0,Y
Motor Vehicle,Non DAC,72557349,20201026,2229,1,NULL,DIXIE                                   ,N ,AVE  ,US0031W ,US0031W ,NULL,NULL,N,37.74579,-85.89269,1,2020,O,047-US-0031W -000,20.782,0,0,1,0,0,0,1,1,0,0,1,0,0,Y
Motor Vehicle,DAC,72557476,20201027,1315,2,NULL,MANTLE                                  ,N ,AVE  ,NULL,NULL,047 CS-1025    ,CS1025                                         ,N,37.70668,-85.86016,1,2020,O,047-CS-1025  -000,0.571,0,0,0,1,0,0,1,0,0,0,1,0,0,Y
Motor Vehicle,DAC,72557772,20201017,1205,6,NULL,DIXIE                                   ,N ,AVE  ,US0031W ,US0031W ,047 US-31W     ,US0031W                                        ,N,37.72612,-85.88289,5,2020,O,047-US-0031W -000,19.318,0,0,1,1,0,0,1,0,0,0,0,0,0,Y
Motor Vehicle,Non DAC,72557851,20201028,1211,3,NULL,LINCOLN                                 ,NULL,PKWY ,KY0061  ,KY0061  ,047 KY-61      ,KY0061                                         ,N,37.66902,-85.84396,5,2020,O,047-KY-0061  -000,5.158,0,0,0,0,0,0,0,0,0,0,0,0,0,Y
Motor Vehicle,Non DAC,72557930,20201028,1327,3,NULL,DIXIE                                   ,N ,AVE  ,US0031W ,US0031W ,047 US-31W     ,US0031W                                        ,N,37.74559,-85.89237,5,2020,O,047-US-0031W -000,20.787,0,0,0,1,0,0,1,0,0,0,1,0,0,Y
Motor Vehicle,DAC,72558020,20201028,1225,3,NULL,RING                                    ,NULL,RD   ,KY3005  ,KY3005  ,047 KY-3005    ,KY3005                                         ,N,37.71119,-85.83979,1,2020,O,047-KY-3005  -000,10.423,0,0,1,0,0,0,1,0,0,0,1,0,0,Y
Motor Vehicle,DAC,72558102,20201028,1523,3,NULL,MULBERRY                                ,N ,ST   ,US0062  ,US0062  ,047 US-62      ,US0062                                         ,N,37.7013,-85.85211,5,2020,O,047-US-0062  -000,18.62,0,0,1,0,0,0,0,0,0,0,1,0,0,Y
Motor Vehicle,DAC,72558593,20201029,2025,4,NULL,FREEMAN LAKE PARK                       ,NULL,RD   ,NULL,NULL,047 CS-1728    ,CS1728                                         ,N,37.71953,-85.87492,9,2020,O,047-CS-1728  -000,0.377,0,0,0,0,0,0,1,0,0,0,0,1,0,Y
Motor Vehicle,DAC,72559121,20201029,1240,4,NULL,31W                                     ,NULL,BYP  ,US0031WB,US0031WB,047 US-31WB    ,US0031WB                                       ,N,37.69211,-85.87191,1,2020,C,047-US-0031WB-000,1.377,0,0,0,0,0,0,1,1,0,0,1,0,0,Y
Motor Vehicle,DAC,72559201,20201031,1040,6,NULL,RING                                    ,NULL,RD   ,KY3005  ,KY3005  ,047 KY-3005    ,KY3005                                         ,N,37.73342,-85.855,8,2020,O,047-KY-3005  -000,8.226,0,0,0,1,0,0,1,0,0,0,0,1,0,Y
Motor Vehicle,Non DAC,72559517,20201023,1415,5,303,VALLEY CREEK                            ,NULL,RD   ,KY0567  ,KY0567  ,047 KY-567     ,KY0567                                         ,N,37.6739,-85.83778,9,2020,O,047-KY-0567  -000,0.371,0,0,1,0,0,0,0,0,0,0,0,1,0,Y
Motor Vehicle,DAC,72559518,20201031,1336,6,NULL,DIXIE                                   ,N ,AVE  ,US0031W ,US0031W ,047 US-31W-10  ,US0031W                                        ,N,37.71257,-85.87645,6,2020,B,047-US-0031W -000,18.323,0,0,0,0,0,0,0,1,0,0,0,0,0,Y
Motor Vehicle,Non DAC,72559639,20201026,956,1,NULL,DIXIE                                   ,N ,AVE  ,US0031W ,US0031W ,047 US-31W-10  ,US0031W                                        ,N,37.7507,-85.89499,5,2020,O,047-US-0031W -000,21.138,0,0,0,0,0,0,1,1,0,0,0,0,0,Y
Motor Vehicle,DAC,72559982,20201102,1046,1,109,POPLAR                                  ,W ,ST   ,NULL,NULL,047 CS-1068    ,CS1068                                         ,N,37.6948,-85.85806,5,2020,O,047-CS-1068  -000,0.072,0,0,0,1,0,0,1,0,0,0,0,0,0,Y
Motor Vehicle,DAC,72560882,20201103,1223,2,NULL,DIXIE                                   ,N ,AVE  ,US0031W ,US0031W ,047 US-31W     ,US0031W                                        ,N,37.7326,-85.88613,5,2020,O,047-US-0031W -000,19.805,0,0,1,0,0,0,1,0,0,0,0,0,0,Y
Motor Vehicle,Non DAC,72560927,20201031,2145,6,NULL,NEW GLENDALE                            ,NULL,RD   ,KY1136  ,KY1136  ,047 KY-1136    ,KY1136                                         ,N,37.67266,-85.86102,9,2020,A,047-KY-1136  -000,9.682,0,0,1,0,0,0,0,0,0,1,0,1,0,Y
Motor Vehicle,DAC,72560993,20201104,823,3,NULL,CARDINAL                                ,NULL,DR   ,KY0361  ,KY0361  ,NULL,NULL,N,37.70981,-85.88228,1,2020,O,047-KY-0361  -000,0.545,0,0,1,0,0,0,1,1,0,0,1,0,0,Y
Motor Vehicle,DAC,72561425,20201101,1640,0,2050,DIXIE                                   ,N ,AVE  ,US0031W ,US0031W ,047 US-31W-10  ,US0031W                                        ,N,37.74076,-85.89041,1,2020,O,047-US-0031W -000,20.406,0,0,1,0,0,0,0,1,0,0,1,0,0,Y
Motor Vehicle,Non DAC,72561513,20201029,1642,4,1242,WOODLAND DRIVE TRAILER PARK 1           ,NULL,NULL,NULL,NULL,047 CS-1211    ,CS1211                                         ,N,37.72095,-85.88414,9,2020,O,047-PS-1178  -000,0.039,0,0,1,0,0,0,0,1,0,0,0,1,0,Y
Motor Vehicle,Non DAC,72561514,20201030,1559,5,NULL,DIXIE                                   ,N ,AVE  ,US0031W ,US0031W ,047 US-31W-10  ,US0031W                                        ,N,37.74344,-85.89164,1,2020,O,047-US-0031W -000,20.603,0,0,0,0,0,0,0,1,0,0,0,0,0,Y
Motor Vehicle,DAC,72561692,20201106,1602,5,NULL,DIXIE                                   ,N ,AVE  ,US0031W ,US0031W ,NULL,NULL,N,37.73249,-85.88633,5,2020,O,047-US-0031W -000,19.804,0,0,0,0,0,0,1,0,0,0,0,0,0,Y
Motor Vehicle,DAC,72561695,20201030,2053,5,NULL,DIECKS                                  ,NULL,DR   ,NULL,NULL,NULL,NULL,N,37.70888,-85.86396,3,2020,O,047-CS-1061  -000,0.58,0,0,0,1,0,0,1,1,0,0,1,0,0,Y
Motor Vehicle,DAC,72561721,20201029,1505,4,NULL,NICHOLAS ST CONN                        ,NULL,NULL,NULL,NULL,047 CS-1389-71 ,CS1389                                         ,N,37.68779,-85.86833,1,2020,O,047-CS-1389  -071,0.029,0,0,1,0,0,0,0,0,0,0,1,0,0,Y
Motor Vehicle,DAC,72561722,20201029,1536,4,NULL,MILES                                   ,N ,ST   ,KY0251  ,KY0251  ,047 KY-251     ,KY0251                                         ,N,37.69713,-85.86197,1,2020,O,047-KY-0251  -000,0.088,0,0,0,1,0,0,0,0,0,0,1,0,0,Y
Motor Vehicle,DAC,72561870,20201106,1802,5,NULL,DIXIE                                   ,N ,AVE  ,US0031W ,US0031W ,047 US-31W-10  ,US0031W                                        ,N,37.73184,-85.886,8,2020,O,047-US-0031W -000,19.754,0,0,0,1,0,0,0,0,0,0,0,1,0,Y
Motor Vehicle,Non DAC,72562058,20201106,1547,5,NULL,NULL,NULL,NULL,I 0065  ,I 0065  ,NULL,NULL,N,37.71434,-85.82801,8,2020,O,047-I -0065  -512,0.025,0,0,0,1,0,0,1,0,0,0,0,0,0,Y
Motor Vehicle,DAC,72562079,20201107,2208,6,NULL,COMMERCE                                ,NULL,DR   ,NULL,NULL,047 CS-1108    ,CS1108                                         ,N,37.71037,-85.83311,1,2020,O,047-CS-1108  -000,0.088,0,0,0,0,0,0,0,1,0,0,1,0,0,Y
Motor Vehicle,Non DAC,72562390,20201108,2033,0,NULL,DIXIE                                   ,N ,HWY  ,US0031W ,US0031W ,NULL,NULL,N,37.75717,-85.89778,1,2020,O,047-US-0031W -000,21.627,0,0,0,0,0,0,1,1,0,0,0,0,0,Y
Motor Vehicle,DAC,72562823,20201026,1529,1,NULL,MILES                                   ,S ,ST   ,NULL,NULL,047 CS-1126    ,CS1126                                         ,N,37.69335,-85.86498,1,2020,O,047-CS-1126  -000,0.206,0,0,0,0,0,0,1,1,0,0,1,0,0,Y
Motor Vehicle,Non DAC,72562824,20201026,1155,1,NULL,UNIVERSITY                              ,NULL,DR   ,NULL,NULL,047 CS-1133-30 ,CS1133                                         ,N,37.69952,-85.88356,5,2020,O,047-CS-1133  -030,0.003,0,0,1,0,0,0,1,0,0,0,0,0,0,Y
Motor Vehicle,Non DAC,72562826,20201102,1046,1,211,TOWNE                                   ,NULL,DR   ,NULL,NULL,047 CS-1448    ,CS1448                                         ,N,37.73279,-85.8909,8,2020,O,047-CS-1448  -000,0.161,0,0,0,0,0,0,0,0,0,0,0,0,0,Y
Motor Vehicle,Non DAC,72562893,20201103,1251,2,NULL,PATRIOT                                 ,NULL,PKWY ,KY0361  ,KY0361  ,047 KY-361-10  ,KY0361                                         ,N,37.71728,-85.90353,5,2020,O,047-KY-0361  -000,1.826,0,0,0,1,0,0,1,0,0,0,1,0,0,Y
Motor Vehicle,Non DAC,72562894,20201104,741,3,NULL,PATRIOT                                 ,NULL,PKWY ,KY0361  ,KY0361  ,047 KY-361-10  ,KY0361                                         ,N,37.71108,-85.88933,5,2020,O,047-KY-0361  -000,0.942,0,0,0,0,0,0,0,0,0,0,1,0,0,Y
Motor Vehicle,DAC,72563012,20201110,1454,2,NULL,I65 S EXIT94 OFF RAMP                   ,S ,NULL,I 0065  ,I 0065  ,NULL,NULL,N,37.71377,-85.83062,5,2020,O,047-I -0065  -531,0.221,0,0,0,0,0,0,1,1,0,0,1,0,0,Y
Motor Vehicle,Non DAC,72563133,20201109,1832,1,NULL,RING                                    ,NULL,RD   ,KY3005  ,KY3005  ,047 KY-3005    ,KY3005                                         ,N,37.72696,-85.88783,8,2020,O,047-KY-3005  -000,6.333,0,0,0,0,0,0,1,0,0,0,1,0,0,Y
Motor Vehicle,Non DAC,72563428,20201111,920,3,NULL,RING                                    ,NULL,RD   ,KY3005  ,KY3005  ,047 KY-3005    ,KY3005                                         ,N,37.67158,-85.91184,5,2020,O,047-KY-3005  -000,1.909,0,1,0,0,0,0,1,1,0,0,1,0,0,N
Motor Vehicle,DAC,72563997,20201112,1057,4,NULL,DIXIE                                   ,N ,AVE  ,US0031W ,US0031W ,047 US-31W     ,US0031W                                        ,N,37.7313,-85.88526,5,2020,O,047-US-0031W -000,19.714,0,0,0,1,0,0,0,1,0,0,1,0,0,Y
Motor Vehicle,DAC,72563998,20201112,1225,4,NULL,RING                                    ,NULL,RD   ,KY3005  ,KY3005  ,047 KY-3005    ,KY3005                                         ,N,37.72906,-85.88176,1,2020,O,047-KY-3005  -000,6.667,0,0,0,0,0,0,0,0,0,0,1,0,0,Y
Motor Vehicle,Non DAC,72563999,20201112,1720,4,1130,RING                                    ,NULL,RD   ,KY3005  ,KY3005  ,047 KY-3005-10 ,KY3005                                         ,N,37.72434,-85.89407,5,2020,O,047-KY-3005  -000,5.945,0,0,1,0,0,0,0,0,0,0,0,0,0,Y
Motor Vehicle,Non DAC,72564060,20201112,1832,4,NULL,DIXIE                                   ,S ,HWY  ,US0031W ,US0031W ,NULL,NULL,N,37.65869,-85.8491,9,2020,O,047-US-0031W -000,14.024,0,0,0,0,0,0,0,0,0,0,1,0,0,Y
Motor Vehicle,DAC,72564299,20201111,2139,3,525,DIXIE                                   ,W ,AVE  ,US0031W ,US0031W ,047 US-31W     ,US0031W                                        ,N,37.70199,-85.86831,9,2020,O,047-US-0031W -000,17.459,0,0,0,0,0,0,0,0,0,0,0,1,0,Y
Motor Vehicle,DAC,72564662,20201113,1200,5,NULL,DIXIE                                   ,N ,AVE  ,US0031W ,US0031W ,047 US-31W-10  ,US0031W                                        ,N,37.73421,-85.88719,5,2020,O,047-US-0031W -000,19.889,0,0,0,0,0,0,1,1,0,0,1,0,0,Y
Motor Vehicle,DAC,72565008,20201113,1328,5,NULL,DIXIE                                   ,N ,AVE  ,US0031W ,US0031W ,047 US-31W     ,US0031W                                        ,N,37.73077,-85.88522,5,2020,O,047-US-0031W -000,19.668,0,0,0,0,0,0,1,1,0,0,0,0,0,Y
Motor Vehicle,DAC,72565149,20201112,1833,4,NULL,MULBERRY                                ,N ,ST   ,US0062  ,US0062  ,047 US-62      ,US0062                                         ,N,37.71187,-85.83336,5,2020,O,047-US-0062  -000,19.838,0,0,1,0,0,0,0,0,0,0,1,0,0,Y
Motor Vehicle,Non DAC,72565150,20201112,1950,4,1100,RING                                    ,NULL,RD   ,KY3005  ,KY3005  ,047 KY-3005    ,KY3005                                         ,N,37.72248,-85.89756,5,2020,O,047-KY-3005  -000,5.716,0,0,0,0,0,0,0,1,0,0,0,0,0,Y
Motor Vehicle,DAC,72565192,20201114,2029,6,NULL,RING                                    ,NULL,RD   ,KY3005  ,KY3005  ,047 KY-3005    ,KY3005                                         ,N,37.72842,-85.88363,8,2020,O,047-KY-3005  -000,6.572,0,0,0,0,0,0,1,0,0,0,0,1,0,Y
Motor Vehicle,DAC,72565227,20201115,1604,0,NULL,RING                                    ,NULL,RD   ,KY3005  ,KY3005  ,NULL,NULL,N,37.73052,-85.87561,5,2020,O,047-KY-3005  -000,7.039,0,0,0,0,0,0,0,0,0,0,0,0,0,Y
Motor Vehicle,DAC,72565233,20201115,2351,0,NULL,RING                                    ,NULL,RD   ,KY3005  ,KY3005  ,047 KY-3005    ,KY3005                                         ,N,37.73007,-85.87776,9,2020,O,047-KY-3005  -000,6.916,0,0,0,0,0,0,0,0,0,0,0,0,0,Y
Motor Vehicle,DAC,72565554,20201116,1245,1,NULL,DIXIE                                   ,N ,AVE  ,US0031W ,US0031W ,047 US-31W-10  ,US0031W                                        ,N,37.73611,-85.88821,9,2020,O,047-US-0031W -000,20.126,0,0,0,1,0,0,1,0,0,0,0,1,0,Y
Motor Vehicle,DAC,72565788,20201117,1044,2,NULL,WK9001 E                                ,NULL,NULL,WK9001  ,WK9001  ,047 WK-9001    ,WK9001                                         ,N,37.66988,-85.84646,5,2020,O,047-WK-9001  -000,136.796,0,0,0,0,0,0,0,0,0,0,1,0,0,Y
Motor Vehicle,DAC,72565840,20201116,1936,1,NULL,31W                                     ,NULL,BYP  ,US0031WB,US0031WB,047 US-31WB    ,US0031WB                                       ,N,37.71889,-85.88022,5,2020,O,047-US-0031WB-000,3.726,0,0,0,0,0,0,1,0,0,0,0,0,0,Y
Motor Vehicle,Non DAC,72566059,20201111,548,3,NULL,LEITCHFIELD                             ,NULL,RD   ,US0062  ,US0062  ,047 US-62      ,US0062                                         ,N,37.67152,-85.9121,4,2020,C,047-US-0062  -000,14.574,0,0,0,0,0,0,1,0,0,0,1,0,0,N
Motor Vehicle,DAC,72566060,20201111,1130,3,NULL,RING                                    ,NULL,RD   ,KY3005  ,KY3005  ,047 KY-3005    ,KY3005                                         ,N,37.72842,-85.8837,5,2020,O,047-KY-3005  -000,6.569,0,0,0,0,0,0,1,0,0,0,0,0,0,Y
Motor Vehicle,Non DAC,72566061,20201116,921,1,NULL,BLACK BRANCH                            ,N ,RD   ,NULL,NULL,047 CS-1551    ,CS1551                                         ,N,37.67865,-85.91106,2,2020,O,047-CS-1551  -000,0.48,0,0,0,0,0,0,0,0,0,0,0,0,0,Y
Motor Vehicle,Non DAC,72566090,20201118,740,3,NULL,PATRIOT                                 ,NULL,PKWY ,KY0361  ,KY0361  ,047 KY-361-10  ,KY0361                                         ,N,37.71109,-85.88936,5,2020,O,047-KY-0361  -000,0.944,0,0,0,1,0,0,0,1,0,0,0,0,0,Y
Motor Vehicle,DAC,72566173,20201118,935,3,NULL,MULBERRY                                ,N ,ST   ,US0062  ,US0062  ,047 US-62-10   ,US0062                                         ,N,37.71242,-85.83231,8,2020,O,047-US-0062  -000,19.952,0,0,0,1,0,0,0,1,0,0,0,1,0,Y
Motor Vehicle,DAC,72566292,20201118,1710,3,NULL,MULBERRY                                ,N ,ST   ,US0062  ,US0062  ,047 US-62-10   ,US0062                                         ,N,37.70938,-85.83837,8,2020,O,047-US-0062  -000,19.559,0,0,0,0,0,0,1,0,0,0,0,1,0,Y
Motor Vehicle,DAC,72566620,20201119,1110,4,NULL,MANTLE                                  ,S ,AVE  ,NULL,NULL,047 CS-1120    ,CS1120                                         ,N,37.70041,-85.86825,8,2020,O,047-CS-1120  -000,0.048,0,0,0,0,0,0,0,1,0,0,1,0,0,Y
Motor Vehicle,DAC,72566621,20201119,1434,4,NULL,COLLEGE                                 ,NULL,ST   ,NULL,NULL,047 CS-1730    ,CS1730                                         ,N,37.69253,-85.87093,1,2020,O,047-CS-1730  -000,0.058,0,0,0,1,0,0,0,1,0,0,1,0,0,Y
Motor Vehicle,DAC,72566625,20201118,1706,3,NULL,DIXIE                                   ,N ,AVE  ,US0031W ,US0031W ,047 US-31W     ,US0031W                                        ,N,37.72828,-85.88401,1,2020,B,047-US-0031W -000,19.477,0,0,0,0,0,0,1,1,0,0,1,0,0,Y
Motor Vehicle,Non DAC,72566626,20201119,1621,4,NULL,LEITCHFIELD                             ,NULL,RD   ,US0062  ,US0062  ,047 US-62-10   ,US0062                                         ,N,37.67761,-85.88889,8,2020,O,047-US-0062  -000,15.931,0,0,0,0,0,0,1,0,0,0,0,1,0,Y
Motor Vehicle,DAC,72566674,20201119,1624,4,NULL,DIXIE                                   ,N ,AVE  ,US0031W ,US0031W ,047 US-31W     ,US0031W                                        ,N,37.72707,-85.88337,5,2020,C,047-US-0031W -000,19.388,0,0,0,1,0,0,1,0,0,0,0,0,0,Y
Motor Vehicle,DAC,72566734,20201119,1630,4,NULL,DIXIE                                   ,W ,AVE  ,US0031W ,US0031W ,047 US-31W     ,US0031W                                        ,N,37.69381,-85.85934,5,2020,O,047-US-0031W -000,16.697,0,0,0,0,0,0,0,0,0,0,0,0,0,Y
Motor Vehicle,Non DAC,72567068,20201114,1909,6,2568,KENSINGTON                              ,NULL,WAY  ,NULL,NULL,047 CS-1703    ,CS1703                                         ,N,37.75946,-85.8869,9,2020,O,047-CS-1703  -000,0.375,0,0,1,0,0,0,0,0,0,0,1,0,0,Y
Motor Vehicle,Non DAC,72567070,20201120,1812,5,NULL,DIXIE                                   ,N ,AVE  ,US0031W ,US0031W ,047 US-31W     ,US0031W                                        ,N,37.74673,-85.89324,8,2020,O,047-US-0031W -000,20.848,0,0,0,0,0,0,0,0,0,0,1,0,0,Y
Motor Vehicle,DAC,72567313,20201120,1221,5,NULL,DIXIE                                   ,N ,AVE  ,US0031W ,US0031W ,047 US-31W     ,US0031W                                        ,N,37.71931,-85.87954,5,2020,O,047-US-0031W -000,18.816,0,0,0,1,0,0,1,0,0,0,0,0,0,Y
Motor Vehicle,Non DAC,72568081,20201123,1843,1,NULL,MULBERRY                                ,N ,ST   ,US0062  ,US0062  ,047 US-62-10   ,US0062                                         ,N,37.71448,-85.82811,1,2020,O,047-US-0062  -000,20.198,0,0,1,0,0,0,0,1,0,0,1,0,0,Y
Motor Vehicle,Non DAC,72568243,20201123,1319,1,1130,RING                                    ,NULL,RD   ,KY3005  ,KY3005  ,047 KY-3005-10 ,KY3005                                         ,N,37.72302,-85.89632,5,2020,O,047-KY-3005  -000,5.792,0,0,0,1,0,0,0,0,0,0,0,0,0,Y