Mode,Crash In Disadvantaged Community,MasterFile,CollisionDate,CollisionTime,CollisionDayWeekCode,RoadwayName_HouseBusinessNumber_,RoadwayName_RoadwayName_,RoadwayName_Direction_,RoadwayName_RoadwaySuffix_,RoadwayfromReport,CurrentRoadwayNumber,RSEUniqueGIS,RoadwayIdentifier,ParkingLotIndicator,Latitude,Longitude,MannerofCollisionCode,YR,KABCO,KTC_RT,KTC_MP,Motorcyclist,Commercial Vehicle,Young Driver,Mature Driver,Pedestrian,Bicyclist,Distracted,Aggressive,Impaired,Unrestrained,Intersection,Roadway Departure,Median Cross-over,In City Limits?
Motor Vehicle,DAC,72568309,20201124,1220,2,NULL,ORCHARD                                 ,NULL,DR   ,NULL,NULL,047 CS-1067    ,CS1067                                         ,N,37.70731,-85.86276,2,2020,O,047-CS-1067  -000,0.137,0,0,0,0,0,0,0,1,0,0,0,0,0,Y
Motor Vehicle,Non DAC,72568327,20201123,1839,1,NULL,BLACK BRANCH                            ,N ,RD   ,NULL,NULL,047 CS-1551    ,CS1551                                         ,N,37.67099,-85.93966,9,2020,O,047-CS-1551  -000,2.278,0,0,0,0,0,0,0,0,0,0,0,0,0,Y
Motor Vehicle,Non DAC,72568400,20201124,1605,2,NULL,PATRIOT                                 ,NULL,PKWY ,KY0361  ,KY0361  ,047 KY-361-10  ,KY0361                                         ,N,37.7158,-85.90083,8,2020,O,047-KY-0361  -000,1.651,0,0,0,0,0,0,1,0,0,0,0,1,0,Y
Motor Vehicle,DAC,72568436,20201123,1751,1,NULL,31W                                     ,NULL,BYP  ,US0031WB,US0031WB,047 US-31WB-10 ,US0031WB                                       ,N,37.70131,-85.8827,5,2020,A,047-US-0031WB-000,2.255,0,0,1,0,0,0,1,0,0,0,0,0,0,Y
Motor Vehicle,Non DAC,72568535,20201119,1958,4,NULL,RING                                    ,NULL,RD   ,KY3005  ,KY3005  ,047 KY-3005    ,KY3005                                         ,N,37.69576,-85.91048,1,2020,B,047-KY-3005  -000,3.653,0,0,1,0,0,0,0,0,0,0,1,0,0,Y
Motor Vehicle,DAC,72568576,20201118,1303,3,NULL,DIXIE                                   ,E ,AVE  ,US0031W ,US0031W ,047 US-31W     ,US0031W                                        ,N,37.68805,-85.85281,9,2020,B,047-US-0031W -000,16.169,0,0,0,0,0,0,1,0,0,0,0,1,0,Y
Motor Vehicle,DAC,72568650,20201125,1214,3,426,DIXIE                                   ,W ,AVE  ,US0031W ,US0031W ,047 US-31W     ,US0031W                                        ,N,37.69968,-85.86634,5,2020,O,047-US-0031W -000,17.266,0,0,0,1,0,0,0,0,0,0,0,0,0,Y
Motor Vehicle,Non DAC,72568925,20201022,2015,4,NULL,ST JOHN                                 ,NULL,RD   ,KY1357  ,KY1357  ,047 KY-1357    ,KY1357                                         ,N,37.69575,-85.91043,1,2020,O,047-KY-1357  -000,14.614,0,0,0,0,0,0,0,1,0,0,1,0,0,Y
Motor Vehicle,DAC,72569140,20201127,801,5,NULL,DIXIE                                   ,N ,AVE  ,US0031W ,US0031W ,047 US-31W-10  ,US0031W                                        ,N,37.73243,-85.88632,1,2020,C,047-US-0031W -000,19.799,0,0,0,0,0,0,0,1,0,0,0,0,0,Y
Motor Vehicle,DAC,72569142,20201125,1758,3,NULL,DIXIE                                   ,N ,AVE  ,US0031W ,US0031W ,047 US-31W-10  ,US0031W                                        ,N,37.71675,-85.8783,5,2020,O,047-US-0031W -000,18.631,0,0,0,1,0,0,1,0,0,0,0,0,0,Y
Motor Vehicle,Non DAC,72569177,20201127,1158,5,NULL,DIXIE                                   ,N ,AVE  ,US0031W ,US0031W ,047 US-31W     ,US0031W                                        ,N,37.74558,-85.89238,5,2020,O,047-US-0031W -000,20.754,0,0,0,1,0,0,1,0,0,0,0,0,0,Y
Motor Vehicle,DAC,72569522,20201127,2149,5,NULL,DIXIE                                   ,N ,AVE  ,US0031W ,US0031W ,047 US-31W     ,US0031W                                        ,N,37.72823,-85.884,5,2020,C,047-US-0031W -000,19.474,0,0,0,0,0,0,0,0,0,0,1,0,0,Y
Motor Vehicle,DAC,72569528,20201128,125,6,NULL,DIXIE                                   ,N ,AVE  ,US0031W ,US0031W ,047 US-31W     ,US0031W                                        ,N,37.73122,-85.88545,5,2020,O,047-US-0031W -000,19.706,0,0,0,0,0,0,1,0,0,0,0,0,0,Y
Motor Vehicle,DAC,72569625,20201124,1349,2,NULL,MERCER                                  ,NULL,ST   ,NULL,NULL,047 CS-1184    ,CS1184                                         ,N,37.71245,-85.87972,2,2020,O,047-CS-1184  -000,0.007,0,0,0,1,0,0,1,0,0,0,1,0,0,Y
Motor Vehicle,DAC,72569626,20201124,1420,2,NULL,LAYMAN                                  ,NULL,LN   ,NULL,NULL,047 CS-1180    ,CS1180                                         ,N,37.7124,-85.87791,2,2020,O,047-CS-1180  -000,0.091,0,0,0,0,0,0,1,0,0,0,0,0,0,Y
Motor Vehicle,Non DAC,72569627,20201125,728,3,NULL,PATRIOT                                 ,NULL,PKWY ,KY0361  ,KY0361  ,047 KY-361     ,KY0361                                         ,N,37.72763,-85.91678,1,2020,O,047-KY-0361  -000,2.835,0,0,0,1,0,0,0,1,0,0,1,0,0,Y
Motor Vehicle,DAC,72570032,20201129,1440,0,707,MONIN                                   ,NULL,RD   ,NULL,NULL,047 CS-1358    ,CS1358                                         ,N,37.71129,-85.86287,2,2020,O,047-CS-1358  -000,0.027,0,0,0,0,0,0,0,0,0,0,0,0,0,Y
Motor Vehicle,Non DAC,72570033,20201130,1208,1,2611,LEITCHFIELD                             ,NULL,RD   ,US0062  ,US0062  ,047 US-62      ,US0062                                         ,N,37.67668,-85.89918,5,2020,O,047-US-0062  -000,15.354,0,0,0,0,0,0,0,0,0,0,0,0,0,Y
Motor Vehicle,DAC,72570066,20201130,1138,1,NULL,DIXIE                                   ,N ,AVE  ,US0031W ,US0031W ,047 US-31W     ,US0031W                                        ,N,37.72729,-85.8835,1,2020,O,047-US-0031W -000,19.405,0,0,0,1,0,0,0,1,0,0,1,0,0,Y
Motor Vehicle,DAC,72570247,20201130,1607,1,NULL,DIXIE                                   ,N ,AVE  ,US0031W ,US0031W ,047 US-31W-10  ,US0031W                                        ,N,37.71978,-85.88005,9,2020,O,047-US-0031W -000,18.858,0,0,0,0,0,0,0,0,0,0,0,1,0,Y
Motor Vehicle,Non DAC,72570461,20201201,1240,2,NULL,DIXIE                                   ,N ,AVE  ,US0031W ,US0031W ,047 US-31W     ,US0031W                                        ,N,37.7455,-85.89237,5,2020,O,047-US-0031W -000,20.748,0,0,1,0,0,0,1,0,0,0,0,0,0,Y
Motor Vehicle,Non DAC,72570504,20201201,1112,2,NULL,BLACK BRANCH                            ,N ,RD   ,NULL,NULL,047 CS-1551    ,CS1551                                         ,N,37.67562,-85.92075,1,2020,O,047-CS-1551  -000,1.107,0,0,0,0,0,0,1,0,0,0,0,1,0,Y
Motor Vehicle,DAC,72570809,20201202,602,3,NULL,VALLEY CREEK                            ,NULL,RD   ,KY0567  ,KY0567  ,047 KY-567     ,KY0567                                         ,N,37.67334,-85.84266,9,2020,C,047-KY-0567  -000,0.087,0,0,0,0,0,0,1,0,0,0,0,1,0,Y
Motor Vehicle,Non DAC,72570841,20201202,821,3,NULL,COLLEGE ST RD                           ,NULL,NULL,NULL,NULL,047 CS-1124    ,CS1124                                         ,N,37.68437,-85.88297,5,2020,O,047-CS-1124  -000,0.406,0,0,0,0,0,0,1,0,0,0,0,0,0,Y
Motor Vehicle,DAC,72570859,20201202,815,3,NULL,DIXIE                                   ,N ,AVE  ,US0031W ,US0031W ,047 US-31W     ,US0031W                                        ,N,37.7088,-85.87408,4,2020,B,047-US-0031W -000,18.028,0,0,0,0,0,0,0,1,0,0,1,0,0,Y
Motor Vehicle,Non DAC,72570894,20201031,1115,6,NULL,MULBERRY                                ,N ,ST   ,US0062  ,US0062  ,047 US-62      ,US0062                                         ,N,37.71585,-85.82475,5,2020,O,047-US-0062  -000,20.39,0,0,0,1,0,0,0,0,1,0,0,0,0,Y
Motor Vehicle,DAC,72570896,20201106,950,5,NULL,DIXIE                                   ,N ,AVE  ,US0031W ,US0031W ,047 US-31W     ,US0031W                                        ,N,37.73108,-85.88535,8,2020,O,047-US-0031W -000,19.691,0,0,0,0,0,0,0,1,0,0,0,1,0,Y
Motor Vehicle,DAC,72571124,20201118,1206,3,NULL,DIXIE                                   ,N ,AVE  ,US0031W ,US0031W ,047 US-31W-10  ,US0031W                                        ,N,37.7324,-85.88631,5,2020,O,047-US-0031W -000,19.79,0,0,0,1,0,0,1,0,0,0,0,0,0,Y
Motor Vehicle,DAC,72571460,20201203,1717,4,NULL,US31W BYP S TURN LANE                   ,NULL,NULL,US0031WB,US0031WB,047 US-31WB-23 ,US0031WB                                       ,N,37.69994,-85.88203,5,2020,O,047-US-0031WB-023,0.022,0,0,0,0,0,0,1,0,0,0,1,0,0,Y
Motor Vehicle,Non DAC,72571623,20201204,1200,5,NULL,RING                                    ,NULL,RD   ,KY3005  ,KY3005  ,047 KY-3005    ,KY3005                                         ,N,37.6716,-85.91185,1,2020,O,047-KY-3005  -000,1.908,0,0,1,0,0,0,1,0,0,0,1,0,0,N
Motor Vehicle,Non DAC,72571776,20201204,1223,5,NULL,RING                                    ,NULL,RD   ,KY3005  ,KY3005  ,047 KY-3005-10 ,KY3005                                         ,N,37.67155,-85.91199,1,2020,B,047-KY-3005  -000,1.907,0,0,0,1,0,0,0,1,0,0,1,0,0,N
Motor Vehicle,Non DAC,72571828,20201204,1639,5,NULL,RING                                    ,NULL,RD   ,KY3005  ,KY3005  ,047 KY-3005    ,KY3005                                         ,N,37.717,-85.9036,8,2020,O,047-KY-3005  -000,5.238,0,0,0,0,0,0,1,0,0,0,0,1,0,Y
Motor Vehicle,Non DAC,72571835,20201204,1536,5,NULL,RING                                    ,NULL,RD   ,KY3005  ,KY3005  ,047 KY-3005    ,KY3005                                         ,N,37.71713,-85.90347,5,2020,O,047-KY-3005  -000,5.237,0,0,0,0,0,0,0,0,0,0,0,0,0,Y
Motor Vehicle,Non DAC,72571992,20201205,847,6,NULL,BLACK BRANCH                            ,N ,RD   ,NULL,NULL,047 CS-1551    ,CS1551                                         ,N,37.67916,-85.91501,1,2020,C,047-CS-1551  -000,0.704,0,0,0,0,0,0,0,1,0,0,1,0,0,Y
Motor Vehicle,DAC,72572188,20201205,1755,6,NULL,RING                                    ,NULL,RD   ,KY3005  ,KY3005  ,047 KY-3005    ,KY3005                                         ,N,37.73382,-85.86197,1,2020,O,047-KY-3005  -000,7.834,0,0,0,0,0,0,0,1,0,0,1,0,0,Y
Motor Vehicle,DAC,72572445,20201206,1717,0,NULL,DIXIE                                   ,N ,AVE  ,US0031W ,US0031W ,047 US-31W     ,US0031W                                        ,N,37.73258,-85.88612,5,2020,O,047-US-0031W -000,19.804,0,0,0,1,0,0,1,0,0,0,1,0,0,Y
Motor Vehicle,Non DAC,72572483,20201130,2144,1,NULL,RING                                    ,NULL,RD   ,KY3005  ,KY3005  ,047 KY-3005    ,KY3005                                         ,N,37.67909,-85.91499,5,2020,O,047-KY-3005  -000,2.201,0,0,1,0,0,0,1,0,0,0,1,0,0,Y
Motor Vehicle,DAC,72572484,20201203,2041,4,NULL,RING                                    ,NULL,RD   ,KY3005  ,KY3005  ,047 KY-3005    ,KY3005                                         ,N,37.72837,-85.88389,1,2020,O,047-KY-3005  -000,6.558,0,0,0,0,0,0,1,0,0,0,1,0,0,Y
Motor Vehicle,Non DAC,72572736,20201207,1223,1,NULL,RING                                    ,NULL,RD   ,KY3005  ,KY3005  ,047 KY-3005-10 ,KY3005                                         ,N,37.7174,-85.90336,5,2020,C,047-KY-3005  -000,5.253,0,0,0,1,0,0,1,0,0,0,0,0,0,Y
Motor Vehicle,DAC,72572737,20201207,1638,1,NULL,WK9001 E                                ,NULL,NULL,WK9001  ,WK9001  ,047 WK-9001    ,WK9001                                         ,N,37.66995,-85.84679,5,2020,O,047-WK-9001  -000,136.777,0,0,0,0,0,0,1,0,0,0,0,0,0,Y
Motor Vehicle,DAC,72572774,20201126,1927,4,NULL,DIXIE                                   ,N ,AVE  ,US0031W ,US0031W ,047 US-31W     ,US0031W                                        ,N,37.73927,-85.88977,8,2020,O,047-US-0031W -000,20.306,0,0,0,0,0,0,0,0,0,0,0,1,0,Y
Motor Vehicle,DAC,72572776,20201201,1830,2,NULL,DIXIE                                   ,N ,AVE  ,US0031W ,US0031W ,047 US-31W     ,US0031W                                        ,N,37.7128,-85.87657,8,2020,O,047-US-0031W -000,18.329,0,0,0,1,0,0,0,0,0,0,1,0,0,Y
Motor Vehicle,Non DAC,72572859,20201208,603,2,NULL,MULBERRY                                ,N ,ST   ,US0062  ,US0062  ,047 US-62-10   ,US0062                                         ,N,37.71449,-85.82812,4,2020,O,047-US-0062  -000,20.198,0,0,1,0,0,0,0,0,0,0,1,0,0,Y
Motor Vehicle,DAC,72573289,20201120,2203,5,NULL,RING                                    ,NULL,RD   ,KY3005  ,KY3005  ,047 KY-3005    ,KY3005                                         ,N,37.7315,-85.87306,9,2020,O,047-KY-3005  -000,7.196,0,0,0,0,0,0,0,0,0,0,0,1,0,Y
Motor Vehicle,DAC,72573290,20201128,1944,6,NULL,RING                                    ,NULL,RD   ,KY3005  ,KY3005  ,047 KY-3005    ,KY3005                                         ,N,37.72929,-85.88084,1,2020,O,047-KY-3005  -000,6.736,0,0,1,0,0,0,0,1,0,0,1,0,0,Y
Motor Vehicle,DAC,72573336,20201208,1732,2,NULL,MULBERRY                                ,N ,ST   ,US0062  ,US0062  ,047 US-62-10   ,US0062                                         ,N,37.70481,-85.8464,8,2020,O,047-US-0062  -000,19.023,0,0,1,1,0,0,1,0,0,0,0,1,0,Y
Motor Vehicle,Non DAC,72573337,20201209,1557,3,NULL,TOWNE                                   ,NULL,CTR  ,NULL,NULL,047 PR-1010    ,PR1010                                         ,N,37.73117,-85.88659,8,2020,O,047-PR-1010  -000,0.245,0,0,0,0,0,0,1,0,0,0,0,1,0,Y
Motor Vehicle,DAC,72573386,20201209,1510,3,NULL,MULBERRY                                ,N ,ST   ,US0062  ,US0062  ,047 US-62-10   ,US0062                                         ,N,37.71258,-85.83194,5,2020,O,047-US-0062  -000,19.976,0,0,0,0,0,0,0,1,0,0,0,0,0,Y
Motor Vehicle,Non DAC,72573788,20201211,703,5,NULL,LEITCHFIELD                             ,NULL,RD   ,US0062  ,US0062  ,047 US-62-10   ,US0062                                         ,N,37.67748,-85.89553,1,2020,O,047-US-0062  -000,15.56,0,0,1,0,0,0,1,1,0,0,1,0,0,N
Motor Vehicle,DAC,72573816,20201211,705,5,NULL,MULBERRY                                ,N ,ST   ,US0062  ,US0062  ,047 US-62-10   ,US0062                                         ,N,37.70925,-85.83865,1,2020,C,047-US-0062  -000,19.542,0,0,0,0,0,0,0,1,0,0,0,0,0,Y
Motor Vehicle,DAC,72573859,20201211,1125,5,NULL,DIXIE                                   ,N ,AVE  ,US0031W ,US0031W ,047 US-31W     ,US0031W                                        ,N,37.73118,-85.8857,8,2020,O,047-US-0031W -000,19.717,0,0,1,0,0,0,0,1,0,0,1,0,0,Y
Motor Vehicle,DAC,72574028,20201211,1712,5,NULL,RING                                    ,NULL,RD   ,KY3005  ,KY3005  ,047 KY-3005    ,KY3005                                         ,N,37.72803,-85.88448,5,2020,O,047-KY-3005  -000,6.521,0,0,0,1,0,0,1,0,0,0,0,0,0,Y
Motor Vehicle,DAC,72574074,20201205,1847,6,NULL,WINCHESTER                              ,NULL,BLVD ,NULL,NULL,047 CS-1584    ,CS1584                                         ,N,37.71941,-85.84819,1,2020,O,047-CS-1584  -000,0.111,0,0,0,0,0,0,1,0,0,0,1,0,0,Y
Motor Vehicle,DAC,72574075,20201211,1701,5,NULL,DIXIE                                   ,N ,AVE  ,US0031W ,US0031W ,047 US-31W-10  ,US0031W                                        ,N,37.73412,-85.88714,5,2020,O,047-US-0031W -000,19.93,0,0,1,0,0,0,1,1,0,0,1,0,0,Y
Motor Vehicle,DAC,72574143,20201211,1836,5,NULL,DIXIE                                   ,E ,AVE  ,US0031W ,US0031W ,047 US-31W     ,US0031W                                        ,N,37.69259,-85.85729,5,2020,O,047-US-0031W -000,16.557,0,0,0,1,0,0,1,0,0,0,0,0,0,Y
Motor Vehicle,DAC,72574331,20201212,1011,6,NULL,DIXIE                                   ,E ,AVE  ,US0031W ,US0031W ,047 US-31W     ,US0031W                                        ,N,37.68984,-85.8547,5,2020,O,047-US-0031W -000,16.315,0,0,1,0,0,0,0,0,0,0,0,0,0,Y
Motor Vehicle,DAC,72574447,20201212,1707,6,NULL,DOLPHIN                                 ,NULL,DR   ,NULL,NULL,047 CS-1430    ,CS1430                                         ,N,37.71108,-85.83755,1,2020,O,047-CS-1430  -000,0.095,0,0,1,0,0,0,1,0,0,0,1,0,0,Y
Motor Vehicle,DAC,72574518,20201213,946,0,302,LINDA                                   ,NULL,LN   ,NULL,NULL,047 CS-1311    ,CS1311                                         ,N,37.74562,-85.88493,9,2020,O,047-CS-1311  -000,0.25,0,0,0,1,0,0,0,0,0,0,0,1,0,Y
Motor Vehicle,Non DAC,72574571,20201212,1834,6,NULL,RING                                    ,NULL,RD   ,KY3005  ,KY3005  ,047 KY-3005    ,KY3005                                         ,N,37.67164,-85.91188,3,2020,O,047-KY-3005  -000,1.912,0,0,1,0,0,0,0,1,0,0,1,0,0,N
Motor Vehicle,DAC,72574680,20201213,221,0,604,MULBERRY                                ,N ,ST   ,US0062  ,US0062  ,047 US-62      ,US0062                                         ,N,37.70101,-85.85262,9,2020,B,047-US-0062  -000,18.587,0,0,0,0,0,0,1,0,0,0,0,1,0,Y
Motor Vehicle,DAC,72574834,20201214,1228,1,NULL,DIXIE                                   ,N ,AVE  ,US0031W ,US0031W ,047 US-31W-10  ,US0031W                                        ,N,37.73587,-85.88802,8,2020,O,047-US-0031W -000,20.105,0,0,0,1,0,0,0,0,0,0,0,1,0,Y
Motor Vehicle,DAC,72574856,20201214,1400,1,NULL,DIXIE                                   ,N ,AVE  ,US0031W ,US0031W ,047 US-31W-10  ,US0031W                                        ,N,37.73267,-85.88634,5,2020,O,047-US-0031W -000,19.816,0,0,0,0,0,0,1,0,0,0,0,0,0,Y
Motor Vehicle,DAC,72574939,20201207,1622,1,NULL,DIXIE                                   ,N ,AVE  ,US0031W ,US0031W ,047 US-31W-10  ,US0031W                                        ,N,37.73394,-85.88705,5,2020,O,047-US-0031W -000,19.902,0,0,1,0,0,0,1,0,0,0,1,0,0,Y
Motor Vehicle,DAC,72576247,20201218,1200,5,NULL,MULBERRY                                ,N ,ST   ,US0062  ,US0062  ,047 US-62-10   ,US0062                                         ,N,37.71237,-85.83238,1,2020,O,047-US-0062  -000,19.946,0,0,0,0,0,0,0,1,0,0,0,0,0,Y
Motor Vehicle,DAC,72576417,20201218,1720,5,NULL,DIXIE                                   ,N ,AVE  ,US0031W ,US0031W ,047 US-31W-10  ,US0031W                                        ,N,37.72325,-85.88178,1,2020,O,047-US-0031W -000,19.114,0,0,0,1,0,0,1,0,0,0,0,0,0,Y
Motor Vehicle,Non DAC,72576434,20201211,1515,5,NULL,PATRIOT                                 ,NULL,PKWY ,KY0361  ,KY0361  ,047 KY-361     ,KY0361                                         ,N,37.7134,-85.89528,1,2020,C,047-KY-0361  -000,1.305,0,0,0,0,0,0,0,0,0,0,1,0,0,Y
Motor Vehicle,DAC,72576467,20201217,1615,4,NULL,DIXIE                                   ,E ,AVE  ,US0031W ,US0031W ,047 US-31W     ,US0031W                                        ,N,37.68355,-85.85047,5,2020,O,047-US-0031W -000,15.788,0,0,0,0,0,0,0,0,0,0,0,0,0,Y
Motor Vehicle,DAC,72576469,20201218,1742,5,NULL,MULBERRY                                ,N ,ST   ,US0062  ,US0062  ,047 US-62      ,US0062                                         ,N,37.69388,-85.85943,8,2020,O,047-US-0062  -000,17.967,0,0,0,1,0,0,1,1,0,0,1,0,0,Y
Motor Vehicle,DAC,72576471,20201218,1954,5,NULL,DIXIE                                   ,W ,AVE  ,US0031W ,US0031W ,047 US-31W     ,US0031W                                        ,N,37.69417,-85.85995,5,2020,O,047-US-0031W -000,16.745,0,0,1,0,0,0,1,0,0,0,0,0,0,Y
Motor Vehicle,Non DAC,72576719,20201219,1055,6,NULL,MULBERRY                                ,N ,ST   ,US0062  ,US0062  ,047 US-62      ,US0062                                         ,N,37.71451,-85.82792,1,2020,O,047-US-0062  -000,20.188,0,0,0,0,0,0,1,0,0,0,1,0,0,Y
Motor Vehicle,Non DAC,72576869,20201218,1442,5,NULL,DIXIE                                   ,N ,AVE  ,US0031W ,US0031W ,NULL,NULL,N,37.74526,-85.89222,5,2020,O,047-US-0031W -000,20.729,0,0,1,0,0,0,1,0,0,0,0,0,0,Y
Motor Vehicle,DAC,72576874,20201205,915,6,413,NEVIS                                   ,NULL,DR   ,NULL,NULL,047 CS-1423    ,CS1423                                         ,N,37.72299,-85.85183,9,2020,O,047-CS-1423  -000,0.119,0,0,0,0,0,0,0,0,0,0,0,0,0,Y
Motor Vehicle,DAC,72576875,20201218,903,5,1113,NORTHRIDGE                              ,NULL,DR   ,NULL,NULL,047 CS-1429    ,CS1429                                         ,N,37.72016,-85.83586,9,2020,O,047-CS-1429  -000,0.209,0,0,0,0,0,0,0,0,0,0,0,0,0,Y
Motor Vehicle,Non DAC,72576915,20201218,1405,5,NULL,MULBERRY                                ,N ,ST   ,US0062  ,US0062  ,047 US-62-10   ,US0062                                         ,N,37.71449,-85.82815,5,2020,O,047-US-0062  -000,20.188,0,0,0,1,0,0,1,0,0,0,1,0,0,Y
Motor Vehicle,DAC,72577072,20201220,1534,0,NULL,CENTRAL                                 ,NULL,AVE  ,NULL,NULL,047 CS-1072    ,CS1072                                         ,N,37.69361,-85.85492,2,2020,O,047-CS-1072  -000,0.135,0,0,0,0,0,0,1,0,0,0,0,0,0,Y
Motor Vehicle,DAC,72577146,20201213,2119,0,NULL,DIXIE                                   ,E ,AVE  ,US0031W ,US0031W ,047 US-31W     ,US0031W                                        ,N,37.68811,-85.85295,1,2020,O,047-US-0031W -000,16.18,0,0,0,0,0,0,1,1,0,0,1,0,0,Y
Motor Vehicle,DAC,72577147,20201218,1959,5,NULL,DIXIE                                   ,N ,AVE  ,US0031W ,US0031W ,047 US-31W     ,US0031W                                        ,N,37.74,-85.88979,5,2020,O,047-US-0031W -000,20.347,0,0,0,0,0,0,1,0,0,0,0,0,0,Y
Motor Vehicle,DAC,72577391,20201221,1315,1,NULL,DIXIE                                   ,N ,AVE  ,US0031W ,US0031W ,047 US-31W     ,US0031W                                        ,N,37.72734,-85.88351,8,2020,O,047-US-0031W -000,19.402,0,0,1,0,0,0,1,0,0,0,0,1,0,Y
Motor Vehicle,DAC,72577837,20201222,1531,2,NULL,WALMART                                 ,NULL,DR   ,NULL,NULL,047 CS-1558    ,CS1558                                         ,N,37.73151,-85.88378,4,2020,O,047-CS-1558  -000,0.015,0,0,0,0,0,0,0,1,0,0,0,0,0,Y
Motor Vehicle,DAC,72577903,20201223,717,3,NULL,MULBERRY                                ,N ,ST   ,US0062  ,US0062  ,047 US-62      ,US0062                                         ,N,37.70695,-85.84235,1,2020,O,047-US-0062  -000,19.282,0,0,0,1,0,0,1,1,0,0,0,0,0,Y
Motor Vehicle,Non DAC,72577939,20201222,1440,2,NULL,RING                                    ,NULL,RD   ,KY3005  ,KY3005  ,047 KY-3005    ,KY3005                                         ,N,37.7177,-85.90307,5,2020,O,047-KY-3005  -000,5.274,0,0,0,1,0,0,1,0,0,0,0,0,0,Y
Motor Vehicle,DAC,72577950,20201222,1403,2,NULL,RING                                    ,NULL,RD   ,KY3005  ,KY3005  ,047 KY-3005    ,KY3005                                         ,N,37.73016,-85.87755,5,2020,O,047-KY-3005  -000,6.929,0,0,0,0,0,0,1,0,0,0,0,0,0,Y
Motor Vehicle,DAC,72577959,20201222,1203,2,NULL,DIXIE                                   ,N ,AVE  ,US0031W ,US0031W ,047 US-31W     ,US0031W                                        ,N,37.72623,-85.88294,5,2020,C,047-US-0031W -000,19.326,0,0,0,1,0,0,1,0,0,0,0,0,0,Y
Motor Vehicle,DAC,72577977,20201222,200,2,304,POPLAR                                  ,NULL,DR   ,NULL,NULL,047 CS-1021    ,CS1021                                         ,N,37.70014,-85.86084,7,2020,O,047-CS-1021  -000,0.278,0,0,0,0,0,0,0,0,0,0,0,0,0,Y
Motor Vehicle,DAC,72578126,20201223,1110,3,NULL,RING                                    ,NULL,RD   ,KY3005  ,KY3005  ,047 KY-3005    ,KY3005                                         ,N,37.71186,-85.84003,5,2020,O,047-KY-3005  -000,10.375,0,0,0,0,0,0,1,0,0,0,0,0,0,Y
Motor Vehicle,DAC,72578223,20201222,2249,2,NULL,DIXIE                                   ,N ,AVE  ,US0031W ,US0031W ,NULL,NULL,N,37.74117,-85.89062,1,2020,O,047-US-0031W -000,20.42,0,0,0,0,0,0,1,1,0,0,1,0,0,Y
Motor Vehicle,DAC,72578250,20201223,2240,3,NULL,WALMART                                 ,NULL,LN   ,NULL,NULL,047 PR-1004    ,PR1004                                         ,N,37.7324,-85.8844,7,2020,O,047-PR-1004  -000,0.293,0,0,0,0,0,0,0,0,0,0,0,1,0,Y
Motor Vehicle,Non DAC,72578262,20201223,1205,3,NULL,RING                                    ,NULL,RD   ,KY3005  ,KY3005  ,047 KY-3005    ,KY3005                                         ,N,37.72739,-85.88655,5,2020,O,047-KY-3005  -000,6.408,0,0,0,0,0,0,0,1,0,0,0,0,0,Y
Motor Vehicle,DAC,72578484,20201224,1144,4,NULL,DIXIE                                   ,E ,AVE  ,US0031W ,US0031W ,047 US-31W     ,US0031W                                        ,N,37.68536,-85.85148,5,2020,O,047-US-0031W -000,15.929,0,0,0,1,0,0,1,0,0,0,0,0,0,Y