Mode,Crash In Disadvantaged Community,MasterFile,CollisionDate,CollisionTime,CollisionDayWeekCode,RoadwayName_HouseBusinessNumber_,RoadwayName_RoadwayName_,RoadwayName_Direction_,RoadwayName_RoadwaySuffix_,RoadwayfromReport,CurrentRoadwayNumber,RSEUniqueGIS,RoadwayIdentifier,ParkingLotIndicator,Latitude,Longitude,MannerofCollisionCode,YR,KABCO,KTC_RT,KTC_MP,Motorcyclist,Commercial Vehicle,Young Driver,Mature Driver,Pedestrian,Bicyclist,Distracted,Aggressive,Impaired,Unrestrained,Intersection,Roadway Departure,Median Cross-over,In City Limits?
Motor Vehicle,Non DAC,72579068,20201211,822,5,NULL,MULBERRY                                ,N ,ST   ,US0062  ,US0062  ,047 US-62      ,US0062                                         ,N,37.71432,-85.82811,5,2020,O,047-US-0062  -000,20.192,0,0,0,0,0,0,1,0,0,0,0,0,0,Y
Motor Vehicle,DAC,72579076,20201226,1511,6,400,GEORGIA                                 ,NULL,LN   ,NULL,NULL,047 CS-1279    ,CS1279                                         ,N,37.73993,-85.88381,1,2020,O,047-CS-1279  -000,0.383,0,0,0,0,0,0,0,0,0,0,0,0,0,Y
Motor Vehicle,Non DAC,72579199,20201226,1720,6,NULL,VETERANS                                ,NULL,WAY  ,NULL,NULL,047 CS-1683    ,CS1683                                         ,N,37.73392,-85.89621,1,2020,O,047-CS-1683  -000,0.653,0,0,1,0,0,0,1,0,0,0,1,0,0,Y
Motor Vehicle,Non DAC,72579262,20201227,2149,0,NULL,NULL,NULL,NULL,US0031WB,US0031WB,NULL,NULL,N,37.71004,-85.88833,9,2020,O,047-US-0031WB-342,0.058,0,0,1,0,0,0,0,0,0,0,1,0,0,Y
Motor Vehicle,DAC,72579731,20201228,1543,1,1815,DIXIE                                   ,N ,AVE  ,US0031W ,US0031W ,047 US-31W     ,US0031W                                        ,N,37.73598,-85.8878,8,2020,O,047-US-0031W -000,20.108,0,0,1,0,0,0,0,0,0,0,0,1,0,Y
Motor Vehicle,DAC,72579765,20201229,1120,2,NULL,DIXIE                                   ,E ,AVE  ,US0031W ,US0031W ,047 US-31W     ,US0031W                                        ,N,37.69282,-85.8576,7,2020,O,047-US-0031W -000,16.581,0,0,0,0,0,0,1,0,0,0,0,1,0,Y
Motor Vehicle,Non DAC,72580072,20201230,601,3,NULL,LEITCHFIELD                             ,NULL,RD   ,US0062  ,US0062  ,047 US-62-10   ,US0062                                         ,N,37.67496,-85.90388,1,2020,O,047-US-0062  -000,15.02,0,0,0,0,0,0,0,0,0,0,1,0,0,N
Motor Vehicle,DAC,72580228,20201228,1510,1,NULL,RING                                    ,NULL,RD   ,KY3005  ,KY3005  ,047 KY-3005    ,KY3005                                         ,N,37.72815,-85.8842,8,2020,O,047-KY-3005  -000,6.536,0,0,0,1,0,0,0,0,0,0,1,0,0,Y
Motor Vehicle,Non DAC,72580229,20201228,1545,1,NULL,WOODLAND                                ,NULL,DR   ,NULL,NULL,047 CS-1193    ,CS1193                                         ,N,37.72768,-85.88576,5,2020,O,047-CS-1193  -000,0.005,0,0,0,1,0,0,1,0,0,0,1,0,0,Y
Motor Vehicle,DAC,72580230,20201230,1839,3,NULL,RING                                    ,NULL,RD   ,KY3005  ,KY3005  ,047 KY-3005    ,KY3005                                         ,N,37.72907,-85.88157,5,2020,O,047-KY-3005  -000,6.695,0,0,1,0,0,0,0,0,0,0,0,0,0,Y
Motor Vehicle,DAC,72580231,20201230,1950,3,NULL,DIXIE                                   ,N ,AVE  ,US0031W ,US0031W ,047 US-31W     ,US0031W                                        ,N,37.72922,-85.88472,7,2020,O,047-US-0031W -000,19.554,0,0,0,0,0,0,1,0,0,0,0,1,0,Y
Motor Vehicle,DAC,72580276,20201031,404,6,NULL,MILES                                   ,N ,ST   ,KY0251  ,KY0251  ,047 KY-251     ,KY0251                                         ,N,37.69588,-85.863,9,2020,O,047-KY-0251  -000,0.001,0,0,0,0,0,0,0,1,0,0,1,0,0,Y
Motor Vehicle,DAC,72580278,20201230,2037,3,NULL,MILES                                   ,N ,ST   ,KY0251  ,KY0251  ,NULL,NULL,N,37.69706,-85.86194,1,2020,O,047-KY-0251  -000,0.09,0,0,1,0,0,0,1,1,0,0,1,0,0,Y
Motor Vehicle,Non DAC,72580566,20201230,1521,3,NULL,PATRIOT                                 ,NULL,PKWY ,KY0361  ,KY0361  ,047 KY-361     ,KY0361                                         ,N,37.71812,-85.90487,5,2020,O,047-KY-0361  -000,1.923,0,0,0,0,0,0,1,0,0,0,0,0,0,Y
Motor Vehicle,DAC,72580572,20201231,1401,4,NULL,DIXIE                                   ,E ,AVE  ,US0031W ,US0031W ,047 US-31W     ,US0031W                                        ,N,37.68412,-85.85081,1,2020,O,047-US-0031W -000,15.833,0,0,0,0,0,0,0,1,0,0,0,0,0,Y
Motor Vehicle,DAC,72580573,20201231,1215,4,NULL,RING                                    ,NULL,RD   ,KY3005  ,KY3005  ,047 KY-3005    ,KY3005                                         ,N,37.73382,-85.86197,1,2020,B,047-KY-3005  -000,7.834,0,0,0,1,0,0,0,1,0,0,1,0,0,Y
Motor Vehicle,Non DAC,72580917,20201219,1245,6,NULL,DIXIE                                   ,N ,AVE  ,US0031W ,US0031W ,047 US-31W-10  ,US0031W                                        ,N,37.75025,-85.89476,5,2020,O,047-US-0031W -000,21.114,0,0,0,0,0,0,1,0,0,0,0,0,0,Y
Motor Vehicle,DAC,72580969,20210102,1345,6,NULL,DIXIE                                   ,N ,AVE  ,US0031W ,US0031W ,047 US-31W     ,US0031W                                        ,N,37.73181,-85.88572,5,2021,O,047-US-0031W -000,19.746,0,0,0,0,0,0,1,0,0,0,0,0,0,Y
Motor Vehicle,DAC,72581064,20210102,1819,6,NULL,DIXIE                                   ,N ,AVE  ,US0031W ,US0031W ,047 US-31W-10  ,US0031W                                        ,N,37.73457,-85.88732,5,2021,O,047-US-0031W -000,19.976,0,0,0,0,0,0,0,0,0,0,0,0,0,Y
Motor Vehicle,Non DAC,72581120,20201231,2151,4,NULL,RING                                    ,NULL,RD   ,KY3005  ,KY3005  ,047 KY-3005    ,KY3005                                         ,N,37.71727,-85.9034,1,2020,O,047-KY-3005  -000,5.238,0,0,0,0,0,0,1,1,0,0,1,0,0,Y
Motor Vehicle,DAC,72581121,20210101,2250,5,NULL,MILES                                   ,N ,ST   ,KY0251  ,KY0251  ,047 KY-251     ,KY0251                                         ,N,37.7102,-85.85346,1,2021,O,047-KY-0251  -000,1.084,0,0,1,0,0,0,1,1,0,0,1,0,0,Y
Motor Vehicle,DAC,72581136,20201226,2029,6,NULL,DIXIE                                   ,E ,AVE  ,US0031W ,US0031W ,047 US-31W     ,US0031W                                        ,N,37.6735,-85.84579,5,2020,O,047-US-0031W -000,15.048,0,0,1,0,0,0,1,0,0,0,1,0,0,Y
Motor Vehicle,DAC,72581308,20210103,1808,0,NULL,MILES                                   ,N ,ST   ,KY0251  ,KY0251  ,047 KY-251     ,KY0251                                         ,N,37.70212,-85.85738,8,2021,O,047-KY-0251  -000,0.52,0,0,0,0,0,0,1,0,0,0,0,1,0,Y
Motor Vehicle,DAC,72581502,20210104,1333,1,NULL,DIXIE                                   ,N ,AVE  ,US0031W ,US0031W ,047 US-31W     ,US0031W                                        ,N,37.71819,-85.87899,5,2021,O,047-US-0031W -000,18.738,0,0,1,0,0,0,1,0,0,0,0,0,0,Y
Motor Vehicle,DAC,72581697,20210104,1713,1,NULL,31W                                     ,NULL,BYP  ,US0031WB,US0031WB,NULL,NULL,N,37.70021,-85.88182,1,2021,C,047-US-0031WB-000,2.084,0,0,0,1,0,0,1,1,0,0,1,0,0,Y
Motor Vehicle,DAC,72582186,20210106,1247,3,NULL,DIXIE                                   ,N ,AVE  ,US0031W ,US0031W ,047 US-31W-10  ,US0031W                                        ,N,37.73972,-85.88992,5,2021,O,047-US-0031W -000,20.337,0,0,0,0,0,0,1,1,0,0,0,0,0,Y
Motor Vehicle,DAC,72582245,20210101,1933,5,NULL,MULBERRY                                ,N ,ST   ,US0062  ,US0062  ,047 US-62      ,US0062                                         ,N,37.695,-85.85841,1,2021,O,047-US-0062  -000,18.06,0,0,1,0,0,0,1,0,0,0,1,0,0,Y
Motor Vehicle,DAC,72582246,20210106,1523,3,100,WALMART                                 ,NULL,LN   ,NULL,NULL,047 PR-1004    ,PR1004                                         ,N,37.73254,-85.88449,1,2021,O,047-PR-1004  -000,0.302,0,0,0,1,0,0,1,0,0,0,0,0,0,Y
Motor Vehicle,DAC,72582247,20210106,1637,3,NULL,HELM                                    ,NULL,ST   ,NULL,NULL,047 CS-1127    ,CS1127                                         ,N,37.6936,-85.86184,8,2021,O,047-CS-1127  -000,0.241,0,0,0,0,0,0,0,0,0,0,0,1,0,Y
Motor Vehicle,DAC,72582252,20210106,1555,3,1532,MANCHESTER                              ,NULL,DR   ,NULL,NULL,047 CS-1324    ,CS1324                                         ,N,37.71998,-85.84333,9,2021,O,047-CS-1324  -000,0.402,0,0,0,0,0,0,0,0,1,0,0,1,0,Y
Motor Vehicle,Non DAC,72582767,20210108,1515,5,NULL,RING                                    ,N ,RD   ,KY3005  ,KY3005  ,047 KY-3005    ,KY3005                                         ,N,37.72672,-85.88887,5,2021,O,047-KY-3005  -000,6.273,0,0,0,0,0,0,0,1,0,0,0,0,0,Y
Motor Vehicle,DAC,72582769,20210107,1545,4,NULL,31W                                     ,NULL,BYP  ,US0031WB,US0031WB,047 US-31WB-10 ,US0031WB                                       ,N,37.70189,-85.88304,5,2021,O,047-US-0031WB-000,2.298,0,0,0,0,0,0,1,0,0,0,0,1,0,Y
Motor Vehicle,DAC,72582798,20210108,1638,5,NULL,DIXIE                                   ,N ,AVE  ,US0031W ,US0031W ,047 US-31W-10  ,US0031W                                        ,N,37.70962,-85.87484,1,2021,O,047-US-0031W -000,18.102,0,0,1,0,0,0,0,1,0,0,0,0,0,Y
Motor Vehicle,DAC,72583193,20210109,1422,6,2019,PLEASANT VIEW                           ,NULL,DR   ,NULL,NULL,047 CS-1314    ,CS1314                                         ,N,37.74147,-85.88763,2,2021,O,047-CS-1314  -000,0.142,0,0,0,0,0,0,1,0,0,0,0,0,0,Y
Motor Vehicle,Non DAC,72583194,20210109,1827,6,NULL,DIXIE                                   ,N ,HWY  ,US0031W ,US0031W ,047 US-31W     ,US0031W                                        ,N,37.75176,-85.89523,8,2021,O,047-US-0031W -000,21.221,0,0,1,0,0,0,1,0,0,0,0,1,0,Y
Motor Vehicle,DAC,72583276,20201231,759,4,820,BETHEL                                  ,NULL,DR   ,NULL,NULL,047 CS-1501    ,CS1501                                         ,N,37.68102,-85.84612,2,2020,O,047-CS-1501  -000,0.154,0,0,0,0,0,0,0,0,0,0,0,1,0,Y
Motor Vehicle,DAC,72583484,20210111,1747,1,NULL,DIXIE                                   ,N ,AVE  ,US0031W ,US0031W ,047 US-31W     ,US0031W                                        ,N,37.73939,-85.88948,8,2021,O,047-US-0031W -000,20.307,0,0,0,0,0,0,1,0,0,0,0,1,0,Y
Motor Vehicle,DAC,72584052,20210113,1530,3,NULL,31W                                     ,NULL,BYP  ,US0031WB,US0031WB,047 US-31WB    ,US0031WB                                       ,N,37.69191,-85.87161,5,2021,O,047-US-0031WB-000,1.356,0,0,0,0,0,0,1,0,0,0,0,0,0,Y
Motor Vehicle,Non DAC,72584080,20210112,1537,2,NULL,MULBERRY                                ,N ,ST   ,US0062  ,US0062  ,047 US-62      ,US0062                                         ,N,37.71484,-85.82705,8,2021,O,047-US-0062  -000,20.26,0,0,0,1,0,0,0,1,0,0,0,1,0,Y
Motor Vehicle,Non DAC,72584122,20210113,1517,3,NULL,PINE VALLEY                             ,NULL,DR   ,NULL,NULL,047 CS-1533    ,CS1533                                         ,N,37.753,-85.88994,3,2021,O,047-CS-1533  -000,0.305,0,0,0,0,0,0,0,0,0,0,1,0,0,Y
Motor Vehicle,DAC,72584180,20210112,922,2,NULL,BANKVIEW                                ,NULL,DR   ,NULL,NULL,047 CS-1148    ,CS1148                                         ,N,37.71788,-85.87914,1,2021,O,047-CS-1148  -000,0.015,0,0,0,1,0,0,1,0,0,0,1,0,0,Y
Motor Vehicle,DAC,72584206,20210113,1529,3,NULL,MULBERRY                                ,N ,ST   ,US0062  ,US0062  ,047 US-62      ,US0062                                         ,N,37.69953,-85.85439,1,2021,C,047-US-0062  -000,18.438,0,0,1,0,0,0,1,0,0,0,1,0,0,Y
Motor Vehicle,DAC,72584280,20210114,1413,4,NULL,RING                                    ,NULL,RD   ,KY3005  ,KY3005  ,NULL,NULL,N,37.72932,-85.88069,5,2021,O,047-KY-3005  -000,6.746,0,0,1,0,0,0,1,0,0,0,0,0,0,Y
Motor Vehicle,DAC,72584420,20210114,1718,4,NULL,MULBERRY                                ,N ,ST   ,US0062  ,US0062  ,047 US-62-10   ,US0062                                         ,N,37.70458,-85.84676,1,2021,O,047-US-0062  -000,18.999,0,0,0,0,0,0,0,1,0,0,1,0,0,Y
Motor Vehicle,DAC,72584889,20210115,1343,5,NULL,31W                                     ,NULL,BYP  ,US0031WB,US0031WB,047 US-31WB-10 ,US0031WB                                       ,N,37.69204,-85.87195,4,2021,C,047-US-0031WB-000,1.357,0,0,0,0,0,0,1,0,0,0,1,0,0,Y
Motor Vehicle,Non DAC,72585061,20210115,1211,5,NULL,WOODLAND                                ,NULL,DR   ,NULL,NULL,047 CS-1193    ,CS1193                                         ,N,37.72128,-85.88351,1,2021,O,047-CS-1193  -000,0.453,0,0,1,0,0,0,1,0,1,0,1,0,0,Y
Motor Vehicle,Non DAC,72585412,20210117,1635,0,NULL,DIXIE                                   ,N ,AVE  ,US0031W ,US0031W ,047 US-31W     ,US0031W                                        ,N,37.74555,-85.89217,5,2021,O,047-US-0031W -000,20.746,0,0,0,0,0,0,1,0,0,0,0,0,0,Y
Motor Vehicle,Non DAC,72585608,20210108,1000,5,NULL,TOWNE                                   ,NULL,CTR  ,NULL,NULL,047 PR-1010    ,PR1010                                         ,N,37.73326,-85.8887,1,2021,O,047-PR-1010  -000,0.463,0,0,1,0,0,0,0,1,0,0,1,0,0,Y
Motor Vehicle,DAC,72585691,20210118,1537,1,NULL,DIXIE                                   ,N ,AVE  ,US0031W ,US0031W ,047 US-31W-10  ,US0031W                                        ,N,37.71053,-85.87543,1,2021,C,047-US-0031W -000,18.172,0,0,0,1,0,0,0,1,0,0,0,0,0,Y
Motor Vehicle,DAC,72585713,20210118,1618,1,NULL,MULBERRY                                ,N ,ST   ,US0062  ,US0062  ,047 US-62      ,US0062                                         ,N,37.7091,-85.8391,1,2021,O,047-US-0062  -000,19.512,0,0,0,0,0,0,1,0,0,0,0,0,0,Y
Motor Vehicle,DAC,72585999,20210118,1822,1,NULL,DIXIE                                   ,E ,AVE  ,US0031W ,US0031W ,047 US-31W     ,US0031W                                        ,N,37.69155,-85.85584,1,2021,O,047-US-0031W -000,16.449,0,0,0,0,0,0,0,1,0,0,0,0,0,Y
Motor Vehicle,DAC,72586382,20210120,1636,3,NULL,MILES                                   ,N ,ST   ,KY0251  ,KY0251  ,047 KY-251     ,KY0251                                         ,N,37.69707,-85.86192,1,2021,O,047-KY-0251  -000,0.092,0,0,0,0,0,0,0,0,0,0,1,0,0,Y
Motor Vehicle,DAC,72586383,20210119,1731,2,212,OAK VALLEY                              ,NULL,CT   ,NULL,NULL,047 CS-1288    ,CS1288                                         ,N,37.73743,-85.88346,7,2021,O,047-CS-1288  -000,0.123,0,0,0,0,0,0,1,0,0,0,0,0,0,Y
Motor Vehicle,Non DAC,72586405,20210114,623,4,NULL,92 MM I65 SOUTH                         ,NULL,NULL,NULL,NULL,NULL,NULL,N,37.67258,-85.86404,5,2021,O,047-CS-1477  -000,0.128,0,0,0,0,0,0,0,0,0,0,0,0,0,Y
Motor Vehicle,DAC,72586412,20210116,1808,6,NULL,E DIXIE                                 ,NULL,AVE  ,NULL,NULL,NULL,NULL,N,37.68814,-85.85298,5,2021,O,047-US-0031W -000,16.184,0,0,0,0,0,0,1,0,0,0,1,0,0,Y
Motor Vehicle,DAC,72586462,20210121,959,4,NULL,PEAR ORCHARD                            ,NULL,RD   ,NULL,NULL,047 CS-1327    ,CS1327                                         ,N,37.73345,-85.86183,1,2021,O,047-CS-1327  -000,1.615,0,0,0,0,0,0,0,0,0,0,0,0,0,Y
Motor Vehicle,DAC,72586708,20210121,1627,4,NULL,DIXIE                                   ,N ,AVE  ,US0031W ,US0031W ,047 US-31W-10  ,US0031W                                        ,N,37.73278,-85.88649,1,2021,O,047-US-0031W -000,19.824,0,0,0,1,0,0,1,1,0,0,0,0,0,Y
Motor Vehicle,DAC,72586864,20210120,2041,3,NULL,MILES                                   ,N ,ST   ,KY0251  ,KY0251  ,047 KY-251     ,KY0251                                         ,N,37.73217,-85.84436,3,2021,O,047-KY-0251  -000,2.68,0,0,0,0,0,0,1,1,0,0,1,0,0,Y
Motor Vehicle,Non DAC,72586869,20210122,1432,5,NULL,VETERANS                                ,NULL,WAY  ,NULL,NULL,047 CS-1683    ,CS1683                                         ,N,37.72583,-85.89181,5,2021,O,047-CS-1683  -000,0.04,0,0,0,0,0,0,1,1,0,0,0,0,0,Y
Motor Vehicle,Non DAC,72586955,20210121,1819,4,NULL,DIXIE                                   ,N ,AVE  ,US0031W ,US0031W ,047 US-31W     ,US0031W                                        ,N,37.74961,-85.89426,5,2021,B,047-US-0031W -000,21.06,0,0,0,0,0,0,1,0,0,0,0,0,0,Y
Motor Vehicle,DAC,72587011,20210122,1554,5,NULL,MAIN                                    ,S ,ST   ,NULL,NULL,047 CS-1321    ,CS1321                                         ,N,37.692,-85.859,1,2021,O,047-CS-1321  -000,0.125,0,0,0,0,0,0,0,1,0,0,1,0,0,Y
Motor Vehicle,DAC,72587147,20210121,1201,4,NULL,US31W BYP S TURN LANE                   ,NULL,NULL,US0031WB,US0031WB,047 US-31WB-25 ,US0031WB                                       ,N,37.71921,-85.88014,5,2021,O,047-US-0031WB-025,0.04,0,0,0,1,0,0,0,1,0,0,0,1,0,Y
Motor Vehicle,DAC,72587201,20210123,1118,6,NULL,DIXIE                                   ,N ,AVE  ,US0031W ,US0031W ,047 US-31W     ,US0031W                                        ,N,37.72734,-85.88352,1,2021,O,047-US-0031W -000,19.402,0,0,0,0,0,0,1,0,0,0,0,0,0,Y
Motor Vehicle,DAC,72587202,20210123,1240,6,NULL,DIXIE                                   ,W ,AVE  ,US0031W ,US0031W ,047 US-31W     ,US0031W                                        ,N,37.70174,-85.86849,1,2021,O,047-US-0031W -000,17.431,0,0,0,0,0,0,1,0,0,0,0,0,0,Y
Motor Vehicle,DAC,72587378,20210123,1240,6,NULL,DIXIE                                   ,N ,AVE  ,US0031W ,US0031W ,047 US-31W     ,US0031W                                        ,N,37.73121,-85.88544,8,2021,O,047-US-0031W -000,19.706,0,1,0,0,0,0,0,1,0,0,1,0,0,Y
Motor Vehicle,DAC,72587383,20210124,1203,0,NULL,MULBERRY                                ,N ,ST   ,US0062  ,US0062  ,047 US-62      ,US0062                                         ,N,37.6941,-85.85926,7,2021,O,047-US-0062  -000,17.984,0,0,0,0,0,0,0,0,0,0,0,1,0,Y
Motor Vehicle,DAC,72588006,20210119,901,2,NULL,31W                                     ,NULL,BYP  ,US0031WB,US0031WB,047 US-31WB    ,US0031WB                                       ,N,37.69982,-85.88156,5,2021,O,047-US-0031WB-000,2.14,0,0,1,0,0,0,1,0,0,0,0,0,0,Y
Motor Vehicle,DAC,72588359,20210125,1059,1,NULL,RING                                    ,NULL,RD   ,KY3005  ,KY3005  ,047 KY-3005    ,KY3005                                         ,N,37.73388,-85.86198,5,2021,O,047-KY-3005  -000,7.838,0,0,0,1,0,0,1,0,0,0,1,0,0,Y
Motor Vehicle,DAC,72588789,20210112,1419,2,NULL,PUBLIC                                  ,NULL,SQ   ,US0031W ,US0031W ,047 US-31W-1   ,US0031W                                        ,N,37.69284,-85.85787,8,2021,O,047-US-0031W -001,16.603,0,0,0,1,0,0,1,0,0,0,0,1,0,Y
Motor Vehicle,DAC,72588790,20210120,845,3,NULL,DIXIE                                   ,W ,AVE  ,US0031W ,US0031W ,047 US-31W     ,US0031W                                        ,N,37.69723,-85.86433,5,2021,O,047-US-0031W -000,17.064,0,0,0,0,0,0,1,0,0,0,0,0,0,Y
Motor Vehicle,Non DAC,72588791,20210120,1147,3,NULL,VETERANS                                ,NULL,WAY  ,NULL,NULL,047 CS-1683    ,CS1683                                         ,N,37.73043,-85.89411,7,2021,O,047-CS-1683  -000,0.383,0,0,0,1,0,0,1,0,0,0,0,1,0,Y
Motor Vehicle,Non DAC,72588792,20210119,1425,2,NULL,VALLEY CREEK                            ,NULL,RD   ,KY0567  ,KY0567  ,047 KY-567     ,KY0567                                         ,N,37.6735,-85.84167,5,2021,O,047-KY-0567  -000,0.144,0,0,0,1,0,0,0,1,0,0,0,0,0,Y
Motor Vehicle,DAC,72588813,20210128,915,4,NULL,RING                                    ,NULL,RD   ,KY3005  ,KY3005  ,047 KY-3005    ,KY3005                                         ,N,37.7293,-85.88081,5,2021,C,047-KY-3005  -000,6.735,0,0,0,1,0,0,1,0,0,0,0,0,0,Y
Motor Vehicle,DAC,72588896,20210128,939,4,NULL,MILES                                   ,N ,ST   ,KY0251  ,KY0251  ,047 KY-251     ,KY0251                                         ,N,37.70235,-85.85715,1,2021,B,047-KY-0251  -000,0.54,0,0,0,0,0,0,1,0,0,0,1,0,0,Y
Motor Vehicle,DAC,72589014,20210127,1522,3,NULL,N. MULBERRY                             ,NULL,ST   ,I 0065  ,I 0065  ,NULL,NULL,N,37.71332,-85.83067,5,2021,O,047-I -0065  -531,0.253,0,0,0,0,0,0,1,1,0,0,0,0,0,Y
Motor Vehicle,DAC,72589065,20210123,830,6,NULL,BEECHWOOD                               ,NULL,LN   ,NULL,NULL,047 CS-1024    ,CS1024                                         ,N,37.70444,-85.87908,8,2021,O,047-CS-1024  -000,0.036,0,0,0,0,0,0,0,0,0,0,0,0,0,Y
Motor Vehicle,DAC,72589066,20210128,1606,4,NULL,DIXIE                                   ,W ,AVE  ,US0031W ,US0031W ,NULL,NULL,N,37.70377,-85.87078,5,2021,O,047-US-0031W -000,17.637,0,0,1,1,0,0,0,0,0,0,0,0,0,Y
Motor Vehicle,Non DAC,72589885,20210129,1423,5,NULL,RING                                    ,NULL,RD   ,KY3005  ,KY3005  ,047 KY-3005-10 ,KY3005                                         ,N,37.72473,-85.89322,5,2021,O,047-KY-3005  -000,5.998,0,0,0,1,0,0,0,1,0,0,0,0,0,Y
Motor Vehicle,DAC,72589983,20210130,1758,6,NULL,RING                                    ,NULL,RD   ,KY3005  ,KY3005  ,047 KY-3005-10 ,KY3005                                         ,N,37.72832,-85.88394,8,2021,O,047-KY-3005  -000,6.548,0,0,0,0,0,0,1,0,0,0,1,0,0,Y
Motor Vehicle,Non DAC,72589999,20210129,1537,5,NULL,WOODLAND                                ,NULL,DR   ,NULL,NULL,047 CS-1193    ,CS1193                                         ,N,37.72124,-85.88351,5,2021,O,047-CS-1193  -000,0.454,0,0,0,0,0,0,1,0,0,0,0,0,0,Y
Motor Vehicle,DAC,72590146,20210125,958,1,NULL,RING                                    ,NULL,RD   ,KY3005  ,KY3005  ,047 KY-3005    ,KY3005                                         ,N,37.72834,-85.88381,5,2021,O,047-KY-3005  -000,6.56,0,0,0,1,0,0,1,0,0,0,0,0,0,Y
Motor Vehicle,Non DAC,72590147,20210127,836,3,NULL,RING                                    ,NULL,RD   ,KY3005  ,KY3005  ,047 KY-3005-10 ,KY3005                                         ,N,37.7175,-85.90332,5,2021,O,047-KY-3005  -000,5.259,0,0,0,0,0,0,1,0,0,0,0,0,0,Y
Motor Vehicle,Non DAC,72590148,20210128,556,4,NULL,BLACK BRANCH                            ,N ,RD   ,NULL,NULL,047 CS-1551    ,CS1551                                         ,N,37.67625,-85.91983,1,2021,O,047-CS-1551  -000,1.041,0,0,0,1,0,0,1,1,0,0,0,0,0,Y
Motor Vehicle,DAC,72590463,20210201,1820,1,NULL,US31W BYP S TURN LANE                   ,NULL,NULL,US0031WB,US0031WB,047 US-31WB-25 ,US0031WB                                       ,N,37.71921,-85.8802,8,2021,O,047-US-0031WB-025,0.042,0,0,0,1,0,0,1,0,0,0,0,1,0,Y
Motor Vehicle,DAC,72590467,20210127,1511,3,NULL,POPLAR                                  ,W ,ST   ,NULL,NULL,047 CS-1068    ,CS1068                                         ,N,37.70149,-85.86675,5,2021,O,047-CS-1068  -000,0.74,0,0,0,0,0,0,1,0,0,0,1,0,0,Y
Motor Vehicle,DAC,72590562,20210202,1205,2,NULL,RING                                    ,NULL,RD   ,KY3005  ,KY3005  ,047 KY-3005    ,KY3005                                         ,N,37.73217,-85.84434,1,2021,C,047-KY-3005  -000,8.829,0,0,0,0,0,0,0,1,0,0,1,0,0,Y
Motor Vehicle,DAC,72590683,20210202,1723,2,NULL,RING                                    ,NULL,RD   ,KY3005  ,KY3005  ,047 KY-3005    ,KY3005                                         ,N,37.71133,-85.83987,8,2021,O,047-KY-3005  -000,10.43,0,0,1,0,0,0,0,0,0,0,0,1,0,Y
Motor Vehicle,DAC,72590725,20210202,1735,2,NULL,DIXIE                                   ,N ,AVE  ,US0031W ,US0031W ,NULL,NULL,N,37.72774,-85.88423,5,2021,O,047-US-0031W -000,19.372,0,0,0,0,0,0,1,0,0,0,0,0,0,Y
Motor Vehicle,DAC,72590861,20210203,617,3,NULL,NORTHRIDGE                              ,NULL,DR   ,NULL,NULL,NULL,NULL,N,37.72017,-85.83595,1,2021,O,047-CS-1429  -000,0.204,0,0,0,0,0,0,0,1,0,0,0,0,0,Y
Motor Vehicle,DAC,72591134,20210127,1632,3,NULL,31W                                     ,NULL,BYP  ,US0031WB,US0031WB,047 US-31WB    ,US0031WB                                       ,N,37.69081,-85.86986,5,2021,O,047-US-0031WB-000,1.234,0,0,1,1,0,0,0,0,0,0,0,0,0,Y
Motor Vehicle,DAC,72591281,20210204,1315,4,NULL,RING                                    ,NULL,RD   ,KY3005  ,KY3005  ,047 KY-3005    ,KY3005                                         ,N,37.72813,-85.8396,8,2021,O,047-KY-3005  -000,9.239,0,0,0,1,0,0,0,1,0,0,0,1,0,Y