Mode,Crash In Disadvantaged Community,MasterFile,CollisionDate,CollisionTime,CollisionDayWeekCode,RoadwayName_HouseBusinessNumber_,RoadwayName_RoadwayName_,RoadwayName_Direction_,RoadwayName_RoadwaySuffix_,RoadwayfromReport,CurrentRoadwayNumber,RSEUniqueGIS,RoadwayIdentifier,ParkingLotIndicator,Latitude,Longitude,MannerofCollisionCode,YR,KABCO,KTC_RT,KTC_MP,Motorcyclist,Commercial Vehicle,Young Driver,Mature Driver,Pedestrian,Bicyclist,Distracted,Aggressive,Impaired,Unrestrained,Intersection,Roadway Departure,Median Cross-over,In City Limits?
Motor Vehicle,DAC,72591356,20210130,1858,6,NULL,DIXIE                                   ,W ,AVE  ,US0031W ,US0031W ,047 US-31W     ,US0031W                                        ,N,37.69413,-85.85988,5,2021,O,047-US-0031W -000,16.739,0,0,0,0,0,0,1,1,0,0,0,0,0,Y
Motor Vehicle,DAC,72591381,20210204,1708,4,NULL,DIXIE                                   ,E ,AVE  ,US0031W ,US0031W ,047 US-31W     ,US0031W                                        ,N,37.68793,-85.85261,5,2021,O,047-US-0031W -000,16.153,0,0,0,0,0,0,1,0,0,0,0,0,0,Y
Motor Vehicle,DAC,72591642,20210130,1500,6,NULL,PUBLIC                                  ,NULL,SQ   ,US0031W ,US0031W ,NULL,NULL,N,37.69285,-85.85766,9,2021,O,047-US-0031W -001,16.608,0,0,0,0,0,0,1,0,0,0,1,0,0,Y
Motor Vehicle,Non DAC,72591810,20210206,1023,6,NULL,ROBINBROOKE                             ,NULL,BLVD ,NULL,NULL,047 CS-1411-10 ,CS1411                                         ,N,37.72235,-85.90971,5,2021,O,047-CS-1411  -000,1.157,0,0,1,0,0,0,1,0,0,0,0,0,0,Y
Motor Vehicle,DAC,72591811,20210204,1807,4,NULL,DIXIE                                   ,E ,AVE  ,US0031W ,US0031W ,047 US-31W     ,US0031W                                        ,N,37.69044,-85.85505,5,2021,O,047-US-0031W -000,16.361,0,0,1,0,0,0,1,1,0,0,0,0,0,Y
Motor Vehicle,DAC,72591812,20210205,1611,5,NULL,RING                                    ,NULL,RD   ,KY3005  ,KY3005  ,047 KY-3005    ,KY3005                                         ,N,37.72667,-85.83892,1,2021,O,047-KY-3005  -000,9.346,0,0,1,1,0,0,0,1,0,0,0,0,0,Y
Motor Vehicle,DAC,72591860,20210206,1428,6,NULL,DIXIE                                   ,E ,AVE  ,US0031W ,US0031W ,047 US-31W     ,US0031W                                        ,N,37.67888,-85.84779,1,2021,O,047-US-0031W -000,15.444,0,0,0,0,0,0,1,0,0,0,0,0,0,Y
Motor Vehicle,Non DAC,72591936,20210206,1106,6,NULL,LINCOLN                                 ,NULL,PKWY ,KY0061  ,KY0061  ,047 KY-61      ,KY0061                                         ,N,37.66779,-85.84174,1,2021,B,047-KY-0061  -000,5.01,0,0,0,1,0,0,0,0,0,0,0,0,1,Y
Motor Vehicle,Non DAC,72592049,20210203,832,3,NULL,ST JOHN                                 ,NULL,RD   ,KY1357  ,KY1357  ,047 KY-1357    ,KY1357                                         ,N,37.69452,-85.89597,1,2021,O,047-KY-1357  -000,15.449,0,0,1,0,0,0,1,1,0,0,1,0,0,Y
Motor Vehicle,DAC,72592763,20210209,1037,2,NULL,MULBERRY                                ,N ,ST   ,US0062  ,US0062  ,047 US-62      ,US0062                                         ,N,37.70484,-85.84584,1,2021,O,047-US-0062  -000,19.045,0,0,0,1,0,0,0,0,0,0,0,0,0,Y
Motor Vehicle,Non DAC,72592814,20210204,1744,4,750,BLACK BRANCH                            ,N ,RD   ,NULL,NULL,047 CS-1551    ,CS1551                                         ,N,37.67602,-85.92018,1,2021,O,047-CS-1551  -000,1.066,0,0,0,0,0,0,1,0,0,0,0,0,0,Y
Motor Vehicle,DAC,72592815,20210206,2024,6,NULL,DIXIE                                   ,E ,AVE  ,US0031W ,US0031W ,047 US-31W     ,US0031W                                        ,N,37.67363,-85.84585,4,2021,O,047-US-0031W -000,15.044,0,0,1,0,0,0,1,0,0,0,1,0,0,Y
Motor Vehicle,Non DAC,72593097,20210210,842,3,NULL,RING                                    ,NULL,RD   ,KY3005  ,KY3005  ,047 KY-3005    ,KY3005                                         ,N,37.7017,-85.90772,9,2021,O,047-KY-3005  -000,4.097,0,0,0,0,0,0,0,0,0,0,0,0,0,Y
Motor Vehicle,DAC,72593146,20210210,1258,3,NULL,DIXIE                                   ,E ,AVE  ,US0031W ,US0031W ,047 US-31W     ,US0031W                                        ,N,37.67311,-85.84581,5,2021,O,047-US-0031W -000,15.028,0,0,0,0,0,0,0,1,0,0,0,0,0,Y
Motor Vehicle,Non DAC,72593616,20210210,856,3,NULL,LEITCHFIELD                             ,NULL,RD   ,US0062  ,US0062  ,047 US-62      ,US0062                                         ,N,37.67667,-85.89924,5,2021,O,047-US-0062  -000,15.351,0,0,0,1,0,0,0,1,0,0,0,0,0,Y
Motor Vehicle,Non DAC,72593689,20210211,1403,4,NULL,ST JOHN                                 ,NULL,RD   ,KY1357  ,KY1357  ,047 KY-1357    ,KY1357                                         ,N,37.69409,-85.89706,9,2021,O,047-KY-1357  -000,15.379,0,1,0,0,0,0,0,0,0,0,0,1,0,Y
Motor Vehicle,DAC,72593803,20210210,1520,3,NULL,US31W BYP N TURN LANE                   ,NULL,NULL,US0031WB,US0031WB,047 US-31WB-24 ,US0031WB                                       ,N,37.71883,-85.87972,5,2021,O,047-US-0031WB-024,0.043,0,0,0,0,0,0,0,1,0,0,0,0,0,Y
Motor Vehicle,DAC,72594103,20210211,2237,4,NULL,HEARTLAND                               ,NULL,DR   ,NULL,NULL,047 CS-1178    ,CS1178                                         ,N,37.71322,-85.87469,9,2021,O,047-CS-1178  -000,0.095,0,0,0,0,0,0,0,0,0,0,0,1,0,Y
Motor Vehicle,DAC,72594321,20210213,1232,6,NULL,DIXIE                                   ,N ,AVE  ,US0031W ,US0031W ,047 US-31W     ,US0031W                                        ,N,37.73247,-85.88606,5,2021,O,047-US-0031W -000,19.796,0,0,0,1,0,0,1,0,0,0,0,0,0,Y
Motor Vehicle,DAC,72594353,20210212,2004,5,NULL,DIXIE                                   ,N ,AVE  ,US0031W ,US0031W ,047 US-31W-10  ,US0031W                                        ,N,37.70425,-85.87121,8,2021,O,047-US-0031W -000,17.678,0,0,0,0,0,0,1,0,0,0,1,0,0,Y
Motor Vehicle,DAC,72594586,20210212,2037,5,NULL,NICHOLAS                                ,NULL,ST   ,NULL,NULL,047 CS-1389    ,CS1389                                         ,N,37.68273,-85.87101,9,2021,O,047-CS-1389  -000,1.149,0,0,0,0,0,0,0,0,0,0,0,0,0,Y
Motor Vehicle,DAC,72595182,20210216,527,2,NULL,MILES                                   ,N ,ST   ,KY0251  ,KY0251  ,047 KY-251     ,KY0251                                         ,N,37.69705,-85.86194,5,2021,O,047-KY-0251  -000,0.09,0,0,0,0,0,0,0,1,0,0,1,0,0,Y
Motor Vehicle,Non DAC,72595199,20210209,1546,2,NULL,DIXIE                                   ,N ,AVE  ,US0031W ,US0031W ,047 US-31W     ,US0031W                                        ,N,37.74576,-85.89276,5,2021,C,047-US-0031W -000,20.786,0,0,0,1,0,0,1,0,0,0,1,0,0,Y
Motor Vehicle,DAC,72595461,20210216,1736,2,NULL,WALMART                                 ,NULL,DR   ,NULL,NULL,047 CS-1558    ,CS1558                                         ,N,37.73126,-85.88547,1,2021,O,047-CS-1558  -000,0.079,0,0,0,0,0,0,0,0,0,0,1,0,0,Y
Motor Vehicle,Non DAC,72595679,20210217,745,3,NULL,LEITCHFIELD                             ,NULL,RD   ,US0062  ,US0062  ,047 US-62      ,US0062                                         ,N,37.67152,-85.91204,7,2021,O,047-US-0062  -000,14.567,0,0,0,0,0,0,0,0,0,0,0,1,0,N
Motor Vehicle,DAC,72595695,20210213,1836,6,NULL,DIXIE                                   ,N ,AVE  ,US0031W ,US0031W ,047 US-31W     ,US0031W                                        ,N,37.7312,-85.88547,8,2021,O,047-US-0031W -000,19.7,0,0,0,1,0,0,1,0,0,0,1,0,0,Y
Motor Vehicle,DAC,72596007,20201016,1228,5,NULL,RING                                    ,NULL,RD   ,KY3005  ,KY3005  ,047 KY-3005-10 ,KY3005                                         ,N,37.7283,-85.88409,8,2020,O,047-KY-3005  -000,6.545,0,0,0,1,0,0,1,0,0,0,1,0,0,Y
Motor Vehicle,DAC,72596008,20201018,1329,0,NULL,DIXIE                                   ,N ,AVE  ,US0031W ,US0031W ,047 US-31W     ,US0031W                                        ,N,37.73354,-85.88676,8,2020,O,047-US-0031W -000,19.872,0,0,1,1,0,0,1,0,0,0,0,1,0,Y
Motor Vehicle,Non DAC,72596167,20210219,1854,5,NULL,DIXIE                                   ,N ,AVE  ,US0031W ,US0031W ,NULL,NULL,N,37.7445,-85.89214,5,2021,O,047-US-0031W -000,20.68,0,0,0,0,0,0,0,0,0,0,0,0,0,Y
Motor Vehicle,DAC,72596388,20210219,1327,5,NULL,DIXIE                                   ,N ,HWY  ,US0031W ,US0031W ,047 US-31W-10  ,US0031W                                        ,N,37.75791,-85.8983,1,2021,K,047-US-0031W -000,21.684,0,0,0,1,0,0,1,0,0,1,1,0,0,Y
Motor Vehicle,DAC,72596500,20210212,1141,5,NULL,MADISON                                 ,NULL,DR   ,NULL,NULL,047 CS-1384    ,CS1384                                         ,N,37.71596,-85.85326,9,2021,O,047-CS-1384  -000,0.348,0,0,0,0,0,0,0,0,0,0,0,1,0,Y
Motor Vehicle,DAC,72596724,20210215,1242,1,NULL,POPLAR                                  ,W ,ST   ,NULL,NULL,047 CS-1068    ,CS1068                                         ,N,37.70225,-85.86749,1,2021,O,047-CS-1068  -000,0.808,0,0,0,0,0,0,0,0,0,0,1,0,0,Y
Motor Vehicle,DAC,72597135,20210210,1626,3,NULL,RING                                    ,NULL,RD   ,KY3005  ,KY3005  ,047 KY-3005    ,KY3005                                         ,N,37.72665,-85.83893,1,2021,O,047-KY-3005  -000,9.347,0,0,0,0,0,0,1,1,0,0,0,1,0,Y
Motor Vehicle,Non DAC,72597381,20210223,1440,2,NULL,CROSSINGS                               ,NULL,WAY  ,NULL,NULL,NULL,NULL,N,37.72715,-85.88875,5,2021,O,047-KY-3005  -000,6.294,0,0,0,0,0,0,1,0,0,0,0,0,0,Y
Motor Vehicle,Non DAC,72597408,20210223,1233,2,NULL,LEITCHFIELD                             ,NULL,RD   ,US0062  ,US0062  ,047 US-62      ,US0062                                         ,N,37.67161,-85.91195,4,2021,A,047-US-0062  -000,14.575,0,0,0,1,0,0,1,1,0,1,1,0,0,N
Motor Vehicle,DAC,72597426,20210222,1111,1,NULL,MULBERRY                                ,S ,ST   ,US0062  ,US0062  ,047 US-62      ,US0062                                         ,N,37.69281,-85.86037,1,2021,O,047-US-0062  -000,17.879,0,0,1,0,0,0,1,0,0,0,1,0,0,Y
Motor Vehicle,DAC,72597578,20210223,1026,2,NULL,SHEPHERDSVILLE                          ,NULL,RD   ,KY0251  ,KY0251  ,047 KY-251-10  ,KY0251                                         ,N,37.73222,-85.84436,5,2021,O,047-KY-0251  -000,2.685,0,0,0,1,0,0,1,0,0,0,0,0,0,Y
Motor Vehicle,Non DAC,72597691,20210213,940,6,NULL,CROSSGATE                               ,NULL,RD   ,NULL,NULL,047 CS-1516    ,CS1516                                         ,N,37.67655,-85.84325,2,2021,O,047-CS-1516  -000,0.021,0,0,0,0,0,0,1,0,0,0,0,0,0,Y
Motor Vehicle,DAC,72597692,20210219,1432,5,NULL,DIXIE                                   ,N ,AVE  ,US0031W ,US0031W ,047 US-31W     ,US0031W                                        ,N,37.71285,-85.87647,1,2021,C,047-US-0031W -000,18.271,0,0,0,0,0,0,1,0,0,0,1,0,0,Y
Motor Vehicle,Non DAC,72597912,20210225,1603,4,NULL,RING                                    ,NULL,RD   ,KY3005  ,KY3005  ,047 KY-3005-10 ,KY3005                                         ,N,37.72526,-85.89197,5,2021,O,047-KY-3005  -000,6.076,0,0,0,0,0,0,1,0,0,0,0,0,0,Y
Motor Vehicle,DAC,72597954,20210223,1432,2,NULL,DIXIE                                   ,E ,AVE  ,US0031W ,US0031W ,047 US-31W     ,US0031W                                        ,N,37.67677,-85.84657,1,2021,O,047-US-0031W -000,15.28,0,0,0,0,0,0,1,1,0,0,0,0,0,Y
Motor Vehicle,DAC,72597960,20210225,1745,4,NULL,SYCAMORE                                ,NULL,ST   ,NULL,NULL,047 CS-1026    ,CS1026                                         ,N,37.70226,-85.86747,1,2021,O,047-CS-1026  -000,0.064,0,0,0,1,0,0,1,0,0,0,1,0,0,Y
Motor Vehicle,Non DAC,72597964,20210217,1825,3,NULL,NALLS                                   ,W ,RD   ,NULL,NULL,047 CS-1734    ,CS1734                                         ,N,37.72692,-85.88457,7,2021,O,047-CS-1734  -000,0.064,0,0,0,1,0,0,0,0,0,0,0,1,0,Y
Motor Vehicle,DAC,72597965,20210222,1619,1,NULL,DIXIE                                   ,N ,AVE  ,US0031W ,US0031W ,047 US-31W-10  ,US0031W                                        ,N,37.71677,-85.87864,4,2021,O,047-US-0031W -000,18.639,0,0,0,1,0,0,0,1,0,0,0,0,0,Y
Motor Vehicle,DAC,72597966,20210223,1551,2,NULL,RING                                    ,NULL,RD   ,KY3005  ,KY3005  ,047 KY-3005    ,KY3005                                         ,N,37.72937,-85.88061,5,2021,O,047-KY-3005  -000,6.752,0,0,0,1,0,0,1,0,0,0,0,0,0,Y
Motor Vehicle,DAC,72597980,20210220,1804,6,NULL,RING                                    ,NULL,RD   ,KY3005  ,KY3005  ,NULL,NULL,N,37.72985,-85.87878,5,2021,O,047-KY-3005  -000,6.858,0,0,0,0,0,0,0,0,0,0,0,0,0,Y
Motor Vehicle,DAC,72598024,20210213,1307,6,NULL,DIXIE                                   ,N ,AVE  ,US0031W ,US0031W ,047 US-31W-10  ,US0031W                                        ,N,37.73339,-85.88678,6,2021,O,047-US-0031W -000,19.865,0,0,0,0,0,0,1,0,0,0,0,0,0,Y
Motor Vehicle,DAC,72598383,20210225,648,4,NULL,US31W BYP N TURN LANE                   ,NULL,NULL,US0031WB,US0031WB,047 US-31WB-20 ,US0031WB                                       ,N,37.70018,-85.88154,5,2021,O,047-US-0031WB-020,0.04,0,0,0,0,0,0,1,0,0,0,0,0,0,Y
Motor Vehicle,Non DAC,72598535,20210226,1848,5,NULL,DIXIE                                   ,N ,HWY  ,US0031W ,US0031W ,NULL,NULL,N,37.75339,-85.89587,5,2021,O,047-US-0031W -000,21.34,0,0,1,0,0,0,1,0,0,0,0,0,0,Y
Motor Vehicle,DAC,72598760,20210227,1434,6,NULL,31W                                     ,NULL,BYP  ,US0031WB,US0031WB,047 US-31WB-10 ,US0031WB                                       ,N,37.68883,-85.86706,8,2021,O,047-US-0031WB-000,1.019,0,0,1,0,0,0,1,1,0,0,0,1,0,Y
Motor Vehicle,Non DAC,72598975,20210301,1327,1,NULL,TOWNE                                   ,NULL,DR   ,NULL,NULL,047 CS-1448    ,CS1448                                         ,N,37.73322,-85.88943,1,2021,O,047-CS-1448  -000,0.152,0,0,0,1,0,0,0,0,0,0,0,0,0,Y
Motor Vehicle,DAC,72599440,20210301,1436,1,NULL,DIXIE                                   ,E ,AVE  ,US0031W ,US0031W ,047 US-31W     ,US0031W                                        ,N,37.69283,-85.85761,8,2021,O,047-US-0031W -000,16.582,0,0,0,1,0,0,1,0,0,0,0,1,0,Y
Motor Vehicle,DAC,72599652,20210302,1737,2,NULL,DIXIE                                   ,N ,AVE  ,US0031W ,US0031W ,047 US-31W-10  ,US0031W                                        ,N,37.73066,-85.88542,5,2021,C,047-US-0031W -000,19.665,0,0,1,0,0,0,0,1,0,0,0,0,0,Y
Motor Vehicle,DAC,72599721,20210302,1355,2,NULL,DIXIE                                   ,N ,AVE  ,US0031W ,US0031W ,047 US-31W     ,US0031W                                        ,N,37.72624,-85.88295,8,2021,O,047-US-0031W -000,19.327,0,0,0,1,0,0,0,0,0,0,0,1,0,Y
Motor Vehicle,DAC,72599723,20210302,1305,2,NULL,DIXIE                                   ,N ,AVE  ,US0031W ,US0031W ,047 US-31W-10  ,US0031W                                        ,N,37.73594,-85.88805,5,2021,O,047-US-0031W -000,20.111,0,0,1,0,0,0,0,1,0,0,0,0,0,Y
Motor Vehicle,DAC,72599766,20210302,1416,2,NULL,DIXIE                                   ,N ,AVE  ,US0031W ,US0031W ,047 US-31W     ,US0031W                                        ,N,37.72447,-85.88209,5,2021,O,047-US-0031W -000,19.198,0,0,1,0,0,0,1,0,0,0,0,0,0,Y
Motor Vehicle,DAC,72600199,20210303,1709,3,NULL,MULBERRY                                ,S ,ST   ,US0062  ,US0062  ,047 US-62      ,US0062                                         ,N,37.6915,-85.86167,5,2021,O,047-US-0062  -000,17.762,0,0,0,0,0,0,1,0,0,0,1,0,0,Y
Motor Vehicle,Non DAC,72600758,20210305,1706,5,NULL,PATRIOT                                 ,NULL,PKWY ,KY0361  ,KY0361  ,047 KY-361-10  ,KY0361                                         ,N,37.71165,-85.89117,8,2021,O,047-KY-0361  -000,1.051,0,0,0,0,0,0,1,0,0,0,0,1,0,Y
Motor Vehicle,DAC,72600769,20210304,1730,4,NULL,RING                                    ,NULL,RD   ,KY3005  ,KY3005  ,047 KY-3005    ,KY3005                                         ,N,37.73213,-85.87119,8,2021,O,047-KY-3005  -000,7.308,0,0,1,0,0,0,1,0,0,0,0,0,0,Y
Motor Vehicle,DAC,72601076,20210306,1745,6,NULL,RING                                    ,NULL,RD   ,KY3005  ,KY3005  ,NULL,NULL,N,37.72829,-85.88397,5,2021,O,047-KY-3005  -000,6.551,0,0,0,0,0,0,0,0,0,0,1,0,0,Y
Motor Vehicle,Non DAC,72601100,20210307,1726,0,NULL,DOROTHY                                 ,NULL,DR   ,NULL,NULL,NULL,NULL,N,37.73047,-85.90261,3,2021,O,047-PS-1188  -000,0.1,0,0,1,0,0,0,0,1,0,0,1,0,0,Y
Motor Vehicle,DAC,72601101,20210307,1919,0,NULL,DIXIE                                   ,N ,AVE  ,US0031W ,US0031W ,NULL,NULL,N,37.74128,-85.89065,8,2021,O,047-US-0031W -000,20.444,0,0,1,0,0,0,1,1,0,0,1,0,0,Y
Motor Vehicle,DAC,72601187,20210304,1352,4,NULL,MILES                                   ,N ,ST   ,KY0251  ,KY0251  ,047 KY-251     ,KY0251                                         ,N,37.70016,-85.85911,9,2021,C,047-KY-0251  -000,0.354,0,0,0,0,0,0,0,0,0,0,1,0,0,Y
Motor Vehicle,DAC,72601279,20210308,940,1,NULL,DIXIE                                   ,N ,AVE  ,US0031W ,US0031W ,047 US-31W-10  ,US0031W                                        ,N,37.73414,-85.88712,1,2021,O,047-US-0031W -000,19.918,0,0,0,0,0,0,0,0,0,0,1,0,0,Y
Motor Vehicle,Non DAC,72601653,20210303,1527,3,1100B,RING                                    ,NULL,RD   ,KY3005  ,KY3005  ,047 KY-3005    ,KY3005                                         ,N,37.72098,-85.89909,5,2021,O,047-KY-3005  -000,5.586,0,0,1,0,0,0,0,1,0,0,0,0,0,Y
Motor Vehicle,Non DAC,72601654,20210308,1815,1,NULL,RING                                    ,NULL,RD   ,KY3005  ,KY3005  ,047 KY-3005    ,KY3005                                         ,N,37.72676,-85.8891,1,2021,O,047-KY-3005  -000,6.264,0,0,0,1,0,0,0,1,0,0,0,0,0,Y
Motor Vehicle,Non DAC,72602017,20210309,1300,2,NULL,DIXIE                                   ,N ,AVE  ,US0031W ,US0031W ,047 US-31W-10  ,US0031W                                        ,N,37.7424,-85.8912,5,2021,O,047-US-0031W -000,20.527,0,0,0,0,0,0,1,0,0,0,0,0,0,Y
Motor Vehicle,DAC,72602184,20210308,1445,1,NULL,31W                                     ,NULL,BYP  ,US0031WB,US0031WB,047 US-31WB    ,US0031WB                                       ,N,37.69198,-85.87172,5,2021,O,047-US-0031WB-000,1.364,0,0,0,1,0,0,0,1,0,0,0,0,0,Y
Motor Vehicle,DAC,72602185,20210310,1154,3,NULL,DIXIE                                   ,E ,AVE  ,US0031W ,US0031W ,047 US-31W     ,US0031W                                        ,N,37.69285,-85.85771,8,2021,O,047-US-0031W -000,16.588,0,0,1,0,0,0,0,0,0,0,0,1,0,Y
Motor Vehicle,Non DAC,72602186,20210311,710,4,NULL,RING                                    ,NULL,RD   ,KY3005  ,KY3005  ,047 KY-3005-10 ,KY3005                                         ,N,37.71732,-85.90344,4,2021,B,047-KY-3005  -000,5.239,0,0,0,0,0,0,1,1,0,0,1,0,0,Y
Motor Vehicle,DAC,72602385,20210310,1640,3,NULL,DIXIE                                   ,N ,AVE  ,US0031W ,US0031W ,047 US-31W-10  ,US0031W                                        ,N,37.71161,-85.87601,1,2021,O,047-US-0031W -000,18.253,0,0,0,0,0,0,1,0,0,0,0,0,0,Y
Motor Vehicle,DAC,72602390,20210309,1719,2,NULL,DIXIE                                   ,W ,AVE  ,US0031W ,US0031W ,047 US-31W     ,US0031W                                        ,N,37.69478,-85.86106,5,2021,O,047-US-0031W -000,16.826,0,0,0,0,0,0,1,0,0,0,0,0,0,Y
Motor Vehicle,Non DAC,72602449,20210226,1229,5,NULL,MULBERRY                                ,N ,ST   ,US0062  ,US0062  ,047 US-62-10   ,US0062                                         ,N,37.71449,-85.82817,5,2021,O,047-US-0062  -000,20.187,0,0,0,1,0,0,1,0,0,0,1,0,0,Y
Motor Vehicle,DAC,72602451,20210306,1055,6,NULL,US31W BYP N TURN LANE                   ,NULL,NULL,US0031WB,US0031WB,047 US-31WB-21 ,US0031WB                                       ,N,37.70062,-85.882,5,2021,O,047-US-0031WB-021,0.036,0,0,0,1,0,0,1,0,0,0,1,0,0,Y
Motor Vehicle,Non DAC,72602730,20210311,1802,4,NULL,NEW GLENDALE                            ,NULL,RD   ,KY1136  ,KY1136  ,047 KY-1136    ,KY1136                                         ,N,37.6759,-85.8593,1,2021,B,047-KY-1136  -000,9.925,0,0,0,0,0,0,1,1,1,0,1,0,0,Y
Motor Vehicle,Non DAC,72602737,20210312,1640,5,NULL,PATRIOT                                 ,NULL,PKWY ,KY0361  ,KY0361  ,047 KY-361-10  ,KY0361                                         ,N,37.7276,-85.91678,4,2021,C,047-KY-0361  -000,2.835,0,0,1,0,0,0,1,1,0,0,1,0,0,Y
Motor Vehicle,DAC,72602802,20210304,1403,4,NULL,US31W BYP N TURN LANE FROM  COLLEGE ST W,NULL,NULL,US0031WB,US0031WB,047 US-31WB-27 ,US0031WB                                       ,N,37.69226,-85.87204,5,2021,O,047-US-0031WB-027,0.024,0,0,0,0,0,0,1,0,0,0,0,1,0,Y
Motor Vehicle,DAC,72602805,20210312,1510,5,NULL,MAIN                                    ,N ,ST   ,NULL,NULL,047 CS-1320    ,CS1320                                         ,N,37.69576,-85.8555,5,2021,C,047-CS-1320  -000,0.217,0,0,0,0,0,0,1,0,0,0,1,0,0,Y
Motor Vehicle,DAC,72603062,20210307,18,0,NULL,DIXIE                                   ,W ,AVE  ,US0031W ,US0031W ,047 US-31W     ,US0031W                                        ,N,37.69966,-85.86639,5,2021,O,047-US-0031W -000,17.266,0,0,0,0,0,0,1,0,0,0,0,0,0,Y
Motor Vehicle,Non DAC,72603396,20210315,1010,1,NULL,RING                                    ,NULL,RD   ,KY3005  ,KY3005  ,047 KY-3005    ,KY3005                                         ,N,37.717,-85.90366,5,2021,O,047-KY-3005  -000,5.214,0,0,0,0,0,0,0,0,0,0,0,0,0,Y
Motor Vehicle,DAC,72603464,20210314,1542,0,NULL,MULBERRY                                ,N ,ST   ,US0062  ,US0062  ,047 US-62      ,US0062                                         ,N,37.7033,-85.84879,5,2021,O,047-US-0062  -000,18.83,0,0,0,0,0,0,0,1,0,0,0,0,0,Y
Motor Vehicle,Non DAC,72603465,20210315,555,1,NULL,VETERANS                                ,NULL,WAY  ,NULL,NULL,047 CS-1683    ,CS1683                                         ,N,37.74036,-85.89184,1,2021,C,047-CS-1683  -000,1.196,0,0,0,0,0,0,1,0,0,0,0,0,0,Y
Motor Vehicle,DAC,72603507,20210315,1645,1,NULL,MULBERRY                                ,N ,ST   ,US0062  ,US0062  ,047 US-62-10   ,US0062                                         ,N,37.70465,-85.84667,8,2021,O,047-US-0062  -000,19.006,0,0,0,0,0,0,1,0,0,0,0,1,0,Y
Motor Vehicle,Non DAC,72603962,20210313,2029,6,NULL,PATRIOT                                 ,NULL,PKWY ,KY0361  ,KY0361  ,NULL,NULL,N,37.7173,-85.90332,4,2021,C,047-KY-0361  -000,1.823,0,0,0,1,0,0,0,1,0,0,1,0,0,Y
Motor Vehicle,Non DAC,72604058,20210316,1450,2,NULL,DIXIE                                   ,N ,AVE  ,US0031W ,US0031W ,047 US-31W-10  ,US0031W                                        ,N,37.74585,-85.89276,5,2021,O,047-US-0031W -000,20.766,0,0,0,1,0,0,1,0,0,0,0,0,0,Y
Motor Vehicle,Non DAC,72604072,20210317,724,3,NULL,RING                                    ,NULL,RD   ,KY3005  ,KY3005  ,047 KY-3005    ,KY3005                                         ,N,37.71726,-85.90342,1,2021,O,047-KY-3005  -000,5.253,0,0,0,1,0,0,1,1,0,0,1,0,0,Y
Motor Vehicle,DAC,72604086,20210316,1303,2,NULL,DIXIE                                   ,N ,AVE  ,US0031W ,US0031W ,NULL,NULL,N,37.72799,-85.88386,8,2021,O,047-US-0031W -000,19.456,0,0,0,0,0,0,0,0,0,0,0,1,0,Y
Motor Vehicle,Non DAC,72604099,20210317,400,3,102,DEERCHASE                               ,NULL,CT   ,NULL,NULL,NULL,NULL,N,37.70574,-85.89335,9,2021,O,047-CS-1624  -000,0.041,0,0,1,0,0,0,0,0,0,0,0,1,0,Y
Motor Vehicle,DAC,72604121,20210312,1326,5,1501,DIXIE                                   ,N ,AVE  ,US0031W ,US0031W ,047 US-31W     ,US0031W                                        ,N,37.72553,-85.88259,1,2021,O,047-US-0031W -000,19.275,0,0,0,0,0,0,0,0,0,0,0,0,0,Y
Motor Vehicle,Non DAC,72604122,20210312,1503,5,NULL,PATRIOT                                 ,NULL,PKWY ,KY0361  ,KY0361  ,047 KY-361     ,KY0361                                         ,N,37.72191,-85.90982,1,2021,O,047-KY-0361  -000,2.301,0,0,0,0,0,0,1,0,0,0,1,0,0,Y