Mode,Crash In Disadvantaged Community,MasterFile,CollisionDate,CollisionTime,CollisionDayWeekCode,RoadwayName_HouseBusinessNumber_,RoadwayName_RoadwayName_,RoadwayName_Direction_,RoadwayName_RoadwaySuffix_,RoadwayfromReport,CurrentRoadwayNumber,RSEUniqueGIS,RoadwayIdentifier,ParkingLotIndicator,Latitude,Longitude,MannerofCollisionCode,YR,KABCO,KTC_RT,KTC_MP,Motorcyclist,Commercial Vehicle,Young Driver,Mature Driver,Pedestrian,Bicyclist,Distracted,Aggressive,Impaired,Unrestrained,Intersection,Roadway Departure,Median Cross-over,In City Limits?
Motor Vehicle,DAC,72623042,20210510,717,1,NULL,PUBLIC                                  ,NULL,SQ   ,US0031W ,US0031W ,047 US-31W     ,US0031W                                        ,N,37.69311,-85.85775,8,2021,O,047-US-0031W -000,16.607,0,0,0,0,0,0,1,0,0,0,0,1,0,Y
Motor Vehicle,DAC,72623304,20210510,1533,1,NULL,HILL                                    ,NULL,ST   ,NULL,NULL,047 CS-1253    ,CS1253                                         ,N,37.70981,-85.88221,5,2021,O,047-CS-1253  -000,0.001,0,0,0,1,0,0,1,0,0,0,1,0,0,Y
Motor Vehicle,Non DAC,72623346,20210510,1505,1,NULL,RING                                    ,NULL,RD   ,KY3005  ,KY3005  ,047 KY-3005-10 ,KY3005                                         ,N,37.72546,-85.89155,1,2021,B,047-KY-3005  -000,6.102,0,0,1,0,0,0,0,1,0,0,1,0,0,Y
Motor Vehicle,Non DAC,72623401,20210510,1328,1,NULL,VETERANS                                ,NULL,WAY  ,NULL,NULL,047 CS-1683    ,CS1683                                         ,N,37.74082,-85.89113,1,2021,O,047-CS-1683  -000,1.244,0,0,0,1,0,0,1,0,0,0,0,0,0,Y
Motor Vehicle,DAC,72623461,20210511,848,2,NULL,DIXIE                                   ,N ,AVE  ,US0031W ,US0031W ,047 US-31W-10  ,US0031W                                        ,N,37.73427,-85.88722,5,2021,O,047-US-0031W -000,19.946,0,0,0,0,0,0,1,0,0,0,0,0,0,Y
Motor Vehicle,Non DAC,72623571,20210510,632,1,NULL,RING                                    ,NULL,RD   ,KY3005  ,KY3005  ,047 KY-3005    ,KY3005                                         ,N,37.68424,-85.91564,1,2021,O,047-KY-3005  -000,2.813,0,0,0,0,0,0,1,1,0,0,1,0,0,Y
Motor Vehicle,DAC,72623572,20210510,1336,1,NULL,MULBERRY                                ,N ,ST   ,US0062  ,US0062  ,047 US-62      ,US0062                                         ,N,37.69946,-85.85437,1,2021,O,047-US-0062  -000,18.442,0,0,0,0,0,0,1,0,0,0,1,0,0,Y
Motor Vehicle,Non DAC,72623573,20210511,914,2,NULL,PATRIOT                                 ,NULL,PKWY ,KY0361  ,KY0361  ,047 KY-361-10  ,KY0361                                         ,N,37.71112,-85.88948,5,2021,O,047-KY-0361  -000,0.951,0,0,0,0,0,0,1,0,0,0,0,0,0,Y
Motor Vehicle,DAC,72623574,20210511,952,2,NULL,RING                                    ,NULL,RD   ,KY3005  ,KY3005  ,047 KY-3005    ,KY3005                                         ,N,37.73303,-85.86686,8,2021,O,047-KY-3005  -000,7.558,0,0,0,0,0,0,0,0,0,0,0,1,0,Y
Motor Vehicle,DAC,72623685,20210510,1905,1,NULL,DIXIE                                   ,N ,AVE  ,US0031W ,US0031W ,047 US-31W-10  ,US0031W                                        ,N,37.74104,-85.89056,5,2021,O,047-US-0031W -000,20.391,0,0,0,0,0,0,1,0,0,0,1,0,0,Y
Motor Vehicle,DAC,72624256,20210512,1107,3,NULL,DIXIE                                   ,N ,AVE  ,US0031W ,US0031W ,047 US-31W     ,US0031W                                        ,N,37.71535,-85.87757,8,2021,O,047-US-0031W -000,18.526,0,0,0,1,0,0,1,0,0,0,0,1,0,Y
Motor Vehicle,DAC,72624377,20210512,1603,3,NULL,MULBERRY                                ,N ,ST   ,US0062  ,US0062  ,047 US-62-10   ,US0062                                         ,N,37.70803,-85.8409,1,2021,O,047-US-0062  -000,19.388,0,0,0,0,0,0,1,0,0,0,0,0,0,Y
Motor Vehicle,DAC,72624642,20210507,1848,5,NULL,DIXIE                                   ,N ,AVE  ,US0031W ,US0031W ,047 US-31W-10  ,US0031W                                        ,N,37.71734,-85.87885,1,2021,O,047-US-0031W -000,18.68,0,0,0,0,0,0,0,0,0,0,0,1,0,Y
Motor Vehicle,DAC,72624643,20210509,1640,0,NULL,MILES                                   ,N ,ST   ,KY0251  ,KY0251  ,047 KY-251     ,KY0251                                         ,N,37.69706,-85.86193,1,2021,O,047-KY-0251  -000,0.091,0,0,0,1,0,0,0,1,0,0,1,0,0,Y
Motor Vehicle,Non DAC,72625158,20210515,2328,6,NULL,NORTH LONG GROVE                        ,NULL,NULL,NULL,NULL,NULL,NULL,N,37.66799,-85.93754,9,2021,A,047-CS-1557  -000,0.489,0,0,0,0,0,0,0,0,1,0,0,1,0,Y
Motor Vehicle,DAC,72625176,20210507,756,5,NULL,MILES                                   ,S ,ST   ,NULL,NULL,047 CS-1126    ,CS1126                                         ,N,37.69331,-85.86501,1,2021,O,047-CS-1126  -000,0.204,0,0,0,0,0,0,1,0,0,0,1,0,0,Y
Motor Vehicle,DAC,72625177,20210507,918,5,NULL,DIXIE                                   ,N ,AVE  ,US0031W ,US0031W ,047 US-31W-10  ,US0031W                                        ,N,37.72685,-85.88349,5,2021,O,047-US-0031W -000,19.375,0,0,1,0,0,0,1,0,0,0,0,0,0,Y
Motor Vehicle,DAC,72625236,20210516,1246,0,NULL,MULBERRY                                ,N ,ST   ,US0062  ,US0062  ,047 US-62      ,US0062                                         ,N,37.71257,-85.83196,5,2021,O,047-US-0062  -000,19.967,0,0,0,0,0,0,1,0,0,0,1,0,0,Y
Motor Vehicle,DAC,72625342,20210514,1136,5,NULL,MULBERRY                                ,S ,ST   ,US0062  ,US0062  ,047 US-62-10   ,US0062                                         ,N,37.68735,-85.86932,8,2021,O,047-US-0062  -000,17.254,0,1,0,0,0,0,1,0,0,0,0,1,0,Y
Motor Vehicle,DAC,72625658,20210428,1630,3,NULL,RING                                    ,NULL,RD   ,KY3005  ,KY3005  ,NULL,NULL,N,37.71321,-85.84042,5,2021,O,047-KY-3005  -000,10.28,0,0,0,0,0,0,1,0,0,0,0,0,0,Y
Motor Vehicle,Non DAC,72625659,20210505,1708,3,NULL,TOWNE                                   ,NULL,CTR  ,NULL,NULL,NULL,NULL,N,37.73232,-85.88716,1,2021,O,047-PR-1010  -000,0.329,0,0,1,0,0,0,1,0,0,0,1,0,0,Y
Motor Vehicle,DAC,72625988,20210517,1719,1,NULL,COMMERCE                                ,NULL,DR   ,NULL,NULL,047 CS-1108    ,CS1108                                         ,N,37.71038,-85.83312,1,2021,O,047-CS-1108  -000,0.087,0,0,0,0,0,0,1,0,0,0,1,0,0,Y
Motor Vehicle,DAC,72626052,20210517,1737,1,NULL,RING                                    ,NULL,RD   ,KY3005  ,KY3005  ,047 KY-3005    ,KY3005                                         ,N,37.72819,-85.88415,1,2021,O,047-KY-3005  -000,6.534,0,0,0,0,0,0,0,1,0,0,1,0,0,Y
Motor Vehicle,DAC,72626139,20210517,1350,1,NULL,MULBERRY                                ,N ,ST   ,US0062  ,US0062  ,047 US-62-10   ,US0062                                         ,N,37.71315,-85.83081,8,2021,O,047-US-0062  -000,20.034,0,0,1,0,0,0,1,0,0,0,0,1,0,Y
Motor Vehicle,DAC,72626140,20210518,1521,2,NULL,POPLAR                                  ,W ,ST   ,NULL,NULL,047 CS-1068    ,CS1068                                         ,N,37.69708,-85.86192,1,2021,O,047-CS-1068  -000,0.335,0,0,0,0,0,0,1,1,0,0,1,0,0,Y
Motor Vehicle,DAC,72626175,20210518,742,2,NULL,US31W BYP S TURN LANE                   ,NULL,NULL,US0031WB,US0031WB,047 US-31WB-23 ,US0031WB                                       ,N,37.6998,-85.88182,5,2021,O,047-US-0031WB-023,0.037,0,0,1,0,0,0,1,0,0,0,1,0,0,Y
Motor Vehicle,DAC,72626348,20210519,1412,3,NULL,RING                                    ,NULL,RD   ,KY3005  ,KY3005  ,047 KY-3005    ,KY3005                                         ,N,37.73363,-85.86289,5,2021,O,047-KY-3005  -000,7.782,0,0,0,0,0,0,1,0,0,0,0,0,0,Y
Motor Vehicle,DAC,72626537,20210518,1125,2,2000,RING                                    ,NULL,RD   ,KY3005  ,KY3005  ,047 KY-3005    ,KY3005                                         ,N,37.73372,-85.86676,9,2021,K,047-KY-3005  -000,7.575,0,0,0,1,0,0,0,0,0,0,0,1,0,Y
Motor Vehicle,DAC,72626630,20210520,1137,4,NULL,CRUTCHER                                ,W ,ST   ,NULL,NULL,047 CS-1662    ,CS1662                                         ,N,37.69618,-85.85622,7,2021,O,047-CS-1662  -000,0.049,0,0,0,0,0,0,0,0,0,0,0,0,0,Y
Motor Vehicle,DAC,72626644,20210519,929,3,NULL,RING                                    ,NULL,RD   ,KY3005  ,KY3005  ,047 KY-3005    ,KY3005                                         ,N,37.73223,-85.87042,9,2021,C,047-KY-3005  -000,7.351,0,0,0,0,0,0,0,0,0,0,0,1,0,Y
Motor Vehicle,DAC,72626645,20210519,1150,3,NULL,DIXIE                                   ,N ,AVE  ,US0031W ,US0031W ,047 US-31W-10  ,US0031W                                        ,N,37.71317,-85.87673,1,2021,O,047-US-0031W -000,18.368,0,0,0,0,0,0,1,1,0,0,0,0,0,Y
Motor Vehicle,Non DAC,72626646,20210519,1314,3,NULL,MULBERRY                                ,N ,ST   ,US0062  ,US0062  ,047 US-62-10   ,US0062                                         ,N,37.71533,-85.82627,8,2021,O,047-US-0062  -000,20.317,0,0,0,0,0,0,1,0,0,0,0,1,0,Y
Motor Vehicle,DAC,72627246,20210516,1301,0,NULL,DIXIE                                   ,N ,AVE  ,US0031W ,US0031W ,047 US-31W-10  ,US0031W                                        ,N,37.7328,-85.88646,5,2021,O,047-US-0031W -000,19.826,0,0,0,0,0,0,1,0,0,0,0,0,0,Y
Motor Vehicle,Non DAC,72627362,20210423,1733,5,NULL,PATRIOT                                 ,NULL,PKWY ,KY0361  ,KY0361  ,047 KY-361     ,KY0361                                         ,N,37.72194,-85.9098,5,2021,O,047-KY-0361  -000,2.299,0,0,0,0,0,0,1,0,0,0,1,0,0,Y
Motor Vehicle,DAC,72627363,20210423,1558,5,NULL,MAIN                                    ,N ,ST   ,NULL,NULL,047 CS-1320    ,CS1320                                         ,N,37.69337,-85.85767,5,2021,O,047-CS-1320  -000,0.015,0,0,1,0,0,0,1,0,0,0,0,0,0,Y
Motor Vehicle,Non DAC,72627381,20210521,1343,5,NULL,PATRIOT                                 ,NULL,PKWY ,KY0361  ,KY0361  ,047 KY-361-10  ,KY0361                                         ,N,37.71157,-85.89076,5,2021,O,047-KY-0361  -000,1.036,0,0,0,1,0,0,1,0,0,0,1,0,0,Y
Motor Vehicle,DAC,72627446,20210521,1241,5,NULL,MULBERRY                                ,N ,ST   ,US0062  ,US0062  ,047 US-62      ,US0062                                         ,N,37.69393,-85.85937,5,2021,O,047-US-0062  -000,17.971,0,0,1,0,0,0,1,0,0,0,0,0,0,Y
Motor Vehicle,DAC,72627453,20210521,1658,5,NULL,DIXIE                                   ,N ,AVE  ,US0031W ,US0031W ,047 US-31W     ,US0031W                                        ,N,37.72692,-85.88322,8,2021,O,047-US-0031W -000,19.375,0,0,0,0,0,0,1,0,0,0,0,1,0,Y
Motor Vehicle,Non DAC,72627461,20210518,1657,2,NULL,RING                                    ,NULL,RD   ,KY3005  ,KY3005  ,047 KY-3005    ,KY3005                                         ,N,37.67199,-85.91207,1,2021,C,047-KY-3005  -000,1.938,0,0,0,0,0,0,1,1,0,0,0,0,0,Y
Motor Vehicle,DAC,72627462,20210520,1810,4,NULL,DIXIE                                   ,N ,AVE  ,US0031W ,US0031W ,047 US-31W-10  ,US0031W                                        ,N,37.70889,-85.87431,5,2021,O,047-US-0031W -000,18.044,0,0,0,1,0,0,1,1,0,0,0,0,0,Y
Motor Vehicle,DAC,72627500,20210514,1616,5,NULL,MILES                                   ,N ,ST   ,KY0251  ,KY0251  ,047 KY-251     ,KY0251                                         ,N,37.69707,-85.86192,1,2021,O,047-KY-0251  -000,0.092,0,0,0,1,0,0,0,1,0,0,1,0,0,Y
Motor Vehicle,DAC,72627502,20210516,1600,0,NULL,DIXIE                                   ,E ,AVE  ,US0031W ,US0031W ,047 US-31W     ,US0031W                                        ,N,37.6913,-85.85563,8,2021,O,047-US-0031W -000,16.428,0,0,0,0,0,0,0,1,0,0,0,1,0,Y
Motor Vehicle,DAC,72628097,20210524,1815,1,NULL,DIXIE                                   ,N ,AVE  ,US0031W ,US0031W ,047 US-31W     ,US0031W                                        ,N,37.72839,-85.88403,1,2021,O,047-US-0031W -000,19.473,0,0,0,0,0,0,1,0,0,0,0,0,0,Y
Motor Vehicle,Non DAC,72628170,20210524,1842,1,NULL,RING                                    ,NULL,RD   ,KY3005  ,KY3005  ,047 KY-3005-10 ,KY3005                                         ,N,37.6793,-85.91505,5,2021,C,047-KY-3005  -000,2.463,0,0,0,0,0,0,1,1,0,0,0,0,0,Y
Motor Vehicle,Non DAC,72628211,20210524,1608,1,NULL,PATRIOT                                 ,NULL,PKWY ,KY0361  ,KY0361  ,NULL,NULL,N,37.72743,-85.91677,8,2021,O,047-KY-0361  -000,2.827,0,0,1,0,0,0,1,0,0,0,0,1,0,Y
Motor Vehicle,DAC,72628384,20210522,1438,6,NULL,PEAR ORCHARD                            ,NULL,RD   ,NULL,NULL,047 CS-1327    ,CS1327                                         ,N,37.73381,-85.86195,5,2021,O,047-CS-1327  -000,1.641,0,0,0,1,0,0,0,0,0,0,1,0,0,Y
Motor Vehicle,Non DAC,72628585,20210525,1705,2,NULL,TACO BELL ACCESS                        ,NULL,RD   ,US0062  ,US0062  ,047 US-62-10   ,US0062                                         ,N,37.67306,-85.90958,1,2021,O,047-US-0062  -000,14.693,0,0,0,1,0,0,1,0,0,0,0,0,0,Y
Motor Vehicle,DAC,72628846,20210526,833,3,NULL,DIXIE                                   ,N ,AVE  ,US0031W ,US0031W ,NULL,NULL,N,37.74112,-85.89035,8,2021,C,047-US-0031W -000,20.421,0,0,0,0,0,0,0,0,0,0,1,0,0,Y
Motor Vehicle,Non DAC,72628877,20210526,1150,3,NULL,RING                                    ,NULL,RD   ,KY3005  ,KY3005  ,047 KY-3005-10 ,KY3005                                         ,N,37.72701,-85.88843,1,2021,O,047-KY-3005  -000,6.305,0,0,0,0,0,0,0,1,0,0,0,0,0,Y
Motor Vehicle,DAC,72629305,20210527,1116,4,NULL,DIXIE                                   ,E ,AVE  ,US0031W ,US0031W ,NULL,NULL,N,37.68333,-85.85035,1,2021,C,047-US-0031W -000,15.767,0,0,0,1,0,0,0,1,0,0,1,0,0,Y
Motor Vehicle,DAC,72629437,20210526,1739,3,NULL,PEAR ORCHARD                            ,NW,RD   ,NULL,NULL,047 CS-1297    ,CS1297                                         ,N,37.74142,-85.89029,5,2021,O,047-CS-1297  -000,1.021,0,0,0,0,0,0,0,0,0,0,0,0,0,Y
Motor Vehicle,DAC,72629498,20210525,1708,2,NULL,VETERANS                                ,NULL,WAY  ,NULL,NULL,047 CS-1683    ,CS1683                                         ,N,37.74112,-85.8906,8,2021,O,047-CS-1683  -000,1.278,0,0,0,0,0,0,0,0,0,0,1,0,0,Y
Motor Vehicle,DAC,72629499,20210526,1800,3,NULL,ST JOHN                                 ,NULL,RD   ,KY1357  ,KY1357  ,047 KY-1357-10 ,KY1357                                         ,N,37.70069,-85.88061,9,2021,B,047-KY-1357  -000,16.401,0,0,0,0,0,0,0,1,0,0,1,0,0,Y
Motor Vehicle,Non DAC,72629509,20210527,1741,4,NULL,PATRIOT                                 ,NULL,PKWY ,KY0361  ,KY0361  ,047 KY-361-10  ,KY0361                                         ,N,37.71729,-85.90357,5,2021,B,047-KY-0361  -000,1.831,0,0,0,1,0,0,1,0,0,0,1,0,0,Y
Motor Vehicle,DAC,72629680,20210528,1000,5,NULL,MULBERRY                                ,N ,ST   ,US0062  ,US0062  ,047 US-62      ,US0062                                         ,N,37.70454,-85.84667,1,2021,C,047-US-0062  -000,18.991,0,0,0,1,0,0,1,1,0,0,1,0,0,Y
Motor Vehicle,DAC,72629692,20210518,1321,2,NULL,31W                                     ,NULL,BYP  ,US0031WB,US0031WB,047 US-31WB-10 ,US0031WB                                       ,N,37.69255,-85.87296,9,2021,O,047-US-0031WB-000,1.432,0,0,0,1,0,0,0,0,0,0,0,0,0,Y
Motor Vehicle,DAC,72629810,20210520,1806,4,NULL,MULBERRY                                ,S ,ST   ,US0062  ,US0062  ,NULL,NULL,N,37.6933,-85.85993,1,2021,O,047-US-0062  -000,17.918,0,0,0,0,0,0,1,1,0,0,1,0,0,Y
Motor Vehicle,Non DAC,72630282,20210529,1526,6,NULL,TOWNE                                   ,NULL,DR   ,NULL,NULL,NULL,NULL,N,37.73265,-85.89108,1,2021,O,047-CS-1448  -000,0.245,0,0,1,0,0,0,1,0,0,0,0,0,0,Y
Motor Vehicle,DAC,72630313,20210529,2240,6,NULL,DIXIE                                   ,N ,AVE  ,US0031W ,US0031W ,047 US-31W     ,US0031W                                        ,N,37.72829,-85.88399,5,2021,B,047-US-0031W -000,19.477,0,0,0,1,0,0,1,0,0,0,1,0,0,Y
Motor Vehicle,Non DAC,72630392,20210530,1306,0,NULL,DIXIE                                   ,N ,AVE  ,US0031W ,US0031W ,047 US-31W     ,US0031W                                        ,N,37.7448,-85.89229,5,2021,O,047-US-0031W -000,20.7,0,0,0,0,0,0,0,1,0,0,0,0,0,Y
Motor Vehicle,DAC,72630478,20210529,1438,6,NULL,RING                                    ,NULL,RD   ,KY3005  ,KY3005  ,047 KY-3005    ,KY3005                                         ,N,37.73386,-85.86183,5,2021,O,047-KY-3005  -000,7.842,0,0,1,0,0,0,1,0,0,0,0,0,0,Y
Motor Vehicle,DAC,72630485,20210530,438,0,NULL,FREEMAN LAKE PARK                       ,NULL,RD   ,NULL,NULL,047 CS-1728    ,CS1728                                         ,N,37.71864,-85.87666,9,2021,O,047-CS-1728  -000,0.13,0,0,0,0,0,0,1,0,0,0,0,1,0,Y
Motor Vehicle,DAC,72630497,20210530,1539,0,NULL,MULBERRY                                ,N ,ST   ,US0062  ,US0062  ,047 US-62      ,US0062                                         ,N,37.70131,-85.85214,5,2021,C,047-US-0062  -000,18.62,0,0,0,0,0,0,1,0,0,0,1,0,0,Y
Motor Vehicle,DAC,72630517,20210529,1934,6,NULL,COMMERCE                                ,NULL,DR   ,NULL,NULL,047 CS-1108    ,CS1108                                         ,N,37.71061,-85.83323,1,2021,O,047-CS-1108  -000,0.07,0,0,1,0,0,0,1,0,0,0,0,0,0,Y
Motor Vehicle,DAC,72630568,20210530,2218,0,NULL,DIXIE                                   ,N ,AVE  ,US0031W ,US0031W ,NULL,NULL,N,37.73124,-85.8855,1,2021,O,047-US-0031W -000,19.706,0,0,1,0,0,0,1,1,0,0,1,0,0,Y
Motor Vehicle,Non DAC,72630583,20210521,1511,5,NULL,DIXIE                                   ,N ,AVE  ,US0031W ,US0031W ,047 US-31W     ,US0031W                                        ,N,37.7465,-85.89281,5,2021,O,047-US-0031W -000,20.824,0,0,0,0,0,0,1,0,0,0,0,0,0,Y
Motor Vehicle,Non DAC,72630584,20210526,1445,3,NULL,PATRIOT                                 ,NULL,PKWY ,KY0361  ,KY0361  ,047 KY-361-10  ,KY0361                                         ,N,37.71774,-85.90436,5,2021,O,047-KY-0361  -000,1.886,0,0,0,0,0,0,1,0,0,0,0,0,0,Y
Motor Vehicle,Non DAC,72630585,20210527,1348,4,NULL,WOODLAND                                ,NULL,DR   ,NULL,NULL,047 CS-1193    ,CS1193                                         ,N,37.72432,-85.88469,5,2021,O,047-CS-1193  -000,0.235,0,0,1,1,0,0,1,0,0,0,1,0,0,Y
Motor Vehicle,DAC,72630901,20210525,1255,2,NULL,MULBERRY                                ,N ,ST   ,US0062  ,US0062  ,047 US-62      ,US0062                                         ,N,37.70831,-85.83994,5,2021,O,047-US-0062  -000,19.407,0,0,0,1,0,0,1,0,0,0,0,0,0,Y
Motor Vehicle,DAC,72630982,20210525,1315,2,NULL,POPLAR                                  ,W ,ST   ,NULL,NULL,NULL,NULL,N,37.69877,-85.8636,5,2021,B,047-CS-1068  -000,0.485,0,0,0,0,0,0,1,0,0,0,0,0,0,Y
Motor Vehicle,DAC,72631304,20210601,1419,2,NULL,DIXIE                                   ,N ,AVE  ,US0031W ,US0031W ,NULL,NULL,N,37.72818,-85.88395,5,2021,O,047-US-0031W -000,19.47,0,0,0,0,0,0,0,0,0,0,0,0,0,Y
Motor Vehicle,DAC,72631318,20210526,1111,3,NULL,31W                                     ,NULL,BYP  ,US0031WB,US0031WB,047 US-31WB-10 ,US0031WB                                       ,N,37.70019,-85.88202,1,2021,O,047-US-0031WB-000,2.161,0,0,0,1,0,0,1,0,0,0,1,0,0,Y
Motor Vehicle,DAC,72631534,20210531,1709,1,NULL,DIXIE                                   ,E ,AVE  ,US0031W ,US0031W ,047 US-31W     ,US0031W                                        ,N,37.67186,-85.84601,1,2021,O,047-US-0031W -000,14.943,0,0,0,0,0,0,1,0,0,0,1,0,0,Y
Motor Vehicle,Non DAC,72631627,20210526,1632,3,NULL,VETERANS                                ,NULL,WAY  ,NULL,NULL,047 CS-1683    ,CS1683                                         ,N,37.73042,-85.89412,9,2021,O,047-CS-1683  -000,0.383,0,0,0,0,0,0,0,0,0,0,0,0,0,Y
Motor Vehicle,Non DAC,72631886,20210603,1228,4,NULL,WOODLAND                                ,NULL,DR   ,NULL,NULL,047 CS-1193    ,CS1193                                         ,N,37.72126,-85.8835,1,2021,B,047-CS-1193  -000,0.455,0,0,1,0,0,0,1,1,0,0,1,0,0,Y
Motor Vehicle,DAC,72632019,20210601,1715,2,NULL,POPLAR                                  ,W ,ST   ,NULL,NULL,047 CS-1068    ,CS1068                                         ,N,37.70227,-85.86753,1,2021,C,047-CS-1068  -000,0.806,0,0,0,1,0,0,1,1,0,0,1,0,0,Y
Motor Vehicle,Non DAC,72632040,20210602,1040,3,NULL,LINCOLN                                 ,NULL,PKWY ,KY0061  ,KY0061  ,047 KY-61      ,KY0061                                         ,N,37.66984,-85.84609,2,2021,O,047-KY-0061  -000,5.288,0,0,0,1,0,0,1,0,0,0,0,0,0,Y
Motor Vehicle,DAC,72632672,20210528,1600,5,NULL,MILES                                   ,N ,ST   ,KY0251  ,KY0251  ,047 KY-251     ,KY0251                                         ,N,37.70513,-85.85565,8,2021,O,047-KY-0251  -000,0.738,0,0,1,0,0,0,1,0,0,0,0,1,0,Y
Motor Vehicle,DAC,72632674,20210529,1712,6,NULL,DIXIE                                   ,N ,AVE  ,US0031W ,US0031W ,047 US-31W-10  ,US0031W                                        ,N,37.72943,-85.88481,5,2021,O,047-US-0031W -000,19.574,0,0,0,1,0,0,1,1,0,0,0,0,0,Y
Motor Vehicle,DAC,72632790,20210604,1425,5,NULL,WALMART                                 ,NULL,DR   ,NULL,NULL,047 CS-1558    ,CS1558                                         ,N,37.73132,-85.88531,5,2021,O,047-CS-1558  -000,0.07,0,0,0,0,0,0,1,0,0,0,0,0,0,Y
Motor Vehicle,Non DAC,72632803,20210603,1755,4,NULL,PATRIOT                                 ,NULL,PKWY ,KY0361  ,KY0361  ,NULL,NULL,N,37.71357,-85.89532,5,2021,O,047-KY-0361  -000,1.312,0,0,0,0,0,0,0,0,0,0,0,0,0,Y
Motor Vehicle,DAC,72632925,20210605,1448,6,222,VAUGHN                                  ,NULL,LN   ,NULL,NULL,047 CS-1494    ,CS1494                                         ,N,37.68432,-85.85732,9,2021,O,047-CS-1494  -000,0.177,0,0,1,0,0,0,0,0,0,0,1,0,0,Y
Motor Vehicle,DAC,72633001,20210606,1344,0,NULL,DIXIE                                   ,N ,AVE  ,US0031W ,US0031W ,047 US-31W-10  ,US0031W                                        ,N,37.72586,-85.88277,1,2021,O,047-US-0031W -000,19.299,0,0,0,1,0,0,1,0,0,0,0,0,0,Y
Motor Vehicle,DAC,72633655,20210607,1400,1,NULL,RING                                    ,NULL,RD   ,KY3005  ,KY3005  ,047 KY-3005    ,KY3005                                         ,N,37.72426,-85.83897,8,2021,O,047-KY-3005  -000,9.513,0,0,0,1,0,0,0,1,0,0,0,1,0,Y
Motor Vehicle,Non DAC,72633893,20210608,1543,2,NULL,RING                                    ,NULL,RD   ,KY3005  ,KY3005  ,047 KY-3005-10 ,KY3005                                         ,N,37.72227,-85.89736,8,2021,O,047-KY-3005  -000,5.715,0,0,0,0,0,0,1,0,0,0,0,1,0,Y
Motor Vehicle,Non DAC,72634011,20210608,1633,2,NULL,LEITCHFIELD                             ,NULL,RD   ,US0062  ,US0062  ,047 US-62-10   ,US0062                                         ,N,37.67763,-85.88805,1,2021,C,047-US-0062  -000,15.976,0,0,0,0,0,0,1,1,0,0,1,0,0,Y
Motor Vehicle,DAC,72634393,20210609,1157,3,NULL,MULBERRY                                ,S ,ST   ,US0062  ,US0062  ,047 US-62      ,US0062                                         ,N,37.69282,-85.86039,1,2021,O,047-US-0062  -000,17.88,0,0,0,0,0,0,0,1,0,0,1,0,0,Y
Motor Vehicle,DAC,72634456,20210608,1847,2,NULL,ST JOHN                                 ,NULL,RD   ,KY1357  ,KY1357  ,047 KY-1357    ,KY1357                                         ,N,37.70071,-85.8806,8,2021,O,047-KY-1357  -000,16.403,0,0,0,0,0,0,1,0,0,0,0,1,0,Y
Motor Vehicle,DAC,72634605,20210604,1940,5,NULL,DIXIE                                   ,E ,AVE  ,US0031W ,US0031W ,047 US-31W     ,US0031W                                        ,N,37.69254,-85.85714,5,2021,O,047-US-0031W -000,16.549,0,0,0,0,0,0,1,0,0,0,0,0,0,Y
Motor Vehicle,Non DAC,72634606,20210605,1645,6,NULL,ST JOHN                                 ,NULL,RD   ,KY1357  ,KY1357  ,047 KY-1357    ,KY1357                                         ,N,37.69581,-85.91065,5,2021,O,047-KY-1357  -000,14.602,0,0,1,0,0,0,1,1,0,0,0,0,0,Y
Motor Vehicle,DAC,72634961,20210610,1338,4,NULL,MULBERRY                                ,N ,ST   ,US0062  ,US0062  ,047 US-62-10   ,US0062                                         ,N,37.71092,-85.83544,5,2021,O,047-US-0062  -000,19.743,0,0,1,0,0,0,1,0,0,0,0,0,0,Y