Mode,Crash In Disadvantaged Community,MasterFile,CollisionDate,CollisionTime,CollisionDayWeekCode,RoadwayName_HouseBusinessNumber_,RoadwayName_RoadwayName_,RoadwayName_Direction_,RoadwayName_RoadwaySuffix_,RoadwayfromReport,CurrentRoadwayNumber,RSEUniqueGIS,RoadwayIdentifier,ParkingLotIndicator,Latitude,Longitude,MannerofCollisionCode,YR,KABCO,KTC_RT,KTC_MP,Motorcyclist,Commercial Vehicle,Young Driver,Mature Driver,Pedestrian,Bicyclist,Distracted,Aggressive,Impaired,Unrestrained,Intersection,Roadway Departure,Median Cross-over,In City Limits?
Motor Vehicle,DAC,72634999,20210610,1645,4,NULL,MULBERRY                                ,S ,ST   ,US0062  ,US0062  ,047 US-62      ,US0062                                         ,N,37.69376,-85.85952,5,2021,O,047-US-0062  -000,17.957,0,0,0,1,0,0,1,0,0,0,0,0,0,Y
Motor Vehicle,Non DAC,72635383,20210611,1652,5,NULL,DIXIE                                   ,S ,HWY  ,US0031W ,US0031W ,047 US-31W     ,US0031W                                        ,N,37.66564,-85.84752,5,2021,O,047-US-0031W -000,14.512,0,0,1,0,0,0,1,0,0,0,0,0,0,Y
Motor Vehicle,Non DAC,72635392,20210612,940,6,NULL,DIXIE                                   ,N ,AVE  ,US0031W ,US0031W ,047 US-31W     ,US0031W                                        ,N,37.75043,-85.89465,5,2021,O,047-US-0031W -000,21.122,0,0,0,0,0,0,1,0,0,0,0,0,0,Y
Motor Vehicle,DAC,72635457,20210612,1258,6,NULL,DIECKS                                  ,NULL,DR   ,NULL,NULL,047 CS-1061    ,CS1061                                         ,N,37.70881,-85.86786,4,2021,O,047-CS-1061  -000,0.348,0,0,1,0,0,0,1,0,0,0,0,0,0,Y
Motor Vehicle,DAC,72635691,20210610,1829,4,NULL,DIXIE                                   ,E ,AVE  ,US0031W ,US0031W ,047 US-31W     ,US0031W                                        ,N,37.69256,-85.8571,8,2021,O,047-US-0031W -000,16.548,0,0,0,1,0,0,1,0,0,0,0,1,0,Y
Motor Vehicle,DAC,72635881,20210612,1928,6,NULL,31W                                     ,NULL,BYP  ,US0031WB,US0031WB,047 US-31WB    ,US0031WB                                       ,N,37.70016,-85.88177,5,2021,O,047-US-0031WB-000,2.166,0,0,0,0,0,0,1,0,0,0,0,0,0,Y
Motor Vehicle,Non DAC,72635959,20210610,1503,4,NULL,DIXIE                                   ,N ,AVE  ,US0031W ,US0031W ,047 US-31W     ,US0031W                                        ,N,37.75004,-85.89441,5,2021,O,047-US-0031W -000,21.091,0,0,0,1,0,0,1,0,0,0,0,0,0,Y
Motor Vehicle,DAC,72635960,20210611,1622,5,NULL,RING                                    ,NULL,RD   ,KY3005  ,KY3005  ,047 KY-3005    ,KY3005                                         ,N,37.72868,-85.88289,8,2021,O,047-KY-3005  -000,6.617,0,0,0,0,0,0,0,1,0,0,0,1,0,Y
Motor Vehicle,DAC,72635961,20210611,1839,5,NULL,RING                                    ,NULL,RD   ,KY3005  ,KY3005  ,047 KY-3005    ,KY3005                                         ,N,37.72929,-85.88085,4,2021,O,047-KY-3005  -000,6.736,0,0,0,0,0,0,0,1,0,0,1,0,0,Y
Motor Vehicle,DAC,72636545,20210614,928,1,NULL,RING                                    ,NULL,RD   ,KY3005  ,KY3005  ,NULL,NULL,N,37.72849,-85.88354,2,2021,O,047-KY-3005  -000,6.579,0,0,0,0,0,0,1,0,0,0,0,0,0,Y
Motor Vehicle,DAC,72636998,20210614,1707,1,NULL,GRAY                                    ,NULL,ST   ,NULL,NULL,047 CS-1207    ,CS1207                                         ,N,37.72332,-85.88193,5,2021,O,047-CS-1207  -000,0.021,0,0,1,0,0,0,1,0,0,0,0,0,0,Y
Motor Vehicle,Non DAC,72637240,20210612,1835,6,NULL,DIXIE                                   ,N ,AVE  ,US0031W ,US0031W ,047 US-31W-10  ,US0031W                                        ,N,37.74579,-85.89266,1,2021,O,047-US-0031W -000,20.776,0,0,0,1,0,0,1,1,0,0,1,0,0,Y
Motor Vehicle,DAC,72637308,20210617,850,4,NULL,NULL,NULL,NULL,US0031WB,US0031WB,NULL,NULL,N,37.71061,-85.88796,5,2021,O,047-US-0031WB-312,0.088,0,0,0,0,0,0,0,1,0,0,0,0,0,Y
Motor Vehicle,Non DAC,72637370,20210522,1610,6,NULL,RING                                    ,NULL,RD   ,KY3005  ,KY3005  ,047 KY-3005-10 ,KY3005                                         ,N,37.71757,-85.9032,5,2021,O,047-KY-3005  -000,5.26,0,0,0,0,0,0,1,0,0,0,0,0,0,Y
Motor Vehicle,DAC,72637371,20210522,1925,6,NULL,MULBERRY                                ,N ,ST   ,US0062  ,US0062  ,047 US-62      ,US0062                                         ,N,37.69547,-85.85813,1,2021,O,047-US-0062  -000,18.095,0,0,0,0,0,0,0,0,0,0,0,0,0,Y
Motor Vehicle,DAC,72637386,20210617,804,4,NULL,MULBERRY                                ,N ,ST   ,US0062  ,US0062  ,047 US-62-10   ,US0062                                         ,N,37.70492,-85.84624,5,2021,O,047-US-0062  -000,19.035,0,0,0,0,0,0,0,1,0,0,0,0,0,Y
Motor Vehicle,DAC,72637493,20210614,2137,1,NULL,DIXIE                                   ,N ,AVE  ,US0031W ,US0031W ,047 US-31W     ,US0031W                                        ,N,37.72295,-85.88136,9,2021,O,047-US-0031W -000,19.087,0,0,0,0,0,0,0,0,0,0,0,0,0,Y
Motor Vehicle,Non DAC,72637494,20210617,1526,4,NULL,WILSON                                  ,S ,RD   ,KY0447  ,KY0447  ,047 KY-447     ,KY0447                                         ,N,37.74571,-85.89281,5,2021,O,047-KY-0447  -000,0.018,0,0,1,0,0,0,1,0,0,0,1,0,0,Y
Motor Vehicle,Non DAC,72637511,20210524,1830,1,NULL,DIXIE                                   ,N ,AVE  ,US0031W ,US0031W ,047 US-31W     ,US0031W                                        ,N,37.74582,-85.89245,8,2021,O,047-US-0031W -000,20.774,0,0,0,0,0,0,1,0,0,0,1,0,0,Y
Motor Vehicle,DAC,72637625,20210614,1230,1,NULL,MILES                                   ,S ,ST   ,NULL,NULL,047 CS-1126    ,CS1126                                         ,N,37.69536,-85.86347,5,2021,O,047-CS-1126  -000,0.045,0,0,0,0,0,0,1,0,0,0,1,0,0,Y
Motor Vehicle,Non DAC,72637633,20210617,1002,4,NULL,RING                                    ,NULL,RD   ,KY3005  ,KY3005  ,047 KY-3005    ,KY3005                                         ,N,37.7267,-85.88906,4,2021,O,047-KY-3005  -000,6.264,0,0,0,1,0,0,1,1,0,0,0,0,0,Y
Motor Vehicle,DAC,72637650,20210520,1011,4,NULL,COLLEGE                                 ,NULL,ST   ,NULL,NULL,047 CS-1730-10 ,CS1730                                         ,N,37.69209,-85.87196,1,2021,O,047-CS-1730  -000,0.006,0,0,0,0,0,0,0,1,0,0,1,0,0,Y
Motor Vehicle,Non DAC,72638077,20210618,1618,5,NULL,RING                                    ,NULL,RD   ,KY3005  ,KY3005  ,047 KY-3005    ,KY3005                                         ,N,37.71839,-85.90217,8,2021,O,047-KY-3005  -000,5.341,0,0,1,0,0,0,1,0,0,0,0,1,0,Y
Motor Vehicle,DAC,72638084,20210619,1439,6,NULL,RING                                    ,NULL,RD   ,KY3005  ,KY3005  ,047 KY-3005    ,KY3005                                         ,N,37.73052,-85.84085,4,2021,O,047-KY-3005  -000,9.062,0,0,0,1,0,0,0,1,0,0,1,0,0,Y
Motor Vehicle,Non DAC,72638086,20210618,1122,5,600,ECTCS                                   ,NULL,DR   ,NULL,NULL,047 ST-1001    ,ST1001                                         ,N,37.69057,-85.88147,8,2021,O,047-ST-1001  -000,0.047,0,1,1,0,0,0,1,0,0,0,0,1,0,Y
Motor Vehicle,DAC,72638476,20210619,1942,6,NULL,MILES                                   ,N ,ST   ,KY0251  ,KY0251  ,047 KY-251     ,KY0251                                         ,N,37.71537,-85.85154,4,2021,O,047-KY-0251  -000,1.457,0,0,1,0,0,0,0,1,0,0,1,0,0,Y
Motor Vehicle,Non DAC,72638480,20210619,1743,6,NULL,RING                                    ,NULL,RD   ,KY3005  ,KY3005  ,047 KY-3005-10 ,KY3005                                         ,N,37.72548,-85.89146,5,2021,O,047-KY-3005  -000,6.101,0,0,1,0,0,0,1,0,0,0,0,0,0,Y
Motor Vehicle,Non DAC,72638547,20210617,1718,4,NULL,RING                                    ,NULL,RD   ,KY3005  ,KY3005  ,047 KY-3005    ,KY3005                                         ,N,37.68835,-85.91437,8,2021,O,047-KY-3005  -000,3.107,0,0,0,0,0,0,1,0,0,0,0,1,0,Y
Motor Vehicle,DAC,72638615,20210607,801,1,NULL,31W                                     ,NULL,BYP  ,US0031WB,US0031WB,047 US-31WB    ,US0031WB                                       ,N,37.69488,-85.87651,5,2021,B,047-US-0031WB-000,1.696,0,0,0,0,0,0,1,1,0,0,0,0,0,Y
Motor Vehicle,DAC,72638696,20210601,2213,2,NULL,DIXIE                                   ,N ,AVE  ,US0031W ,US0031W ,047 US-31W-10  ,US0031W                                        ,N,37.73123,-85.88553,8,2021,O,047-US-0031W -000,19.695,0,0,0,0,0,0,0,0,0,0,0,1,0,Y
Motor Vehicle,DAC,72638967,20210622,750,2,NULL,MULBERRY                                ,N ,ST   ,US0062  ,US0062  ,047 US-62      ,US0062                                         ,N,37.69389,-85.85942,5,2021,O,047-US-0062  -000,17.967,0,0,0,0,0,0,1,0,0,0,0,0,0,Y
Motor Vehicle,DAC,72639049,20210616,1152,3,NULL,DIXIE                                   ,E ,AVE  ,US0031W ,US0031W ,047 US-31W     ,US0031W                                        ,N,37.68327,-85.85033,5,2021,O,047-US-0031W -000,15.771,0,0,1,0,0,0,1,0,0,0,1,0,0,Y
Motor Vehicle,Non DAC,72639050,20210616,1546,3,NULL,ANNISTON                                ,NULL,WAY  ,NULL,NULL,047 CS-1537    ,CS1537                                         ,N,37.76239,-85.87815,7,2021,O,047-CS-1537  -000,0.001,0,0,0,1,0,0,0,0,0,0,1,0,0,Y
Motor Vehicle,DAC,72639111,20210622,1218,2,NULL,DIXIE                                   ,N ,AVE  ,US0031W ,US0031W ,047 US-31W-10  ,US0031W                                        ,N,37.73471,-85.88736,5,2021,O,047-US-0031W -000,19.99,0,0,0,1,0,0,0,1,0,0,0,0,0,Y
Motor Vehicle,Non DAC,72639339,20210622,2039,2,NULL,VETERANS                                ,NULL,WAY  ,NULL,NULL,047 CS-1683    ,CS1683                                         ,N,37.72546,-85.89153,5,2021,O,047-CS-1683  -000,0.01,0,0,0,0,0,0,1,0,0,0,1,0,0,Y
Motor Vehicle,Non DAC,72639410,20210622,1759,2,NULL,RING                                    ,NULL,RD   ,KY3005  ,KY3005  ,047 KY-3005    ,KY3005                                         ,N,37.71666,-85.90402,5,2021,O,047-KY-3005  -000,5.183,0,0,1,1,0,0,1,0,0,0,0,0,0,Y
Motor Vehicle,Non DAC,72639431,20210621,1446,1,NULL,WOODLAND                                ,NULL,DR   ,NULL,NULL,047 CS-1193    ,CS1193                                         ,N,37.72649,-85.88555,8,2021,O,047-CS-1193  -000,0.076,0,0,0,0,0,0,1,0,0,0,1,0,0,Y
Motor Vehicle,DAC,72639566,20210623,1300,3,NULL,DIXIE                                   ,N ,AVE  ,US0031W ,US0031W ,047 US-31W     ,US0031W                                        ,N,37.72059,-85.88017,1,2021,B,047-US-0031W -000,18.914,0,0,0,1,0,0,1,1,0,0,0,0,0,Y
Motor Vehicle,Non DAC,72639706,20210618,1136,5,NULL,PATRIOT                                 ,NULL,PKWY ,KY0361  ,KY0361  ,047 KY-361     ,KY0361                                         ,N,37.71689,-85.90248,8,2021,O,047-KY-0361  -000,1.768,0,0,0,0,0,0,0,1,0,0,0,1,0,Y
Motor Vehicle,DAC,72639707,20210619,1113,6,NULL,MULBERRY                                ,N ,ST   ,US0062  ,US0062  ,047 US-62-10   ,US0062                                         ,N,37.71197,-85.83319,8,2021,O,047-US-0062  -000,19.886,0,0,0,0,0,0,0,1,0,0,0,1,0,Y
Motor Vehicle,DAC,72639713,20210623,1455,3,408,LEXINGTON                               ,NULL,AVE  ,NULL,NULL,NULL,NULL,N,37.69195,-85.86739,2,2021,O,047-CS-1136  -000,0.074,0,0,0,0,0,0,1,0,0,0,0,0,0,Y
Motor Vehicle,Non DAC,72639979,20210623,1259,3,NULL,RING                                    ,NULL,RD   ,KY3005  ,KY3005  ,047 KY-3005    ,KY3005                                         ,N,37.71726,-85.9033,1,2021,O,047-KY-3005  -000,5.247,0,0,0,0,0,0,1,0,0,0,1,0,0,Y
Motor Vehicle,DAC,72640036,20210622,1612,2,NULL,DIXIE                                   ,N ,AVE  ,US0031W ,US0031W ,047 US-31W-10  ,US0031W                                        ,N,37.73395,-85.88708,5,2021,O,047-US-0031W -000,19.901,0,0,1,0,0,0,1,0,0,0,1,0,0,Y
Motor Vehicle,DAC,72640090,20210618,1657,5,NULL,MULBERRY                                ,N ,ST   ,US0062  ,US0062  ,047 US-62-10   ,US0062                                         ,N,37.71251,-85.83216,1,2021,O,047-US-0062  -000,19.963,0,0,0,0,0,0,0,0,0,0,0,0,0,Y
Motor Vehicle,DAC,72640091,20210619,1554,6,NULL,DIXIE                                   ,E ,AVE  ,US0031W ,US0031W ,047 US-31W     ,US0031W                                        ,N,37.68864,-85.85375,1,2021,O,047-US-0031W -000,16.205,0,0,0,0,0,0,0,0,0,0,1,0,0,Y
Motor Vehicle,DAC,72640381,20210625,1621,5,NULL,CARDINAL                                ,NULL,DR   ,KY0361  ,KY0361  ,047 KY-361     ,KY0361                                         ,N,37.70734,-85.87344,1,2021,O,047-KY-0361  -000,0.032,0,0,0,0,0,0,0,1,0,0,0,0,0,Y
Motor Vehicle,DAC,72640409,20210624,1817,4,NULL,DIXIE                                   ,N ,AVE  ,US0031W ,US0031W ,047 US-31W-10  ,US0031W                                        ,N,37.73273,-85.8865,5,2021,O,047-US-0031W -000,19.792,0,0,0,0,0,0,1,0,0,0,0,0,0,Y
Motor Vehicle,DAC,72640531,20210625,2038,5,NULL,RING                                    ,NULL,RD   ,KY3005  ,KY3005  ,047 KY-3005    ,KY3005                                         ,N,37.73375,-85.86224,5,2021,O,047-KY-3005  -000,7.849,0,0,0,0,0,0,1,0,0,0,1,0,0,Y
Motor Vehicle,Non DAC,72640780,20210625,1536,5,NULL,LEITCHFIELD                             ,NULL,RD   ,US0062  ,US0062  ,047 US-62-10   ,US0062                                         ,N,37.6772,-85.89781,4,2021,O,047-US-0062  -000,15.437,0,0,1,0,0,0,1,0,0,0,0,0,0,N
Motor Vehicle,DAC,72640832,20210627,2,0,NULL,DIXIE                                   ,N ,AVE  ,US0031W ,US0031W ,NULL,NULL,N,37.73406,-85.88707,9,2021,C,047-US-0031W -000,19.896,0,0,0,1,0,0,1,0,0,0,1,0,0,Y
Motor Vehicle,Non DAC,72641099,20210621,1658,1,NULL,DIXIE                                   ,N ,AVE  ,US0031W ,US0031W ,047 US-31W-10  ,US0031W                                        ,N,37.74319,-85.89155,5,2021,O,047-US-0031W -000,20.585,0,0,0,0,0,0,1,0,0,0,0,0,0,Y
Motor Vehicle,DAC,72641394,20210628,1132,1,NULL,DIXIE                                   ,N ,AVE  ,US0031W ,US0031W ,047 US-31W     ,US0031W                                        ,N,37.73119,-85.88543,5,2021,O,047-US-0031W -000,19.7,0,0,0,1,0,0,1,0,0,0,0,0,0,Y
Motor Vehicle,DAC,72641395,20210628,1544,1,NULL,DIXIE                                   ,N ,AVE  ,US0031W ,US0031W ,047 US-31W-10  ,US0031W                                        ,N,37.72344,-85.88188,5,2021,O,047-US-0031W -000,19.128,0,0,0,0,0,0,1,0,0,0,0,0,0,Y
Motor Vehicle,DAC,72641819,20210625,1208,5,517,PEAR ORCHARD                            ,NW,RD   ,NULL,NULL,047 CS-1297    ,CS1297                                         ,N,37.74865,-85.87759,9,2021,O,047-CS-1297  -000,0.23,0,0,0,0,0,0,0,0,0,0,0,1,0,Y
Motor Vehicle,Non DAC,72641821,20210626,1040,6,NULL,LINCOLN                                 ,NULL,PKWY ,KY0061  ,KY0061  ,047 KY-61      ,KY0061                                         ,N,37.66937,-85.84486,5,2021,O,047-KY-0061  -000,5.213,0,0,0,0,0,0,1,0,0,0,0,0,0,Y
Motor Vehicle,DAC,72642096,20210630,1237,3,NULL,COLLEGE ST RD                           ,NULL,NULL,NULL,NULL,047 CS-1124    ,CS1124                                         ,N,37.69193,-85.87198,5,2021,O,047-CS-1124  -000,1.461,0,0,1,0,0,0,1,0,0,0,1,0,0,Y
Motor Vehicle,Non DAC,72642137,20210630,1318,3,NULL,VETERANS                                ,NULL,WAY  ,NULL,NULL,047 CS-1683    ,CS1683                                         ,N,37.72543,-85.89149,2,2021,O,047-CS-1683  -000,0.011,0,0,0,0,0,0,1,0,0,0,1,0,0,Y
Motor Vehicle,Non DAC,72642412,20210630,1410,3,NULL,DIXIE                                   ,S ,HWY  ,US0031W ,US0031W ,047 US-31W     ,US0031W                                        ,N,37.66315,-85.84803,5,2021,O,047-US-0031W -000,14.34,0,0,0,1,0,0,1,0,0,0,0,0,0,Y
Motor Vehicle,Non DAC,72642422,20210630,1343,3,NULL,RING                                    ,NULL,RD   ,KY3005  ,KY3005  ,047 KY-3005-10 ,KY3005                                         ,N,37.72722,-85.88803,8,2021,O,047-KY-3005  -000,6.331,0,0,0,1,0,0,1,0,0,0,0,1,0,Y
Motor Vehicle,Non DAC,72642423,20210630,1848,3,NULL,RING                                    ,NULL,RD   ,KY3005  ,KY3005  ,047 KY-3005-10 ,KY3005                                         ,N,37.72678,-85.88833,8,2021,O,047-KY-3005  -000,6.304,0,0,1,0,0,0,1,0,0,0,0,1,0,Y
Motor Vehicle,DAC,72642740,20210624,1910,4,NULL,STRAWBERRY                              ,NULL,ALY  ,NULL,NULL,047 CS-1060    ,CS1060                                         ,N,37.69311,-85.85961,5,2021,O,047-CS-1060  -000,0.622,0,0,0,0,0,0,1,0,0,0,0,0,0,Y
Motor Vehicle,DAC,72642797,20210701,1738,4,NULL,WALMART                                 ,NULL,LN   ,NULL,NULL,047 PR-1004    ,PR1004                                         ,N,37.72935,-85.88217,2,2021,O,047-PR-1004  -000,0.028,0,0,1,0,0,0,1,0,0,0,0,0,0,Y
Motor Vehicle,DAC,72642884,20210629,1446,2,NULL,DIXIE                                   ,W ,AVE  ,US0031W ,US0031W ,047 US-31W     ,US0031W                                        ,N,37.69538,-85.86215,5,2021,O,047-US-0031W -000,16.894,0,0,0,0,0,0,0,1,0,0,0,0,0,Y
Motor Vehicle,DAC,72642885,20210629,927,2,NULL,RING                                    ,NULL,RD   ,KY3005  ,KY3005  ,047 KY-3005    ,KY3005                                         ,N,37.73008,-85.87741,5,2021,O,047-KY-3005  -000,6.933,0,0,0,0,0,0,1,1,0,0,0,0,0,Y
Motor Vehicle,DAC,72643503,20210703,1259,6,NULL,RING                                    ,NULL,RD   ,KY3005  ,KY3005  ,NULL,NULL,N,37.73118,-85.87446,5,2021,O,047-KY-3005  -000,7.117,0,0,0,1,0,0,1,0,0,0,0,0,0,Y
Motor Vehicle,Non DAC,72643598,20210703,1340,6,NULL,HAWKINS                                 ,NULL,DR   ,NULL,NULL,047 CS-1553    ,CS1553                                         ,N,37.67042,-85.84051,9,2021,O,047-CS-1553  -000,0.064,0,0,0,0,0,0,0,1,1,0,0,1,0,Y
Motor Vehicle,Non DAC,72643717,20210703,1855,6,NULL,BLACK BRANCH                            ,N ,RD   ,NULL,NULL,047 CS-1551    ,CS1551                                         ,N,37.67741,-85.91806,9,2021,O,047-CS-1551  -000,0.914,0,0,0,0,0,0,1,0,0,0,0,1,0,Y
Motor Vehicle,DAC,72643983,20210703,1902,6,NULL,31W                                     ,NULL,BYP  ,US0031WB,US0031WB,047 US-31WB    ,US0031WB                                       ,N,37.69212,-85.87193,1,2021,O,047-US-0031WB-000,1.363,0,0,0,0,0,0,1,1,0,0,1,0,0,Y
Motor Vehicle,DAC,72644655,20210707,724,3,NULL,31W                                     ,NULL,BYP  ,US0031WB,US0031WB,047 US-31WB    ,US0031WB                                       ,N,37.69952,-85.88137,5,2021,O,047-US-0031WB-000,2.117,0,0,0,0,0,0,1,0,0,0,0,0,0,Y
Motor Vehicle,Non DAC,72644913,20210708,49,4,1221,BLACK BRANCH                            ,N ,RD   ,NULL,NULL,047 CS-1551    ,CS1551                                         ,N,37.67122,-85.94216,9,2021,O,047-CS-1551  -000,2.401,0,0,0,0,0,0,0,0,0,0,0,1,0,Y
Motor Vehicle,DAC,72644994,20210708,956,4,NULL,MULBERRY                                ,N ,ST   ,US0062  ,US0062  ,047 US-62      ,US0062                                         ,N,37.70794,-85.84059,1,2021,O,047-US-0062  -000,19.384,0,0,0,0,0,0,0,1,0,0,0,0,0,Y
Motor Vehicle,DAC,72645208,20210708,1739,4,NULL,DIXIE                                   ,N ,AVE  ,US0031W ,US0031W ,047 US-31W-10  ,US0031W                                        ,N,37.71038,-85.87531,5,2021,O,047-US-0031W -000,18.16,0,0,0,0,0,0,1,0,0,0,0,0,0,Y
Motor Vehicle,Non DAC,72645410,20210709,1054,5,NULL,HODGENVILLE                             ,NULL,RD   ,KY0210  ,KY0210  ,NULL,NULL,N,37.66657,-85.83837,1,2021,O,047-KY-0210  -000,0.629,0,0,0,1,0,0,0,1,0,0,1,0,0,Y
Motor Vehicle,Non DAC,72645650,20210708,1605,4,NULL,LINCOLN                                 ,NULL,PKWY ,KY0061  ,KY0061  ,047 KY-61      ,KY0061                                         ,N,37.66562,-85.83969,1,2021,C,047-KY-0061  -000,4.821,0,0,0,0,0,0,0,1,0,0,1,0,0,Y
Motor Vehicle,DAC,72646045,20210711,907,0,NULL,31W                                     ,NULL,BYP  ,US0031WB,US0031WB,047 US-31WB    ,US0031WB                                       ,N,37.69211,-85.87191,1,2021,O,047-US-0031WB-000,1.377,0,0,0,1,0,0,0,1,0,0,1,0,0,Y
Motor Vehicle,Non DAC,72646061,20210710,1436,6,NULL,RING                                    ,NULL,RD   ,KY3005  ,KY3005  ,NULL,NULL,N,37.72535,-85.89145,1,2021,O,047-KY-3005  -000,6.103,0,0,0,1,0,0,0,0,0,0,1,0,0,Y
Motor Vehicle,DAC,72646641,20210712,1953,1,NULL,MILES                                   ,N ,ST   ,KY0251  ,KY0251  ,047 KY-251     ,KY0251                                         ,N,37.6959,-85.863,1,2021,O,047-KY-0251  -000,0.001,0,0,1,1,0,0,0,0,1,0,1,0,0,Y
Motor Vehicle,DAC,72647800,20210714,2025,3,NULL,DIXIE                                   ,N ,AVE  ,US0031W ,US0031W ,047 US-31W     ,US0031W                                        ,N,37.73263,-85.88612,8,2021,O,047-US-0031W -000,19.803,0,0,0,0,0,0,1,0,0,0,1,0,0,Y
Motor Vehicle,DAC,72647806,20210713,1428,2,NULL,ST JOHN                                 ,NULL,RD   ,KY1357  ,KY1357  ,047 KY-1357    ,KY1357                                         ,N,37.70057,-85.88088,8,2021,O,047-KY-1357  -000,16.35,0,0,0,1,0,0,1,0,0,0,0,1,0,Y
Motor Vehicle,DAC,72647894,20210714,1724,3,NULL,DIXIE                                   ,N ,AVE  ,US0031W ,US0031W ,047 US-31W     ,US0031W                                        ,N,37.73376,-85.8867,8,2021,O,047-US-0031W -000,19.886,0,0,1,0,0,0,0,0,0,0,0,1,0,Y
Motor Vehicle,DAC,72647924,20210715,2310,4,NULL,HAWKINS                                 ,NULL,DR   ,NULL,NULL,047 CS-1553    ,CS1553                                         ,N,37.67929,-85.8461,9,2021,O,047-CS-1553  -000,0.749,0,0,0,0,0,0,0,0,0,0,0,1,0,Y
Motor Vehicle,Non DAC,72648143,20210716,1618,5,NULL,TOWNE                                   ,NULL,CTR  ,NULL,NULL,NULL,NULL,N,37.72999,-85.88628,2,2021,O,047-PR-1010  -000,0.142,0,0,1,0,0,0,1,0,0,0,0,0,0,Y
Motor Vehicle,DAC,72648380,20210717,614,6,NULL,MULBERRY                                ,N ,ST   ,US0062  ,US0062  ,047 US-62      ,US0062                                         ,N,37.69389,-85.85941,5,2021,O,047-US-0062  -000,17.967,0,0,0,0,0,0,1,0,0,0,0,0,0,Y
Motor Vehicle,DAC,72648501,20210708,1457,4,NULL,MULBERRY                                ,N ,ST   ,US0062  ,US0062  ,047 US-62-10   ,US0062                                         ,N,37.70966,-85.83798,5,2021,O,047-US-0062  -000,19.526,0,0,0,0,0,0,1,0,0,0,0,0,0,Y
Motor Vehicle,DAC,72648592,20210717,1254,6,NULL,DIXIE                                   ,N ,AVE  ,US0031W ,US0031W ,047 US-31W     ,US0031W                                        ,N,37.72613,-85.8829,1,2021,O,047-US-0031W -000,19.319,0,0,0,1,0,0,0,0,0,0,0,0,0,Y
Motor Vehicle,DAC,72648600,20210716,1328,5,NULL,MULBERRY                                ,N ,ST   ,US0062  ,US0062  ,047 US-62-10   ,US0062                                         ,N,37.71326,-85.83054,8,2021,B,047-US-0062  -000,20.05,0,0,0,0,0,0,0,0,0,0,1,0,0,Y
Motor Vehicle,Non DAC,72648601,20210716,1635,5,NULL,RING                                    ,NULL,RD   ,KY3005  ,KY3005  ,047 KY-3005    ,KY3005                                         ,N,37.71689,-85.90388,5,2021,O,047-KY-3005  -000,5.2,0,0,0,0,0,0,1,0,0,0,0,0,0,Y
Motor Vehicle,DAC,72648602,20210717,1147,6,NULL,DIXIE                                   ,N ,AVE  ,US0031W ,US0031W ,047 US-31W     ,US0031W                                        ,N,37.73024,-85.88493,5,2021,B,047-US-0031W -000,19.625,0,1,0,0,0,0,1,0,0,0,0,0,0,Y
Motor Vehicle,DAC,72648670,20210716,1555,5,NULL,DIXIE                                   ,N ,AVE  ,US0031W ,US0031W ,047 US-31W     ,US0031W                                        ,N,37.72806,-85.88385,5,2021,B,047-US-0031W -000,19.46,0,0,1,1,0,0,1,0,0,0,0,0,0,Y
Motor Vehicle,Non DAC,72648768,20210718,1130,0,NULL,VANDERBILT                              ,NULL,DR   ,NULL,NULL,NULL,NULL,N,37.70039,-85.89119,1,2021,O,047-CS-1613  -000,0.003,0,0,0,1,0,0,0,0,0,0,0,0,0,Y
Motor Vehicle,DAC,72648784,20210619,1411,6,NULL,DIXIE                                   ,N ,AVE  ,US0031W ,US0031W ,047 US-31W     ,US0031W                                        ,N,37.70865,-85.874,1,2021,O,047-US-0031W -000,18.019,0,0,0,0,0,0,1,1,0,0,1,0,0,Y