Mode,Crash In Disadvantaged Community,MasterFile,CollisionDate,CollisionTime,CollisionDayWeekCode,RoadwayName_HouseBusinessNumber_,RoadwayName_RoadwayName_,RoadwayName_Direction_,RoadwayName_RoadwaySuffix_,RoadwayfromReport,CurrentRoadwayNumber,RSEUniqueGIS,RoadwayIdentifier,ParkingLotIndicator,Latitude,Longitude,MannerofCollisionCode,YR,KABCO,KTC_RT,KTC_MP,Motorcyclist,Commercial Vehicle,Young Driver,Mature Driver,Pedestrian,Bicyclist,Distracted,Aggressive,Impaired,Unrestrained,Intersection,Roadway Departure,Median Cross-over,In City Limits?
Motor Vehicle,Non DAC,72648785,20210625,1918,5,NULL,KY1600                                  ,NULL,NULL,KY1600  ,KY1600  ,047 KY-1600    ,KY1600                                         ,N,37.72756,-85.91687,5,2021,O,047-KY-1600  -000,0.016,0,0,0,0,0,0,1,0,0,0,0,0,0,Y
Motor Vehicle,DAC,72648951,20210716,1927,5,NULL,DIXIE                                   ,N ,AVE  ,US0031W ,US0031W ,047 US-31W-10  ,US0031W                                        ,N,37.72875,-85.88448,1,2021,O,047-US-0031W -000,19.524,0,0,0,0,0,0,0,1,0,0,0,0,0,Y
Motor Vehicle,DAC,72649103,20210714,1446,3,NULL,MULBERRY                                ,S ,ST   ,US0062  ,US0062  ,047 US-62-10   ,US0062                                         ,N,37.68762,-85.8689,5,2021,O,047-US-0062  -000,17.284,0,0,0,0,0,0,1,0,0,0,1,0,0,Y
Motor Vehicle,DAC,72649234,20210714,1740,3,NULL,RING                                    ,NULL,RD   ,KY3005  ,KY3005  ,047 KY-3005    ,KY3005                                         ,N,37.73054,-85.87634,5,2021,O,047-KY-3005  -000,7.002,0,0,1,0,0,0,1,1,0,0,0,0,0,Y
Motor Vehicle,DAC,72649760,20210721,640,3,NULL,MULBERRY                                ,N ,ST   ,US0062  ,US0062  ,047 US-62      ,US0062                                         ,N,37.706,-85.84394,1,2021,O,047-US-0062  -000,19.175,0,0,0,0,0,0,1,0,0,0,0,0,0,Y
Motor Vehicle,DAC,72649901,20210720,834,2,NULL,DIXIE                                   ,N ,AVE  ,US0031W ,US0031W ,047 US-31W-10  ,US0031W                                        ,N,37.70805,-85.87376,5,2021,O,047-US-0031W -000,17.967,0,0,1,0,0,0,1,0,0,0,0,0,0,Y
Motor Vehicle,Non DAC,72650398,20210722,1450,4,NULL,PATRIOT                                 ,NULL,PKWY ,KY0361  ,KY0361  ,047 KY-361-10  ,KY0361                                         ,N,37.71729,-85.90356,8,2021,O,047-KY-0361  -000,1.831,0,0,0,0,0,0,1,0,0,0,0,1,0,Y
Motor Vehicle,Non DAC,72650399,20210722,1820,4,NULL,DIXIE                                   ,N ,AVE  ,US0031W ,US0031W ,047 US-31W-10  ,US0031W                                        ,N,37.74173,-85.89089,1,2021,O,047-US-0031W -000,20.477,0,0,1,0,0,0,1,0,0,0,0,0,0,Y
Motor Vehicle,DAC,72650490,20210715,753,4,NULL,DIXIE                                   ,E ,AVE  ,US0031W ,US0031W ,047 US-31W     ,US0031W                                        ,N,37.69157,-85.85611,5,2021,O,047-US-0031W -000,16.46,0,0,1,0,0,0,1,0,0,0,0,0,0,Y
Motor Vehicle,DAC,72650773,20210723,541,5,200BL,DIXIE                                   ,W ,AVE  ,US0031W ,US0031W ,047 US-31W     ,US0031W                                        ,N,37.69513,-85.86171,9,2021,B,047-US-0031W -000,16.866,0,0,0,0,0,0,1,0,0,0,0,1,0,Y
Motor Vehicle,DAC,72650873,20210722,1158,4,NULL,DIXIE                                   ,W ,AVE  ,US0031W ,US0031W ,047 US-31W     ,US0031W                                        ,N,37.69329,-85.85845,5,2021,O,047-US-0031W -000,16.649,0,0,0,1,0,0,1,0,0,0,0,0,0,Y
Motor Vehicle,DAC,72650874,20210723,1820,5,NULL,DIXIE                                   ,N ,AVE  ,US0031W ,US0031W ,047 US-31W-10  ,US0031W                                        ,N,37.71281,-85.87662,8,2021,O,047-US-0031W -000,18.334,0,0,0,0,0,0,1,0,0,0,1,0,0,Y
Motor Vehicle,DAC,72651054,20210723,1659,5,NULL,DIXIE                                   ,N ,AVE  ,US0031W ,US0031W ,NULL,NULL,N,37.74056,-85.89032,5,2021,O,047-US-0031W -000,20.394,0,0,0,1,0,0,1,0,0,0,0,0,0,Y
Motor Vehicle,DAC,72651167,20210722,800,4,NULL,31W                                     ,NULL,BYP  ,US0031WB,US0031WB,047 US-31WB    ,US0031WB                                       ,N,37.70032,-85.88184,4,2021,A,047-US-0031WB-000,2.176,0,0,0,1,0,0,0,1,0,1,1,0,0,Y
Motor Vehicle,DAC,72651168,20210722,1359,4,NULL,FREEMAN LAKE PARK                       ,NULL,RD   ,NULL,NULL,047 CS-1728    ,CS1728                                         ,N,37.71795,-85.879,5,2021,O,047-CS-1728  -000,0.007,0,0,0,0,0,0,1,0,0,0,1,0,0,Y
Motor Vehicle,DAC,72651170,20210723,1508,5,NULL,DIXIE                                   ,N ,HWY  ,US0031W ,US0031W ,047 US-31W     ,US0031W                                        ,N,37.75797,-85.89807,5,2021,O,047-US-0031W -000,21.684,0,0,0,1,0,0,1,0,0,0,1,0,0,Y
Motor Vehicle,DAC,72651286,20210722,1216,4,NULL,RING                                    ,NULL,RD   ,KY3005  ,KY3005  ,047 KY-3005    ,KY3005                                         ,N,37.73229,-85.85081,5,2021,O,047-KY-3005  -000,8.473,0,0,1,0,0,0,1,0,0,0,0,0,0,Y
Motor Vehicle,DAC,72651473,20210723,2120,5,NULL,SHEPHERDSVILLE                          ,NULL,RD   ,KY0251  ,KY0251  ,047 KY-251-10  ,KY0251                                         ,N,37.73217,-85.84432,8,2021,O,047-KY-0251  -000,2.682,0,0,1,0,0,0,1,1,0,0,1,0,0,Y
Motor Vehicle,DAC,72651497,20210721,1829,3,NULL,DIXIE                                   ,N ,AVE  ,US0031W ,US0031W ,047 US-31W     ,US0031W                                        ,N,37.73389,-85.88677,5,2021,O,047-US-0031W -000,19.882,0,0,1,0,0,0,1,1,0,0,0,1,0,Y
Motor Vehicle,DAC,72651616,20210726,1119,1,NULL,MULBERRY                                ,N ,ST   ,US0062  ,US0062  ,047 US-62-10   ,US0062                                         ,N,37.71316,-85.83079,5,2021,O,047-US-0062  -000,20.036,0,0,1,1,0,0,1,0,0,0,0,0,0,Y
Motor Vehicle,DAC,72651644,20210726,1353,1,NULL,RING                                    ,NULL,RD   ,KY3005  ,KY3005  ,047 KY-3005    ,KY3005                                         ,N,37.72843,-85.88364,5,2021,O,047-KY-3005  -000,6.572,0,0,0,0,0,0,0,0,0,0,0,0,0,Y
Motor Vehicle,Non DAC,72651758,20210726,1457,1,NULL,HAWKINS                                 ,NULL,DR   ,NULL,NULL,047 CS-1553    ,CS1553                                         ,N,37.67026,-85.84046,5,2021,O,047-CS-1553  -000,0.015,0,0,0,0,0,0,0,0,0,0,0,0,0,Y
Motor Vehicle,Non DAC,72651771,20210726,1819,1,NULL,DIXIE                                   ,S ,HWY  ,US0031W ,US0031W ,047 US-31W     ,US0031W                                        ,N,37.66965,-85.84652,5,2021,O,047-US-0031W -000,14.791,0,0,1,1,0,0,0,0,0,0,1,0,0,Y
Motor Vehicle,DAC,72651795,20210726,1540,1,NULL,MULBERRY                                ,N ,ST   ,US0062  ,US0062  ,047 US-62-10   ,US0062                                         ,N,37.70983,-85.83732,1,2021,O,047-US-0062  -000,19.615,0,0,0,0,0,0,1,0,0,0,1,0,0,Y
Motor Vehicle,DAC,72651949,20210727,1009,2,NULL,MULBERRY                                ,S ,ST   ,US0062  ,US0062  ,047 US-62      ,US0062                                         ,N,37.69367,-85.8596,5,2021,O,047-US-0062  -000,17.95,0,0,0,0,0,0,1,0,0,0,0,0,0,Y
Motor Vehicle,Non DAC,72651964,20210727,1249,2,NULL,MULBERRY                                ,S ,ST   ,US0062  ,US0062  ,047 US-62-10   ,US0062                                         ,N,37.67872,-85.88151,1,2021,O,047-US-0062  -000,16.338,0,0,0,0,0,0,1,0,0,0,1,0,0,Y
Motor Vehicle,DAC,72651988,20210727,748,2,NULL,HODGENVILLE                             ,NULL,RD   ,KY0210  ,KY0210  ,047 KY-210     ,KY0210                                         ,N,37.67231,-85.84363,1,2021,C,047-KY-0210  -000,0.134,0,0,0,1,0,0,1,1,0,0,1,0,0,Y
Motor Vehicle,Non DAC,72652464,20210630,1459,3,NULL,LEITCHFIELD                             ,NULL,RD   ,US0062  ,US0062  ,047 US-62      ,US0062                                         ,N,37.67156,-85.91191,1,2021,B,047-US-0062  -000,14.575,0,0,0,0,0,0,1,0,0,1,1,0,0,N
Motor Vehicle,DAC,72652587,20210726,2006,1,NULL,DIXIE                                   ,N ,AVE  ,US0031W ,US0031W ,NULL,NULL,N,37.70424,-85.87125,1,2021,O,047-US-0031W -000,17.679,0,0,0,1,0,0,1,1,0,0,1,0,0,Y
Motor Vehicle,Non DAC,72652597,20210723,1108,5,NULL,RING                                    ,NULL,RD   ,KY3005  ,KY3005  ,047 KY-3005    ,KY3005                                         ,N,37.72708,-85.88829,5,2021,O,047-KY-3005  -000,6.312,0,0,0,1,0,0,1,0,0,0,0,0,0,Y
Motor Vehicle,Non DAC,72652598,20210724,1413,6,NULL,LINCOLN                                 ,NULL,PKWY ,KY0061  ,KY0061  ,047 KY-61      ,KY0061                                         ,N,37.66986,-85.84601,5,2021,O,047-KY-0061  -000,5.284,0,0,0,1,0,0,1,0,0,0,0,0,0,Y
Motor Vehicle,Non DAC,72652720,20210729,1429,4,NULL,TOWNE                                   ,NULL,CTR  ,NULL,NULL,047 PR-1010    ,PR1010                                         ,N,37.73159,-85.88676,1,2021,O,047-PR-1010  -000,0.275,0,0,0,0,0,0,1,0,0,0,0,0,0,Y
Motor Vehicle,DAC,72652894,20210728,2156,3,NULL,DIXIE                                   ,N ,AVE  ,US0031W ,US0031W ,047 US-31W-10  ,US0031W                                        ,N,37.74115,-85.89064,5,2021,O,047-US-0031W -000,20.435,0,1,1,0,0,0,1,0,0,0,1,0,0,Y
Motor Vehicle,DAC,72652909,20210729,1600,4,NULL,DIXIE                                   ,E ,AVE  ,US0031W ,US0031W ,047 US-31W     ,US0031W                                        ,N,37.67733,-85.84687,5,2021,O,047-US-0031W -000,15.323,0,0,0,0,0,0,1,0,0,1,0,0,0,Y
Motor Vehicle,DAC,72652910,20210729,1633,4,NULL,DIXIE                                   ,E ,AVE  ,US0031W ,US0031W ,047 US-31W     ,US0031W                                        ,N,37.68379,-85.85063,1,2021,O,047-US-0031W -000,15.807,0,0,1,1,0,0,1,1,0,0,0,0,0,Y
Motor Vehicle,DAC,72653149,20210723,1553,5,NULL,CHILDERS                                ,NULL,CT   ,NULL,NULL,047 CS-1083    ,CS1083                                         ,N,37.73821,-85.88832,1,2021,O,047-CS-1083  -000,0.03,0,0,0,0,0,0,1,0,0,0,0,0,0,Y
Motor Vehicle,DAC,72653193,20210724,1233,6,NULL,MULBERRY                                ,N ,ST   ,US0062  ,US0062  ,047 US-62-10   ,US0062                                         ,N,37.71285,-85.83151,5,2021,O,047-US-0062  -000,20.001,0,0,1,0,0,0,1,0,0,0,0,0,0,Y
Motor Vehicle,DAC,72653194,20210730,1422,5,NULL,MULBERRY                                ,N ,ST   ,US0062  ,US0062  ,047 US-62      ,US0062                                         ,N,37.69414,-85.85923,8,2021,O,047-US-0062  -000,17.987,0,0,0,0,0,0,1,0,0,0,0,1,0,Y
Motor Vehicle,DAC,72653268,20210730,1647,5,NULL,DIXIE                                   ,N ,AVE  ,US0031W ,US0031W ,047 US-31W     ,US0031W                                        ,N,37.73646,-85.88833,5,2021,O,047-US-0031W -000,20.148,0,0,1,0,0,0,1,0,0,0,0,0,0,Y
Motor Vehicle,DAC,72653405,20210731,645,6,NULL,DIXIE                                   ,E ,AVE  ,US0031W ,US0031W ,047 US-31W     ,US0031W                                        ,N,37.69217,-85.85654,2,2021,O,047-US-0031W -000,16.508,0,0,0,0,0,0,1,0,0,0,0,0,0,Y
Motor Vehicle,Non DAC,72653513,20210730,1123,5,NULL,VETERANS                                ,NULL,WAY  ,NULL,NULL,047 CS-1683    ,CS1683                                         ,N,37.74089,-85.89103,1,2021,O,047-CS-1683  -000,1.247,0,0,1,1,0,0,0,1,0,0,0,0,0,Y
Motor Vehicle,Non DAC,72653514,20210730,1420,5,NULL,RING                                    ,NULL,RD   ,KY3005  ,KY3005  ,047 KY-3005-10 ,KY3005                                         ,N,37.7135,-85.90683,5,2021,O,047-KY-3005  -000,4.918,0,0,1,0,0,0,0,0,0,0,0,0,0,Y
Motor Vehicle,DAC,72653515,20210730,1451,5,NULL,ST JOHN                                 ,NULL,RD   ,KY1357  ,KY1357  ,047 KY-1357    ,KY1357                                         ,N,37.70298,-85.87475,8,2021,O,047-KY-1357  -000,16.763,0,0,0,0,0,0,1,1,0,0,0,1,0,Y
Motor Vehicle,DAC,72653530,20210730,2015,5,NULL,DIXIE                                   ,N ,AVE  ,US0031W ,US0031W ,047 US-31W     ,US0031W                                        ,N,37.7298,-85.88473,1,2021,O,047-US-0031W -000,19.593,0,0,0,0,0,0,1,0,0,0,0,0,0,Y
Motor Vehicle,Non DAC,72653565,20210730,1834,5,NULL,PATRIOT                                 ,NULL,PKWY ,KY0361  ,KY0361  ,047 KY-361-10  ,KY0361                                         ,N,37.71718,-85.90339,5,2021,O,047-KY-0361  -000,1.82,0,0,0,0,0,0,1,0,0,0,1,0,0,Y
Motor Vehicle,DAC,72653566,20210731,1646,6,NULL,MARY T MEAGHER                          ,NULL,DR   ,NULL,NULL,047 CS-1403    ,CS1403                                         ,N,37.71811,-85.83943,5,2021,O,047-CS-1403  -000,0.084,0,0,0,0,0,0,0,0,0,0,0,0,0,Y
Motor Vehicle,Non DAC,72653777,20210604,1711,5,NULL,MULBERRY                                ,N ,ST   ,US0062  ,US0062  ,047 US-62      ,US0062                                         ,N,37.71588,-85.82417,1,2021,O,047-US-0062  -000,20.436,0,0,1,0,0,0,1,0,0,0,0,0,0,Y
Motor Vehicle,Non DAC,72653921,20210802,630,1,NULL,RING                                    ,NULL,RD   ,KY3005  ,KY3005  ,047 KY-3005-10 ,KY3005                                         ,N,37.68902,-85.91404,9,2021,O,047-KY-3005  -000,3.156,0,0,0,0,0,0,0,0,0,0,0,1,0,Y
Motor Vehicle,DAC,72654482,20210729,2035,4,NULL,DIXIE                                   ,N ,AVE  ,US0031W ,US0031W ,047 US-31W-10  ,US0031W                                        ,N,37.73792,-85.88903,1,2021,O,047-US-0031W -000,20.217,0,0,0,0,0,0,1,1,0,0,1,0,0,Y
Motor Vehicle,DAC,72654595,20210729,1437,4,NULL,PUBLIC                                  ,NULL,SQ   ,US0031W ,US0031W ,047 US-31W     ,US0031W                                        ,N,37.69311,-85.85775,2,2021,O,047-US-0031W -000,16.607,0,0,0,0,0,0,0,0,0,0,0,0,0,Y
Motor Vehicle,Non DAC,72654666,20210804,1219,3,NULL,COLLEGE ST RD                           ,NULL,NULL,NULL,NULL,047 CS-1124    ,CS1124                                         ,N,37.69019,-85.87985,9,2021,O,047-CS-1124  -000,0.946,0,0,0,0,0,0,1,0,0,0,0,1,0,Y
Motor Vehicle,DAC,72654731,20210803,1135,2,NULL,DIXIE                                   ,N ,AVE  ,US0031W ,US0031W ,047 US-31W     ,US0031W                                        ,N,37.7283,-85.88399,8,2021,O,047-US-0031W -000,19.405,0,0,1,0,0,0,1,0,0,0,1,0,0,Y
Motor Vehicle,Non DAC,72654841,20210804,1233,3,NULL,ST JOHN                                 ,NULL,RD   ,KY1357  ,KY1357  ,047 KY-1357    ,KY1357                                         ,N,37.69455,-85.89606,9,2021,B,047-KY-1357  -000,15.444,0,0,0,1,0,0,0,0,0,0,1,0,0,Y
Motor Vehicle,DAC,72654918,20210803,1520,2,NULL,US31W BYP N TURN LANE FROM  COLLEGE ST W,NULL,NULL,US0031WB,US0031WB,047 US-31WB-27 ,US0031WB                                       ,N,37.69227,-85.8721,5,2021,O,047-US-0031WB-027,0.027,0,0,0,0,0,0,1,0,0,0,0,0,0,Y
Motor Vehicle,Non DAC,72654976,20210727,1521,2,NULL,VETERANS                                ,NULL,WAY  ,NULL,NULL,047 CS-1683    ,CS1683                                         ,N,37.72567,-85.89171,5,2021,O,047-CS-1683  -000,0.027,0,0,0,0,0,0,1,0,0,0,0,0,0,Y
Motor Vehicle,DAC,72655047,20210802,1135,1,NULL,DIXIE                                   ,N ,AVE  ,US0031W ,US0031W ,047 US-31W-10  ,US0031W                                        ,N,37.73886,-85.8895,1,2021,O,047-US-0031W -000,20.28,0,0,0,0,0,0,1,0,0,0,0,0,0,Y
Motor Vehicle,Non DAC,72655048,20210802,1317,1,NULL,RING                                    ,NULL,RD   ,KY3005  ,KY3005  ,047 KY-3005-10 ,KY3005                                         ,N,37.69046,-85.91358,1,2021,O,047-KY-3005  -000,3.257,0,0,0,0,0,0,1,0,0,0,1,0,0,Y
Motor Vehicle,DAC,72655076,20210731,1438,6,NULL,DOLPHIN                                 ,NULL,DR   ,NULL,NULL,047 CS-1430    ,CS1430                                         ,N,37.71106,-85.83762,1,2021,O,047-CS-1430  -000,0.093,0,0,0,0,0,0,1,0,0,0,1,0,0,Y
Motor Vehicle,Non DAC,72655077,20210803,829,2,NULL,PATRIOT                                 ,NULL,PKWY ,KY0361  ,KY0361  ,047 KY-361-10  ,KY0361                                         ,N,37.71721,-85.90356,8,2021,O,047-KY-0361  -000,1.825,0,0,0,0,0,0,1,1,0,0,1,0,0,Y
Motor Vehicle,DAC,72655078,20210805,1309,4,NULL,MILES                                   ,N ,ST   ,KY0251  ,KY0251  ,047 KY-251     ,KY0251                                         ,N,37.69709,-85.86193,1,2021,O,047-KY-0251  -000,0.091,0,0,0,0,0,0,0,0,0,0,1,0,0,Y
Motor Vehicle,DAC,72655298,20210805,1651,4,NULL,DIXIE                                   ,N ,AVE  ,US0031W ,US0031W ,047 US-31W-10  ,US0031W                                        ,N,37.70425,-85.87121,1,2021,O,047-US-0031W -000,17.677,0,0,0,0,0,0,0,1,0,0,1,0,0,Y
Motor Vehicle,DAC,72656133,20210805,1018,4,NULL,MULBERRY                                ,S ,ST   ,US0062  ,US0062  ,047 US-62      ,US0062                                         ,N,37.69194,-85.86119,8,2021,O,047-US-0062  -000,17.791,0,0,0,0,0,0,1,0,0,0,0,1,0,Y
Motor Vehicle,Non DAC,72656134,20210807,1440,6,NULL,RING                                    ,NULL,RD   ,KY3005  ,KY3005  ,047 KY-3005    ,KY3005                                         ,N,37.71654,-85.90411,5,2021,O,047-KY-3005  -000,5.174,0,0,0,1,0,0,1,0,0,0,0,0,0,Y
Motor Vehicle,Non DAC,72656135,20210807,1100,6,NULL,RING                                    ,NULL,RD   ,KY3005  ,KY3005  ,047 KY-3005    ,KY3005                                         ,N,37.72531,-85.89166,5,2021,O,047-KY-3005  -000,6.091,0,0,1,0,0,0,0,0,0,0,0,0,0,Y
Motor Vehicle,DAC,72656136,20210808,1153,0,NULL,RING                                    ,NULL,RD   ,KY3005  ,KY3005  ,047 KY-3005    ,KY3005                                         ,N,37.7293,-85.88085,1,2021,O,047-KY-3005  -000,6.736,0,0,0,0,0,0,1,1,0,0,1,0,0,Y
Motor Vehicle,Non DAC,72658218,20210812,1458,4,NULL,RING                                    ,NULL,RD   ,KY3005  ,KY3005  ,047 KY-3005-10 ,KY3005                                         ,N,37.71741,-85.90335,5,2021,O,047-KY-3005  -000,5.253,0,0,0,1,0,0,0,0,0,0,0,0,0,Y
Motor Vehicle,DAC,72658286,20210806,1523,5,NULL,SHEPHERDSVILLE                          ,NULL,RD   ,KY0251  ,KY0251  ,047 KY-251-10  ,KY0251                                         ,N,37.73226,-85.84456,1,2021,O,047-KY-0251  -000,2.694,0,0,0,0,0,0,0,1,0,0,1,0,0,Y
Motor Vehicle,Non DAC,72658478,20210813,1804,5,NULL,VETERANS                                ,NULL,WAY  ,NULL,NULL,NULL,NULL,N,37.73041,-85.89407,5,2021,O,047-CS-1448  -000,0.485,0,0,0,0,0,0,1,0,0,0,1,0,0,Y
Motor Vehicle,Non DAC,72658748,20210811,1713,3,NULL,TOWNE                                   ,NULL,DR   ,NULL,NULL,NULL,NULL,N,37.73349,-85.88848,1,2021,O,047-CS-1448  -000,0.095,0,0,0,1,0,0,1,1,0,0,0,0,0,Y
Motor Vehicle,DAC,72658844,20210814,1045,6,NULL,DIXIE                                   ,N ,AVE  ,US0031W ,US0031W ,047 US-31W-10  ,US0031W                                        ,N,37.73429,-85.8872,8,2021,O,047-US-0031W -000,19.948,0,0,0,0,0,0,1,1,0,0,0,1,0,Y
Motor Vehicle,DAC,72659002,20210814,3,6,NULL,MULBERRY                                ,N ,ST   ,US0062  ,US0062  ,047 US-62-10   ,US0062                                         ,N,37.70925,-85.83849,4,2021,O,047-US-0062  -000,19.546,0,0,1,0,0,0,0,1,0,0,1,0,0,Y
Motor Vehicle,DAC,72659047,20210813,827,5,NULL,MULBERRY                                ,N ,ST   ,US0062  ,US0062  ,047 US-62      ,US0062                                         ,N,37.69422,-85.85912,5,2021,O,047-US-0062  -000,17.995,0,0,1,0,0,0,0,1,0,1,0,0,0,Y
Motor Vehicle,DAC,72659229,20210812,1547,4,NULL,WALMART                                 ,NULL,DR   ,NULL,NULL,047 CS-1558    ,CS1558                                         ,N,37.73166,-85.88412,1,2021,O,047-CS-1558  -000,0.001,0,0,0,0,0,0,0,1,0,0,1,0,0,Y
Motor Vehicle,Non DAC,72659413,20210806,1342,5,NULL,RING                                    ,NULL,RD   ,KY3005  ,KY3005  ,047 KY-3005    ,KY3005                                         ,N,37.72527,-85.89151,8,2021,O,047-KY-3005  -000,6.097,0,0,0,0,0,0,0,1,0,0,0,1,0,Y
Motor Vehicle,DAC,72659414,20210811,1035,3,NULL,METTS                                   ,NULL,CT   ,NULL,NULL,047 CS-1346    ,CS1346                                         ,N,37.71284,-85.84956,8,2021,O,047-CS-1346  -000,0.209,0,1,0,0,0,0,1,0,0,0,0,0,0,Y
Motor Vehicle,DAC,72659415,20210814,1357,6,NULL,DIXIE                                   ,N ,AVE  ,US0031W ,US0031W ,047 US-31W     ,US0031W                                        ,N,37.7293,-85.88448,1,2021,O,047-US-0031W -000,19.554,0,0,0,0,0,0,0,1,0,0,0,0,0,Y
Motor Vehicle,Non DAC,72659416,20210815,1308,0,NULL,DIXIE                                   ,N ,AVE  ,US0031W ,US0031W ,047 US-31W-10  ,US0031W                                        ,N,37.74266,-85.89129,5,2021,O,047-US-0031W -000,20.545,0,0,0,0,0,0,1,0,0,0,0,0,0,Y
Motor Vehicle,DAC,72659788,20210817,1659,2,NULL,31W                                     ,NULL,BYP  ,US0031WB,US0031WB,NULL,NULL,N,37.69195,-85.8716,5,2021,O,047-US-0031WB-000,1.357,0,0,0,1,0,0,1,0,0,0,0,0,0,Y
Motor Vehicle,DAC,72659845,20210816,748,1,NULL,MULBERRY                                ,S ,ST   ,US0062  ,US0062  ,NULL,NULL,N,37.69154,-85.86177,1,2021,O,047-US-0062  -000,17.757,0,0,1,0,0,0,0,0,0,0,1,0,0,Y
Motor Vehicle,Non DAC,72660138,20210818,1200,3,NULL,LEITCHFIELD                             ,NULL,RD   ,US0062  ,US0062  ,047 US-62      ,US0062                                         ,N,37.66811,-85.92039,5,2021,O,047-US-0062  -000,14.03,0,0,0,1,0,0,1,1,0,0,1,0,0,N
Motor Vehicle,DAC,72660229,20210816,1625,1,NULL,DIXIE                                   ,N ,AVE  ,US0031W ,US0031W ,047 US-31W     ,US0031W                                        ,N,37.71933,-85.87955,1,2021,O,047-US-0031W -000,18.818,0,0,0,0,0,0,0,0,0,0,1,0,0,Y
Motor Vehicle,Non DAC,72660283,20210819,647,4,NULL,RING                                    ,NULL,RD   ,KY3005  ,KY3005  ,047 KY-3005    ,KY3005                                         ,N,37.69108,-85.91315,9,2021,O,047-KY-3005  -000,3.304,0,0,0,0,0,0,0,1,0,0,0,1,0,Y
Motor Vehicle,DAC,72660378,20210819,1026,4,NULL,DIXIE                                   ,N ,AVE  ,US0031W ,US0031W ,047 US-31W     ,US0031W                                        ,N,37.74107,-85.89031,5,2021,O,047-US-0031W -000,20.417,0,0,0,0,0,0,1,0,0,0,0,0,0,Y
Motor Vehicle,DAC,72660399,20210818,1336,3,NULL,MULBERRY                                ,N ,ST   ,US0062  ,US0062  ,047 US-62      ,US0062                                         ,N,37.69807,-85.85563,5,2021,C,047-US-0062  -000,18.323,0,0,0,1,0,0,0,0,0,0,0,0,0,Y
Motor Vehicle,Non DAC,72660462,20210816,1640,1,NULL,LEITCHFIELD                             ,NULL,RD   ,US0062  ,US0062  ,047 US-62-10   ,US0062                                         ,N,37.67176,-85.91194,5,2021,O,047-US-0062  -000,14.578,0,0,0,0,0,0,0,0,0,0,1,0,0,N
Motor Vehicle,DAC,72660463,20210817,1840,2,NULL,DIXIE                                   ,N ,AVE  ,US0031W ,US0031W ,047 US-31W-10  ,US0031W                                        ,N,37.73393,-85.88706,1,2021,O,047-US-0031W -000,19.901,0,0,0,0,0,0,1,1,0,0,1,0,0,Y
Motor Vehicle,Non DAC,72660664,20210818,1857,3,NULL,LEITCHFIELD                             ,NULL,RD   ,US0062  ,US0062  ,047 US-62      ,US0062                                         ,N,37.67147,-85.91219,1,2021,O,047-US-0062  -000,14.574,0,1,1,0,0,0,0,0,0,0,1,0,0,N
Motor Vehicle,Non DAC,72660665,20210818,1628,3,NULL,MULBERRY                                ,S ,ST   ,US0062  ,US0062  ,047 US-62-10   ,US0062                                         ,N,37.68121,-85.87719,1,2021,A,047-US-0062  -000,16.644,0,1,0,0,0,0,0,1,0,0,1,0,0,Y
Motor Vehicle,Non DAC,72660985,20210813,1550,5,NULL,LEITCHFIELD                             ,NULL,RD   ,US0062  ,US0062  ,047 US-62-10   ,US0062                                         ,N,37.67496,-85.90389,1,2021,O,047-US-0062  -000,15.02,0,0,0,0,0,0,0,1,0,0,0,0,0,N