Mode,Crash In Disadvantaged Community,MasterFile,CollisionDate,CollisionTime,CollisionDayWeekCode,RoadwayName_HouseBusinessNumber_,RoadwayName_RoadwayName_,RoadwayName_Direction_,RoadwayName_RoadwaySuffix_,RoadwayfromReport,CurrentRoadwayNumber,RSEUniqueGIS,RoadwayIdentifier,ParkingLotIndicator,Latitude,Longitude,MannerofCollisionCode,YR,KABCO,KTC_RT,KTC_MP,Motorcyclist,Commercial Vehicle,Young Driver,Mature Driver,Pedestrian,Bicyclist,Distracted,Aggressive,Impaired,Unrestrained,Intersection,Roadway Departure,Median Cross-over,In City Limits?
Motor Vehicle,DAC,72661067,20210819,1852,4,NULL,DIXIE                                   ,N ,AVE  ,US0031W ,US0031W ,047 US-31W-10  ,US0031W                                        ,N,37.73401,-85.88709,5,2021,O,047-US-0031W -000,19.898,0,0,0,0,0,0,1,0,0,0,1,0,0,Y
Motor Vehicle,Non DAC,72661248,20210821,958,6,NULL,RING                                    ,NULL,RD   ,KY3005  ,KY3005  ,047 KY-3005    ,KY3005                                         ,N,37.72278,-85.89666,8,2021,O,047-KY-3005  -000,5.767,0,0,1,1,0,0,1,0,0,0,0,1,0,Y
Motor Vehicle,Non DAC,72661324,20210821,1200,6,NULL,LINCOLN                                 ,NULL,PKWY ,KY0061  ,KY0061  ,047 KY-61      ,KY0061                                         ,N,37.66556,-85.83975,4,2021,O,047-KY-0061  -000,4.816,0,0,0,0,0,0,0,1,0,0,1,0,0,Y
Motor Vehicle,DAC,72661404,20210820,1303,5,NULL,DIXIE                                   ,N ,HWY  ,US0031W ,US0031W ,047 US-31W     ,US0031W                                        ,N,37.76016,-85.89907,1,2021,O,047-US-0031W -000,21.837,0,0,0,0,0,0,1,0,0,0,1,0,0,Y
Motor Vehicle,DAC,72661526,20210814,950,6,NULL,31W                                     ,NULL,BYP  ,US0031WB,US0031WB,047 US-31WB-10 ,US0031WB                                       ,N,37.69193,-85.87197,1,2021,O,047-US-0031WB-000,1.361,0,1,0,0,0,0,0,1,0,0,1,0,0,Y
Motor Vehicle,DAC,72661527,20210821,1421,6,NULL,DIXIE                                   ,N ,AVE  ,US0031W ,US0031W ,047 US-31W-10  ,US0031W                                        ,N,37.73266,-85.88643,5,2021,O,047-US-0031W -000,19.795,0,0,0,0,0,0,1,0,0,0,1,0,0,Y
Motor Vehicle,DAC,72661574,20210707,1248,3,NULL,RING                                    ,NULL,RD   ,KY3005  ,KY3005  ,047 KY-3005    ,KY3005                                         ,N,37.70947,-85.83862,5,2021,O,047-KY-3005  -000,10.557,0,0,0,1,0,0,1,0,0,0,0,0,0,Y
Motor Vehicle,DAC,72661897,20210803,1139,2,NULL,MULBERRY                                ,N ,ST   ,US0062  ,US0062  ,047 US-62      ,US0062                                         ,N,37.69598,-85.85746,5,2021,O,047-US-0062  -000,18.146,0,0,0,0,0,0,0,1,0,0,0,0,0,Y
Motor Vehicle,DAC,72661898,20210803,1437,2,NULL,RING                                    ,NULL,RD   ,KY3005  ,KY3005  ,047 KY-3005    ,KY3005                                         ,N,37.71506,-85.84032,5,2021,O,047-KY-3005  -000,10.154,0,0,0,1,0,0,1,0,0,0,0,0,0,Y
Motor Vehicle,DAC,72662088,20210823,1105,1,NULL,WESTPORT                                ,NULL,RD   ,NULL,NULL,047 CS-1573    ,CS1573                                         ,N,37.70818,-85.88485,1,2021,O,047-CS-1573  -000,1.113,0,0,0,0,0,0,1,0,0,0,1,0,0,Y
Motor Vehicle,DAC,72662172,20210823,1519,1,NULL,PEAR ORCHARD                            ,NULL,RD   ,NULL,NULL,047 CS-1327    ,CS1327                                         ,N,37.72529,-85.8597,5,2021,O,047-CS-1327  -000,1.035,0,0,0,0,0,0,1,0,0,0,1,0,0,Y
Motor Vehicle,DAC,72662173,20210823,1555,1,NULL,DIXIE                                   ,N ,AVE  ,US0031W ,US0031W ,047 US-31W-10  ,US0031W                                        ,N,37.7411,-85.89058,1,2021,O,047-US-0031W -000,20.434,0,0,0,1,0,0,1,0,0,0,1,0,0,Y
Motor Vehicle,DAC,72662272,20210813,1840,5,913,DIXIE                                   ,N ,AVE  ,US0031W ,US0031W ,047 US-31W-10  ,US0031W                                        ,N,37.70933,-85.87468,8,2021,O,047-US-0031W -000,18.08,0,0,0,0,0,0,1,0,0,0,0,1,0,Y
Motor Vehicle,Non DAC,72662755,20210818,739,3,NULL,BLACK BRANCH                            ,N ,RD   ,NULL,NULL,047 CS-1551    ,CS1551                                         ,N,37.67605,-85.92009,9,2021,O,047-CS-1551  -000,1.061,0,0,0,0,0,0,0,0,0,0,0,1,0,Y
Motor Vehicle,DAC,72662757,20210818,1714,3,NULL,31W                                     ,NULL,BYP  ,US0031WB,US0031WB,047 US-31WB-10 ,US0031WB                                       ,N,37.70287,-85.8836,5,2021,O,047-US-0031WB-000,2.372,0,0,0,0,0,0,1,0,0,0,0,0,0,Y
Motor Vehicle,Non DAC,72662929,20210824,1846,2,NULL,TOWNE                                   ,NULL,DR   ,NULL,NULL,047 CS-1448    ,CS1448                                         ,N,37.7327,-85.8911,1,2021,O,047-CS-1448  -000,0.247,0,0,1,0,0,0,0,1,0,0,0,0,0,Y
Motor Vehicle,DAC,72663002,20210824,1650,2,NULL,DIXIE                                   ,N ,AVE  ,US0031W ,US0031W ,047 US-31W     ,US0031W                                        ,N,37.73134,-85.88543,8,2021,O,047-US-0031W -000,19.698,0,1,0,1,0,0,1,0,0,0,1,0,0,Y
Motor Vehicle,Non DAC,72663796,20210826,959,4,NULL,DIXIE                                   ,N ,HWY  ,US0031W ,US0031W ,047 US-31W-10  ,US0031W                                        ,N,37.75063,-85.89497,1,2021,O,047-US-0031W -000,21.143,0,0,0,0,0,0,1,0,0,0,1,0,0,Y
Motor Vehicle,Non DAC,72664133,20210827,1112,5,NULL,RING                                    ,NULL,RD   ,KY3005  ,KY3005  ,047 KY-3005-10 ,KY3005                                         ,N,37.67209,-85.91234,8,2021,O,047-KY-3005  -000,1.951,0,0,0,0,0,0,1,0,0,0,0,1,0,Y
Motor Vehicle,DAC,72664138,20210827,2241,5,NULL,DIXIE                                   ,N ,AVE  ,US0031W ,US0031W ,047 US-31W     ,US0031W                                        ,N,37.72792,-85.88381,5,2021,B,047-US-0031W -000,19.451,0,0,1,0,0,0,1,0,1,0,0,0,0,Y
Motor Vehicle,DAC,72664199,20210828,1942,6,NULL,WALNUT                                  ,NULL,ST   ,NULL,NULL,047 CS-1560    ,CS1560                                         ,N,37.69624,-85.85039,1,2021,O,047-CS-1560  -000,0.066,0,0,1,0,0,0,1,1,0,0,1,0,0,Y
Motor Vehicle,Non DAC,72664454,20210816,807,1,NULL,MULBERRY                                ,N ,ST   ,US0062  ,US0062  ,047 US-62      ,US0062                                         ,N,37.71435,-85.82803,1,2021,O,047-US-0062  -000,20.197,0,0,0,1,0,0,1,1,0,0,1,0,0,Y
Motor Vehicle,Non DAC,72664455,20210827,1443,5,NULL,PINE VALLEY                             ,NULL,DR   ,NULL,NULL,047 CS-1533    ,CS1533                                         ,N,37.75768,-85.88059,7,2021,O,047-CS-1533  -000,0.919,0,0,0,1,0,0,0,0,0,0,1,0,0,Y
Motor Vehicle,Non DAC,72664456,20210829,1059,0,NULL,HODGENVILLE                             ,NULL,RD   ,KY0210  ,KY0210  ,047 KY-210     ,KY0210                                         ,N,37.66786,-85.83962,4,2021,O,047-KY-0210  -000,0.528,0,0,0,0,0,0,0,1,0,0,0,0,0,Y
Motor Vehicle,Non DAC,72664462,20210828,1526,6,907,ST JOHN                                 ,NULL,RD   ,KY1357  ,KY1357  ,047 KY-1357    ,KY1357                                         ,N,37.69671,-85.89142,9,2021,O,047-KY-1357  -000,15.744,0,0,0,0,0,0,0,0,0,0,0,1,0,Y
Motor Vehicle,DAC,72664537,20210828,1544,6,NULL,DIECKS                                  ,NULL,DR   ,NULL,NULL,047 CS-1061    ,CS1061                                         ,N,37.70926,-85.872,1,2021,O,047-CS-1061  -000,0.117,0,0,0,1,0,0,1,0,0,0,0,0,0,Y
Motor Vehicle,DAC,72664579,20210828,2130,6,NULL,DIXIE                                   ,N ,AVE  ,US0031W ,US0031W ,047 US-31W-10  ,US0031W                                        ,N,37.7312,-85.8857,1,2021,O,047-US-0031W -000,19.702,0,0,1,0,0,0,0,1,0,0,1,0,0,Y
Motor Vehicle,Non DAC,72664585,20210826,430,4,NULL,WESTERN                                 ,NULL,ST   ,NULL,NULL,047 CR-1234C   ,CR1234C                                        ,N,37.67865,-85.90228,1,2021,O,047-CR-1234C -000,0.058,0,0,0,0,0,0,1,0,0,0,0,0,0,Y
Motor Vehicle,Non DAC,72665359,20210831,1100,2,NULL,RING                                    ,NULL,RD   ,KY3005  ,KY3005  ,047 KY-3005-10 ,KY3005                                         ,N,37.71731,-85.90352,8,2021,O,047-KY-3005  -000,5.258,0,1,0,0,0,0,0,0,0,0,1,0,0,Y
Motor Vehicle,DAC,72665453,20210831,1517,2,NULL,DIXIE                                   ,E ,AVE  ,US0031W ,US0031W ,047 US-31W     ,US0031W                                        ,N,37.6837,-85.85058,1,2021,O,047-US-0031W -000,15.801,0,0,0,1,0,0,0,1,0,0,0,0,0,Y
Motor Vehicle,DAC,72665479,20210831,2007,2,NULL,WALMART                                 ,NULL,LN   ,NULL,NULL,047 PR-1004    ,PR1004                                         ,N,37.73033,-85.88306,7,2021,O,047-PR-1004  -000,0.119,0,0,0,1,0,0,0,1,0,0,0,1,0,Y
Motor Vehicle,DAC,72665956,20210901,1615,3,NULL,MALL PARK ACCESS ROAD                   ,NULL,NULL,NULL,NULL,NULL,NULL,N,37.73783,-85.88924,1,2021,O,047-US-0031W -000,20.216,0,0,0,0,0,0,1,1,0,0,0,0,0,Y
Motor Vehicle,DAC,72666007,20210831,1023,2,NULL,PATRIOT                                 ,NULL,PKWY ,KY0361  ,KY0361  ,047 KY-361-10  ,KY0361                                         ,N,37.71072,-85.88813,1,2021,O,047-KY-0361  -000,0.87,0,0,0,1,0,0,1,0,0,0,1,0,0,Y
Motor Vehicle,DAC,72666319,20210831,1540,2,NULL,MILES                                   ,N ,ST   ,KY0251  ,KY0251  ,047 KY-251     ,KY0251                                         ,N,37.69709,-85.86194,1,2021,O,047-KY-0251  -000,0.09,0,0,1,0,0,0,1,1,0,0,1,0,0,Y
Motor Vehicle,DAC,72666320,20210901,1713,3,NULL,ST JOHN                                 ,NULL,RD   ,KY1357  ,KY1357  ,047 KY-1357-10 ,KY1357                                         ,N,37.70051,-85.88188,5,2021,O,047-KY-1357  -000,16.308,0,0,0,0,0,0,1,0,0,0,1,0,0,Y
Motor Vehicle,Non DAC,72666382,20210902,1656,4,NULL,PATRIOT                                 ,NULL,PKWY ,KY0361  ,KY0361  ,047 KY-361     ,KY0361                                         ,N,37.71831,-85.90477,8,2021,O,047-KY-0361  -000,1.927,0,0,0,0,0,0,0,0,0,0,0,1,0,Y
Motor Vehicle,DAC,72666390,20210831,2052,2,NULL,DIXIE                                   ,E ,AVE  ,US0031W ,US0031W ,047 US-31W     ,US0031W                                        ,N,37.67349,-85.84578,4,2021,B,047-US-0031W -000,15.048,0,0,0,0,0,0,1,0,0,0,1,0,0,Y
Motor Vehicle,DAC,72666400,20210831,1546,2,NULL,DIXIE                                   ,W ,AVE  ,US0031W ,US0031W ,047 US-31W     ,US0031W                                        ,N,37.70051,-85.86703,5,2021,O,047-US-0031W -000,17.328,0,0,0,0,0,0,0,0,0,0,0,0,0,Y
Motor Vehicle,Non DAC,72666865,20210904,923,6,NULL,PETERSON                                ,NULL,DR   ,NULL,NULL,047 CS-1251    ,CS1251                                         ,N,37.67915,-85.8893,5,2021,O,047-CS-1251  -000,1.561,0,0,0,0,0,0,1,0,0,0,0,0,0,Y
Motor Vehicle,DAC,72666937,20210904,851,6,NULL,DIXIE                                   ,W ,AVE  ,US0031W ,US0031W ,047 US-31W     ,US0031W                                        ,N,37.70086,-85.86759,1,2021,C,047-US-0031W -000,17.372,0,0,0,0,0,0,0,1,0,0,1,0,0,Y
Motor Vehicle,DAC,72666938,20210904,1251,6,NULL,DIXIE                                   ,N ,AVE  ,US0031W ,US0031W ,047 US-31W     ,US0031W                                        ,N,37.71792,-85.87896,1,2021,O,047-US-0031W -000,18.726,0,0,0,1,0,0,0,0,0,0,1,0,0,Y
Motor Vehicle,DAC,72666947,20210904,1148,6,NULL,DIXIE                                   ,W ,AVE  ,US0031W ,US0031W ,047 US-31W     ,US0031W                                        ,N,37.70089,-85.86761,1,2021,O,047-US-0031W -000,17.374,0,0,0,0,0,0,0,1,0,0,1,0,0,Y
Motor Vehicle,DAC,72666995,20210903,1212,5,NULL,DIXIE                                   ,E ,AVE  ,US0031W ,US0031W ,047 US-31W     ,US0031W                                        ,N,37.68331,-85.85034,1,2021,O,047-US-0031W -000,15.769,0,0,0,0,0,0,1,1,0,0,1,0,0,Y
Motor Vehicle,DAC,72667472,20210831,1320,2,304,MAIN                                    ,N ,ST   ,NULL,NULL,047 CS-1320    ,CS1320                                         ,N,37.69586,-85.8554,8,2021,O,047-CS-1320  -000,0.226,0,0,0,0,0,0,1,0,0,0,0,0,0,Y
Motor Vehicle,DAC,72667474,20210901,1309,3,1705,DIXIE                                   ,N ,AVE  ,US0031W ,US0031W ,047 US-31W     ,US0031W                                        ,N,37.73452,-85.88705,5,2021,O,047-US-0031W -000,19.964,0,0,0,0,0,0,1,0,0,0,0,0,0,Y
Motor Vehicle,Non DAC,72667484,20210906,1335,1,NULL,LINCOLN                                 ,NULL,PKWY ,KY0061  ,KY0061  ,047 KY-61      ,KY0061                                         ,N,37.66981,-85.84595,5,2021,O,047-KY-0061  -000,5.28,0,0,1,0,0,0,0,1,0,0,0,0,0,Y
Motor Vehicle,DAC,72667680,20210904,1749,6,NULL,CRIMSON CREEK                           ,NULL,DR   ,NULL,NULL,047 CS-1402    ,CS1402                                         ,N,37.72027,-85.83405,2,2021,O,047-CS-1402  -000,0.04,0,0,0,0,0,0,1,0,0,0,1,0,0,Y
Motor Vehicle,DAC,72667981,20210903,1629,5,NULL,DIXIE                                   ,N ,AVE  ,US0031W ,US0031W ,047 US-31W-10  ,US0031W                                        ,N,37.73409,-85.88712,5,2021,O,047-US-0031W -000,19.894,0,0,0,0,0,0,1,1,0,0,1,0,0,Y
Motor Vehicle,Non DAC,72667982,20210907,1646,2,NULL,PATRIOT                                 ,NULL,PKWY ,KY0361  ,KY0361  ,047 KY-361     ,KY0361                                         ,N,37.72215,-85.91045,5,2021,B,047-KY-0361  -000,2.337,0,0,0,0,0,0,1,1,0,0,1,0,0,Y
Motor Vehicle,DAC,72668362,20210904,1015,6,NULL,KMART CENTER                            ,NULL,DR   ,NULL,NULL,047 PR-1003    ,PR1003                                         ,N,37.73415,-85.88686,9,2021,O,047-PR-1003  -000,0.002,0,0,0,0,0,0,0,0,0,0,1,0,0,Y
Motor Vehicle,Non DAC,72668363,20210907,1054,2,NULL,MULBERRY                                ,N ,ST   ,US0062  ,US0062  ,047 US-62      ,US0062                                         ,N,37.71436,-85.82803,1,2021,O,047-US-0062  -000,20.197,0,0,0,1,0,0,1,0,0,0,1,0,0,Y
Motor Vehicle,DAC,72668364,20210907,1432,2,NULL,MAIN                                    ,N ,ST   ,NULL,NULL,047 CS-1320    ,CS1320                                         ,N,37.69436,-85.85684,5,2021,O,047-CS-1320  -000,0.096,0,0,0,0,0,0,0,1,0,0,0,0,0,Y
Motor Vehicle,DAC,72668767,20210909,1406,4,NULL,BISHOP                                  ,NULL,LN   ,NULL,NULL,047 CS-1033    ,CS1033                                         ,N,37.68619,-85.85237,2,2021,O,047-CS-1033  -000,0.038,0,0,0,0,0,0,0,0,0,0,0,0,0,Y
Motor Vehicle,DAC,72668803,20210909,1437,4,NULL,DIXIE                                   ,N ,AVE  ,US0031W ,US0031W ,047 US-31W-10  ,US0031W                                        ,N,37.72362,-85.88201,9,2021,O,047-US-0031W -000,19.142,0,0,0,0,0,0,1,0,0,0,0,1,0,Y
Motor Vehicle,Non DAC,72668891,20210908,1953,3,NULL,DIXIE                                   ,N ,AVE  ,US0031W ,US0031W ,047 US-31W     ,US0031W                                        ,N,37.74552,-85.89235,1,2021,O,047-US-0031W -000,20.749,0,0,1,0,0,0,1,0,0,0,0,0,0,Y
Motor Vehicle,DAC,72668955,20210906,1404,1,NULL,RING                                    ,NULL,RD   ,KY3005  ,KY3005  ,NULL,NULL,N,37.72834,-85.88387,5,2021,O,047-KY-3005  -000,6.557,0,0,0,0,0,0,1,0,0,0,0,0,0,Y
Motor Vehicle,DAC,72668961,20210909,1550,4,NULL,RING                                    ,NULL,RD   ,KY3005  ,KY3005  ,NULL,NULL,N,37.73211,-85.84395,4,2021,O,047-KY-3005  -000,8.852,0,0,1,1,0,0,0,1,0,0,1,0,0,Y
Motor Vehicle,DAC,72669606,20210911,1220,6,NULL,MULBERRY                                ,S ,ST   ,US0062  ,US0062  ,047 US-62-10   ,US0062                                         ,N,37.68594,-85.87126,9,2021,O,047-US-0062  -000,17.109,0,0,0,0,0,0,1,0,1,0,0,1,0,Y
Motor Vehicle,DAC,72669640,20210910,710,5,NULL,US31W BYP N TURN LANE FROM  COLLEGE ST W,NULL,NULL,US0031WB,US0031WB,047 US-31WB-27 ,US0031WB                                       ,N,37.69227,-85.87208,5,2021,O,047-US-0031WB-027,0.026,0,0,0,1,0,0,1,0,0,1,0,0,0,Y
Motor Vehicle,DAC,72669731,20210911,1751,6,NULL,MILES                                   ,N ,ST   ,KY0251  ,KY0251  ,NULL,NULL,N,37.70551,-85.85543,1,2021,O,047-KY-0251  -000,0.762,0,0,1,0,0,0,1,1,0,0,1,0,0,Y
Motor Vehicle,DAC,72669783,20210910,2215,5,NULL,DIXIE                                   ,N ,AVE  ,US0031W ,US0031W ,047 US-31W     ,US0031W                                        ,N,37.73125,-85.88546,1,2021,O,047-US-0031W -000,19.704,0,0,1,0,0,0,0,1,0,0,1,0,0,Y
Motor Vehicle,DAC,72669974,20210913,949,1,NULL,31W                                     ,NULL,BYP  ,US0031WB,US0031WB,047 US-31WB-10 ,US0031WB                                       ,N,37.71644,-85.8848,5,2021,O,047-US-0031WB-000,3.419,0,0,0,1,0,0,0,1,0,0,0,0,0,Y
Motor Vehicle,DAC,72670026,20210907,1653,2,NULL,DIXIE                                   ,E ,AVE  ,US0031W ,US0031W ,047 US-31W     ,US0031W                                        ,N,37.68378,-85.85067,1,2021,O,047-US-0031W -000,15.808,0,0,0,0,0,0,1,1,0,0,0,0,0,Y
Motor Vehicle,DAC,72670395,20210908,1717,3,NULL,ST JOHN                                 ,NULL,RD   ,KY1357  ,KY1357  ,047 KY-1357    ,KY1357                                         ,N,37.70071,-85.88061,1,2021,O,047-KY-1357  -000,16.403,0,0,0,0,0,0,1,1,0,0,0,0,0,Y
Motor Vehicle,Non DAC,72670396,20210907,1603,2,NULL,TOWNE                                   ,NULL,DR   ,NULL,NULL,047 CS-1448    ,CS1448                                         ,N,37.73356,-85.88827,1,2021,O,047-CS-1448  -000,0.086,0,0,0,0,0,0,1,0,0,0,0,0,0,Y
Motor Vehicle,DAC,72670407,20210913,1507,1,NULL,PUBLIC                                  ,NULL,SQ   ,US0031W ,US0031W ,047 US-31W-1   ,US0031W                                        ,N,37.69307,-85.85836,8,2021,O,047-US-0031W -001,16.635,0,0,0,1,0,0,1,0,0,0,0,1,0,Y
Motor Vehicle,DAC,72670422,20210914,750,2,NULL,BALMORAL                                ,NULL,RD   ,NULL,NULL,047 CS-1066    ,CS1066                                         ,N,37.70667,-85.86014,3,2021,O,047-CS-1066  -000,0,0,0,0,0,0,0,0,0,0,0,1,0,0,Y
Motor Vehicle,Non DAC,72670434,20210907,552,2,NULL,SPORTSMAN LAKE                          ,NULL,RD   ,NULL,NULL,047 CS-1520    ,CS1520                                         ,N,37.66565,-85.83964,5,2021,O,047-CS-1520  -000,0.751,0,0,0,0,0,0,1,0,0,0,1,0,0,Y
Motor Vehicle,DAC,72670435,20210907,1400,2,NULL,PUBLIC                                  ,NULL,SQ   ,US0031W ,US0031W ,047 US-31W     ,US0031W                                        ,N,37.69331,-85.85793,1,2021,O,047-US-0031W -000,16.622,0,0,0,0,0,0,1,0,0,0,1,0,0,Y
Motor Vehicle,DAC,72670436,20210911,921,6,NULL,MULBERRY                                ,S ,ST   ,US0062  ,US0062  ,047 US-62-10   ,US0062                                         ,N,37.68775,-85.86864,1,2021,C,047-US-0062  -000,17.274,0,0,0,0,0,0,1,0,0,0,0,0,0,Y
Motor Vehicle,DAC,72670437,20210911,1220,6,NULL,DIXIE                                   ,N ,HWY  ,US0031W ,US0031W ,047 US-31W     ,US0031W                                        ,N,37.75957,-85.89879,5,2021,B,047-US-0031W -000,21.795,0,0,0,0,0,0,0,0,0,0,0,0,0,Y
Motor Vehicle,Non DAC,72670846,20210915,855,3,NULL,VETERANS                                ,NULL,WAY  ,NULL,NULL,047 CS-1683    ,CS1683                                         ,N,37.72596,-85.89186,5,2021,O,047-CS-1683  -000,0.049,0,0,1,1,0,0,1,0,0,0,0,0,0,Y
Motor Vehicle,DAC,72670847,20210915,1022,3,NULL,DIXIE                                   ,N ,AVE  ,US0031W ,US0031W ,047 US-31W     ,US0031W                                        ,N,37.72805,-85.88383,1,2021,O,047-US-0031W -000,19.459,0,0,0,0,0,0,1,0,0,0,0,0,0,Y
Motor Vehicle,DAC,72670866,20210915,758,3,NULL,MAIN                                    ,S ,ST   ,NULL,NULL,047 CS-1321    ,CS1321                                         ,N,37.69198,-85.85898,1,2021,O,047-CS-1321  -000,0.126,0,0,0,0,0,0,0,1,0,0,1,0,0,Y
Motor Vehicle,DAC,72671074,20210914,1816,2,114,HILL                                    ,NULL,ST   ,NULL,NULL,047 CS-1253    ,CS1253                                         ,N,37.71081,-85.88091,8,2021,O,047-CS-1253  -000,0.104,0,0,0,0,0,0,1,0,0,0,0,0,0,Y
Motor Vehicle,Non DAC,72671130,20210909,1609,4,NULL,RING                                    ,NULL,RD   ,KY3005  ,KY3005  ,047 KY-3005    ,KY3005                                         ,N,37.71698,-85.90369,5,2021,O,047-KY-3005  -000,5.274,0,0,0,0,0,0,1,0,0,0,1,0,0,Y
Motor Vehicle,Non DAC,72671131,20210914,1532,2,NULL,UNIVERSITY                              ,NULL,DR   ,NULL,NULL,047 CS-1133-30 ,CS1133                                         ,N,37.69956,-85.88359,2,2021,O,047-CS-1133  -030,0.007,0,0,1,0,0,0,1,0,0,0,1,0,0,Y
Motor Vehicle,DAC,72671351,20210909,1135,4,NULL,CARDINAL                                ,NULL,DR   ,KY0361  ,KY0361  ,047 KY-361     ,KY0361                                         ,N,37.70852,-85.87567,1,2021,O,047-KY-0361  -000,0.16,0,0,0,0,0,0,0,1,0,0,0,0,0,Y
Motor Vehicle,DAC,72671352,20210910,1358,5,NULL,WALMART                                 ,NULL,EXT  ,NULL,NULL,047 PR-1005    ,PR1005                                         ,N,37.73048,-85.88405,1,2021,O,047-PR-1005  -000,0.046,0,0,1,0,0,0,0,1,0,0,0,0,0,Y
Motor Vehicle,Non DAC,72671550,20210914,1523,2,NULL,PATRIOT                                 ,NULL,PKWY ,KY0361  ,KY0361  ,047 KY-361-10  ,KY0361                                         ,N,37.71122,-85.88981,5,2021,O,047-KY-0361  -000,0.971,0,0,0,0,0,0,1,0,0,0,0,0,0,Y
Motor Vehicle,DAC,72671574,20210912,1533,0,NULL,VAUGHN                                  ,NULL,LN   ,NULL,NULL,047 CS-1494    ,CS1494                                         ,N,37.68432,-85.85735,8,2021,O,047-CS-1494  -000,0.179,0,0,0,0,0,0,0,0,0,0,1,0,0,Y
Motor Vehicle,Non DAC,72671737,20210917,1240,5,NULL,RING                                    ,NULL,RD   ,KY3005  ,KY3005  ,047 KY-3005    ,KY3005                                         ,N,37.70227,-85.90748,8,2021,O,047-KY-3005  -000,4.138,0,0,1,0,0,0,1,0,0,0,0,1,0,Y
Motor Vehicle,DAC,72672075,20210917,1337,5,NULL,DIXIE                                   ,N ,AVE  ,US0031W ,US0031W ,NULL,NULL,N,37.72779,-85.88363,5,2021,O,047-US-0031W -000,19.439,0,0,0,1,0,0,0,0,0,0,0,0,0,Y
Motor Vehicle,DAC,72672076,20210917,1130,5,NULL,DIECKS                                  ,NULL,DR   ,NULL,NULL,047 CS-1061    ,CS1061                                         ,N,37.70923,-85.87322,8,2021,O,047-CS-1061  -000,0.051,0,0,0,0,0,0,0,0,0,0,0,1,0,Y
Motor Vehicle,DAC,72672263,20210918,1710,6,NULL,MULBERRY                                ,N ,ST   ,US0062  ,US0062  ,047 US-62      ,US0062                                         ,N,37.71246,-85.83205,8,2021,O,047-US-0062  -000,19.966,0,0,0,1,0,0,1,0,0,0,0,1,0,Y
Motor Vehicle,DAC,72672408,20210919,950,0,NULL,DIXIE                                   ,N ,AVE  ,US0031W ,US0031W ,047 US-31W-10  ,US0031W                                        ,N,37.72626,-85.88331,1,2021,O,047-US-0031W -000,19.334,0,0,0,1,0,0,0,1,0,0,0,0,0,Y
Motor Vehicle,DAC,72672484,20210918,618,6,NULL,DIXIE                                   ,N ,AVE  ,US0031W ,US0031W ,047 US-31W-10  ,US0031W                                        ,N,37.73421,-85.88686,1,2021,O,047-US-0031W -000,19.888,0,0,0,0,0,0,0,1,0,0,1,0,0,Y
Motor Vehicle,DAC,72672485,20210919,1137,0,NULL,DIXIE                                   ,W ,AVE  ,US0031W ,US0031W ,047 US-31W     ,US0031W                                        ,N,37.697,-85.86414,5,2021,O,047-US-0031W -000,17.004,0,0,0,0,0,0,1,0,0,0,0,0,0,Y
Motor Vehicle,DAC,72672698,20210917,1843,5,NULL,MULBERRY                                ,N ,ST   ,US0062  ,US0062  ,047 US-62      ,US0062                                         ,N,37.69499,-85.85842,1,2021,O,047-US-0062  -000,18.059,0,0,0,0,0,0,0,1,0,0,1,0,0,Y
Motor Vehicle,DAC,72672702,20210918,313,6,NULL,DIXIE                                   ,N ,AVE  ,US0031W ,US0031W ,047 US-31W-10  ,US0031W                                        ,N,37.72815,-85.88416,1,2021,O,047-US-0031W -000,19.477,0,0,1,0,0,0,0,1,0,0,1,0,0,Y