Mode,Crash In Disadvantaged Community,MasterFile,CollisionDate,CollisionTime,CollisionDayWeekCode,RoadwayName_HouseBusinessNumber_,RoadwayName_RoadwayName_,RoadwayName_Direction_,RoadwayName_RoadwaySuffix_,RoadwayfromReport,CurrentRoadwayNumber,RSEUniqueGIS,RoadwayIdentifier,ParkingLotIndicator,Latitude,Longitude,MannerofCollisionCode,YR,KABCO,KTC_RT,KTC_MP,Motorcyclist,Commercial Vehicle,Young Driver,Mature Driver,Pedestrian,Bicyclist,Distracted,Aggressive,Impaired,Unrestrained,Intersection,Roadway Departure,Median Cross-over,In City Limits?
Motor Vehicle,DAC,72672877,20210915,1836,3,NULL,DIXIE                                   ,N ,AVE  ,US0031W ,US0031W ,047 US-31W-10  ,US0031W                                        ,N,37.73283,-85.8865,8,2021,O,047-US-0031W -000,19.826,0,0,0,1,0,0,0,0,0,0,0,1,0,Y
Motor Vehicle,DAC,72672930,20210916,824,4,242,HELM                                    ,NULL,ST   ,NULL,NULL,047 CS-1127    ,CS1127                                         ,N,37.69446,-85.8638,7,2021,O,047-CS-1127  -000,0.364,0,0,1,0,0,0,0,0,0,0,0,0,0,Y
Motor Vehicle,DAC,72672951,20210920,1448,1,NULL,DIXIE                                   ,N ,AVE  ,US0031W ,US0031W ,047 US-31W     ,US0031W                                        ,N,37.71794,-85.87891,1,2021,O,047-US-0031W -000,18.723,0,0,0,0,0,0,0,1,0,0,1,0,0,Y
Motor Vehicle,DAC,72673072,20210916,2111,4,NULL,STRAWBERRY                              ,NULL,ALY  ,NULL,NULL,047 CS-1060    ,CS1060                                         ,N,37.69502,-85.8629,3,2021,O,047-CS-1060  -000,0.4,0,0,0,1,0,0,1,0,0,0,1,0,0,Y
Motor Vehicle,Non DAC,72673293,20210921,759,2,NULL,TIMBER                                  ,NULL,LN   ,NULL,NULL,047 CS-1199    ,CS1199                                         ,N,37.71242,-85.89568,5,2021,O,047-CS-1199  -000,0.087,0,0,1,1,0,0,0,1,0,0,0,0,0,Y
Motor Vehicle,DAC,72673365,20210921,756,2,NULL,MILES                                   ,N ,ST   ,KY0251  ,KY0251  ,047 KY-251     ,KY0251                                         ,N,37.69925,-85.85997,1,2021,O,047-KY-0251  -000,0.278,0,0,0,0,0,0,1,0,0,0,1,0,0,Y
Motor Vehicle,DAC,72673408,20210920,1620,1,NULL,MILES                                   ,N ,ST   ,KY0251  ,KY0251  ,047 KY-251     ,KY0251                                         ,N,37.70553,-85.85548,1,2021,B,047-KY-0251  -000,0.765,0,0,0,1,0,0,1,1,0,0,1,0,0,Y
Motor Vehicle,DAC,72674025,20210920,1511,1,NULL,DIXIE                                   ,N ,AVE  ,US0031W ,US0031W ,047 US-31W     ,US0031W                                        ,N,37.71552,-85.8776,5,2021,O,047-US-0031W -000,18.538,0,0,0,1,0,0,1,0,0,0,0,0,0,Y
Motor Vehicle,Non DAC,72674057,20210922,1710,3,NULL,ST JOHN                                 ,NULL,RD   ,KY1357  ,KY1357  ,047 KY-1357    ,KY1357                                         ,N,37.69997,-85.88251,5,2021,O,047-KY-1357  -000,16.288,0,0,0,0,0,0,1,0,0,0,1,0,0,Y
Motor Vehicle,DAC,72674087,20210922,1820,3,NULL,DIXIE                                   ,E ,AVE  ,US0031W ,US0031W ,047 US-31W     ,US0031W                                        ,N,37.67391,-85.84579,1,2021,C,047-US-0031W -000,15.066,0,0,1,1,0,0,1,0,0,0,0,0,0,Y
Motor Vehicle,DAC,72674148,20210921,2353,2,NULL,I65 NORTHBOUND MM 96                    ,NULL,NULL,NULL,NULL,NULL,NULL,N,37.68908,-85.84332,5,2021,O,047-PS-1197  -000,0.318,0,0,0,1,0,0,0,0,0,0,0,0,0,Y
Motor Vehicle,DAC,72674178,20210918,1005,6,NULL,MULBERRY                                ,N ,ST   ,US0062  ,US0062  ,047 US-62      ,US0062                                         ,N,37.69501,-85.85841,7,2021,O,047-US-0062  -000,18.059,0,0,0,0,0,0,1,0,0,0,1,0,0,Y
Motor Vehicle,DAC,72674266,20210923,1129,4,NULL,DIXIE                                   ,N ,AVE  ,US0031W ,US0031W ,047 US-31W     ,US0031W                                        ,N,37.71841,-85.87909,8,2021,O,047-US-0031W -000,18.753,0,0,0,0,0,0,0,1,0,0,0,1,0,Y
Motor Vehicle,Non DAC,72674280,20210923,1038,4,NULL,BARDSTOWN                               ,NULL,RD   ,US0062  ,US0062  ,047 US-62      ,US0062                                         ,N,37.71654,-85.82332,1,2021,O,047-US-0062  -000,20.501,0,0,0,0,0,0,1,0,0,0,0,0,0,N
Motor Vehicle,DAC,72674323,20210923,1127,4,NULL,DIXIE                                   ,N ,AVE  ,US0031W ,US0031W ,047 US-31W-10  ,US0031W                                        ,N,37.71791,-85.87911,1,2021,C,047-US-0031W -000,18.719,0,0,0,1,0,0,0,0,0,0,1,0,0,Y
Motor Vehicle,DAC,72674462,20210916,1550,4,NULL,31W                                     ,NULL,BYP  ,US0031WB,US0031WB,047 US-31WB-10 ,US0031WB                                       ,N,37.70071,-85.88238,5,2021,O,047-US-0031WB-000,2.205,0,0,0,0,0,0,1,1,0,0,1,0,0,Y
Motor Vehicle,Non DAC,72674463,20210920,1500,1,NULL,RING                                    ,NULL,RD   ,KY3005  ,KY3005  ,047 KY-3005    ,KY3005                                         ,N,37.72412,-85.89434,5,2021,O,047-KY-3005  -000,5.925,0,0,0,0,0,0,1,0,0,0,1,0,0,Y
Motor Vehicle,Non DAC,72674464,20210920,1600,1,NULL,PATRIOT                                 ,NULL,PKWY ,KY0361  ,KY0361  ,047 KY-361-10  ,KY0361                                         ,N,37.71725,-85.90356,5,2021,O,047-KY-0361  -000,1.825,0,0,1,1,0,0,1,1,0,0,1,0,0,Y
Motor Vehicle,Non DAC,72674465,20210921,1540,2,NULL,RING                                    ,NULL,RD   ,KY3005  ,KY3005  ,047 KY-3005-10 ,KY3005                                         ,N,37.67267,-85.91271,3,2021,O,047-KY-3005  -000,1.997,0,0,1,0,0,0,1,1,0,0,1,0,0,Y
Motor Vehicle,Non DAC,72674482,20210923,1656,4,NULL,RING                                    ,NULL,RD   ,KY3005  ,KY3005  ,NULL,NULL,N,37.6983,-85.90918,5,2021,O,047-KY-3005  -000,3.848,0,0,0,0,0,0,0,0,0,0,0,0,0,Y
Motor Vehicle,DAC,72674487,20210921,133,2,NULL,MULBERRY                                ,N ,ST   ,US0062  ,US0062  ,047 US-62      ,US0062                                         ,N,37.70203,-85.8509,1,2021,O,047-US-0062  -000,18.706,0,0,1,0,0,0,1,0,0,0,1,0,0,Y
Motor Vehicle,DAC,72674488,20210922,1435,3,NULL,RING                                    ,NULL,RD   ,KY3005  ,KY3005  ,047 KY-3005    ,KY3005                                         ,N,37.7338,-85.86206,5,2021,O,047-KY-3005  -000,7.839,0,0,0,0,0,0,1,0,0,0,0,0,0,Y
Motor Vehicle,DAC,72674563,20210918,1648,6,NULL,MULBERRY                                ,S ,ST   ,US0062  ,US0062  ,047 US-62      ,US0062                                         ,N,37.69154,-85.86179,1,2021,B,047-US-0062  -000,17.756,0,0,0,0,0,0,1,1,0,0,1,0,0,Y
Motor Vehicle,Non DAC,72674575,20210923,1630,4,NULL,RING                                    ,NULL,RD   ,KY3005  ,KY3005  ,047 KY-3005-10 ,KY3005                                         ,N,37.72545,-85.89151,8,2021,O,047-KY-3005  -000,6.104,0,0,0,0,0,0,0,0,0,0,1,0,0,Y
Motor Vehicle,DAC,72674648,20210915,2221,3,NULL,BEECH                                   ,NULL,ST   ,NULL,NULL,047 CS-1030    ,CS1030                                         ,N,37.6998,-85.85467,1,2021,O,047-CS-1030  -000,0.104,0,0,0,0,0,0,0,0,0,0,0,0,0,Y
Motor Vehicle,DAC,72674832,20210924,1238,5,NULL,DIXIE                                   ,N ,AVE  ,US0031W ,US0031W ,NULL,NULL,N,37.72787,-85.88372,8,2021,O,047-US-0031W -000,19.446,0,0,0,0,0,0,1,0,0,0,0,1,0,Y
Motor Vehicle,Non DAC,72674912,20210924,1100,5,NULL,RING                                    ,NULL,RD   ,KY3005  ,KY3005  ,047 KY-3005-10 ,KY3005                                         ,N,37.72578,-85.89122,5,2021,O,047-KY-3005  -000,6.132,0,0,0,0,0,0,1,0,0,0,0,0,0,Y
Motor Vehicle,DAC,72675101,20210925,1004,6,NULL,MILES                                   ,N ,ST   ,KY0251  ,KY0251  ,047 KY-251     ,KY0251                                         ,N,37.69707,-85.86192,1,2021,O,047-KY-0251  -000,0.092,0,0,0,1,0,0,0,1,0,0,1,0,0,Y
Motor Vehicle,DAC,72675361,20210924,1131,5,NULL,DOLPHIN                                 ,NULL,DR   ,NULL,NULL,047 CS-1430    ,CS1430                                         ,N,37.71113,-85.83758,5,2021,O,047-CS-1430  -000,0.093,0,0,0,1,0,0,1,0,0,0,1,0,0,Y
Motor Vehicle,Non DAC,72675874,20210927,1355,1,NULL,PATRIOT                                 ,NULL,PKWY ,KY0361  ,KY0361  ,047 KY-361     ,KY0361                                         ,N,37.7174,-85.90343,1,2021,O,047-KY-0361  -000,1.831,0,0,0,1,0,0,1,0,0,0,0,0,0,Y
Motor Vehicle,DAC,72676854,20210928,1732,2,NULL,DIXIE                                   ,E ,AVE  ,US0031W ,US0031W ,047 US-31W     ,US0031W                                        ,N,37.68337,-85.85038,5,2021,O,047-US-0031W -000,15.774,0,0,0,0,0,0,1,0,0,0,0,0,0,Y
Motor Vehicle,DAC,72676860,20210928,1633,2,NULL,US31W BYP N TURN LANE FROM  COLLEGE ST W,NULL,NULL,US0031WB,US0031WB,NULL,NULL,N,37.69228,-85.87191,5,2021,O,047-US-0031WB-027,0.017,0,0,0,0,0,0,1,0,0,0,0,0,0,Y
Motor Vehicle,DAC,72676926,20210928,1625,2,NULL,MULBERRY                                ,N ,ST   ,US0062  ,US0062  ,047 US-62-10   ,US0062                                         ,N,37.70965,-85.83786,4,2021,O,047-US-0062  -000,19.59,0,0,0,0,0,0,1,0,0,0,0,0,0,Y
Motor Vehicle,DAC,72677031,20210913,914,1,NULL,DIECKS                                  ,NULL,DR   ,NULL,NULL,047 CS-1061    ,CS1061                                         ,N,37.70896,-85.87378,1,2021,O,047-CS-1061  -000,0.016,0,0,1,0,0,0,0,1,0,0,0,0,0,Y
Motor Vehicle,Non DAC,72677032,20210913,1359,1,NULL,RING                                    ,NULL,RD   ,KY3005  ,KY3005  ,047 KY-3005-10 ,KY3005                                         ,N,37.67392,-85.91338,8,2021,O,047-KY-3005  -000,2.09,0,0,0,0,0,0,0,1,0,0,0,1,0,Y
Motor Vehicle,Non DAC,72677045,20210930,839,4,NULL,RING                                    ,NULL,RD   ,KY3005  ,KY3005  ,047 KY-3005-10 ,KY3005                                         ,N,37.71754,-85.90326,5,2021,O,047-KY-3005  -000,5.261,0,0,1,0,0,0,1,0,0,0,0,0,0,Y
Motor Vehicle,Non DAC,72677120,20210930,1242,4,NULL,LEITCHFIELD                             ,NULL,RD   ,US0062  ,US0062  ,047 US-62      ,US0062                                         ,N,37.67765,-85.88694,8,2021,O,047-US-0062  -000,16.035,0,0,1,0,0,0,1,0,0,0,0,1,0,Y
Motor Vehicle,DAC,72677157,20210929,1502,3,NULL,DIXIE                                   ,N ,AVE  ,US0031W ,US0031W ,047 US-31W     ,US0031W                                        ,N,37.73299,-85.88632,5,2021,O,047-US-0031W -000,19.832,0,0,0,0,0,0,0,1,0,0,0,0,0,Y
Motor Vehicle,DAC,72677321,20210929,1626,3,NULL,MILES                                   ,N ,ST   ,KY0251  ,KY0251  ,047 KY-251     ,KY0251                                         ,N,37.69711,-85.86194,1,2021,O,047-KY-0251  -000,0.089,0,0,0,0,0,0,1,0,0,0,1,0,0,Y
Motor Vehicle,Non DAC,72677364,20210929,1634,3,NULL,TOWNE                                   ,NULL,DR   ,NULL,NULL,047 CS-1448    ,CS1448                                         ,N,37.73043,-85.89408,5,2021,O,047-CS-1448  -000,0.485,0,0,0,0,0,0,1,0,0,0,0,0,0,Y
Motor Vehicle,DAC,72677365,20210929,1828,3,NULL,DIXIE                                   ,N ,AVE  ,US0031W ,US0031W ,047 US-31W     ,US0031W                                        ,N,37.7283,-85.88399,8,2021,O,047-US-0031W -000,19.478,0,0,0,1,0,0,0,0,0,0,1,0,0,Y
Motor Vehicle,DAC,72677735,20210928,2057,2,NULL,DIXIE                                   ,N ,AVE  ,US0031W ,US0031W ,047 US-31W-10  ,US0031W                                        ,N,37.72152,-85.88097,1,2021,O,047-US-0031W -000,18.985,0,0,1,0,0,0,1,0,0,0,0,0,0,Y
Motor Vehicle,DAC,72677783,20211001,639,5,NULL,BUFFALO CREEK                           ,NULL,DR   ,NULL,NULL,NULL,NULL,N,37.71357,-85.83272,3,2021,O,047-CS-1431  -000,0.09,0,0,0,0,0,0,0,1,0,0,1,0,0,Y
Motor Vehicle,DAC,72677904,20210923,748,4,NULL,WILLIAMS                                ,W ,ST   ,NULL,NULL,047 CS-1579    ,CS1579                                         ,N,37.70042,-85.85348,1,2021,O,047-CS-1579  -000,0.175,0,0,0,0,0,0,1,0,0,0,1,0,0,Y
Motor Vehicle,Non DAC,72678230,20211001,1152,5,NULL,LINCOLN                                 ,NULL,PKWY ,KY0061  ,KY0061  ,047 KY-61      ,KY0061                                         ,N,37.66653,-85.84034,5,2021,O,047-KY-0061  -000,4.894,0,0,1,0,0,0,1,0,0,0,0,0,0,Y
Motor Vehicle,DAC,72678232,20211002,1222,6,NULL,US31W BYP N TURN LANE FROM  COLLEGE ST W,NULL,NULL,US0031WB,US0031WB,047 US-31WB-27 ,US0031WB                                       ,N,37.69227,-85.87207,5,2021,O,047-US-0031WB-027,0.025,0,0,0,0,0,0,1,0,0,0,0,0,0,Y
Motor Vehicle,Non DAC,72678240,20210929,1508,3,NULL,RING                                    ,NULL,RD   ,KY3005  ,KY3005  ,047 KY-3005    ,KY3005                                         ,N,37.7144,-85.90616,8,2021,O,047-KY-3005  -000,4.989,0,0,0,1,0,0,0,0,0,0,0,1,0,Y
Motor Vehicle,DAC,72678247,20211001,1204,5,NULL,MULBERRY                                ,N ,ST   ,US0062  ,US0062  ,047 US-62      ,US0062                                         ,N,37.7117,-85.83333,5,2021,B,047-US-0062  -000,19.871,0,0,0,0,0,0,0,0,0,0,0,0,0,Y
Motor Vehicle,DAC,72678281,20211003,1003,0,NULL,DIXIE                                   ,W ,AVE  ,US0031W ,US0031W ,NULL,NULL,N,37.70083,-85.86754,1,2021,O,047-US-0031W -000,17.369,0,0,0,0,0,0,0,1,0,0,1,0,0,Y
Motor Vehicle,Non DAC,72678484,20211001,1322,5,NULL,DIXIE                                   ,N ,AVE  ,US0031W ,US0031W ,047 US-31W-10  ,US0031W                                        ,N,37.74566,-85.89268,8,2021,O,047-US-0031W -000,20.765,0,0,0,0,0,0,0,1,0,0,0,1,0,Y
Motor Vehicle,DAC,72678560,20211001,1717,5,NULL,MULBERRY                                ,N ,ST   ,US0062  ,US0062  ,047 US-62      ,US0062                                         ,N,37.71074,-85.83568,5,2021,O,047-US-0062  -000,19.729,0,0,0,0,0,0,0,0,0,0,0,0,0,Y
Motor Vehicle,Non DAC,72679004,20211004,2002,1,NULL,TOWNE                                   ,NULL,DR   ,NULL,NULL,047 CS-1448    ,CS1448                                         ,N,37.73379,-85.88783,8,2021,O,047-CS-1448  -000,0.057,0,0,0,0,0,0,1,0,0,0,0,1,0,Y
Motor Vehicle,DAC,72679460,20211006,959,3,507,PEAR ORCHARD                            ,NW,RD   ,NULL,NULL,047 CS-1297    ,CS1297                                         ,N,37.74749,-85.87978,9,2021,O,047-CS-1297  -000,0.348,0,0,0,0,0,0,0,0,0,0,0,1,0,Y
Motor Vehicle,DAC,72679496,20210929,1214,3,2522,RING                                    ,NULL,RD   ,KY3005  ,KY3005  ,NULL,NULL,N,37.73181,-85.84252,5,2021,O,047-KY-3005  -000,8.933,0,0,0,1,0,0,1,1,0,0,0,1,0,Y
Motor Vehicle,DAC,72679578,20211006,1435,3,NULL,RING                                    ,NULL,RD   ,KY3005  ,KY3005  ,047 KY-3005    ,KY3005                                         ,N,37.73213,-85.84412,5,2021,O,047-KY-3005  -000,8.842,0,0,0,0,0,0,1,0,0,0,0,0,0,Y
Motor Vehicle,Non DAC,72679703,20211005,1833,2,NULL,RING                                    ,NULL,RD   ,KY3005  ,KY3005  ,047 KY-3005-10 ,KY3005                                         ,N,37.72545,-85.8915,1,2021,O,047-KY-3005  -000,6.103,0,0,0,1,0,0,1,1,0,0,1,0,0,Y
Motor Vehicle,DAC,72679819,20211006,1408,3,NULL,DIXIE                                   ,N ,AVE  ,US0031W ,US0031W ,047 US-31W-10  ,US0031W                                        ,N,37.72568,-85.88296,1,2021,O,047-US-0031W -000,19.292,0,0,0,1,0,0,1,0,0,0,0,0,0,Y
Motor Vehicle,Non DAC,72679908,20211001,1507,5,NULL,PINE VALLEY                             ,NULL,DR   ,NULL,NULL,047 CS-1533    ,CS1533                                         ,N,37.75298,-85.88991,5,2021,O,047-CS-1533  -000,0.303,0,0,1,0,0,0,1,0,0,0,1,0,0,Y
Motor Vehicle,Non DAC,72679909,20211001,1335,5,NULL,RING                                    ,NULL,RD   ,KY3005  ,KY3005  ,047 KY-3005-10 ,KY3005                                         ,N,37.72705,-85.88831,5,2021,O,047-KY-3005  -000,6.312,0,0,0,0,0,0,1,0,0,0,0,0,0,Y
Motor Vehicle,DAC,72679910,20211001,1225,5,NULL,DIXIE                                   ,N ,AVE  ,US0031W ,US0031W ,047 US-31W-10  ,US0031W                                        ,N,37.73715,-85.88862,5,2021,O,047-US-0031W -000,20.18,0,0,0,0,0,0,0,0,0,0,0,0,0,Y
Motor Vehicle,DAC,72680210,20211007,1621,4,NULL,MILES                                   ,N ,ST   ,KY0251  ,KY0251  ,NULL,NULL,N,37.71536,-85.85153,1,2021,O,047-KY-0251  -000,1.458,0,0,0,0,0,0,0,1,0,0,1,0,0,Y
Motor Vehicle,Non DAC,72680214,20211006,1604,3,NULL,VETERANS                                ,NULL,WAY  ,NULL,NULL,047 CS-1683    ,CS1683                                         ,N,37.74079,-85.89133,5,2021,O,047-CS-1683  -000,1.234,0,0,0,0,0,0,1,0,0,0,0,0,0,Y
Motor Vehicle,DAC,72680295,20211007,2116,4,NULL,DIXIE                                   ,N ,AVE  ,US0031W ,US0031W ,047 US-31W-10  ,US0031W                                        ,N,37.73393,-85.88709,4,2021,O,047-US-0031W -000,19.9,0,0,0,0,0,0,1,1,0,1,1,0,0,Y
Motor Vehicle,Non DAC,72680304,20211003,1942,0,NULL,RING                                    ,NULL,RD   ,KY3005  ,KY3005  ,047 KY-3005    ,KY3005                                         ,N,37.7277,-85.88537,1,2021,O,047-KY-3005  -000,6.474,0,0,1,1,0,0,1,1,0,0,0,0,0,Y
Motor Vehicle,DAC,72680614,20211008,1720,5,NULL,DIXIE                                   ,N ,AVE  ,US0031W ,US0031W ,047 US-31W-10  ,US0031W                                        ,N,37.73468,-85.88746,1,2021,O,047-US-0031W -000,19.99,0,0,0,0,0,0,1,0,0,0,0,0,0,Y
Motor Vehicle,DAC,72681171,20211006,1615,3,NULL,MULBERRY                                ,N ,ST   ,US0062  ,US0062  ,047 US-62      ,US0062                                         ,N,37.69499,-85.85841,1,2021,B,047-US-0062  -000,18.06,0,0,0,1,0,0,1,1,0,0,1,0,0,Y
Motor Vehicle,DAC,72681464,20211011,946,1,436,MULBERRY                                ,S ,ST   ,US0062  ,US0062  ,047 US-62-10   ,US0062                                         ,N,37.68393,-85.87365,1,2021,O,047-US-0062  -000,16.915,0,0,0,0,0,0,1,0,0,0,0,0,0,Y
Motor Vehicle,DAC,72681723,20211009,1120,6,NULL,DIXIE                                   ,N ,AVE  ,US0031W ,US0031W ,047 US-31W     ,US0031W                                        ,N,37.74131,-85.89043,1,2021,O,047-US-0031W -000,20.432,0,0,0,0,0,0,1,0,0,0,1,0,0,Y
Motor Vehicle,Non DAC,72681760,20210923,829,4,NULL,RING                                    ,NULL,RD   ,KY3005  ,KY3005  ,047 KY-3005-10 ,KY3005                                         ,N,37.6969,-85.91004,1,2021,O,047-KY-3005  -000,3.739,0,0,0,0,0,0,0,1,0,0,0,0,0,Y
Motor Vehicle,Non DAC,72681761,20211001,640,5,NULL,BLACK BRANCH                            ,N ,RD   ,NULL,NULL,047 CS-1551    ,CS1551                                         ,N,37.67883,-85.91613,5,2021,O,047-CS-1551  -000,0.771,0,0,0,0,0,0,1,0,0,0,0,0,0,Y
Motor Vehicle,DAC,72681768,20211007,933,4,204,SPRUCE                                  ,NULL,LN   ,NULL,NULL,047 CS-1277    ,CS1277                                         ,N,37.74023,-85.87034,1,2021,O,047-CS-1277  -000,0.317,0,0,0,1,0,0,1,0,0,0,0,0,0,Y
Motor Vehicle,DAC,72681770,20211008,1205,5,NULL,DIXIE                                   ,N ,AVE  ,US0031W ,US0031W ,047 US-31W     ,US0031W                                        ,N,37.729,-85.88435,5,2021,O,047-US-0031W -000,19.532,0,0,0,0,0,0,1,0,0,0,0,0,0,Y
Motor Vehicle,DAC,72682091,20211012,1502,2,NULL,MULBERRY                                ,N ,ST   ,US0062  ,US0062  ,047 US-62      ,US0062                                         ,N,37.69935,-85.85442,5,2021,O,047-US-0062  -000,18.434,0,0,1,0,0,0,0,1,0,0,0,0,0,Y
Motor Vehicle,Non DAC,72682138,20211012,714,2,NULL,RING                                    ,NULL,RD   ,KY3005  ,KY3005  ,NULL,NULL,N,37.67247,-85.91242,1,2021,O,047-KY-3005  -000,1.977,0,0,0,0,0,0,0,1,0,0,0,0,0,Y
Motor Vehicle,Non DAC,72682234,20211012,1537,2,NULL,RING                                    ,NULL,RD   ,KY3005  ,KY3005  ,047 KY-3005    ,KY3005                                         ,N,37.68848,-85.91427,5,2021,O,047-KY-3005  -000,3.117,0,0,1,0,0,0,1,0,0,0,0,0,0,Y
Motor Vehicle,DAC,72682488,20211013,1627,3,NULL,MULBERRY                                ,N ,ST   ,US0062  ,US0062  ,047 US-62-10   ,US0062                                         ,N,37.70989,-85.83736,4,2021,O,047-US-0062  -000,19.619,0,0,0,1,0,0,1,0,0,0,1,0,0,Y
Motor Vehicle,DAC,72682593,20211011,1829,1,NULL,PEAR ORCHARD                            ,NW,RD   ,NULL,NULL,047 CS-1297    ,CS1297                                         ,N,37.74131,-85.89041,1,2021,O,047-CS-1297  -000,1.031,0,0,0,0,0,0,1,0,0,0,0,0,0,Y
Motor Vehicle,Non DAC,72682781,20211010,1727,0,NULL,LINCOLN                                 ,NULL,PKWY ,KY0061  ,KY0061  ,047 KY-61      ,KY0061                                         ,N,37.66451,-85.83907,5,2021,O,047-KY-0061  -000,4.737,0,0,0,0,0,0,1,0,0,0,0,0,0,Y
Motor Vehicle,DAC,72683230,20211014,1729,4,NULL,31W                                     ,NULL,BYP  ,US0031WB,US0031WB,047 US-31WB-10 ,US0031WB                                       ,N,37.6927,-85.87314,5,2021,O,047-US-0031WB-000,1.447,0,0,0,0,0,0,0,0,0,0,0,0,0,Y
Motor Vehicle,Non DAC,72683279,20211011,1503,1,NULL,RING                                    ,NULL,RD   ,KY3005  ,KY3005  ,047 KY-3005    ,KY3005                                         ,N,37.7278,-85.88521,8,2021,O,047-KY-3005  -000,6.484,0,0,0,1,0,0,1,0,0,0,0,1,0,Y
Motor Vehicle,DAC,72683621,20211015,1148,5,NULL,POPLAR                                  ,W ,ST   ,NULL,NULL,047 CS-1068    ,CS1068                                         ,N,37.69829,-85.86313,8,2021,O,047-CS-1068  -000,0.443,0,0,0,0,0,0,0,1,0,0,0,1,0,Y
Motor Vehicle,DAC,72683808,20211017,958,0,NULL,FRENCH                                  ,W ,ST   ,NULL,NULL,047 CS-1418    ,CS1418                                         ,N,37.70389,-85.84555,1,2021,O,047-CS-1418  -000,0.067,0,0,0,0,0,0,1,0,0,0,0,0,0,Y
Motor Vehicle,DAC,72683848,20211015,1438,5,NULL,DOLPHIN                                 ,NULL,DR   ,NULL,NULL,047 CS-1430    ,CS1430                                         ,N,37.71107,-85.83759,1,2021,O,047-CS-1430  -000,0.095,0,0,0,1,0,0,0,1,0,0,1,0,0,Y
Motor Vehicle,Non DAC,72683980,20211015,1941,5,NULL,DIXIE                                   ,N ,AVE  ,US0031W ,US0031W ,047 US-31W-10  ,US0031W                                        ,N,37.75064,-85.89497,1,2021,O,047-US-0031W -000,21.142,0,0,0,1,0,0,0,0,0,0,1,0,0,Y
Motor Vehicle,Non DAC,72683981,20211017,1517,0,NULL,HUTCHERSON                              ,NULL,LN   ,KY2802  ,KY2802  ,047 KY-2802    ,KY2802                                         ,N,37.73709,-85.9065,5,2021,O,047-KY-2802  -000,1.189,0,0,0,1,0,0,1,0,0,0,1,0,0,Y
Motor Vehicle,DAC,72684016,20211014,1938,4,NULL,DIXIE                                   ,N ,AVE  ,US0031W ,US0031W ,047 US-31W-10  ,US0031W                                        ,N,37.73005,-85.88513,5,2021,O,047-US-0031W -000,19.62,0,0,0,0,0,0,1,0,0,0,0,0,0,Y
Motor Vehicle,DAC,72684097,20211012,1106,2,NULL,DIXIE                                   ,W ,AVE  ,US0031W ,US0031W ,047 US-31W     ,US0031W                                        ,N,37.70192,-85.86862,1,2021,O,047-US-0031W -000,17.425,0,0,0,0,0,0,0,1,0,0,0,0,0,Y
Motor Vehicle,DAC,72684098,20211013,1056,3,NULL,DIXIE                                   ,N ,AVE  ,US0031W ,US0031W ,047 US-31W     ,US0031W                                        ,N,37.73438,-85.88701,3,2021,B,047-US-0031W -000,19.95,0,0,0,0,0,0,0,1,0,0,0,1,0,Y
Motor Vehicle,DAC,72684099,20211013,813,3,309,SUNNY                                   ,NULL,ST   ,NULL,NULL,047 CS-1450    ,CS1450                                         ,N,37.69119,-85.85308,9,2021,O,047-CS-1450  -000,0.145,0,0,0,0,0,0,0,0,0,0,0,1,0,Y
Motor Vehicle,DAC,72684344,20211013,1630,3,NULL,US31W BYP N TURN LANE                   ,NULL,NULL,US0031WB,US0031WB,047 US-31WB-21 ,US0031WB                                       ,N,37.70059,-85.88199,5,2021,O,047-US-0031WB-021,0.035,0,0,1,0,0,0,1,0,0,0,1,0,0,Y