Mode,Crash In Disadvantaged Community,MasterFile,CollisionDate,CollisionTime,CollisionDayWeekCode,RoadwayName_HouseBusinessNumber_,RoadwayName_RoadwayName_,RoadwayName_Direction_,RoadwayName_RoadwaySuffix_,RoadwayfromReport,CurrentRoadwayNumber,RSEUniqueGIS,RoadwayIdentifier,ParkingLotIndicator,Latitude,Longitude,MannerofCollisionCode,YR,KABCO,KTC_RT,KTC_MP,Motorcyclist,Commercial Vehicle,Young Driver,Mature Driver,Pedestrian,Bicyclist,Distracted,Aggressive,Impaired,Unrestrained,Intersection,Roadway Departure,Median Cross-over,In City Limits?
Motor Vehicle,DAC,72684345,20211013,1829,3,NULL,NORTHRIDGE                              ,NULL,DR   ,NULL,NULL,047 CS-1429    ,CS1429                                         ,N,37.72005,-85.83965,1,2021,O,047-CS-1429  -000,0,0,0,0,0,0,0,1,0,0,0,1,0,0,Y
Motor Vehicle,DAC,72684421,20211014,1524,4,NULL,DIXIE                                   ,E ,AVE  ,US0031W ,US0031W ,047 US-31W     ,US0031W                                        ,N,37.69285,-85.85766,8,2021,O,047-US-0031W -000,16.585,0,0,0,1,0,0,1,0,0,0,0,1,0,Y
Motor Vehicle,DAC,72684467,20211018,1510,1,NULL,DIXIE                                   ,W ,AVE  ,US0031W ,US0031W ,047 US-31W     ,US0031W                                        ,N,37.70089,-85.86761,1,2021,O,047-US-0031W -000,17.374,0,0,1,0,0,0,0,1,0,0,1,0,0,Y
Motor Vehicle,DAC,72684562,20211012,1453,2,NULL,CRUTCHER                                ,E ,ST   ,NULL,NULL,047 CS-1004    ,CS1004                                         ,N,37.69399,-85.85236,7,2021,O,047-CS-1004  -000,0.023,0,0,0,0,0,0,0,0,0,0,1,0,0,Y
Motor Vehicle,DAC,72684922,20211019,1702,2,NULL,MULBERRY                                ,N ,ST   ,US0062  ,US0062  ,047 US-62-10   ,US0062                                         ,N,37.71278,-85.83162,5,2021,O,047-US-0062  -000,19.995,0,0,0,1,0,0,1,0,0,0,0,0,0,Y
Motor Vehicle,Non DAC,72684984,20211019,1440,2,NULL,RING                                    ,NULL,RD   ,KY3005  ,KY3005  ,047 KY-3005    ,KY3005                                         ,N,37.72775,-85.88523,8,2021,O,047-KY-3005  -000,6.482,0,0,0,0,0,0,1,0,0,1,0,1,0,Y
Motor Vehicle,Non DAC,72685126,20211020,1038,3,NULL,RING                                    ,NULL,RD   ,KY3005  ,KY3005  ,047 KY-3005    ,KY3005                                         ,N,37.69042,-85.91344,9,2021,O,047-KY-3005  -000,3.257,0,1,0,0,0,0,0,0,0,0,1,0,0,Y
Motor Vehicle,DAC,72685351,20211019,1626,2,NULL,DIXIE                                   ,N ,AVE  ,US0031W ,US0031W ,047 US-31W-10  ,US0031W                                        ,N,37.70913,-85.87452,1,2021,O,047-US-0031W -000,18.064,0,0,0,0,0,0,0,1,0,0,0,0,0,Y
Motor Vehicle,Non DAC,72685775,20211020,1542,3,NULL,PINE VALLEY                             ,NULL,DR   ,NULL,NULL,047 CS-1533    ,CS1533                                         ,N,37.75128,-85.89364,1,2021,O,047-CS-1533  -000,0.071,0,0,1,0,0,0,1,0,0,1,0,0,0,Y
Motor Vehicle,DAC,72685937,20211014,1636,4,NULL,WESTPORT                                ,NULL,RD   ,NULL,NULL,047 CS-1573    ,CS1573                                         ,N,37.70069,-85.88057,1,2021,O,047-CS-1573  -000,0.554,0,0,1,0,0,0,0,1,0,0,1,0,0,Y
Motor Vehicle,Non DAC,72685938,20211014,1003,4,NULL,MULBERRY                                ,N ,ST   ,US0062  ,US0062  ,047 US-62-10   ,US0062                                         ,N,37.71557,-85.82572,4,2021,O,047-US-0062  -000,20.351,0,0,0,1,0,0,0,1,0,0,0,0,0,Y
Motor Vehicle,DAC,72685939,20211015,1512,5,NULL,DIXIE                                   ,N ,AVE  ,US0031W ,US0031W ,047 US-31W-10  ,US0031W                                        ,N,37.71915,-85.87976,1,2021,O,047-US-0031W -000,18.817,0,0,0,0,0,0,1,1,1,0,1,0,0,Y
Motor Vehicle,Non DAC,72685940,20211021,1311,4,NULL,PATRIOT                                 ,NULL,PKWY ,KY0361  ,KY0361  ,047 KY-361     ,KY0361                                         ,N,37.72392,-85.91263,8,2021,O,047-KY-0361  -000,2.505,0,0,1,0,0,0,1,0,0,0,0,1,0,Y
Motor Vehicle,Non DAC,72685960,20211020,1400,3,NULL,DIXIE                                   ,N ,AVE  ,US0031W ,US0031W ,047 US-31W     ,US0031W                                        ,N,37.74576,-85.89275,5,2021,O,047-US-0031W -000,20.786,0,0,0,0,0,0,1,0,0,0,1,0,0,Y
Motor Vehicle,DAC,72685961,20211020,1138,3,NULL,DIXIE                                   ,N ,AVE  ,US0031W ,US0031W ,NULL,NULL,N,37.70912,-85.87421,1,2021,O,047-US-0031W -000,18.058,0,0,0,0,0,0,1,1,0,0,0,0,0,Y
Motor Vehicle,DAC,72686244,20211022,1930,5,NULL,DIXIE                                   ,N ,AVE  ,US0031W ,US0031W ,047 US-31W     ,US0031W                                        ,N,37.7401,-85.8896,5,2021,O,047-US-0031W -000,20.349,0,0,0,0,0,0,1,0,0,0,0,0,0,Y
Motor Vehicle,DAC,72686633,20211021,1540,4,NULL,MULBERRY                                ,N ,ST   ,US0062  ,US0062  ,047 US-62      ,US0062                                         ,N,37.7012,-85.8523,5,2021,O,047-US-0062  -000,18.609,0,0,1,0,0,0,1,0,0,0,0,0,0,Y
Motor Vehicle,DAC,72686635,20211021,1650,4,NULL,MILES                                   ,N ,ST   ,KY0251  ,KY0251  ,047 KY-251     ,KY0251                                         ,N,37.70237,-85.85715,1,2021,O,047-KY-0251  -000,0.539,0,0,1,0,0,0,1,0,0,0,1,0,0,Y
Motor Vehicle,Non DAC,72686811,20211021,641,4,NULL,LEITCHFIELD                             ,NULL,RD   ,US0062  ,US0062  ,047 US-62-10   ,US0062                                         ,N,37.67498,-85.90389,1,2021,O,047-US-0062  -000,15.019,0,0,0,0,0,0,1,0,0,0,1,0,0,N
Motor Vehicle,Non DAC,72686812,20211022,800,5,NULL,PATRIOT                                 ,NULL,PKWY ,KY0361  ,KY0361  ,047 KY-361     ,KY0361                                         ,N,37.71922,-85.9062,3,2021,C,047-KY-0361  -000,2.028,0,0,0,1,0,0,1,0,0,0,0,1,0,Y
Motor Vehicle,DAC,72686813,20211022,1210,5,NULL,MULBERRY                                ,N ,ST   ,US0062  ,US0062  ,047 US-62-10   ,US0062                                         ,N,37.70457,-85.84676,1,2021,O,047-US-0062  -000,18.998,0,0,0,1,0,0,1,0,0,0,1,0,0,Y
Motor Vehicle,Non DAC,72686819,20211024,930,0,NULL,PATRIOT                                 ,NULL,PKWY ,KY0361  ,KY0361  ,047 KY-361     ,KY0361                                         ,N,37.7177,-85.90408,5,2021,O,047-KY-0361  -000,1.872,0,0,0,0,0,0,0,0,0,0,0,0,0,Y
Motor Vehicle,Non DAC,72686881,20211021,744,4,NULL,LEITCHFIELD                             ,NULL,RD   ,US0062  ,US0062  ,047 US-62      ,US0062                                         ,N,37.6648,-85.92764,6,2021,O,047-US-0062  -000,13.482,0,0,1,0,0,0,1,0,0,0,0,0,0,N
Motor Vehicle,DAC,72686882,20211021,1332,4,NULL,MULBERRY                                ,S ,ST   ,US0062  ,US0062  ,047 US-62      ,US0062                                         ,N,37.68086,-85.87729,8,2021,O,047-US-0062  -000,16.621,0,0,0,0,0,0,0,0,0,0,0,1,0,Y
Motor Vehicle,DAC,72687278,20211025,900,1,NULL,DIXIE                                   ,W ,AVE  ,US0031W ,US0031W ,047 US-31W     ,US0031W                                        ,N,37.70093,-85.86765,5,2021,C,047-US-0031W -000,17.378,0,0,0,0,0,0,0,0,0,0,0,0,0,Y
Motor Vehicle,Non DAC,72687489,20211025,1625,1,NULL,LINCOLN                                 ,NULL,PKWY ,KY0061  ,KY0061  ,047 KY-61      ,KY0061                                         ,N,37.66953,-85.84536,8,2021,O,047-KY-0061  -000,5.243,0,0,0,1,0,0,1,0,0,0,0,1,0,Y
Motor Vehicle,Non DAC,72687538,20211025,2008,1,1304,HANCOCK                                 ,NULL,DR   ,NULL,NULL,047 CS-1627    ,CS1627                                         ,N,37.67915,-85.90428,2,2021,O,047-CS-1627  -000,0.054,0,0,1,0,0,0,1,0,0,0,0,0,0,Y
Motor Vehicle,DAC,72687564,20210917,1321,5,NULL,DRIFTWOOD                               ,NULL,LN   ,NULL,NULL,047 CS-1653    ,CS1653                                         ,N,37.73019,-85.86407,2,2021,O,047-CS-1653  -000,0.021,0,0,0,0,0,0,0,0,0,0,0,0,0,Y
Motor Vehicle,Non DAC,72687893,20211025,1914,1,NULL,ST JOHN                                 ,NULL,RD   ,KY1357  ,KY1357  ,NULL,NULL,N,37.69576,-85.91044,1,2021,O,047-KY-1357  -000,14.601,0,0,1,0,0,0,0,1,0,0,1,0,0,Y
Motor Vehicle,DAC,72687894,20211026,1514,2,NULL,RING                                    ,NULL,RD   ,KY3005  ,KY3005  ,NULL,NULL,N,37.72004,-85.83967,7,2021,O,047-KY-3005  -000,9.805,0,0,0,1,0,0,0,0,0,0,1,0,0,Y
Motor Vehicle,DAC,72687982,20211026,1524,2,NULL,DIXIE                                   ,N ,AVE  ,US0031W ,US0031W ,047 US-31W-10  ,US0031W                                        ,N,37.70427,-85.87124,9,2021,B,047-US-0031W -000,17.679,0,0,0,0,0,0,0,0,0,0,0,1,0,Y
Motor Vehicle,DAC,72688026,20211025,1552,1,NULL,MILES                                   ,N ,ST   ,KY0251  ,KY0251  ,047 KY-251     ,KY0251                                         ,N,37.69604,-85.86284,8,2021,O,047-KY-0251  -000,0.012,0,0,0,0,0,0,0,0,0,0,0,1,0,Y
Motor Vehicle,DAC,72688521,20211027,1703,3,NULL,US31W BYP N TURN LANE                   ,NULL,NULL,US0031WB,US0031WB,047 US-31WB-24 ,US0031WB                                       ,N,37.71873,-85.87958,5,2021,O,047-US-0031WB-024,0.054,0,0,0,0,0,0,1,0,0,0,0,0,0,Y
Motor Vehicle,DAC,72688580,20211025,1942,1,NULL,DOLPHIN                                 ,NULL,DR   ,NULL,NULL,047 CS-1430    ,CS1430                                         ,N,37.71104,-85.83758,1,2021,O,047-CS-1430  -000,0.093,0,0,0,0,0,0,1,0,0,0,0,0,0,Y
Motor Vehicle,DAC,72688581,20211025,2042,1,NULL,DIXIE                                   ,N ,AVE  ,US0031W ,US0031W ,047 US-31W-10  ,US0031W                                        ,N,37.7198,-85.88007,1,2021,O,047-US-0031W -000,18.86,0,0,0,1,0,0,1,0,0,0,0,0,0,Y
Motor Vehicle,DAC,72688727,20211026,1417,2,NULL,MULBERRY                                ,N ,ST   ,US0062  ,US0062  ,047 US-62      ,US0062                                         ,N,37.70937,-85.83798,5,2021,B,047-US-0062  -000,19.577,0,0,0,0,0,0,1,0,0,0,0,0,0,Y
Motor Vehicle,DAC,72688728,20211027,1011,3,NULL,MILES                                   ,N ,ST   ,KY0251  ,KY0251  ,047 KY-251     ,KY0251                                         ,N,37.69706,-85.8619,1,2021,O,047-KY-0251  -000,0.091,0,0,1,0,0,0,1,1,0,0,1,0,0,Y
Motor Vehicle,DAC,72688737,20211014,1655,4,595,CLOVER                                  ,NULL,LN   ,NULL,NULL,047 CS-1115    ,CS1115                                         ,N,37.70181,-85.87127,2,2021,O,047-CS-1115  -000,0.056,0,0,0,1,0,0,1,0,0,0,0,0,0,Y
Motor Vehicle,DAC,72688738,20211015,1440,5,NULL,WALMART                                 ,NULL,LN   ,NULL,NULL,047 PR-1004    ,PR1004                                         ,N,37.72903,-85.88193,5,2021,O,047-PR-1004  -000,0.003,0,0,0,0,0,0,1,0,0,0,0,0,0,Y
Motor Vehicle,Non DAC,72688739,20211021,1631,4,NULL,LEITCHFIELD                             ,NULL,RD   ,US0062  ,US0062  ,047 US-62      ,US0062                                         ,N,37.677,-85.8981,8,2021,O,047-US-0062  -000,15.417,0,0,0,0,0,0,1,0,0,0,0,1,0,N
Motor Vehicle,DAC,72689418,20211029,1450,5,5240,DIXIE                                   ,N ,HWY  ,US0031W ,US0031W ,047 US-31W     ,US0031W                                        ,N,37.7586,-85.89829,9,2021,O,047-US-0031W -000,21.727,0,0,0,0,0,0,0,0,0,0,0,1,0,Y
Motor Vehicle,DAC,72689755,20211028,2216,4,NULL,MILES                                   ,N ,ST   ,KY0251  ,KY0251  ,047 KY-251     ,KY0251                                         ,N,37.69707,-85.86192,1,2021,O,047-KY-0251  -000,0.092,0,0,0,0,0,0,1,0,0,0,1,0,0,Y
Motor Vehicle,Non DAC,72690548,20211025,1211,1,NULL,RING                                    ,NULL,RD   ,KY3005  ,KY3005  ,047 KY-3005-10 ,KY3005                                         ,N,37.69048,-85.91368,1,2021,O,047-KY-3005  -000,3.252,0,0,0,1,0,0,1,1,0,0,1,0,0,Y
Motor Vehicle,DAC,72690550,20211026,745,2,NULL,RING                                    ,NULL,RD   ,KY3005  ,KY3005  ,047 KY-3005    ,KY3005                                         ,N,37.71046,-85.83934,5,2021,O,047-KY-3005  -000,10.479,0,0,0,1,0,0,0,1,0,0,0,0,0,Y
Motor Vehicle,DAC,72690551,20211026,1053,2,NULL,DIXIE                                   ,W ,AVE  ,US0031W ,US0031W ,047 US-31W     ,US0031W                                        ,N,37.69587,-85.86297,1,2021,O,047-US-0031W -000,16.942,0,0,0,1,0,0,1,1,0,0,1,0,0,Y
Motor Vehicle,Non DAC,72690609,20211031,1545,0,NULL,PATRIOT                                 ,NULL,PKWY ,KY0361  ,KY0361  ,047 KY-361     ,KY0361                                         ,N,37.71745,-85.90351,1,2021,O,047-KY-0361  -000,1.836,0,0,0,0,0,0,0,1,0,0,0,0,0,Y
Motor Vehicle,DAC,72690876,20211027,1506,3,NULL,LEWIS                                   ,NULL,DR   ,NULL,NULL,NULL,NULL,N,37.71224,-85.8509,2,2021,O,047-CS-1388  -000,0.076,0,0,0,0,0,0,0,0,0,0,1,0,0,Y
Motor Vehicle,DAC,72690877,20211027,1607,3,NULL,DIXIE                                   ,N ,AVE  ,US0031W ,US0031W ,NULL,NULL,N,37.71651,-85.87815,8,2021,O,047-US-0031W -000,18.613,0,0,0,1,0,0,1,0,0,0,0,1,0,Y
Motor Vehicle,DAC,72690948,20211028,1631,4,NULL,RING                                    ,NULL,RD   ,KY3005  ,KY3005  ,047 KY-3005    ,KY3005                                         ,N,37.73209,-85.84377,7,2021,O,047-KY-3005  -000,8.862,0,0,0,0,0,0,0,0,0,0,0,1,0,Y
Motor Vehicle,Non DAC,72690949,20211101,1650,1,NULL,RING                                    ,NULL,RD   ,KY3005  ,KY3005  ,047 KY-3005    ,KY3005                                         ,N,37.69783,-85.90944,1,2021,O,047-KY-3005  -000,3.812,0,0,0,0,0,0,1,0,0,0,0,0,0,Y
Motor Vehicle,DAC,72691109,20211102,1005,2,NULL,RING                                    ,NULL,RD   ,KY3005  ,KY3005  ,047 KY-3005    ,KY3005                                         ,N,37.73352,-85.86349,5,2021,O,047-KY-3005  -000,7.748,0,0,0,0,0,0,0,1,0,0,0,0,0,Y
Motor Vehicle,Non DAC,72691266,20211102,1445,2,NULL,TOWNE DR                                ,NULL,NULL,NULL,NULL,NULL,NULL,N,37.73046,-85.89401,5,2021,O,047-CS-1448  -000,0.481,0,0,0,0,0,0,1,0,0,0,0,0,0,Y
Motor Vehicle,Non DAC,72691326,20211101,1918,1,NULL,RING                                    ,NULL,RD   ,KY3005  ,KY3005  ,047 KY-3005-10 ,KY3005                                         ,N,37.67991,-85.91525,9,2021,O,047-KY-3005  -000,2.516,0,0,0,0,0,0,0,0,0,0,0,0,0,Y
Motor Vehicle,DAC,72691411,20211102,1711,2,NULL,MULBERRY                                ,N ,ST   ,US0062  ,US0062  ,047 US-62-10   ,US0062                                         ,N,37.70459,-85.84677,1,2021,O,047-US-0062  -000,18.998,0,0,0,0,0,0,1,0,0,1,1,0,0,Y
Motor Vehicle,DAC,72691467,20211101,2017,1,NULL,MALL PARK ACCESS ROAD                   ,NULL,NULL,NULL,NULL,NULL,NULL,N,37.73813,-85.8894,3,2021,O,047-US-0031W -000,20.235,0,0,0,0,0,0,1,1,0,0,0,1,0,Y
Motor Vehicle,Non DAC,72691988,20211103,1008,3,NULL,MULBERRY                                ,N ,ST   ,US0062  ,US0062  ,047 US-62-10   ,US0062                                         ,N,37.7145,-85.82808,1,2021,O,047-US-0062  -000,20.196,0,1,0,0,0,0,0,1,0,0,1,0,0,Y
Motor Vehicle,DAC,72691989,20211103,1102,3,NULL,SKYLINE                                 ,NULL,DR   ,NULL,NULL,NULL,NULL,N,37.68915,-85.8638,1,2021,O,047-CS-1491  -000,0.005,0,0,0,1,0,0,0,1,0,0,1,0,0,Y
Motor Vehicle,DAC,72692098,20211024,1550,0,NULL,WALMART                                 ,NULL,DR   ,NULL,NULL,047 CS-1558    ,CS1558                                         ,N,37.73133,-85.88543,8,2021,O,047-CS-1558  -000,0.074,0,0,0,1,0,0,0,1,0,0,1,0,0,Y
Motor Vehicle,DAC,72692119,20211102,1158,2,NULL,DIXIE                                   ,W ,AVE  ,US0031W ,US0031W ,047 US-31W     ,US0031W                                        ,N,37.70127,-85.868,5,2021,O,047-US-0031W -000,17.408,0,0,0,0,0,0,1,0,0,0,0,0,0,Y
Motor Vehicle,DAC,72692422,20211104,1737,4,NULL,31W                                     ,NULL,BYP  ,US0031WB,US0031WB,NULL,NULL,N,37.69161,-85.87105,5,2021,O,047-US-0031WB-000,1.319,0,0,0,0,0,0,1,0,0,0,0,0,0,Y
Motor Vehicle,Non DAC,72692426,20211102,2037,2,NULL,RING                                    ,NULL,RD   ,KY3005  ,KY3005  ,047 KY-3005-10 ,KY3005                                         ,N,37.71766,-85.90306,5,2021,O,047-KY-3005  -000,5.27,0,0,0,0,0,0,1,0,0,0,0,0,0,Y
Motor Vehicle,Non DAC,72693163,20211105,1310,5,NULL,ST JOHN                                 ,NULL,RD   ,KY1357  ,KY1357  ,047 KY-1357    ,KY1357                                         ,N,37.694,-85.89724,7,2021,O,047-KY-1357  -000,15.367,0,0,0,0,0,0,1,0,1,0,0,1,0,Y
Motor Vehicle,DAC,72693426,20211106,1007,6,NULL,WALMART                                 ,NULL,DR   ,NULL,NULL,047 CS-1558    ,CS1558                                         ,N,37.73129,-85.88533,1,2021,O,047-CS-1558  -000,0.072,0,0,0,0,0,0,0,1,0,0,0,0,0,Y
Motor Vehicle,Non DAC,72693617,20211107,1637,0,NULL,TOWNE                                   ,NULL,DR   ,NULL,NULL,047 CS-1448    ,CS1448                                         ,N,37.73042,-85.89406,5,2021,O,047-CS-1448  -000,0.485,0,0,0,0,0,0,0,0,0,0,0,0,0,Y
Motor Vehicle,DAC,72693713,20211103,913,3,NULL,31W                                     ,NULL,BYP  ,US0031WB,US0031WB,047 US-31WB    ,US0031WB                                       ,N,37.70018,-85.88177,5,2021,O,047-US-0031WB-000,2.167,0,0,0,0,0,0,1,1,0,0,0,0,0,Y
Motor Vehicle,Non DAC,72694265,20211109,748,2,NULL,NEW GLENDALE                            ,NULL,RD   ,KY1136  ,KY1136  ,047 KY-1136    ,KY1136                                         ,N,37.67227,-85.86112,5,2021,B,047-KY-1136  -000,9.655,0,0,1,0,0,0,1,0,0,0,0,0,0,Y
Motor Vehicle,Non DAC,72694280,20211104,1439,4,NULL,RING                                    ,NULL,RD   ,KY3005  ,KY3005  ,047 KY-3005    ,KY3005                                         ,N,37.67159,-85.91185,4,2021,O,047-KY-3005  -000,1.908,0,0,0,1,0,0,0,1,0,0,1,0,0,N
Motor Vehicle,Non DAC,72694281,20211105,1754,5,NULL,DIXIE                                   ,N ,AVE  ,US0031W ,US0031W ,047 US-31W-10  ,US0031W                                        ,N,37.74256,-85.89124,5,2021,O,047-US-0031W -000,20.538,0,0,1,0,0,0,1,0,0,0,0,0,0,Y
Motor Vehicle,Non DAC,72694282,20211105,1638,5,NULL,31W                                     ,NULL,BYP  ,US0031WB,US0031WB,047 US-31WB-10 ,US0031WB                                       ,N,37.67872,-85.86124,5,2021,O,047-US-0031WB-000,0.225,0,0,0,0,0,0,1,0,0,0,0,0,0,Y
Motor Vehicle,Non DAC,72694595,20211109,1752,2,NULL,RING                                    ,NULL,RD   ,KY3005  ,KY3005  ,047 KY-3005    ,KY3005                                         ,N,37.69076,-85.91327,4,2021,O,047-KY-3005  -000,3.282,0,1,0,0,0,0,0,1,0,0,0,0,0,Y
Motor Vehicle,Non DAC,72694702,20211106,2043,6,NULL,ST JOHN                                 ,NULL,RD   ,KY1357  ,KY1357  ,047 KY-1357    ,KY1357                                         ,N,37.69531,-85.90892,1,2021,O,047-KY-1357  -000,14.704,0,0,0,0,0,0,0,1,0,0,0,0,0,Y
Motor Vehicle,DAC,72694814,20211109,859,2,NULL,DOLPHIN                                 ,NULL,DR   ,NULL,NULL,047 CS-1430    ,CS1430                                         ,N,37.71108,-85.83758,1,2021,O,047-CS-1430  -000,0.096,0,0,0,0,0,0,1,0,0,0,1,0,0,Y
Motor Vehicle,Non DAC,72694840,20211109,642,2,NULL,BLACK BRANCH                            ,N ,RD   ,NULL,NULL,047 CS-1551    ,CS1551                                         ,N,37.67695,-85.91881,5,2021,O,047-CS-1551  -000,0.962,0,0,0,0,0,0,1,0,0,0,1,0,0,Y
Motor Vehicle,Non DAC,72694841,20211109,1429,2,NULL,RING                                    ,NULL,RD   ,KY3005  ,KY3005  ,047 KY-3005    ,KY3005                                         ,N,37.72672,-85.88881,1,2021,O,047-KY-3005  -000,6.276,0,0,0,0,0,0,1,1,0,0,0,0,0,Y
Motor Vehicle,DAC,72694842,20211110,1010,3,NULL,DIXIE                                   ,E ,AVE  ,US0031W ,US0031W ,047 US-31W     ,US0031W                                        ,N,37.69266,-85.85732,5,2021,O,047-US-0031W -000,16.562,0,0,0,0,0,0,1,0,0,0,1,0,0,Y
Motor Vehicle,Non DAC,72694992,20211109,1804,2,NULL,RING                                    ,NULL,RD   ,KY3005  ,KY3005  ,047 KY-3005-10 ,KY3005                                         ,N,37.6927,-85.91241,8,2021,O,047-KY-3005  -000,3.416,0,0,1,0,0,0,1,0,0,0,1,0,0,Y
Motor Vehicle,DAC,72695599,20211031,2108,0,NULL,POPLAR                                  ,W ,ST   ,NULL,NULL,047 CS-1068    ,CS1068                                         ,N,37.70157,-85.86671,1,2021,O,047-CS-1068  -000,0.741,0,0,0,0,0,0,0,1,0,0,1,0,0,Y
Motor Vehicle,DAC,72695837,20211111,1204,4,NULL,RING                                    ,NULL,RD   ,KY3005  ,KY3005  ,047 KY-3005    ,KY3005                                         ,N,37.73243,-85.86993,5,2021,B,047-KY-3005  -000,7.381,0,0,0,1,0,0,1,0,0,0,0,0,0,Y
Motor Vehicle,DAC,72695841,20211111,825,4,NULL,MULBERRY                                ,S ,ST   ,US0062  ,US0062  ,047 US-62      ,US0062                                         ,N,37.69141,-85.86177,5,2021,O,047-US-0062  -000,17.755,0,0,0,0,0,0,0,1,0,0,0,0,0,Y
Motor Vehicle,Non DAC,72696149,20211113,9,6,NULL,MULBERRY                                ,N ,ST   ,US0062  ,US0062  ,047 US-62-10   ,US0062                                         ,N,37.71518,-85.82659,1,2021,O,047-US-0062  -000,20.297,0,0,0,0,0,0,0,1,0,0,0,0,0,Y
Motor Vehicle,DAC,72696434,20211112,1708,5,NULL,RING                                    ,NULL,RD   ,KY3005  ,KY3005  ,047 KY-3005    ,KY3005                                         ,N,37.72994,-85.87854,5,2021,O,047-KY-3005  -000,6.873,0,0,0,0,0,0,0,1,0,0,0,0,0,Y
Motor Vehicle,DAC,72696555,20211108,1238,1,NULL,MILES                                   ,N ,ST   ,KY0251  ,KY0251  ,047 KY-251     ,KY0251                                         ,N,37.71163,-85.8529,1,2021,O,047-KY-0251  -000,1.19,0,0,1,0,0,0,0,0,0,0,1,0,0,Y
Motor Vehicle,DAC,72696556,20211109,751,2,NULL,MULBERRY                                ,N ,ST   ,US0062  ,US0062  ,047 US-62      ,US0062                                         ,N,37.69941,-85.85443,5,2021,O,047-US-0062  -000,18.437,0,0,0,0,0,0,1,0,0,0,0,0,0,Y
Motor Vehicle,DAC,72696615,20211114,1246,0,NULL,MULBERRY                                ,N ,ST   ,US0062  ,US0062  ,NULL,NULL,N,37.70479,-85.84641,5,2021,O,047-US-0062  -000,19.023,0,0,0,0,0,0,0,0,0,0,0,1,0,Y
Motor Vehicle,DAC,72696852,20211114,1815,0,NULL,MULBERRY                                ,N ,ST   ,US0062  ,US0062  ,047 US-62-10   ,US0062                                         ,N,37.70471,-85.84652,2,2021,O,047-US-0062  -000,19.014,0,0,0,1,0,0,1,0,0,0,0,0,0,Y
Motor Vehicle,DAC,72696869,20211114,1837,0,NULL,RING                                    ,NULL,RD   ,KY3005  ,KY3005  ,047 KY-3005    ,KY3005                                         ,N,37.73054,-85.84086,4,2021,C,047-KY-3005  -000,9.062,0,0,0,0,0,0,1,1,0,0,1,0,0,Y
Motor Vehicle,DAC,72696914,20211110,1225,3,NULL,DIXIE                                   ,N ,AVE  ,US0031W ,US0031W ,047 US-31W     ,US0031W                                        ,N,37.73798,-85.88878,7,2021,O,047-US-0031W -000,20.217,0,0,1,0,0,0,0,0,0,0,0,1,0,Y
Motor Vehicle,DAC,72696915,20211109,847,2,NULL,DIXIE                                   ,E ,AVE  ,US0031W ,US0031W ,047 US-31W     ,US0031W                                        ,N,37.68343,-85.85033,1,2021,O,047-US-0031W -000,15.761,0,0,0,1,0,0,0,1,0,0,1,0,0,Y
Motor Vehicle,DAC,72697040,20211113,1332,6,311,POPLAR                                  ,E ,ST   ,NULL,NULL,047 CS-1002    ,CS1002                                         ,N,37.6926,-85.85184,7,2021,O,047-CS-1002  -000,0.091,0,0,0,0,0,0,0,0,1,0,0,0,0,Y
Motor Vehicle,Non DAC,72697267,20211115,1830,1,NULL,TOWNE                                   ,NULL,DR   ,NULL,NULL,047 CS-1448    ,CS1448                                         ,N,37.73042,-85.89408,5,2021,O,047-CS-1448  -000,0.486,0,0,0,0,0,0,1,0,0,0,0,0,0,Y