Mode,Crash In Disadvantaged Community,MasterFile,CollisionDate,CollisionTime,CollisionDayWeekCode,RoadwayName_HouseBusinessNumber_,RoadwayName_RoadwayName_,RoadwayName_Direction_,RoadwayName_RoadwaySuffix_,RoadwayfromReport,CurrentRoadwayNumber,RSEUniqueGIS,RoadwayIdentifier,ParkingLotIndicator,Latitude,Longitude,MannerofCollisionCode,YR,KABCO,KTC_RT,KTC_MP,Motorcyclist,Commercial Vehicle,Young Driver,Mature Driver,Pedestrian,Bicyclist,Distracted,Aggressive,Impaired,Unrestrained,Intersection,Roadway Departure,Median Cross-over,In City Limits?
Motor Vehicle,DAC,72697282,20211115,2108,1,NULL,31W                                     ,NULL,BYP  ,US0031WB,US0031WB,NULL,NULL,N,37.68877,-85.86703,8,2021,O,047-US-0031WB-000,1.014,0,0,0,1,0,0,0,0,0,0,0,1,0,Y
Motor Vehicle,DAC,72697325,20211111,1958,4,NULL,DIXIE                                   ,N ,AVE  ,US0031W ,US0031W ,047 US-31W     ,US0031W                                        ,N,37.73772,-85.88858,8,2021,O,047-US-0031W -000,20.203,0,0,0,0,0,0,1,0,0,0,0,1,0,Y
Motor Vehicle,Non DAC,72697326,20211108,2039,1,NULL,ROBINBROOKE                             ,NULL,BLVD ,NULL,NULL,047 CS-1411-10 ,CS1411                                         ,N,37.72758,-85.9022,9,2021,O,047-CS-1411  -000,0.598,0,0,0,0,0,0,0,0,0,0,0,1,0,Y
Motor Vehicle,DAC,72697421,20211116,800,2,NULL,31W                                     ,NULL,BYP  ,US0031WB,US0031WB,047 US-31WB    ,US0031WB                                       ,N,37.69162,-85.87113,5,2021,O,047-US-0031WB-000,1.323,0,0,1,0,0,0,0,0,0,0,0,0,0,Y
Motor Vehicle,DAC,72697531,20211112,1635,5,NULL,31W                                     ,NULL,BYP  ,US0031WB,US0031WB,047 US-31WB-10 ,US0031WB                                       ,N,37.70155,-85.88289,5,2021,O,047-US-0031WB-000,2.274,0,0,1,0,0,0,0,0,0,0,0,0,0,Y
Motor Vehicle,DAC,72697532,20211113,1506,6,NULL,MULBERRY                                ,N ,ST   ,US0062  ,US0062  ,047 US-62      ,US0062                                         ,N,37.70283,-85.84955,5,2021,O,047-US-0062  -000,18.798,0,0,0,1,0,0,1,0,0,0,0,0,0,Y
Motor Vehicle,Non DAC,72697717,20211116,1812,2,NULL,RING                                    ,NULL,RD   ,KY3005  ,KY3005  ,047 KY-3005    ,KY3005                                         ,N,37.72092,-85.89899,5,2021,O,047-KY-3005  -000,5.587,0,0,0,1,0,0,1,0,0,0,0,0,0,Y
Motor Vehicle,DAC,72698034,20211116,1104,2,NULL,US31W BYP N TURN LANE FROM  COLLEGE ST W,NULL,NULL,US0031WB,US0031WB,047 US-31WB-27 ,US0031WB                                       ,N,37.69226,-85.87205,5,2021,O,047-US-0031WB-027,0.024,0,0,0,1,0,0,1,0,0,0,0,0,0,Y
Motor Vehicle,DAC,72698309,20211118,605,4,NULL,DIXIE                                   ,N ,AVE  ,US0031W ,US0031W ,047 US-31W-10  ,US0031W                                        ,N,37.73406,-85.88711,4,2021,O,047-US-0031W -000,19.924,0,0,1,0,0,0,1,1,0,0,1,0,0,Y
Motor Vehicle,DAC,72698380,20211115,1631,1,NULL,DIXIE                                   ,E ,AVE  ,US0031W ,US0031W ,047 US-31W     ,US0031W                                        ,N,37.69243,-85.85691,8,2021,O,047-US-0031W -000,16.535,0,0,1,0,0,0,0,0,0,0,0,1,0,Y
Motor Vehicle,Non DAC,72698422,20211117,827,3,NULL,BRUIN LN ACCESS                         ,NULL,NULL,NULL,NULL,047 LA-1002    ,LA1002                                         ,N,37.67336,-85.90819,5,2021,O,047-LA-1002  -000,0.017,0,0,0,0,0,0,0,1,0,0,1,0,0,N
Motor Vehicle,DAC,72698561,20211111,1730,4,NULL,RING                                    ,NULL,RD   ,KY3005  ,KY3005  ,047 KY-3005    ,KY3005                                         ,N,37.72978,-85.87898,5,2021,O,047-KY-3005  -000,6.847,0,0,0,0,0,0,1,1,0,0,0,0,0,Y
Motor Vehicle,Non DAC,72698562,20211113,1910,6,NULL,RING                                    ,NULL,RD   ,KY3005  ,KY3005  ,047 KY-3005-10 ,KY3005                                         ,N,37.72125,-85.89883,5,2021,O,047-KY-3005  -000,5.609,0,0,1,0,0,0,1,0,0,0,0,0,0,Y
Motor Vehicle,Non DAC,72698658,20211118,1557,4,NULL,PARK                                    ,W ,RD   ,NULL,NULL,047 CS-1542    ,CS1542                                         ,N,37.6905,-85.91623,9,2021,O,047-CS-1542  -000,0.636,0,0,1,0,0,0,0,0,0,0,0,1,0,Y
Motor Vehicle,DAC,72698757,20211118,703,4,NULL,RING                                    ,NULL,RD   ,KY3005  ,KY3005  ,047 KY-3005    ,KY3005                                         ,N,37.73232,-85.84627,1,2021,K,047-KY-3005  -000,8.723,0,0,0,0,0,0,0,1,0,1,0,0,0,Y
Motor Vehicle,Non DAC,72698846,20211119,1148,5,NULL,RING                                    ,NULL,RD   ,KY3005  ,KY3005  ,047 KY-3005    ,KY3005                                         ,N,37.72789,-85.88491,1,2021,O,047-KY-3005  -000,6.499,0,0,1,0,0,0,0,1,0,0,0,0,0,Y
Motor Vehicle,DAC,72699105,20211119,1528,5,NULL,DIXIE                                   ,E ,AVE  ,US0031W ,US0031W ,047 US-31W     ,US0031W                                        ,N,37.67354,-85.84578,8,2021,O,047-US-0031W -000,15.051,0,0,0,0,0,0,0,0,0,0,1,0,0,Y
Motor Vehicle,DAC,72699109,20211119,1618,5,NULL,DIXIE                                   ,N ,AVE  ,US0031W ,US0031W ,NULL,NULL,N,37.71794,-85.87885,1,2021,O,047-US-0031W -000,18.722,0,0,0,0,0,0,0,1,0,0,1,0,0,Y
Motor Vehicle,Non DAC,72699110,20211119,1658,5,NULL,VETERANS                                ,NULL,WAY  ,NULL,NULL,NULL,NULL,N,37.73039,-85.89406,1,2021,O,047-CS-1683  -000,0.38,0,0,0,1,0,0,0,1,0,0,0,0,0,Y
Motor Vehicle,DAC,72699261,20211120,1000,6,NULL,DIXIE                                   ,N ,AVE  ,US0031W ,US0031W ,047 US-31W-10  ,US0031W                                        ,N,37.73465,-85.88741,5,2021,O,047-US-0031W -000,19.986,0,0,0,0,0,0,1,0,0,0,0,0,0,Y
Motor Vehicle,Non DAC,72699801,20211121,1959,0,2121,CROSSFIELD                              ,NULL,DR   ,NULL,NULL,047 CS-1725    ,CS1725                                         ,N,37.74732,-85.88807,3,2021,O,047-CS-1725  -000,0.092,0,0,0,0,0,0,1,0,0,0,0,0,0,Y
Motor Vehicle,DAC,72699892,20211121,1713,0,NULL,RING                                    ,NULL,RD   ,KY3005  ,KY3005  ,047 KY-3005    ,KY3005                                         ,N,37.73019,-85.8773,1,2021,O,047-KY-3005  -000,6.943,0,0,0,0,0,0,0,1,0,0,1,0,0,Y
Motor Vehicle,Non DAC,72699893,20211121,1917,0,NULL,LEITCHFIELD                             ,NULL,RD   ,US0062  ,US0062  ,047 US-62-10   ,US0062                                         ,N,37.6717,-85.91192,3,2021,B,047-US-0062  -000,14.579,0,0,1,0,0,0,0,1,0,0,1,0,0,N
Motor Vehicle,DAC,72699917,20211121,2106,0,NULL,MULBERRY                                ,N ,ST   ,US0062  ,US0062  ,047 US-62-10   ,US0062                                         ,N,37.7093,-85.8385,4,2021,B,047-US-0062  -000,19.549,0,0,0,0,0,0,0,1,0,0,1,0,0,Y
Motor Vehicle,DAC,72700388,20211120,1452,6,NULL,DIXIE                                   ,N ,AVE  ,US0031W ,US0031W ,047 US-31W     ,US0031W                                        ,N,37.7363,-85.88797,4,2021,O,047-US-0031W -000,20.135,0,0,0,0,0,0,0,1,0,0,0,0,0,Y
Motor Vehicle,DAC,72700871,20211123,2251,2,NULL,DIXIE                                   ,N ,AVE  ,US0031W ,US0031W ,047 US-31W-10  ,US0031W                                        ,N,37.71866,-85.87951,5,2021,O,047-US-0031W -000,18.782,0,0,0,0,0,0,1,1,0,0,1,0,0,Y
Motor Vehicle,DAC,72701071,20211124,1337,3,NULL,DIXIE                                   ,N ,AVE  ,US0031W ,US0031W ,047 US-31W-10  ,US0031W                                        ,N,37.72671,-85.88348,1,2021,O,047-US-0031W -000,19.366,0,0,0,1,0,0,0,1,0,0,0,0,0,Y
Motor Vehicle,DAC,72701177,20211123,1616,2,NULL,MULBERRY                                ,N ,ST   ,US0062  ,US0062  ,047 US-62-10   ,US0062                                         ,N,37.71126,-85.83462,5,2021,O,047-US-0062  -000,19.792,0,0,0,1,0,0,0,1,0,0,0,0,0,Y
Motor Vehicle,DAC,72701306,20211123,1523,2,NULL,DIXIE                                   ,N ,AVE  ,US0031W ,US0031W ,047 US-31W     ,US0031W                                        ,N,37.73086,-85.88532,5,2021,O,047-US-0031W -000,19.676,0,0,0,0,0,0,1,0,0,0,0,0,0,Y
Motor Vehicle,DAC,72701307,20211124,1828,3,NULL,DIXIE                                   ,N ,HWY  ,US0031W ,US0031W ,047 US-31W     ,US0031W                                        ,N,37.75795,-85.89807,1,2021,B,047-US-0031W -000,21.683,0,0,1,0,0,0,0,0,0,0,1,0,0,Y
Motor Vehicle,DAC,72701535,20211122,1452,1,NULL,31W                                     ,NULL,BYP  ,US0031WB,US0031WB,047 US-31WB-10 ,US0031WB                                       ,N,37.70091,-85.88241,5,2021,O,047-US-0031WB-000,2.168,0,0,1,0,0,0,1,0,0,0,0,0,0,Y
Motor Vehicle,DAC,72702040,20211126,1019,5,NULL,MULBERRY                                ,N ,ST   ,US0062  ,US0062  ,047 US-62-10   ,US0062                                         ,N,37.71257,-85.83196,5,2021,O,047-US-0062  -000,19.977,0,0,0,1,0,0,1,0,0,0,1,0,0,Y
Motor Vehicle,DAC,72702210,20211125,1438,4,NULL,MULBERRY                                ,N ,ST   ,US0062  ,US0062  ,NULL,NULL,N,37.71266,-85.83179,5,2021,O,047-US-0062  -000,19.986,0,0,0,0,0,0,0,0,0,0,0,0,0,Y
Motor Vehicle,DAC,72702374,20211128,1455,0,NULL,DIXIE                                   ,E ,AVE  ,US0031W ,US0031W ,047 US-31W     ,US0031W                                        ,N,37.67125,-85.84615,5,2021,O,047-US-0031W -000,14.902,0,0,0,0,0,0,1,0,0,0,0,0,0,Y
Motor Vehicle,DAC,72702487,20211124,1225,3,NULL,MULBERRY                                ,S ,ST   ,US0062  ,US0062  ,047 US-62      ,US0062                                         ,N,37.68779,-85.86833,1,2021,O,047-US-0062  -000,16.639,0,0,1,0,0,0,0,1,0,0,1,0,0,Y
Motor Vehicle,DAC,72702900,20211130,630,2,NULL,MULBERRY                                ,S ,ST   ,US0062  ,US0062  ,047 US-62-10   ,US0062                                         ,N,37.68521,-85.87207,5,2021,C,047-US-0062  -000,17.041,0,1,0,0,0,0,1,0,0,1,0,0,0,Y
Motor Vehicle,DAC,72702909,20211130,832,2,NULL,31W                                     ,NULL,BYP  ,US0031WB,US0031WB,047 US-31WB-10 ,US0031WB                                       ,N,37.69203,-85.87196,1,2021,O,047-US-0031WB-000,1.357,0,0,0,1,0,0,1,0,0,0,1,0,0,Y
Motor Vehicle,DAC,72702933,20211124,1229,3,NULL,31W                                     ,NULL,BYP  ,US0031WB,US0031WB,047 US-31WB    ,US0031WB                                       ,N,37.70011,-85.88171,5,2021,O,047-US-0031WB-000,2.161,0,0,1,1,0,0,1,0,0,0,0,0,0,Y
Motor Vehicle,DAC,72702935,20211123,1740,2,NULL,RING                                    ,NULL,RD   ,KY3005  ,KY3005  ,047 KY-3005    ,KY3005                                         ,N,37.71126,-85.83984,4,2021,A,047-KY-3005  -000,10.426,0,0,0,0,0,0,0,1,0,0,1,0,0,Y
Motor Vehicle,DAC,72703021,20211130,815,2,NULL,RING                                    ,NULL,RD   ,KY3005  ,KY3005  ,047 KY-3005    ,KY3005                                         ,N,37.7259,-85.83876,8,2021,O,047-KY-3005  -000,9.4,0,0,0,0,0,0,1,0,0,0,0,1,0,Y
Motor Vehicle,DAC,72703269,20211129,1919,1,NULL,NULL,NULL,NULL,US0031WB,US0031WB,NULL,NULL,N,37.68963,-85.86588,1,2021,O,047-US-0031WB-122,0.026,0,0,0,0,0,0,1,1,0,0,1,0,0,Y
Motor Vehicle,Non DAC,72703517,20211125,1520,4,NULL,LINCOLN                                 ,NULL,PKWY ,KY0061  ,KY0061  ,047 KY-61      ,KY0061                                         ,N,37.66985,-85.84611,5,2021,O,047-KY-0061  -000,5.29,0,0,0,0,0,0,0,0,0,0,0,0,0,Y
Motor Vehicle,DAC,72703566,20211130,1641,2,NULL,DIXIE                                   ,N ,HWY  ,US0031W ,US0031W ,047 US-31W-10  ,US0031W                                        ,N,37.758,-85.89833,5,2021,O,047-US-0031W -000,21.678,0,0,0,0,0,0,1,1,0,0,0,0,0,Y
Motor Vehicle,DAC,72703574,20211130,1910,2,NULL,DIXIE                                   ,N ,AVE  ,US0031W ,US0031W ,047 US-31W-10  ,US0031W                                        ,N,37.71012,-85.8752,6,2021,O,047-US-0031W -000,18.141,0,0,0,0,0,0,1,0,0,0,0,0,0,Y
Motor Vehicle,DAC,72703862,20211202,1257,4,NULL,RING                                    ,NULL,RD   ,KY3005  ,KY3005  ,047 KY-3005    ,KY3005                                         ,N,37.73262,-85.85193,5,2021,A,047-KY-3005  -000,8.406,0,0,0,0,0,0,1,0,0,1,0,0,0,Y
Motor Vehicle,DAC,72703922,20211202,1115,4,NULL,NULL,NULL,NULL,US0031WB,US0031WB,NULL,NULL,N,37.70793,-85.88679,8,2021,O,047-US-0031WB-341,0.256,0,0,0,1,0,0,1,0,0,0,0,1,0,Y
Motor Vehicle,DAC,72703982,20211126,2140,5,607,PEAR ORCHARD                            ,NW,RD   ,NULL,NULL,047 CS-1297    ,CS1297                                         ,N,37.7486,-85.87348,9,2021,O,047-CS-1297  -000,0.002,0,0,0,0,0,0,0,0,0,0,0,1,0,Y
Motor Vehicle,Non DAC,72704096,20211202,1614,4,NULL,HODGENVILLE                             ,NULL,RD   ,KY0210  ,KY0210  ,047 KY-210     ,KY0210                                         ,N,37.66677,-85.83862,5,2021,O,047-KY-0210  -000,0.616,0,0,0,0,0,0,1,0,0,0,0,0,0,Y
Motor Vehicle,Non DAC,72704307,20211126,1140,5,NULL,TOWNE                                   ,NULL,DR   ,NULL,NULL,047 CS-1448    ,CS1448                                         ,N,37.73042,-85.89406,5,2021,O,047-CS-1448  -000,0.484,0,0,0,0,0,0,1,0,0,0,0,0,0,Y
Motor Vehicle,Non DAC,72704378,20211203,707,5,NULL,LINCOLN                                 ,NULL,PKWY ,KY0061  ,KY0061  ,047 KY-61      ,KY0061                                         ,N,37.66977,-85.84589,5,2021,O,047-KY-0061  -000,5.276,0,0,0,0,0,0,1,0,0,0,0,0,0,Y
Motor Vehicle,Non DAC,72704559,20211202,1900,4,NULL,MULBERRY                                ,N ,ST   ,US0062  ,US0062  ,047 US-62-10   ,US0062                                         ,N,37.71638,-85.82366,9,2021,O,047-US-0062  -000,20.477,0,0,0,1,0,0,0,0,0,0,0,0,0,Y
Motor Vehicle,Non DAC,72704866,20211203,1601,5,NULL,RING                                    ,NULL,RD   ,KY3005  ,KY3005  ,047 KY-3005-10 ,KY3005                                         ,N,37.7176,-85.90317,5,2021,O,047-KY-3005  -000,5.263,0,0,0,0,0,0,1,0,0,0,0,0,0,Y
Motor Vehicle,DAC,72704867,20211203,1715,5,NULL,MULBERRY                                ,N ,ST   ,US0062  ,US0062  ,047 US-62      ,US0062                                         ,N,37.71278,-85.83117,5,2021,O,047-US-0062  -000,20.013,0,0,0,1,0,0,1,0,0,0,0,0,0,Y
Motor Vehicle,DAC,72704868,20211204,1600,6,NULL,DIXIE                                   ,N ,AVE  ,US0031W ,US0031W ,047 US-31W-10  ,US0031W                                        ,N,37.72784,-85.88411,8,2021,O,047-US-0031W -000,19.456,0,0,0,1,0,0,1,0,0,0,0,1,0,Y
Motor Vehicle,DAC,72705001,20211204,1027,6,NULL,DIXIE                                   ,N ,AVE  ,US0031W ,US0031W ,047 US-31W     ,US0031W                                        ,N,37.71039,-85.87506,1,2021,O,047-US-0031W -000,18.155,0,0,0,1,0,0,1,0,0,0,0,0,0,Y
Motor Vehicle,Non DAC,72705011,20211204,30,6,NULL,PINE VALLEY                             ,NULL,DR   ,NULL,NULL,047 CS-1533    ,CS1533                                         ,N,37.75663,-85.88354,9,2021,O,047-CS-1533  -000,0.744,0,0,1,0,0,0,0,0,1,0,0,1,0,Y
Motor Vehicle,Non DAC,72705148,20211204,1607,6,NULL,GAITHER STATION                         ,NULL,RD   ,NULL,NULL,047 CS-1487    ,CS1487                                         ,N,37.67648,-85.88499,1,2021,O,047-CS-1487  -000,0.164,0,0,0,0,0,0,1,0,0,0,0,1,0,Y
Motor Vehicle,DAC,72705246,20211206,100,1,NULL,MAIN                                    ,N ,ST   ,NULL,NULL,047 CS-1320    ,CS1320                                         ,N,37.69419,-85.85699,1,2021,O,047-CS-1320  -000,0.082,0,0,0,0,0,0,1,1,0,0,1,0,0,Y
Motor Vehicle,DAC,72705273,20211202,2050,4,NULL,DIXIE                                   ,N ,AVE  ,US0031W ,US0031W ,047 US-31W-10  ,US0031W                                        ,N,37.72841,-85.88429,5,2021,O,047-US-0031W -000,19.499,0,0,0,0,0,0,1,0,0,0,1,0,0,Y
Motor Vehicle,DAC,72705274,20211126,223,5,NULL,MULBERRY                                ,S ,ST   ,US0062  ,US0062  ,047 US-62      ,US0062                                         ,N,37.69282,-85.86039,9,2021,B,047-US-0062  -000,17.88,0,0,0,0,0,0,1,1,0,0,0,1,0,Y
Motor Vehicle,Non DAC,72705439,20211124,1610,3,NULL,RING                                    ,NULL,RD   ,KY3005  ,KY3005  ,047 KY-3005-10 ,KY3005                                         ,N,37.69058,-85.91355,8,2021,O,047-KY-3005  -000,3.249,0,0,0,0,0,0,0,0,0,0,0,1,0,Y
Motor Vehicle,DAC,72705440,20211125,1846,4,NULL,MULBERRY                                ,N ,ST   ,US0062  ,US0062  ,047 US-62      ,US0062                                         ,N,37.69662,-85.85693,1,2021,O,047-US-0062  -000,18.199,0,0,1,0,0,0,1,1,0,0,0,0,0,Y
Motor Vehicle,Non DAC,72705441,20211129,1528,1,NULL,RING                                    ,NULL,RD   ,KY3005  ,KY3005  ,047 KY-3005-10 ,KY3005                                         ,N,37.72542,-85.89161,8,2021,O,047-KY-3005  -000,6.098,0,0,1,1,0,0,0,0,0,0,0,1,0,Y
Motor Vehicle,Non DAC,72705442,20211201,1522,3,NULL,RING                                    ,NULL,RD   ,KY3005  ,KY3005  ,047 KY-3005    ,KY3005                                         ,N,37.67923,-85.91495,1,2021,O,047-KY-3005  -000,2.466,0,0,0,0,0,0,0,1,0,0,1,0,0,Y
Motor Vehicle,DAC,72705547,20211201,1520,3,NULL,DIXIE                                   ,W ,AVE  ,US0031W ,US0031W ,047 US-31W     ,US0031W                                        ,N,37.70185,-85.86867,8,2021,O,047-US-0031W -000,17.462,0,0,0,1,0,0,1,0,0,0,0,1,0,Y
Motor Vehicle,DAC,72705548,20211201,1612,3,NULL,RING                                    ,NULL,RD   ,KY3005  ,KY3005  ,047 KY-3005    ,KY3005                                         ,N,37.732,-85.84328,8,2021,O,047-KY-3005  -000,8.89,0,0,0,0,0,0,1,0,0,0,0,1,0,Y
Motor Vehicle,DAC,72705762,20211206,1242,1,NULL,DIXIE                                   ,W ,AVE  ,US0031W ,US0031W ,047 US-31W     ,US0031W                                        ,N,37.70264,-85.86949,1,2021,O,047-US-0031W -000,17.533,0,0,0,0,0,0,1,0,0,0,0,0,0,Y
Motor Vehicle,DAC,72705848,20211130,805,2,NULL,MULBERRY                                ,N ,ST   ,US0062  ,US0062  ,047 US-62      ,US0062                                         ,N,37.70917,-85.83839,4,2021,C,047-US-0062  -000,19.551,0,0,0,0,0,0,0,0,0,0,1,0,0,Y
Motor Vehicle,Non DAC,72706073,20211206,1941,1,NULL,PATRIOT                                 ,NULL,PKWY ,KY0361  ,KY0361  ,047 KY-361     ,KY0361                                         ,N,37.72189,-85.90974,5,2021,O,047-KY-0361  -000,2.303,0,0,0,0,0,0,1,0,0,0,0,0,0,Y
Motor Vehicle,DAC,72706734,20211207,1640,2,NULL,US31W BYP S TURN LANE                   ,NULL,NULL,US0031WB,US0031WB,047 US-31WB-23 ,US0031WB                                       ,N,37.69989,-85.88193,5,2021,O,047-US-0031WB-023,0.029,0,0,0,0,0,0,1,0,0,0,0,0,0,Y
Motor Vehicle,DAC,72706881,20211128,1227,0,NULL,COMMERCE                                ,NULL,DR   ,NULL,NULL,047 CS-1108    ,CS1108                                         ,N,37.71095,-85.83345,8,2021,O,047-CS-1108  -000,0.044,0,0,0,1,0,0,0,1,0,0,0,1,0,Y
Motor Vehicle,Non DAC,72706882,20211203,749,5,NULL,WILSON                                  ,S ,RD   ,KY0447  ,KY0447  ,047 KY-447     ,KY0447                                         ,N,37.74562,-85.89315,1,2021,C,047-KY-0447  -000,0.034,0,0,1,0,0,0,0,0,0,0,0,0,0,Y
Motor Vehicle,Non DAC,72706883,20211204,1508,6,NULL,MULBERRY                                ,S ,ST   ,US0062  ,US0062  ,047 US-62      ,US0062                                         ,N,37.67869,-85.88075,1,2021,O,047-US-0062  -000,16.376,0,0,0,1,0,0,0,1,0,0,0,0,0,Y
Motor Vehicle,DAC,72706888,20211208,1008,3,NULL,31W                                     ,NULL,BYP  ,US0031WB,US0031WB,047 US-31WB-10 ,US0031WB                                       ,N,37.69204,-85.87214,5,2021,O,047-US-0031WB-000,1.373,0,0,0,0,0,0,1,0,0,0,0,0,0,Y
Motor Vehicle,Non DAC,72707004,20211209,1005,4,NULL,RING                                    ,NULL,RD   ,KY3005  ,KY3005  ,047 KY-3005    ,KY3005                                         ,N,37.71743,-85.90332,5,2021,O,047-KY-3005  -000,5.248,0,0,0,1,0,0,1,0,0,0,0,0,0,Y
Motor Vehicle,Non DAC,72707233,20211209,1548,4,NULL,VETERANS                                ,NULL,WAY  ,NULL,NULL,047 CS-1683    ,CS1683                                         ,N,37.72553,-85.89159,5,2021,O,047-CS-1683  -000,0.016,0,0,0,0,0,0,1,0,0,0,0,0,0,Y
Motor Vehicle,DAC,72707238,20211209,2209,4,202,MULBERRY                                ,N ,ST   ,US0062  ,US0062  ,047 US-62      ,US0062                                         ,N,37.69502,-85.8584,9,2021,O,047-US-0062  -000,18.059,0,0,1,0,0,0,0,0,0,0,0,1,0,Y
Motor Vehicle,DAC,72707374,20211202,1205,4,NULL,MULBERRY                                ,S ,ST   ,US0062  ,US0062  ,047 US-62      ,US0062                                         ,N,37.69154,-85.86177,1,2021,O,047-US-0062  -000,17.757,0,0,0,0,0,0,1,1,0,0,1,0,0,Y
Motor Vehicle,DAC,72707696,20211210,2153,5,NULL,RING                                    ,NULL,RD   ,KY3005  ,KY3005  ,047 KY-3005    ,KY3005                                         ,N,37.72902,-85.88196,1,2021,B,047-KY-3005  -000,6.671,0,0,0,0,0,0,1,1,0,0,1,0,0,Y
Motor Vehicle,DAC,72707952,20211211,1217,6,NULL,DIXIE                                   ,N ,AVE  ,US0031W ,US0031W ,047 US-31W     ,US0031W                                        ,N,37.73264,-85.88617,1,2021,O,047-US-0031W -000,19.801,0,0,0,0,0,0,1,1,0,0,0,0,0,Y
Motor Vehicle,Non DAC,72707963,20211210,1746,5,607,HODGENVILLE                             ,NULL,RD   ,KY0210  ,KY0210  ,047 KY-210     ,KY0210                                         ,N,37.66701,-85.83888,5,2021,B,047-KY-0210  -000,0.595,0,0,0,0,0,0,1,1,0,0,0,0,0,Y
Motor Vehicle,Non DAC,72707980,20211211,1804,6,NULL,RING                                    ,NULL,RD   ,KY3005  ,KY3005  ,047 KY-3005-10 ,KY3005                                         ,N,37.7216,-85.89833,8,2021,O,047-KY-3005  -000,5.645,0,0,1,0,0,0,0,0,0,0,0,1,0,Y
Motor Vehicle,Non DAC,72708255,20211212,1504,0,NULL,DIXIE                                   ,N ,AVE  ,US0031W ,US0031W ,047 US-31W-10  ,US0031W                                        ,N,37.74645,-85.89305,8,2021,O,047-US-0031W -000,20.825,0,0,1,0,0,0,1,0,0,0,0,1,0,Y
Motor Vehicle,Non DAC,72708435,20211209,929,4,NULL,RING                                    ,NULL,RD   ,KY3005  ,KY3005  ,047 KY-3005    ,KY3005                                         ,N,37.72726,-85.88823,8,2021,O,047-KY-3005  -000,6.319,0,0,0,1,0,0,0,1,0,0,0,1,0,Y
Motor Vehicle,DAC,72709679,20211215,2150,3,NULL,POPLAR                                  ,W ,ST   ,NULL,NULL,047 CS-1068    ,CS1068                                         ,N,37.70255,-85.86768,1,2021,O,047-CS-1068  -000,0.83,0,0,0,0,0,0,0,0,0,0,0,0,0,Y
Motor Vehicle,DAC,72710105,20211215,1531,3,NULL,MULBERRY                                ,S ,ST   ,US0062  ,US0062  ,047 US-62      ,US0062                                         ,N,37.6933,-85.85995,1,2021,O,047-US-0062  -000,17.919,0,0,0,0,0,0,0,1,0,0,1,0,0,Y
Motor Vehicle,DAC,72710170,20211213,2006,1,NULL,DIXIE                                   ,N ,AVE  ,US0031W ,US0031W ,NULL,NULL,N,37.74114,-85.89056,4,2021,O,047-US-0031W -000,20.434,0,0,0,0,0,0,1,0,0,0,1,0,0,Y
Motor Vehicle,DAC,72710199,20211216,1410,4,NULL,DIXIE                                   ,N ,AVE  ,US0031W ,US0031W ,047 US-31W-10  ,US0031W                                        ,N,37.71308,-85.87673,5,2021,O,047-US-0031W -000,18.362,0,0,0,0,0,0,0,0,0,0,0,0,0,Y
Motor Vehicle,Non DAC,72710485,20211217,1457,5,NULL,DIXIE                                   ,N ,AVE  ,US0031W ,US0031W ,NULL,NULL,N,37.75068,-85.89498,1,2021,O,047-US-0031W -000,21.14,0,0,0,0,0,0,0,1,0,0,1,0,0,Y
Motor Vehicle,DAC,72710486,20211217,1148,5,NULL,RING                                    ,NULL,RD   ,KY3005  ,KY3005  ,NULL,NULL,N,37.72826,-85.88406,1,2021,O,047-KY-3005  -000,6.546,0,0,0,1,0,0,0,0,0,0,1,0,0,Y
Motor Vehicle,DAC,72710826,20211218,1200,6,NULL,RING                                    ,NULL,RD   ,KY3005  ,KY3005  ,047 KY-3005    ,KY3005                                         ,N,37.72996,-85.87848,5,2021,O,047-KY-3005  -000,6.877,0,0,1,0,0,0,0,0,0,0,0,0,0,Y