Mode,Crash In Disadvantaged Community,MasterFile,CollisionDate,CollisionTime,CollisionDayWeekCode,RoadwayName_HouseBusinessNumber_,RoadwayName_RoadwayName_,RoadwayName_Direction_,RoadwayName_RoadwaySuffix_,RoadwayfromReport,CurrentRoadwayNumber,RSEUniqueGIS,RoadwayIdentifier,ParkingLotIndicator,Latitude,Longitude,MannerofCollisionCode,YR,KABCO,KTC_RT,KTC_MP,Motorcyclist,Commercial Vehicle,Young Driver,Mature Driver,Pedestrian,Bicyclist,Distracted,Aggressive,Impaired,Unrestrained,Intersection,Roadway Departure,Median Cross-over,In City Limits?
Motor Vehicle,DAC,72710905,20211217,1948,5,NULL,MULBERRY                                ,N ,ST   ,US0062  ,US0062  ,047 US-62-10   ,US0062                                         ,N,37.71267,-85.83171,5,2021,O,047-US-0062  -000,19.989,0,0,1,0,0,0,0,1,0,0,0,0,0,Y
Motor Vehicle,DAC,72711061,20211217,1658,5,NULL,MULBERRY                                ,N ,ST   ,US0062  ,US0062  ,047 US-62      ,US0062                                         ,N,37.6994,-85.8545,5,2021,O,047-US-0062  -000,18.433,0,0,1,0,0,0,1,0,0,0,0,0,0,Y
Motor Vehicle,Non DAC,72711468,20211220,548,1,NULL,RING                                    ,NULL,RD   ,KY3005  ,KY3005  ,047 KY-3005    ,KY3005                                         ,N,37.67157,-85.91183,5,2021,C,047-KY-3005  -000,1.906,0,0,0,0,0,0,1,0,0,0,0,0,0,N
Motor Vehicle,Non DAC,72711535,20211220,825,1,NULL,RING                                    ,NULL,RD   ,KY3005  ,KY3005  ,047 KY-3005-10 ,KY3005                                         ,N,37.72542,-85.89186,1,2021,O,047-KY-3005  -000,6.085,0,0,0,0,0,0,1,0,0,0,0,0,0,Y
Motor Vehicle,DAC,72711578,20211220,1044,1,NULL,DIXIE                                   ,N ,AVE  ,US0031W ,US0031W ,047 US-31W     ,US0031W                                        ,N,37.73838,-85.889,5,2021,O,047-US-0031W -000,20.242,0,0,0,1,0,0,1,1,0,0,0,0,0,Y
Motor Vehicle,Non DAC,72711717,20211220,1400,1,NULL,DIXIE                                   ,N ,HWY  ,US0031W ,US0031W ,047 US-31W-10  ,US0031W                                        ,N,37.75262,-85.89591,8,2021,O,047-US-0031W -000,21.292,0,0,0,0,0,0,0,0,0,0,0,1,0,Y
Motor Vehicle,DAC,72711800,20211220,1502,1,NULL,DIXIE                                   ,E ,AVE  ,US0031W ,US0031W ,047 US-31W     ,US0031W                                        ,N,37.6719,-85.84603,1,2021,O,047-US-0031W -000,14.941,0,0,0,1,0,0,1,0,0,0,1,0,0,Y
Motor Vehicle,DAC,72711801,20211220,1750,1,NULL,RING                                    ,NULL,RD   ,KY3005  ,KY3005  ,047 KY-3005-10 ,KY3005                                         ,N,37.72824,-85.88428,8,2021,O,047-KY-3005  -000,6.534,0,0,0,0,0,0,1,0,0,0,0,1,0,Y
Motor Vehicle,DAC,72711873,20211218,1553,6,NULL,WALMART                                 ,NULL,DR   ,NULL,NULL,047 CS-1558    ,CS1558                                         ,N,37.73118,-85.88569,1,2021,O,047-CS-1558  -000,0.07,0,0,0,0,0,0,0,1,0,0,0,0,0,Y
Motor Vehicle,Non DAC,72712006,20211218,953,6,NULL,TOWNE                                   ,NULL,CTR  ,NULL,NULL,047 PR-1010    ,PR1010                                         ,N,37.73139,-85.88672,8,2021,O,047-PR-1010  -000,0.262,0,0,0,1,0,0,0,1,0,0,0,1,0,Y
Motor Vehicle,DAC,72712051,20211220,,1,NULL,MAPLE                                   ,S ,ST   ,NULL,NULL,047 CS-1606    ,CS1606                                         ,N,37.69841,-85.86535,2,2021,O,047-CS-1606  -000,0.007,0,0,0,0,0,0,0,0,0,0,0,0,0,Y
Motor Vehicle,DAC,72712465,20211217,1358,5,NULL,DIXIE                                   ,N ,AVE  ,US0031W ,US0031W ,047 US-31W     ,US0031W                                        ,N,37.73441,-85.88704,5,2021,O,047-US-0031W -000,19.954,0,0,0,0,0,0,1,0,0,0,0,0,0,Y
Motor Vehicle,Non DAC,72712466,20211217,1434,5,NULL,RING                                    ,NULL,RD   ,KY3005  ,KY3005  ,047 KY-3005-10 ,KY3005                                         ,N,37.7271,-85.88811,2,2021,O,047-KY-3005  -000,6.324,0,0,0,1,0,0,1,0,0,0,0,0,0,Y
Motor Vehicle,DAC,72712467,20211218,1016,6,NULL,MULBERRY                                ,N ,ST   ,US0062  ,US0062  ,047 US-62      ,US0062                                         ,N,37.71373,-85.8293,1,2021,O,047-US-0062  -000,20.121,0,0,1,0,0,0,0,0,0,0,1,0,1,Y
Motor Vehicle,Non DAC,72712468,20211218,1345,6,NULL,RING                                    ,NULL,RD   ,KY3005  ,KY3005  ,047 KY-3005-10 ,KY3005                                         ,N,37.72799,-85.88495,8,2021,O,047-KY-3005  -000,6.5,0,0,0,1,0,0,1,0,0,0,0,1,0,Y
Motor Vehicle,DAC,72712548,20211220,1716,1,NULL,RING                                    ,NULL,RD   ,KY3005  ,KY3005  ,047 KY-3005    ,KY3005                                         ,N,37.73122,-85.8739,5,2021,O,047-KY-3005  -000,7.145,0,0,0,0,0,0,0,0,0,0,0,0,0,Y
Motor Vehicle,DAC,72712557,20211221,1432,2,NULL,DIXIE                                   ,N ,AVE  ,US0031W ,US0031W ,047 US-31W-10  ,US0031W                                        ,N,37.73461,-85.88735,5,2021,C,047-US-0031W -000,19.981,0,0,0,0,0,0,0,1,0,0,0,0,0,Y
Motor Vehicle,DAC,72712561,20211222,1401,3,NULL,RING                                    ,NULL,RD   ,KY3005  ,KY3005  ,047 KY-3005    ,KY3005                                         ,N,37.73038,-85.87653,5,2021,O,047-KY-3005  -000,6.988,0,0,0,0,0,0,1,0,0,0,0,0,0,Y
Motor Vehicle,Non DAC,72712697,20211222,1458,3,NULL,RING                                    ,NULL,RD   ,KY3005  ,KY3005  ,047 KY-3005-10 ,KY3005                                         ,N,37.69046,-85.91358,1,2021,B,047-KY-3005  -000,3.257,0,0,0,0,0,0,1,0,1,0,1,0,0,Y
Motor Vehicle,Non DAC,72712731,20211221,1912,2,NULL,TOWNE                                   ,NULL,CTR  ,NULL,NULL,047 PR-1010    ,PR1010                                         ,N,37.732,-85.88698,8,2021,O,047-PR-1010  -000,0.306,0,0,0,0,0,0,0,1,0,0,0,1,0,Y
Motor Vehicle,DAC,72712732,20211222,1511,3,NULL,DIXIE                                   ,W ,AVE  ,US0031W ,US0031W ,047 US-31W     ,US0031W                                        ,N,37.69668,-85.86391,5,2021,O,047-US-0031W -000,17.019,0,0,0,0,0,0,0,0,0,0,1,0,0,Y
Motor Vehicle,Non DAC,72712747,20211222,1558,3,NULL,WILSON                                  ,S ,RD   ,KY0447  ,KY0447  ,047 KY-447     ,KY0447                                         ,N,37.74567,-85.89285,5,2021,O,047-KY-0447  -000,0.02,0,0,0,0,0,0,1,0,0,0,0,0,0,Y
Motor Vehicle,Non DAC,72712777,20211214,1209,2,NULL,DIXIE                                   ,N ,AVE  ,US0031W ,US0031W ,047 US-31W-10  ,US0031W                                        ,N,37.74176,-85.89094,8,2021,O,047-US-0031W -000,20.48,0,0,0,1,0,0,1,0,0,0,0,1,0,Y
Motor Vehicle,DAC,72712778,20211216,1414,4,523,DIECKS                                  ,NULL,DR   ,NULL,NULL,047 CS-1061    ,CS1061                                         ,N,37.70981,-85.86363,6,2021,O,047-CS-1061  -000,0.65,0,0,0,1,0,0,1,0,0,0,0,0,0,Y
Motor Vehicle,DAC,72712779,20211217,1349,5,NULL,DIXIE                                   ,N ,AVE  ,US0031W ,US0031W ,047 US-31W-10  ,US0031W                                        ,N,37.73137,-85.88577,5,2021,O,047-US-0031W -000,19.718,0,0,0,0,0,0,0,0,0,0,0,0,0,Y
Motor Vehicle,Non DAC,72712796,20211222,1449,3,NULL,DIXIE                                   ,N ,HWY  ,US0031W ,US0031W ,047 US-31W     ,US0031W                                        ,N,37.75103,-85.89488,1,2021,O,047-US-0031W -000,21.165,0,0,0,0,0,0,1,0,0,0,0,0,0,Y
Motor Vehicle,DAC,72713076,20211214,2145,2,1909,LAKEWOOD                                ,NULL,DR   ,NULL,NULL,047 CS-1273    ,CS1273                                         ,N,37.73414,-85.87597,9,2021,O,047-CS-1273  -000,0.203,0,0,1,0,0,0,0,0,0,0,0,1,0,Y
Motor Vehicle,DAC,72713142,20211223,1818,4,NULL,DIXIE                                   ,N ,AVE  ,US0031W ,US0031W ,047 US-31W-10  ,US0031W                                        ,N,37.71928,-85.87981,1,2021,B,047-US-0031W -000,18.827,0,0,0,0,0,0,1,1,0,0,1,0,0,Y
Motor Vehicle,DAC,72713143,20211223,1614,4,NULL,RING                                    ,NULL,RD   ,KY3005  ,KY3005  ,047 KY-3005    ,KY3005                                         ,N,37.73133,-85.87435,5,2021,O,047-KY-3005  -000,7.065,0,0,0,0,0,0,1,0,0,0,0,0,0,Y
Motor Vehicle,DAC,72713144,20211223,1818,4,NULL,DIXIE                                   ,N ,AVE  ,US0031W ,US0031W ,047 US-31W-10  ,US0031W                                        ,N,37.72003,-85.88025,5,2021,O,047-US-0031W -000,18.879,0,0,0,1,0,0,1,0,0,0,0,0,0,Y
Motor Vehicle,DAC,72713151,20211222,1948,3,NULL,CHILDERS                                ,NULL,CT   ,NULL,NULL,047 CS-1083    ,CS1083                                         ,N,37.73814,-85.88852,7,2021,O,047-CS-1083  -000,0.018,0,1,0,0,0,0,1,0,0,0,0,0,0,Y
Motor Vehicle,DAC,72713240,20211223,1442,4,NULL,MULBERRY                                ,N ,ST   ,US0062  ,US0062  ,047 US-62      ,US0062                                         ,N,37.70449,-85.84658,1,2021,O,047-US-0062  -000,18.997,0,0,0,1,0,0,1,1,0,0,1,0,0,Y
Motor Vehicle,DAC,72713241,20211223,1310,4,NULL,DIXIE                                   ,N ,AVE  ,US0031W ,US0031W ,047 US-31W     ,US0031W                                        ,N,37.73189,-85.88578,1,2021,O,047-US-0031W -000,19.753,0,0,0,1,0,0,1,0,0,0,0,0,0,Y
Motor Vehicle,Non DAC,72713274,20211213,1309,1,NULL,TOWNE                                   ,NULL,CTR  ,NULL,NULL,047 PR-1010    ,PR1010                                         ,N,37.73232,-85.88715,1,2021,O,047-PR-1010  -000,0.33,0,0,0,1,0,0,1,1,0,0,1,0,0,Y
Motor Vehicle,DAC,72713275,20211215,1900,3,NULL,HODGENVILLE                             ,NULL,RD   ,KY0210  ,KY0210  ,047 KY-210     ,KY0210                                         ,N,37.67239,-85.84377,5,2021,O,047-KY-0210  -000,0.126,0,0,0,0,0,0,1,0,0,0,0,0,0,Y
Motor Vehicle,DAC,72713363,20211219,1848,0,NULL,LAYMAN                                  ,NULL,LN   ,NULL,NULL,047 CS-1180    ,CS1180                                         ,N,37.71226,-85.87829,3,2021,B,047-CS-1180  -000,0.114,0,0,0,1,0,0,1,0,0,0,0,1,0,Y
Motor Vehicle,DAC,72713533,20211224,1126,5,NULL,DIXIE                                   ,E ,AVE  ,US0031W ,US0031W ,047 US-31W     ,US0031W                                        ,N,37.68332,-85.85034,1,2021,C,047-US-0031W -000,15.768,0,0,0,1,0,0,1,0,0,0,1,0,0,Y
Motor Vehicle,DAC,72714139,20211227,1557,1,NULL,DIXIE                                   ,E ,AVE  ,US0031W ,US0031W ,047 US-31W     ,US0031W                                        ,N,37.6836,-85.85051,1,2021,O,047-US-0031W -000,15.792,0,0,0,1,0,0,0,1,0,0,0,0,0,Y
Motor Vehicle,DAC,72714179,20211228,20,2,NULL,MULBERRY                                ,N ,ST   ,US0062  ,US0062  ,047 US-62      ,US0062                                         ,N,37.7115,-85.83371,5,2021,C,047-US-0062  -000,19.845,0,0,0,0,0,0,0,0,0,0,0,0,0,Y
Motor Vehicle,DAC,72714426,20211227,1847,1,NULL,RING                                    ,NULL,RD   ,KY3005  ,KY3005  ,047 KY-3005    ,KY3005                                         ,N,37.72814,-85.88419,8,2021,O,047-KY-3005  -000,6.536,0,0,0,0,0,0,1,0,0,0,1,0,0,Y
Motor Vehicle,DAC,72714499,20211228,1535,2,NULL,DOLPHIN                                 ,NULL,DR   ,NULL,NULL,047 CS-1430    ,CS1430                                         ,N,37.71124,-85.83754,1,2021,O,047-CS-1430  -000,0.107,0,0,1,0,0,0,1,0,0,0,1,0,0,Y
Motor Vehicle,Non DAC,72714500,20211228,1938,2,NULL,HICKORY                                 ,NULL,LN   ,NULL,NULL,047 CS-1242    ,CS1242                                         ,N,37.68945,-85.88751,1,2021,O,047-CS-1242  -000,0.163,0,0,0,0,0,0,1,0,0,0,1,0,0,Y
Motor Vehicle,Non DAC,72714583,20211227,1830,1,NULL,RING                                    ,NULL,RD   ,KY3005  ,KY3005  ,047 KY-3005-10 ,KY3005                                         ,N,37.72547,-85.89158,8,2021,O,047-KY-3005  -000,6.101,0,0,1,1,0,0,1,0,0,0,1,0,0,Y
Motor Vehicle,Non DAC,72714584,20211228,1315,2,NULL,ENTERPRISE                              ,NULL,DR   ,NULL,NULL,047 CS-1544    ,CS1544                                         ,N,37.68269,-85.91272,1,2021,O,047-CS-1544  -000,0.093,0,0,0,0,0,0,1,0,0,0,0,0,0,Y
Motor Vehicle,DAC,72714772,20211229,1500,3,120,HILL                                    ,NULL,ST   ,NULL,NULL,047 CS-1253    ,CS1253                                         ,N,37.71082,-85.88066,9,2021,O,047-CS-1253  -000,0.116,0,0,0,0,0,0,0,0,0,0,0,1,0,Y
Motor Vehicle,DAC,72714842,20211229,1613,3,NULL,DIXIE                                   ,N ,AVE  ,US0031W ,US0031W ,NULL,NULL,N,37.70434,-85.87133,5,2021,O,047-US-0031W -000,17.685,0,0,0,0,0,0,1,0,0,0,1,0,0,Y
Motor Vehicle,DAC,72714853,20211229,1541,3,NULL,DIXIE                                   ,N ,AVE  ,US0031W ,US0031W ,047 US-31W-10  ,US0031W                                        ,N,37.71986,-85.8801,5,2021,O,047-US-0031W -000,18.865,0,0,0,1,0,0,1,0,0,0,0,0,0,Y
Motor Vehicle,DAC,72714919,20211115,928,1,NULL,RING                                    ,NULL,RD   ,KY3005  ,KY3005  ,047 KY-3005    ,KY3005                                         ,N,37.73232,-85.87067,9,2021,O,047-KY-3005  -000,7.34,0,0,0,0,0,0,0,0,0,0,0,0,0,Y
Motor Vehicle,DAC,72715171,20211230,1651,4,NULL,ST JAMES                                ,NULL,AVE  ,NULL,NULL,047 CS-1028    ,CS1028                                         ,N,37.70562,-85.85571,3,2021,O,047-CS-1028  -000,0.014,0,0,0,0,0,0,1,0,0,0,0,1,0,Y
Motor Vehicle,Non DAC,72715330,20211231,1109,5,NULL,RING                                    ,NULL,RD   ,KY3005  ,KY3005  ,047 KY-3005    ,KY3005                                         ,N,37.71656,-85.90407,5,2021,O,047-KY-3005  -000,5.176,0,0,0,1,0,0,0,1,0,0,0,0,0,Y
Motor Vehicle,DAC,72715575,20211231,1439,5,NULL,DIXIE                                   ,N ,AVE  ,US0031W ,US0031W ,047 US-31W     ,US0031W                                        ,N,37.72895,-85.88437,8,2021,O,047-US-0031W -000,19.529,0,0,1,0,0,0,0,1,0,0,0,1,0,Y
Motor Vehicle,Non DAC,72715706,20220101,1309,6,NULL,RING                                    ,NULL,RD   ,KY3005  ,KY3005  ,047 KY-3005    ,KY3005                                         ,N,37.72783,-85.88504,5,2022,O,047-KY-3005  -000,6.492,0,0,0,0,0,0,0,1,0,0,0,0,0,Y
Motor Vehicle,DAC,72715836,20211222,1055,3,NULL,RING                                    ,NULL,RD   ,KY3005  ,KY3005  ,047 KY-3005    ,KY3005                                         ,N,37.72829,-85.884,8,2021,O,047-KY-3005  -000,6.549,0,0,0,0,0,0,0,1,0,0,1,0,0,Y
Motor Vehicle,DAC,72715837,20211222,1135,3,NULL,VETERANS                                ,NULL,WAY  ,NULL,NULL,047 CS-1683-20 ,CS1683                                         ,N,37.7409,-85.89069,5,2021,O,047-CS-1683  -020,0.021,0,0,0,0,0,0,0,1,0,0,0,0,0,Y
Motor Vehicle,DAC,72716010,20211220,1030,1,NULL,DIXIE                                   ,N ,AVE  ,US0031W ,US0031W ,047 US-31W     ,US0031W                                        ,N,37.70882,-85.87398,8,2021,O,047-US-0031W -000,18.03,0,0,0,0,0,0,0,0,0,0,0,1,0,Y
Motor Vehicle,DAC,72716011,20211220,1751,1,NULL,RING                                    ,NULL,RD   ,KY3005  ,KY3005  ,047 KY-3005    ,KY3005                                         ,N,37.72929,-85.88084,1,2021,O,047-KY-3005  -000,6.736,0,0,0,0,0,0,0,1,0,0,1,0,0,Y
Motor Vehicle,Non DAC,72716038,20220102,1741,0,NULL,VETERANS                                ,NULL,WAY  ,NULL,NULL,047 CS-1683    ,CS1683                                         ,N,37.73042,-85.8941,1,2022,C,047-CS-1683  -000,0.382,0,0,1,0,0,0,1,1,0,0,0,1,0,Y
Motor Vehicle,Non DAC,72716077,20220101,1946,6,NULL,RING                                    ,NULL,RD   ,KY3005  ,KY3005  ,047 KY-3005-10 ,KY3005                                         ,N,37.72798,-85.885,8,2022,O,047-KY-3005  -000,6.498,0,0,1,1,0,0,0,0,0,0,0,1,0,Y
Motor Vehicle,DAC,72716481,20220103,1100,1,NULL,DIXIE                                   ,N ,AVE  ,US0031W ,US0031W ,047 US-31W     ,US0031W                                        ,N,37.73233,-85.88599,8,2022,O,047-US-0031W -000,19.785,0,0,1,1,0,0,0,1,0,0,0,1,0,Y
Motor Vehicle,DAC,72716507,20220104,1052,2,NULL,RING                                    ,NULL,RD   ,KY3005  ,KY3005  ,047 KY-3005    ,KY3005                                         ,N,37.72855,-85.88346,5,2022,O,047-KY-3005  -000,6.584,0,0,0,0,0,0,1,0,0,0,0,0,0,Y
Motor Vehicle,DAC,72716967,20220101,1328,6,NULL,CRUTCHER                                ,E ,ST   ,NULL,NULL,047 CS-1004    ,CS1004                                         ,N,37.69428,-85.85289,9,2022,O,047-CS-1004  -000,0.058,0,0,0,0,0,0,0,0,1,0,0,1,0,Y
Motor Vehicle,Non DAC,72717069,20220105,1623,3,NULL,US31W BYP S RAMP                        ,NULL,NULL,US0031WB,US0031WB,NULL,NULL,N,37.71173,-85.88859,5,2022,O,047-US-0031WB-332,0.021,0,0,0,1,0,0,1,0,0,0,0,0,0,Y
Motor Vehicle,DAC,72717126,20220105,1503,3,NULL,PEAR ORCHARD                            ,NW,RD   ,NULL,NULL,047 CS-1297    ,CS1297                                         ,N,37.74135,-85.89037,5,2022,O,047-CS-1297  -000,1.028,0,0,0,1,0,0,1,0,0,0,1,0,0,Y
Motor Vehicle,Non DAC,72717127,20220105,1540,3,NULL,VETERANS                                ,NULL,WAY  ,NULL,NULL,047 CS-1683    ,CS1683                                         ,N,37.73044,-85.89408,4,2022,C,047-CS-1683  -000,0.383,0,0,0,1,0,0,0,1,0,0,0,0,0,Y
Motor Vehicle,DAC,72717353,20220105,1823,3,NULL,FRENCH                                  ,W ,ST   ,NULL,NULL,047 CS-1418    ,CS1418                                         ,N,37.70341,-85.84478,9,2022,O,047-CS-1418  -000,0.121,0,0,0,0,0,0,1,0,0,0,1,0,0,Y
Motor Vehicle,Non DAC,72717902,20220106,1038,4,NULL,WOODLAND                                ,NULL,DR   ,NULL,NULL,047 CS-1193    ,CS1193                                         ,N,37.72731,-85.88574,5,2022,O,047-CS-1193  -000,0.02,0,0,0,0,0,0,0,0,0,0,1,0,0,Y
Motor Vehicle,Non DAC,72717903,20220106,1156,4,NULL,LINCOLN                                 ,NULL,PKWY ,KY0061  ,KY0061  ,047 KY-61      ,KY0061                                         ,N,37.66543,-85.83986,1,2022,O,047-KY-0061  -000,4.805,0,0,0,1,0,0,0,0,0,0,1,0,0,Y
Motor Vehicle,DAC,72717910,20220106,950,4,NULL,RING                                    ,NULL,RD   ,KY3005  ,KY3005  ,047 KY-3005    ,KY3005                                         ,N,37.73212,-85.84406,5,2022,O,047-KY-3005  -000,8.846,0,0,0,0,0,0,0,1,0,0,0,0,0,Y
Motor Vehicle,DAC,72717915,20211230,1348,4,NULL,RING                                    ,NULL,RD   ,KY3005  ,KY3005  ,047 KY-3005    ,KY3005                                         ,N,37.72929,-85.88074,1,2021,O,047-KY-3005  -000,6.732,0,0,0,0,0,0,0,1,0,0,1,0,0,Y
Motor Vehicle,DAC,72717966,20220106,1059,4,NULL,DIXIE                                   ,N ,AVE  ,US0031W ,US0031W ,047 US-31W-10  ,US0031W                                        ,N,37.7389,-85.88964,8,2022,O,047-US-0031W -000,20.284,0,0,0,0,0,0,1,0,0,0,0,1,0,Y
Motor Vehicle,DAC,72717967,20220106,1155,4,NULL,31W                                     ,NULL,BYP  ,US0031WB,US0031WB,047 US-31WB-10 ,US0031WB                                       ,N,37.70031,-85.88211,5,2022,O,047-US-0031WB-000,2.179,0,0,0,0,0,0,0,1,0,0,0,0,0,Y
Motor Vehicle,DAC,72718216,20220102,1723,0,NULL,DIXIE                                   ,W ,AVE  ,US0031W ,US0031W ,047 US-31W     ,US0031W                                        ,N,37.69703,-85.86416,5,2022,O,047-US-0031W -000,17.047,0,0,0,0,0,0,1,1,0,0,0,0,0,Y
Motor Vehicle,Non DAC,72718217,20220102,1850,0,NULL,RING                                    ,NULL,RD   ,KY3005  ,KY3005  ,047 KY-3005    ,KY3005                                         ,N,37.71726,-85.9033,1,2022,O,047-KY-3005  -000,5.247,0,0,1,0,0,0,1,1,0,0,1,0,0,Y
Motor Vehicle,DAC,72718253,20220106,1047,4,NULL,PEAR ORCHARD                            ,NW,RD   ,NULL,NULL,047 CS-1297    ,CS1297                                         ,N,37.74876,-85.8755,1,2022,O,047-CS-1297  -000,0.114,0,0,0,1,0,0,0,0,0,0,1,0,0,Y
Motor Vehicle,Non DAC,72718358,20220106,1111,4,NULL,BLACK BRANCH                            ,N ,RD   ,NULL,NULL,047 CS-1551    ,CS1551                                         ,N,37.6793,-85.91461,5,2022,O,047-CS-1551  -000,0.682,0,0,0,1,0,0,0,0,0,0,0,0,0,Y
Motor Vehicle,Non DAC,72718359,20220106,1006,4,NULL,RING                                    ,NULL,RD   ,KY3005  ,KY3005  ,047 KY-3005-10 ,KY3005                                         ,N,37.71721,-85.90356,1,2022,O,047-KY-3005  -000,5.228,0,0,0,0,0,0,0,0,0,0,0,0,0,Y
Motor Vehicle,Non DAC,72718792,20220106,1558,4,NULL,RING                                    ,NULL,RD   ,KY3005  ,KY3005  ,047 KY-3005    ,KY3005                                         ,N,37.71711,-85.90359,1,2022,O,047-KY-3005  -000,5.265,0,0,0,0,0,0,0,0,0,0,1,0,0,Y
Motor Vehicle,DAC,72718943,20220109,1500,0,620,MULBERRY                                ,N ,ST   ,US0062  ,US0062  ,047 US-62      ,US0062                                         ,N,37.70134,-85.85206,2,2022,O,047-US-0062  -000,18.625,0,0,0,0,0,0,0,0,0,0,0,0,0,Y
Motor Vehicle,DAC,72718992,20220105,1336,3,NULL,DIXIE                                   ,E ,AVE  ,US0031W ,US0031W ,047 US-31W     ,US0031W                                        ,N,37.68335,-85.85042,1,2022,K,047-US-0031W -000,15.764,0,0,0,1,0,0,0,1,0,0,1,0,0,Y
Motor Vehicle,Non DAC,72718993,20220106,1051,4,NULL,ST JOHN                                 ,NULL,RD   ,KY1357  ,KY1357  ,047 KY-1357    ,KY1357                                         ,N,37.69579,-85.91058,1,2022,O,047-KY-1357  -000,14.605,0,0,0,0,0,0,0,1,0,0,0,0,0,Y
Motor Vehicle,DAC,72719080,20220110,843,1,NULL,COLLEGE                                 ,NULL,ST   ,NULL,NULL,047 CS-1730    ,CS1730                                         ,N,37.69236,-85.86355,1,2022,O,047-CS-1730  -000,0.48,0,0,0,1,0,0,0,1,0,0,0,0,0,Y
Motor Vehicle,DAC,72719342,20220110,1704,1,NULL,31W                                     ,NULL,BYP  ,US0031WB,US0031WB,047 US-31WB-10 ,US0031WB                                       ,N,37.69298,-85.87367,5,2022,O,047-US-0031WB-000,1.482,0,0,0,0,0,0,1,0,0,0,0,0,0,Y
Motor Vehicle,Non DAC,72719479,20220105,1208,3,NULL,PATRIOT                                 ,NULL,PKWY ,KY0361  ,KY0361  ,047 KY-361-10  ,KY0361                                         ,N,37.71733,-85.9036,5,2022,C,047-KY-0361  -000,1.834,0,0,0,0,0,0,0,0,0,0,1,0,0,Y
Motor Vehicle,DAC,72719744,20220111,734,2,NULL,MULBERRY                                ,S ,ST   ,US0062  ,US0062  ,NULL,NULL,N,37.68738,-85.8693,5,2022,O,047-US-0062  -000,17.256,0,0,0,0,0,0,0,0,0,0,0,0,0,Y
Motor Vehicle,Non DAC,72719745,20220111,1737,2,NULL,LEITCHFIELD                             ,NULL,RD   ,US0062  ,US0062  ,NULL,NULL,N,37.66863,-85.91983,5,2022,C,047-US-0062  -000,14.077,0,0,0,0,0,0,0,0,0,0,0,0,0,N
Motor Vehicle,DAC,72719846,20220111,1502,2,NULL,RING                                    ,NULL,RD   ,KY3005  ,KY3005  ,047 KY-3005    ,KY3005                                         ,N,37.73239,-85.84716,8,2022,O,047-KY-3005  -000,8.675,0,0,0,0,0,0,1,0,0,0,0,1,0,Y
Motor Vehicle,DAC,72719848,20220111,1658,2,NULL,CENTRAL                                 ,NULL,AVE  ,NULL,NULL,047 CS-1072    ,CS1072                                         ,N,37.69564,-85.85308,7,2022,O,047-CS-1072  -000,0.308,0,0,0,0,0,0,0,0,0,0,0,1,0,Y
Motor Vehicle,DAC,72720356,20220113,1931,4,NULL,DIXIE                                   ,N ,AVE  ,US0031W ,US0031W ,047 US-31W     ,US0031W                                        ,N,37.71812,-85.87894,8,2022,O,047-US-0031W -000,18.733,0,0,0,0,0,0,0,0,0,0,0,1,0,Y
Motor Vehicle,Non DAC,72720536,20220106,1126,4,NULL,NULL,NULL,NULL,I 0065  ,I 0065  ,NULL,NULL,N,37.71421,-85.82783,5,2022,O,047-I -0065  -511,0.284,0,0,0,0,0,0,0,1,0,0,0,0,0,Y