Mode,Crash In Disadvantaged Community,MasterFile,CollisionDate,CollisionTime,CollisionDayWeekCode,RoadwayName_HouseBusinessNumber_,RoadwayName_RoadwayName_,RoadwayName_Direction_,RoadwayName_RoadwaySuffix_,RoadwayfromReport,CurrentRoadwayNumber,RSEUniqueGIS,RoadwayIdentifier,ParkingLotIndicator,Latitude,Longitude,MannerofCollisionCode,YR,KABCO,KTC_RT,KTC_MP,Motorcyclist,Commercial Vehicle,Young Driver,Mature Driver,Pedestrian,Bicyclist,Distracted,Aggressive,Impaired,Unrestrained,Intersection,Roadway Departure,Median Cross-over,In City Limits?
Motor Vehicle,DAC,72720537,20220106,1056,4,NULL,BUFFALO CREEK                           ,NULL,DR   ,NULL,NULL,047 CS-1431    ,CS1431                                         ,N,37.71261,-85.83199,7,2022,O,047-CS-1431  -000,0.008,0,0,0,0,0,0,0,1,0,0,0,1,0,Y
Motor Vehicle,DAC,72721705,20220112,1230,3,NULL,RING                                    ,NULL,RD   ,KY3005  ,KY3005  ,047 KY-3005    ,KY3005                                         ,N,37.72866,-85.88291,8,2022,O,047-KY-3005  -000,6.615,0,0,0,0,0,0,1,1,0,0,0,1,0,Y
Motor Vehicle,DAC,72722286,20220119,950,3,NULL,TOWNE                                   ,NULL,DR   ,NULL,NULL,047 CS-1448    ,CS1448                                         ,N,37.73399,-85.88734,1,2022,O,047-CS-1448  -000,0.027,0,0,0,1,0,0,0,1,0,0,0,0,0,Y
Motor Vehicle,Non DAC,72722367,20220119,1541,3,NULL,PATRIOT                                 ,NULL,PKWY ,KY0361  ,KY0361  ,047 KY-361     ,KY0361                                         ,N,37.71723,-85.90315,5,2022,O,047-KY-0361  -000,1.811,0,0,1,0,0,0,1,0,0,0,0,0,0,Y
Motor Vehicle,DAC,72722650,20220119,1512,3,NULL,WOODLAND                                ,NULL,DR   ,NULL,NULL,047 CS-1193    ,CS1193                                         ,N,37.71695,-85.88199,1,2022,O,047-CS-1193  -000,0.763,0,0,0,0,0,0,0,1,0,0,1,0,0,Y
Motor Vehicle,DAC,72722651,20220119,1711,3,NULL,MANTLE                                  ,N ,AVE  ,NULL,NULL,047 CS-1025    ,CS1025                                         ,N,37.70793,-85.85913,2,2022,O,047-CS-1025  -000,0.674,0,0,0,1,0,0,0,0,0,0,0,0,0,Y
Motor Vehicle,Non DAC,72722694,20220120,215,4,NULL,RING                                    ,NULL,RD   ,KY3005  ,KY3005  ,047 KY-3005-10 ,KY3005                                         ,N,37.72695,-85.88864,8,2022,O,047-KY-3005  -000,6.293,0,0,1,0,0,0,1,0,0,0,0,1,0,Y
Motor Vehicle,DAC,72722899,20220121,854,5,NULL,US31W BYP N TURN LANE FROM  COLLEGE ST W,NULL,NULL,US0031WB,US0031WB,047 US-31WB-27 ,US0031WB                                       ,N,37.6923,-85.87196,8,2022,O,047-US-0031WB-027,0.02,0,0,0,0,0,0,1,1,0,0,0,1,0,Y
Motor Vehicle,DAC,72723260,20220122,1405,6,NULL,RING                                    ,NULL,RD   ,KY3005  ,KY3005  ,047 KY-3005    ,KY3005                                         ,N,37.7302,-85.8773,1,2022,O,047-KY-3005  -000,6.943,0,0,0,0,0,0,0,0,0,0,1,0,0,Y
Motor Vehicle,DAC,72723428,20220119,1317,3,NULL,DIXIE                                   ,N ,AVE  ,US0031W ,US0031W ,047 US-31W     ,US0031W                                        ,N,37.72803,-85.88387,5,2022,O,047-US-0031W -000,19.459,0,0,0,0,0,0,0,0,0,0,0,0,0,Y
Motor Vehicle,DAC,72723724,20220124,1400,1,415,JEY                                     ,NULL,DR   ,NULL,NULL,047 CS-1717    ,CS1717                                         ,N,37.67851,-85.86862,1,2022,O,047-CS-1717  -000,0.109,0,0,0,0,0,0,1,0,0,0,0,0,0,Y
Motor Vehicle,DAC,72724190,20220121,1820,5,NULL,DIXIE                                   ,E ,AVE  ,US0031W ,US0031W ,047 US-31W     ,US0031W                                        ,N,37.67351,-85.84579,1,2022,O,047-US-0031W -000,15.049,0,0,0,0,0,0,0,1,0,0,1,0,0,Y
Motor Vehicle,Non DAC,72724193,20220125,1535,2,NULL,VETERANS                                ,NULL,WAY  ,NULL,NULL,047 CS-1683    ,CS1683                                         ,N,37.73098,-85.89428,1,2022,C,047-CS-1683  -000,0.422,0,0,1,0,0,0,1,0,0,0,0,0,0,Y
Motor Vehicle,DAC,72724213,20220121,2124,5,NULL,DIXIE                                   ,N ,AVE  ,US0031W ,US0031W ,047 US-31W-10  ,US0031W                                        ,N,37.73152,-85.88584,8,2022,O,047-US-0031W -000,19.73,0,0,0,0,0,0,1,0,0,0,0,1,0,Y
Motor Vehicle,DAC,72724272,20220124,759,1,NULL,BUFFALO CREEK                           ,NULL,DR   ,NULL,NULL,047 CS-1431    ,CS1431                                         ,N,37.71366,-85.83279,5,2022,O,047-CS-1431  -000,0.102,0,0,0,0,0,0,1,0,0,0,0,0,0,Y
Motor Vehicle,Non DAC,72724273,20220124,640,1,NULL,ALTEC                                   ,NULL,DR   ,NULL,NULL,047 CS-1008    ,CS1008                                         ,N,37.66847,-85.9255,5,2022,O,047-CS-1008  -000,0.178,0,0,0,0,0,0,1,0,0,0,0,0,0,Y
Motor Vehicle,DAC,72724589,20220126,744,3,NULL,31W                                     ,NULL,BYP  ,US0031WB,US0031WB,047 US-31WB    ,US0031WB                                       ,N,37.69168,-85.87124,5,2022,O,047-US-0031WB-000,1.33,0,0,0,1,0,0,1,0,0,0,0,0,0,Y
Motor Vehicle,DAC,72724613,20220127,1021,4,NULL,RING                                    ,NULL,RD   ,KY3005  ,KY3005  ,047 KY-3005    ,KY3005                                         ,N,37.73369,-85.86262,1,2022,O,047-KY-3005  -000,7.797,0,0,0,0,0,0,0,0,0,0,0,0,0,Y
Motor Vehicle,DAC,72724971,20220128,1217,5,NULL,DIXIE                                   ,N ,AVE  ,US0031W ,US0031W ,NULL,NULL,N,37.70994,-85.87507,1,2022,O,047-US-0031W -000,18.127,0,0,0,0,0,0,0,1,0,0,0,0,0,Y
Motor Vehicle,DAC,72725242,20220128,1528,5,NULL,DIXIE                                   ,N ,AVE  ,US0031W ,US0031W ,047 US-31W     ,US0031W                                        ,N,37.73125,-85.88546,5,2022,O,047-US-0031W -000,19.704,0,0,0,0,0,0,0,0,0,0,1,0,0,Y
Motor Vehicle,Non DAC,72725391,20220129,1001,6,NULL,MULBERRY                                ,N ,ST   ,US0062  ,US0062  ,NULL,NULL,N,37.71432,-85.82811,5,2022,O,047-US-0062  -000,20.193,0,0,0,0,0,0,1,0,0,0,0,0,0,Y
Motor Vehicle,DAC,72725497,20220129,1336,6,NULL,RING                                    ,NULL,RD   ,KY3005  ,KY3005  ,047 KY-3005    ,KY3005                                         ,N,37.73008,-85.87795,1,2022,O,047-KY-3005  -000,6.907,0,0,0,0,0,0,1,1,0,0,0,0,0,Y
Motor Vehicle,DAC,72725520,20220117,705,1,NULL,RING                                    ,NULL,RD   ,KY3005  ,KY3005  ,047 KY-3005    ,KY3005                                         ,N,37.73355,-85.85544,1,2022,O,047-KY-3005  -000,8.2,0,0,0,0,0,0,0,0,0,0,1,0,0,Y
Motor Vehicle,DAC,72725521,20220124,1443,1,NULL,ST JOHN                                 ,NULL,RD   ,KY1357  ,KY1357  ,047 KY-1357    ,KY1357                                         ,N,37.70044,-85.88145,5,2022,O,047-KY-1357  -000,16.352,0,0,0,1,0,0,1,0,0,0,1,0,0,Y
Motor Vehicle,DAC,72725643,20220128,1515,5,NULL,31W                                     ,NULL,BYP  ,US0031WB,US0031WB,047 US-31WB    ,US0031WB                                       ,N,37.69952,-85.88147,5,2022,O,047-US-0031WB-000,2.117,0,0,1,0,0,0,1,0,0,0,0,0,0,Y
Motor Vehicle,DAC,72725646,20220129,1511,6,NULL,MILES                                   ,N ,ST   ,KY0251  ,KY0251  ,047 KY-251     ,KY0251                                         ,N,37.71162,-85.85291,1,2022,O,047-KY-0251  -000,1.189,0,0,0,0,0,0,1,1,0,0,1,0,0,Y
Motor Vehicle,DAC,72726113,20220131,1033,1,NULL,MILES                                   ,N ,ST   ,KY0251  ,KY0251  ,047 KY-251     ,KY0251                                         ,N,37.69707,-85.86192,1,2022,O,047-KY-0251  -000,0.092,0,0,1,1,0,0,1,0,0,0,1,0,0,Y
Motor Vehicle,DAC,72726766,20220201,1215,2,NULL,DIXIE                                   ,N ,AVE  ,US0031W ,US0031W ,047 US-31W     ,US0031W                                        ,N,37.72659,-85.88316,8,2022,B,047-US-0031W -000,19.354,0,0,0,0,0,0,0,0,0,0,0,1,0,Y
Motor Vehicle,Non DAC,72727325,20220202,1938,3,NULL,RING                                    ,NULL,RD   ,KY3005  ,KY3005  ,NULL,NULL,N,37.73922,-85.89404,1,2022,O,047-CS-1683  -000,1.059,0,0,1,0,0,0,0,0,0,0,1,0,0,Y
Motor Vehicle,DAC,72727391,20220202,1843,3,NULL,ST JOHN                                 ,NULL,RD   ,KY1357  ,KY1357  ,047 KY-1357    ,KY1357                                         ,N,37.70022,-85.88181,1,2022,O,047-KY-1357  -000,16.329,0,0,0,0,0,0,1,1,0,0,1,0,0,Y
Motor Vehicle,DAC,72727420,20220201,1922,2,NULL,MULBERRY                                ,N ,ST   ,US0062  ,US0062  ,047 US-62      ,US0062                                         ,N,37.69938,-85.85443,5,2022,O,047-US-0062  -000,18.435,0,0,0,0,0,0,1,0,0,0,0,1,0,Y
Motor Vehicle,DAC,72727933,20220205,430,6,NULL,DIXIE                                   ,N ,AVE  ,US0031W ,US0031W ,047 US-31W-10  ,US0031W                                        ,N,37.72725,-85.88374,5,2022,O,047-US-0031W -000,19.405,0,0,0,0,0,0,0,0,0,0,0,0,0,Y
Motor Vehicle,DAC,72728222,20220206,1901,0,NULL,MULBERRY                                ,N ,ST   ,US0062  ,US0062  ,047 US-62-10   ,US0062                                         ,N,37.71237,-85.8324,5,2022,O,047-US-0062  -000,19.945,0,0,1,0,0,0,1,0,0,0,0,0,0,Y
Motor Vehicle,Non DAC,72728224,20220111,2202,2,NULL,RING                                    ,NULL,RD   ,KY3005  ,KY3005  ,047 KY-3005-10 ,KY3005                                         ,N,37.69613,-85.91046,5,2022,O,047-KY-3005  -000,3.681,0,0,1,1,0,0,1,1,0,0,0,0,0,Y
Motor Vehicle,DAC,72728225,20220120,2006,4,NULL,PUBLIC                                  ,NULL,SQ   ,US0031W ,US0031W ,047 US-31W     ,US0031W                                        ,N,37.69313,-85.85776,7,2022,O,047-US-0031W -000,16.609,0,0,0,0,0,0,0,0,0,0,0,1,0,Y
Motor Vehicle,DAC,72728257,20220202,642,3,NULL,CARDIN                                  ,NULL,ST   ,NULL,NULL,047 CS-1112-31 ,CS1112                                         ,N,37.69129,-85.86222,8,2022,O,047-CS-1112  -031,0,0,1,0,0,0,0,0,1,0,0,1,0,0,Y
Motor Vehicle,DAC,72728375,20220207,1122,1,NULL,DIXIE                                   ,N ,AVE  ,US0031W ,US0031W ,047 US-31W-10  ,US0031W                                        ,N,37.71014,-85.87519,1,2022,O,047-US-0031W -000,18.142,0,0,0,1,0,0,1,0,0,0,0,0,0,Y
Motor Vehicle,DAC,72728412,20220207,1021,1,NULL,MULBERRY                                ,S ,ST   ,US0062  ,US0062  ,047 US-62-10   ,US0062                                         ,N,37.68926,-85.86575,1,2022,B,047-US-0062  -000,17.489,0,0,0,0,0,0,1,0,0,0,1,0,0,Y
Motor Vehicle,DAC,72728695,20220208,927,2,NULL,RING                                    ,NULL,RD   ,KY3005  ,KY3005  ,047 KY-3005    ,KY3005                                         ,N,37.73227,-85.85053,5,2022,O,047-KY-3005  -000,8.49,0,0,1,1,0,0,1,0,0,0,1,0,0,Y
Motor Vehicle,DAC,72728696,20220208,845,2,NULL,COMMERCE                                ,NULL,DR   ,NULL,NULL,047 CS-1108    ,CS1108                                         ,N,37.71037,-85.83311,1,2022,O,047-CS-1108  -000,0.088,0,0,0,1,0,0,0,1,0,0,1,0,0,Y
Motor Vehicle,DAC,72728795,20220208,1410,2,NULL,31W                                     ,NULL,BYP  ,US0031WB,US0031WB,047 US-31WB-10 ,US0031WB                                       ,N,37.69955,-85.8817,1,2022,O,047-US-0031WB-000,2.123,0,0,0,0,0,0,1,0,0,0,0,0,0,Y
Motor Vehicle,DAC,72729307,20220208,1741,2,NULL,RING                                    ,NULL,RD   ,KY3005  ,KY3005  ,047 KY-3005    ,KY3005                                         ,N,37.72926,-85.88099,1,2022,O,047-KY-3005  -000,6.729,0,0,0,1,0,0,0,1,0,0,0,0,0,Y
Motor Vehicle,DAC,72729449,20220210,1040,4,NULL,DIXIE                                   ,N ,AVE  ,US0031W ,US0031W ,047 US-31W     ,US0031W                                        ,N,37.73124,-85.88546,1,2022,O,047-US-0031W -000,19.704,0,0,0,0,0,0,1,0,0,0,1,0,0,Y
Motor Vehicle,DAC,72729758,20220210,1921,4,NULL,DIXIE                                   ,N ,AVE  ,US0031W ,US0031W ,047 US-31W-10  ,US0031W                                        ,N,37.72197,-85.88118,5,2022,O,047-US-0031W -000,19.021,0,0,1,0,0,0,0,0,0,0,0,0,0,Y
Motor Vehicle,DAC,72729891,20220211,850,5,NULL,DIXIE                                   ,N ,AVE  ,US0031W ,US0031W ,047 US-31W-10  ,US0031W                                        ,N,37.72829,-85.88425,8,2022,O,047-US-0031W -000,19.47,0,0,0,1,0,0,0,0,0,0,1,0,0,Y
Motor Vehicle,DAC,72730225,20220211,858,5,NULL,ST JOHN                                 ,NULL,RD   ,KY1357  ,KY1357  ,NULL,NULL,N,37.70423,-85.87122,1,2022,C,047-KY-1357  -000,16.98,0,0,0,0,0,0,0,1,0,0,1,0,0,Y
Motor Vehicle,Non DAC,72730314,20220211,1614,5,NULL,PATRIOT                                 ,NULL,PKWY ,KY0361  ,KY0361  ,047 KY-361     ,KY0361                                         ,N,37.72554,-85.91446,5,2022,O,047-KY-0361  -000,2.656,0,0,1,0,0,0,0,0,0,0,0,0,0,Y
Motor Vehicle,DAC,72730418,20220206,1448,0,NULL,ST JOHN                                 ,NULL,RD   ,KY1357  ,KY1357  ,047 KY-1357    ,KY1357                                         ,N,37.70074,-85.88064,1,2022,O,047-KY-1357  -000,16.401,0,0,0,0,0,0,1,1,0,0,1,0,0,Y
Motor Vehicle,DAC,72730443,20220210,1047,4,NULL,DIXIE                                   ,N ,AVE  ,US0031W ,US0031W ,047 US-31W     ,US0031W                                        ,N,37.73096,-85.88526,8,2022,O,047-US-0031W -000,19.681,0,0,1,1,0,0,0,1,0,0,0,1,0,Y
Motor Vehicle,DAC,72730487,20220213,856,0,NULL,DIXIE                                   ,N ,AVE  ,US0031W ,US0031W ,047 US-31W     ,US0031W                                        ,N,37.73257,-85.88612,5,2022,O,047-US-0031W -000,19.803,0,0,0,0,0,0,1,0,0,0,0,0,0,Y
Motor Vehicle,Non DAC,72730488,20220213,1024,0,NULL,RING                                    ,NULL,RD   ,KY3005  ,KY3005  ,NULL,NULL,N,37.72797,-85.88498,8,2022,O,047-KY-3005  -000,6.499,0,0,0,0,0,0,0,1,0,0,0,1,0,Y
Motor Vehicle,DAC,72730558,20220212,1636,6,NULL,DIXIE                                   ,N ,AVE  ,US0031W ,US0031W ,047 US-31W     ,US0031W                                        ,N,37.73384,-85.88671,1,2022,O,047-US-0031W -000,19.885,0,0,0,0,0,0,1,0,0,0,0,0,0,Y
Motor Vehicle,DAC,72730611,20220212,1622,6,NULL,DIXIE                                   ,N ,AVE  ,US0031W ,US0031W ,047 US-31W-10  ,US0031W                                        ,N,37.73126,-85.88573,8,2022,O,047-US-0031W -000,19.71,0,0,0,0,0,0,1,0,0,0,0,1,0,Y
Motor Vehicle,DAC,72730776,20220214,1059,1,NULL,MULBERRY                                ,N ,ST   ,US0062  ,US0062  ,047 US-62-10   ,US0062                                         ,N,37.70948,-85.83825,5,2022,O,047-US-0062  -000,19.536,0,0,0,0,0,0,1,0,0,0,0,0,0,Y
Motor Vehicle,DAC,72731180,20220214,1334,1,NULL,BEECH                                   ,NULL,ST   ,NULL,NULL,047 CS-1030    ,CS1030                                         ,N,37.69894,-85.85345,9,2022,O,047-CS-1030  -000,0.013,0,0,0,0,0,0,0,0,0,0,0,1,0,Y
Motor Vehicle,DAC,72731181,20220214,1445,1,NULL,MULBERRY                                ,N ,ST   ,US0062  ,US0062  ,047 US-62      ,US0062                                         ,N,37.69476,-85.8586,5,2022,O,047-US-0062  -000,18.041,0,0,0,0,0,0,1,1,0,0,0,0,0,Y
Motor Vehicle,Non DAC,72731336,20220215,2110,2,NULL,RING                                    ,NULL,RD   ,KY3005  ,KY3005  ,047 KY-3005    ,KY3005                                         ,N,37.71723,-85.90338,1,2022,O,047-KY-3005  -000,5.252,0,0,1,0,0,0,0,1,0,0,1,0,0,Y
Motor Vehicle,DAC,72731473,20220216,1126,3,NULL,DIXIE                                   ,E ,AVE  ,US0031W ,US0031W ,047 US-31W     ,US0031W                                        ,N,37.6735,-85.8458,1,2022,O,047-US-0031W -000,15.048,0,0,0,1,0,0,0,1,0,0,1,0,0,Y
Motor Vehicle,Non DAC,72731509,20220216,1245,3,NULL,PATRIOT                                 ,NULL,PKWY ,KY0361  ,KY0361  ,047 KY-361-10  ,KY0361                                         ,N,37.7276,-85.91677,1,2022,O,047-KY-0361  -000,2.835,0,0,0,0,0,0,1,0,0,0,1,0,0,Y
Motor Vehicle,DAC,72731608,20220216,1144,3,NULL,DIXIE                                   ,E ,AVE  ,US0031W ,US0031W ,NULL,NULL,N,37.67186,-85.84601,1,2022,C,047-US-0031W -000,14.943,0,0,0,0,0,0,1,0,0,0,1,0,0,Y
Motor Vehicle,Non DAC,72731764,20220216,2203,3,NULL,COLLEGE ST RD                           ,NULL,NULL,NULL,NULL,047 CS-1124    ,CS1124                                         ,N,37.69036,-85.87973,9,2022,O,047-CS-1124  -000,0.959,0,0,0,0,0,0,0,0,0,0,0,1,0,Y
Motor Vehicle,Non DAC,72732092,20220216,1723,3,NULL,HODGENVILLE                             ,NULL,RD   ,KY0210  ,KY0210  ,047 KY-210     ,KY0210                                         ,N,37.66659,-85.83843,1,2022,O,047-KY-0210  -000,0.632,0,0,0,0,0,0,1,0,0,0,1,0,0,Y
Motor Vehicle,DAC,72732117,20220215,1631,2,NULL,MULBERRY                                ,N ,ST   ,US0062  ,US0062  ,NULL,NULL,N,37.70817,-85.84054,1,2022,O,047-US-0062  -000,19.374,0,0,0,0,0,0,0,1,0,0,0,1,0,Y
Motor Vehicle,Non DAC,72732118,20220216,1617,3,111,TOWNE                                   ,NULL,DR   ,NULL,NULL,NULL,NULL,N,37.73362,-85.88848,1,2022,O,047-CS-1448  -000,0.094,0,0,0,1,0,0,0,1,0,0,0,0,0,Y
Motor Vehicle,DAC,72732120,20220217,2007,4,NULL,RING                                    ,NULL,RD   ,KY3005  ,KY3005  ,047 KY-3005    ,KY3005                                         ,N,37.73044,-85.84083,7,2022,O,047-KY-3005  -000,9.068,0,0,0,0,0,0,0,0,1,0,0,1,0,Y
Motor Vehicle,DAC,72732149,20220215,2208,2,NULL,RING                                    ,NULL,RD   ,KY3005  ,KY3005  ,047 KY-3005    ,KY3005                                         ,N,37.73224,-85.84437,1,2022,C,047-KY-3005  -000,8.824,0,0,1,0,0,0,1,0,0,0,1,0,0,Y
Motor Vehicle,Non DAC,72732160,20220217,1012,4,NULL,DIXIE                                   ,N ,AVE  ,US0031W ,US0031W ,047 US-31W     ,US0031W                                        ,N,37.74583,-85.8925,1,2022,C,047-US-0031W -000,20.773,0,0,1,0,0,0,0,1,0,0,1,0,0,Y
Motor Vehicle,Non DAC,72732168,20220217,1026,4,NULL,RING                                    ,NULL,RD   ,KY3005  ,KY3005  ,047 KY-3005    ,KY3005                                         ,N,37.6725,-85.91239,1,2022,O,047-KY-3005  -000,1.978,0,1,0,1,0,0,1,0,0,0,0,0,0,Y
Motor Vehicle,Non DAC,72732532,20220217,415,4,750,BLACK BRANCH                            ,N ,RD   ,NULL,NULL,047 CS-1551    ,CS1551                                         ,N,37.67613,-85.91997,1,2022,O,047-CS-1551  -000,1.052,0,0,0,0,0,0,0,0,0,0,0,0,0,Y
Motor Vehicle,DAC,72732562,20220216,1123,3,NULL,RING                                    ,NULL,RD   ,KY3005  ,KY3005  ,047 KY-3005    ,KY3005                                         ,N,37.7112,-85.83981,5,2022,O,047-KY-3005  -000,10.423,0,0,0,1,0,0,1,0,0,0,1,0,0,Y
Motor Vehicle,DAC,72732607,20220219,1040,6,NULL,WESTPORT                                ,NULL,RD   ,NULL,NULL,NULL,NULL,N,37.70086,-85.88077,7,2022,O,047-CS-1573  -000,0.565,0,0,0,0,0,0,1,0,0,0,0,1,0,Y
Motor Vehicle,DAC,72732957,20220218,1735,5,NULL,CRUTCHER                                ,E ,ST   ,NULL,NULL,047 CS-1004    ,CS1004                                         ,N,37.69484,-85.85383,1,2022,O,047-CS-1004  -000,0.124,0,0,0,1,0,0,0,1,1,0,1,0,0,Y
Motor Vehicle,DAC,72732958,20220219,1804,6,NULL,RING                                    ,NULL,RD   ,KY3005  ,KY3005  ,NULL,NULL,N,37.72964,-85.87953,2,2022,O,047-KY-3005  -000,6.813,0,0,0,0,0,0,0,0,0,0,1,0,0,Y
Motor Vehicle,DAC,72732973,20220218,1702,5,NULL,MULBERRY                                ,N ,ST   ,US0062  ,US0062  ,047 US-62-10   ,US0062                                         ,N,37.71069,-85.83573,5,2022,O,047-US-0062  -000,19.721,0,0,1,0,0,0,1,0,0,0,0,0,0,Y
Motor Vehicle,DAC,72732974,20220219,1806,6,NULL,DIXIE                                   ,N ,AVE  ,US0031W ,US0031W ,047 US-31W     ,US0031W                                        ,N,37.71904,-85.87938,5,2022,O,047-US-0031W -000,18.797,0,0,0,1,0,0,1,0,1,0,0,0,0,Y
Motor Vehicle,DAC,72733063,20220214,1350,1,NULL,PATRIOT                                 ,NULL,PKWY ,KY0361  ,KY0361  ,047 KY-361-10  ,KY0361                                         ,N,37.71088,-85.88821,3,2022,C,047-KY-0361  -000,0.882,0,0,0,1,0,0,0,0,0,0,1,0,0,Y
Motor Vehicle,DAC,72733064,20220215,840,2,NULL,WOODLAND                                ,NULL,DR   ,NULL,NULL,047 CS-1193    ,CS1193                                         ,N,37.71255,-85.8797,1,2022,O,047-CS-1193  -000,1.099,0,0,0,1,0,0,0,1,0,0,1,0,0,Y
Motor Vehicle,DAC,72733146,20220221,1153,1,NULL,MULBERRY                                ,S ,ST   ,US0062  ,US0062  ,047 US-62      ,US0062                                         ,N,37.69309,-85.86021,1,2022,O,047-US-0062  -000,17.865,0,1,0,0,0,0,0,0,0,0,0,1,0,Y
Motor Vehicle,DAC,72733360,20220221,1236,1,NULL,MULBERRY                                ,N ,ST   ,US0062  ,US0062  ,047 US-62      ,US0062                                         ,N,37.7036,-85.84827,9,2022,O,047-US-0062  -000,18.887,0,0,0,0,0,0,1,0,0,0,0,0,0,Y
Motor Vehicle,DAC,72733385,20220222,800,2,NULL,MILES                                   ,N ,ST   ,KY0251  ,KY0251  ,047 KY-251     ,KY0251                                         ,N,37.69708,-85.8619,1,2022,O,047-KY-0251  -000,0.091,0,0,0,0,0,0,1,1,0,0,1,0,0,Y
Motor Vehicle,Non DAC,72733478,20220222,1300,2,NULL,RING                                    ,NULL,RD   ,KY3005  ,KY3005  ,047 KY-3005-10 ,KY3005                                         ,N,37.72091,-85.89927,1,2022,O,047-KY-3005  -000,5.575,0,0,0,0,0,0,0,0,0,0,0,0,0,Y
Motor Vehicle,DAC,72733744,20220222,1717,2,1104,TUNNEL HILL                             ,NULL,RD   ,NULL,NULL,047 CS-1342    ,CS1342                                         ,N,37.73026,-85.83862,9,2022,O,047-CS-1342  -000,0.011,0,0,0,0,0,0,1,0,0,0,0,1,0,Y
Motor Vehicle,Non DAC,72733754,20220222,1438,2,NULL,BLACK BRANCH                            ,N ,RD   ,NULL,NULL,047 CS-1551    ,CS1551                                         ,N,37.67697,-85.91878,1,2022,O,047-CS-1551  -000,0.964,0,0,0,0,0,0,1,0,0,0,1,0,0,Y
Motor Vehicle,Non DAC,72733767,20220223,644,3,NULL,LEITCHFIELD                             ,NULL,RD   ,US0062  ,US0062  ,047 US-62-10   ,US0062                                         ,N,37.67165,-85.91202,1,2022,O,047-US-0062  -000,14.568,0,0,1,0,0,0,1,0,0,0,1,0,0,N
Motor Vehicle,DAC,72733845,20220223,1141,3,NULL,DIXIE                                   ,N ,AVE  ,US0031W ,US0031W ,047 US-31W-10  ,US0031W                                        ,N,37.7382,-85.88917,8,2022,O,047-US-0031W -000,20.235,0,0,0,1,0,0,1,0,0,0,0,1,0,Y
Motor Vehicle,Non DAC,72733878,20220223,1240,3,NULL,MULBERRY                                ,S ,ST   ,US0062  ,US0062  ,047 US-62-10   ,US0062                                         ,N,37.67871,-85.8815,5,2022,O,047-US-0062  -000,16.338,0,0,0,0,0,0,1,0,0,0,0,0,0,Y
Motor Vehicle,DAC,72734040,20220222,1622,2,NULL,31W                                     ,NULL,BYP  ,US0031WB,US0031WB,047 US-31WB-10 ,US0031WB                                       ,N,37.69212,-85.87227,5,2022,O,047-US-0031WB-000,1.382,0,0,0,0,0,0,0,1,0,0,0,0,0,Y
Motor Vehicle,DAC,72734125,20220224,611,4,NULL,31W                                     ,NULL,BYP  ,US0031WB,US0031WB,047 US-31WB    ,US0031WB                                       ,N,37.67939,-85.86121,9,2022,O,047-US-0031WB-000,0.269,0,0,0,1,0,0,0,0,0,0,0,1,0,Y
Motor Vehicle,DAC,72734127,20220224,529,4,NULL,MULBERRY                                ,N ,ST   ,US0062  ,US0062  ,047 US-62      ,US0062                                         ,N,37.71381,-85.82912,9,2022,O,047-US-0062  -000,20.131,0,0,0,0,0,0,0,0,0,0,0,1,0,Y
Motor Vehicle,DAC,72734185,20220218,814,5,NULL,DIXIE                                   ,N ,AVE  ,US0031W ,US0031W ,047 US-31W     ,US0031W                                        ,N,37.70883,-85.87403,1,2022,O,047-US-0031W -000,18.031,0,0,1,0,0,0,0,0,0,0,1,0,0,Y
Motor Vehicle,DAC,72734186,20220219,1306,6,NULL,DIXIE                                   ,E ,AVE  ,US0031W ,US0031W ,047 US-31W     ,US0031W                                        ,N,37.67562,-85.84608,5,2022,O,047-US-0031W -000,15.196,0,0,0,1,0,0,0,1,0,0,0,0,0,Y