Mode,Crash In Disadvantaged Community,MasterFile,CollisionDate,CollisionTime,CollisionDayWeekCode,RoadwayName_HouseBusinessNumber_,RoadwayName_RoadwayName_,RoadwayName_Direction_,RoadwayName_RoadwaySuffix_,RoadwayfromReport,CurrentRoadwayNumber,RSEUniqueGIS,RoadwayIdentifier,ParkingLotIndicator,Latitude,Longitude,MannerofCollisionCode,YR,KABCO,KTC_RT,KTC_MP,Motorcyclist,Commercial Vehicle,Young Driver,Mature Driver,Pedestrian,Bicyclist,Distracted,Aggressive,Impaired,Unrestrained,Intersection,Roadway Departure,Median Cross-over,In City Limits?
Motor Vehicle,DAC,72734228,20220224,643,4,NULL,MULBERRY                                ,N ,ST   ,US0062  ,US0062  ,047 US-62      ,US0062                                         ,N,37.7136,-85.82957,8,2022,O,047-US-0062  -000,20.104,0,0,0,0,0,0,0,0,0,0,0,1,0,Y
Motor Vehicle,DAC,72734229,20220224,646,4,NULL,MULBERRY                                ,N ,ST   ,US0062  ,US0062  ,047 US-62      ,US0062                                         ,N,37.71391,-85.82892,5,2022,O,047-US-0062  -000,20.143,0,0,0,0,0,0,0,0,0,0,0,0,0,Y
Motor Vehicle,Non DAC,72734447,20220224,1415,4,NULL,TOWNE                                   ,NULL,DR   ,NULL,NULL,047 CS-1448    ,CS1448                                         ,N,37.73283,-85.89076,1,2022,O,047-CS-1448  -000,0.231,0,0,0,0,0,0,1,0,0,0,0,0,0,Y
Motor Vehicle,Non DAC,72734448,20220224,1540,4,NULL,BRUIN                                   ,NULL,LN   ,NULL,NULL,047 LA-1001    ,LA1001                                         ,N,37.67447,-85.91001,5,2022,O,047-LA-1001  -000,0.268,0,0,1,0,0,0,0,0,0,0,0,0,0,Y
Motor Vehicle,DAC,72734513,20220221,1507,1,NULL,RING                                    ,NULL,RD   ,KY3005  ,KY3005  ,047 KY-3005    ,KY3005                                         ,N,37.72855,-85.88324,8,2022,O,047-KY-3005  -000,6.595,0,0,0,0,0,0,1,0,0,0,0,1,0,Y
Motor Vehicle,DAC,72734514,20220224,1658,4,NULL,NULL,NULL,NULL,US0031WB,US0031WB,NULL,NULL,N,37.68766,-85.86885,5,2022,O,047-US-0031WB-131,0.224,0,0,0,0,0,0,1,0,0,0,0,0,0,Y
Motor Vehicle,DAC,72734516,20220224,1556,4,NULL,DIXIE                                   ,N ,AVE  ,US0031W ,US0031W ,047 US-31W-10  ,US0031W                                        ,N,37.7237,-85.88203,1,2022,O,047-US-0031W -000,19.147,0,0,0,0,0,0,1,0,0,0,0,0,0,Y
Motor Vehicle,DAC,72734517,20220221,1526,1,NULL,POPLAR                                  ,NULL,DR   ,NULL,NULL,047 CS-1021    ,CS1021                                         ,N,37.69807,-85.86294,1,2022,O,047-CS-1021  -000,0.096,0,0,0,0,0,0,0,1,0,0,1,0,0,Y
Motor Vehicle,DAC,72734557,20220224,714,4,NULL,MULBERRY                                ,N ,ST   ,US0062  ,US0062  ,047 US-62-10   ,US0062                                         ,N,37.71339,-85.83032,5,2022,O,047-US-0062  -000,20.065,0,0,0,0,0,0,0,0,0,0,0,0,0,Y
Motor Vehicle,DAC,72734558,20220224,707,4,NULL,MULBERRY                                ,N ,ST   ,US0062  ,US0062  ,047 US-62-10   ,US0062                                         ,N,37.71339,-85.83032,9,2022,O,047-US-0062  -000,20.065,0,0,0,0,0,0,0,0,0,0,0,1,0,Y
Motor Vehicle,Non DAC,72734646,20220219,655,6,NULL,RING                                    ,NULL,RD   ,KY3005  ,KY3005  ,047 KY-3005-10 ,KY3005                                         ,N,37.6958,-85.91053,5,2022,C,047-KY-3005  -000,3.654,0,0,0,0,0,0,0,0,0,0,1,0,0,Y
Motor Vehicle,DAC,72734686,20220224,743,4,NULL,CARDINAL                                ,NULL,DR   ,KY0361  ,KY0361  ,047 KY-361     ,KY0361                                         ,N,37.71087,-85.88817,1,2022,B,047-KY-0361  -000,0.879,0,0,0,0,0,0,0,0,0,0,0,1,0,Y
Motor Vehicle,DAC,72734757,20220224,1532,4,NULL,MAIN                                    ,N ,ST   ,NULL,NULL,047 CS-1320    ,CS1320                                         ,N,37.69844,-85.85151,8,2022,O,047-CS-1320  -000,0.502,0,0,0,0,0,0,0,1,0,0,1,0,0,Y
Motor Vehicle,DAC,72734914,20220219,2359,6,402,MAIN                                    ,N ,ST   ,NULL,NULL,047 CS-1320    ,CS1320                                         ,N,37.69677,-85.8541,1,2022,O,047-CS-1320  -000,0.31,0,0,0,0,0,0,0,0,1,0,0,0,0,Y
Motor Vehicle,DAC,72734969,20220218,1041,5,NULL,DOLPHIN                                 ,NULL,DR   ,NULL,NULL,047 CS-1430    ,CS1430                                         ,N,37.718,-85.8379,1,2022,O,047-CS-1430  -000,0.584,0,0,0,0,0,0,1,0,0,0,1,0,0,Y
Motor Vehicle,DAC,72735146,20220225,1725,5,NULL,RING                                    ,NULL,RD   ,KY3005  ,KY3005  ,047 KY-3005    ,KY3005                                         ,N,37.72853,-85.88368,5,2022,O,047-KY-3005  -000,6.573,0,0,0,0,0,0,1,0,0,0,0,0,0,Y
Motor Vehicle,DAC,72735147,20220225,1914,5,NULL,DIXIE                                   ,W ,AVE  ,US0031W ,US0031W ,047 US-31W     ,US0031W                                        ,N,37.7041,-85.87116,1,2022,B,047-US-0031W -000,17.667,0,0,0,0,0,0,1,1,0,1,1,0,0,Y
Motor Vehicle,DAC,72735174,20220225,1712,5,NULL,ST JOHN                                 ,NULL,RD   ,KY1357  ,KY1357  ,047 KY-1357    ,KY1357                                         ,N,37.70342,-85.87263,9,2022,O,047-KY-1357  -000,16.884,0,0,0,0,0,0,0,0,1,0,1,0,0,Y
Motor Vehicle,DAC,72735175,20220226,1921,6,NULL,MULBERRY                                ,N ,ST   ,US0062  ,US0062  ,NULL,NULL,N,37.69946,-85.85437,8,2022,O,047-US-0062  -000,18.442,0,0,0,0,0,0,0,1,0,0,1,0,0,Y
Motor Vehicle,DAC,72735242,20220222,2338,2,NULL,MULBERRY                                ,N ,ST   ,US0062  ,US0062  ,047 US-62-10   ,US0062                                         ,N,37.71081,-85.83553,9,2022,O,047-US-0062  -000,19.735,0,0,0,0,0,0,0,0,1,0,0,1,0,Y
Motor Vehicle,DAC,72735493,20220228,801,1,NULL,NULL,NULL,NULL,US0031WB,US0031WB,NULL,NULL,N,37.68936,-85.86612,5,2022,O,047-US-0031WB-124,0.024,0,0,0,0,0,0,1,0,0,0,0,0,0,Y
Motor Vehicle,Non DAC,72735533,20220225,1033,5,NULL,DIXIE                                   ,N ,AVE  ,US0031W ,US0031W ,047 US-31W-10  ,US0031W                                        ,N,37.74509,-85.89245,8,2022,O,047-US-0031W -000,20.724,0,0,1,0,0,0,1,0,0,0,0,1,0,Y
Motor Vehicle,DAC,72735623,20220228,924,1,NULL,DIECKS                                  ,NULL,DR   ,NULL,NULL,047 CS-1061    ,CS1061                                         ,N,37.70905,-85.87356,1,2022,O,047-CS-1061  -000,0.03,0,0,0,1,0,0,0,1,0,0,0,0,0,Y
Motor Vehicle,DAC,72735778,20220228,2047,1,NULL,MILES                                   ,N ,ST   ,KY0251  ,KY0251  ,047 KY-251     ,KY0251                                         ,N,37.69711,-85.86194,1,2022,O,047-KY-0251  -000,0.089,0,0,1,0,0,0,1,1,0,0,1,0,0,Y
Motor Vehicle,Non DAC,72735783,20220131,1804,1,NULL,TOWNE                                   ,NULL,CTR  ,NULL,NULL,047 PR-1010    ,PR1010                                         ,N,37.72771,-85.88583,5,2022,O,047-PR-1010  -000,0.001,0,0,0,0,0,0,1,1,0,0,1,0,0,Y
Motor Vehicle,DAC,72735784,20220201,1958,2,NULL,SYCAMORE                                ,NULL,ST   ,NULL,NULL,047 CS-1026    ,CS1026                                         ,N,37.70225,-85.86749,1,2022,O,047-CS-1026  -000,0.065,0,0,0,1,0,0,1,1,0,0,1,0,0,Y
Motor Vehicle,DAC,72735785,20220131,1456,1,NULL,MULBERRY                                ,S ,ST   ,US0062  ,US0062  ,047 US-62      ,US0062                                         ,N,37.68781,-85.86834,1,2022,A,047-US-0062  -000,17.312,0,0,0,0,0,0,0,1,0,0,0,1,0,Y
Motor Vehicle,Non DAC,72735786,20220202,1501,3,NULL,RING                                    ,NULL,RD   ,KY3005  ,KY3005  ,047 KY-3005-10 ,KY3005                                         ,N,37.67922,-85.91496,1,2022,C,047-KY-3005  -000,2.466,0,0,1,0,0,0,0,1,0,0,1,0,0,Y
Motor Vehicle,DAC,72735787,20220227,2125,0,NULL,DIXIE                                   ,E ,AVE  ,US0031W ,US0031W ,047 US-31W     ,US0031W                                        ,N,37.66988,-85.84646,1,2022,O,047-US-0031W -000,14.807,0,0,0,0,0,0,1,1,0,0,1,0,0,Y
Motor Vehicle,Non DAC,72735788,20220228,1632,1,NULL,RING                                    ,NULL,RD   ,KY3005  ,KY3005  ,047 KY-3005    ,KY3005                                         ,N,37.72535,-85.89144,5,2022,O,047-KY-3005  -000,6.103,0,0,0,0,0,0,1,1,0,0,0,0,0,Y
Motor Vehicle,DAC,72736037,20220219,210,6,NULL,MULBERRY                                ,N ,ST   ,US0062  ,US0062  ,047 US-62      ,US0062                                         ,N,37.71141,-85.83392,8,2022,O,047-US-0062  -000,19.832,0,0,1,0,0,0,1,0,0,0,0,1,0,Y
Motor Vehicle,DAC,72736129,20220225,2037,5,NULL,DIXIE                                   ,N ,AVE  ,US0031W ,US0031W ,047 US-31W-10  ,US0031W                                        ,N,37.70875,-85.87422,8,2022,O,047-US-0031W -000,18.033,0,0,1,0,0,0,0,0,0,0,1,0,0,Y
Motor Vehicle,Non DAC,72736196,20220301,1530,2,NULL,DIXIE                                   ,N ,AVE  ,US0031W ,US0031W ,047 US-31W     ,US0031W                                        ,N,37.74563,-85.89241,3,2022,B,047-US-0031W -000,20.758,0,0,0,1,0,0,1,0,0,0,0,1,1,Y
Motor Vehicle,DAC,72736206,20220301,1602,2,NULL,DIXIE                                   ,N ,AVE  ,US0031W ,US0031W ,047 US-31W     ,US0031W                                        ,N,37.72788,-85.88395,8,2022,O,047-US-0031W -000,19.451,0,1,0,1,0,0,1,1,0,0,1,0,0,Y
Motor Vehicle,DAC,72736344,20220226,1425,6,NULL,DIXIE                                   ,N ,AVE  ,US0031W ,US0031W ,047 US-31W     ,US0031W                                        ,N,37.73121,-85.88546,5,2022,O,047-US-0031W -000,19.706,0,0,0,0,0,0,1,0,0,0,1,0,0,Y
Motor Vehicle,Non DAC,72736684,20220217,1443,4,NULL,RING                                    ,NULL,RD   ,KY3005  ,KY3005  ,047 KY-3005-10 ,KY3005                                         ,N,37.6792,-85.91503,1,2022,O,047-KY-3005  -000,2.47,0,0,0,0,0,0,0,1,0,0,1,0,0,Y
Motor Vehicle,Non DAC,72736736,20220224,1011,4,NULL,TOWNE                                   ,NULL,DR   ,NULL,NULL,047 CS-1448    ,CS1448                                         ,N,37.73346,-85.88869,1,2022,O,047-CS-1448  -000,0.087,0,0,0,0,0,0,0,1,0,0,0,0,0,Y
Motor Vehicle,DAC,72736737,20220224,700,4,NULL,MULBERRY                                ,N ,ST   ,US0062  ,US0062  ,047 US-62      ,US0062                                         ,N,37.71415,-85.82892,5,2022,O,047-US-0062  -000,20.151,0,0,0,0,0,0,0,1,0,0,0,0,0,Y
Motor Vehicle,DAC,72736738,20220302,1439,3,NULL,MULBERRY                                ,N ,ST   ,US0062  ,US0062  ,047 US-62      ,US0062                                         ,N,37.70804,-85.84064,8,2022,O,047-US-0062  -000,19.381,0,0,0,0,0,0,0,0,0,0,1,0,0,Y
Motor Vehicle,Non DAC,72736785,20220303,855,4,NULL,RING                                    ,NULL,RD   ,KY3005  ,KY3005  ,NULL,NULL,N,37.70656,-85.9078,8,2022,O,047-KY-3005  -000,4.428,0,0,0,0,0,0,0,1,0,0,0,1,0,Y
Motor Vehicle,DAC,72736837,20220302,735,3,NULL,POPLAR                                  ,W ,ST   ,NULL,NULL,047 CS-1068    ,CS1068                                         ,N,37.70018,-85.86497,5,2022,O,047-CS-1068  -000,0.608,0,0,0,0,0,0,1,0,0,0,0,0,0,Y
Motor Vehicle,DAC,72737000,20220303,1716,4,NULL,US31W BYP N TURN LANE FROM  COLLEGE ST W,NULL,NULL,US0031WB,US0031WB,047 US-31WB-27 ,US0031WB                                       ,N,37.69226,-85.87171,5,2022,O,047-US-0031WB-027,0.006,0,0,0,0,0,0,1,0,0,0,0,0,0,Y
Motor Vehicle,DAC,72737036,20220303,2041,4,NULL,DIXIE                                   ,N ,AVE  ,US0031W ,US0031W ,047 US-31W     ,US0031W                                        ,N,37.73099,-85.88531,1,2022,O,047-US-0031W -000,19.684,0,0,0,0,0,0,1,1,0,0,1,0,0,Y
Motor Vehicle,DAC,72737245,20220304,1038,5,NULL,MAIN                                    ,N ,ST   ,NULL,NULL,047 CS-1320    ,CS1320                                         ,N,37.69576,-85.8555,1,2022,O,047-CS-1320  -000,0.217,0,0,0,1,0,0,0,1,0,0,1,0,0,Y
Motor Vehicle,Non DAC,72737399,20220304,1653,5,NULL,TOWNE                                   ,NULL,CTR  ,NULL,NULL,047 PR-1010    ,PR1010                                         ,N,37.73208,-85.887,1,2022,O,047-PR-1010  -000,0.312,0,0,0,1,0,0,1,0,0,0,0,0,0,Y
Motor Vehicle,DAC,72737443,20220304,2112,5,NULL,DIXIE                                   ,N ,AVE  ,US0031W ,US0031W ,NULL,NULL,N,37.71935,-85.87985,5,2022,O,047-US-0031W -000,18.831,0,0,0,0,0,0,1,1,0,0,0,0,0,Y
Motor Vehicle,DAC,72737533,20220305,1329,6,NULL,DIXIE                                   ,N ,AVE  ,US0031W ,US0031W ,047 US-31W     ,US0031W                                        ,N,37.71797,-85.87887,9,2022,O,047-US-0031W -000,18.723,0,0,1,0,0,0,0,0,0,0,1,0,0,Y
Motor Vehicle,DAC,72737542,20220305,1300,6,NULL,DIXIE                                   ,N ,AVE  ,US0031W ,US0031W ,047 US-31W-10  ,US0031W                                        ,N,37.73127,-85.88573,2,2022,O,047-US-0031W -000,19.711,0,0,0,0,0,0,1,0,0,0,0,0,0,Y
Motor Vehicle,DAC,72737584,20220304,1302,5,NULL,31W                                     ,NULL,BYP  ,US0031WB,US0031WB,047 US-31WB    ,US0031WB                                       ,N,37.71909,-85.87985,5,2022,O,047-US-0031WB-000,3.75,0,0,0,0,0,0,1,1,0,0,0,0,0,Y
Motor Vehicle,DAC,72737682,20220305,1930,6,NULL,DIXIE                                   ,N ,AVE  ,US0031W ,US0031W ,047 US-31W-10  ,US0031W                                        ,N,37.72844,-85.88431,1,2022,O,047-US-0031W -000,19.485,0,0,0,0,0,0,1,1,0,0,1,0,0,Y
Motor Vehicle,DAC,72737689,20220305,2007,6,NULL,DIXIE                                   ,W ,AVE  ,US0031W ,US0031W ,NULL,NULL,N,37.69333,-85.85857,5,2022,O,047-US-0031W -000,16.646,0,0,0,0,0,0,1,1,0,0,0,0,0,Y
Motor Vehicle,DAC,72738186,20220302,1554,3,434,MULBERRY                                ,S ,ST   ,US0062  ,US0062  ,NULL,NULL,N,37.68422,-85.87328,1,2022,O,047-US-0062  -000,16.944,0,0,0,0,0,0,0,1,0,0,0,0,0,Y
Motor Vehicle,DAC,72738187,20220302,1721,3,NULL,DIXIE                                   ,N ,AVE  ,US0031W ,US0031W ,047 US-31W-10  ,US0031W                                        ,N,37.72725,-85.88373,9,2022,O,047-US-0031W -000,19.405,0,1,0,0,0,0,0,0,0,0,1,0,0,Y
Motor Vehicle,DAC,72738391,20220307,1226,1,NULL,MILES                                   ,S ,ST   ,NULL,NULL,NULL,NULL,N,37.69587,-85.86299,1,2022,O,047-CS-1126  -000,0.001,0,0,0,0,0,0,1,1,0,0,1,0,0,Y
Motor Vehicle,DAC,72738751,20220308,1310,2,NULL,DIXIE                                   ,E ,AVE  ,US0031W ,US0031W ,NULL,NULL,N,37.67706,-85.84671,5,2022,O,047-US-0031W -000,15.302,0,0,0,1,0,0,1,0,0,0,0,0,0,Y
Motor Vehicle,DAC,72739041,20220304,1328,5,NULL,DIXIE                                   ,E ,AVE  ,US0031W ,US0031W ,047 US-31W     ,US0031W                                        ,N,37.67396,-85.84576,5,2022,C,047-US-0031W -000,15.08,0,0,0,0,0,0,0,1,0,0,0,0,0,Y
Motor Vehicle,DAC,72739246,20220304,1353,5,NULL,DIXIE                                   ,W ,AVE  ,US0031W ,US0031W ,047 US-31W     ,US0031W                                        ,N,37.69519,-85.8618,5,2022,O,047-US-0031W -000,16.873,0,0,0,0,0,0,1,0,0,0,0,0,0,Y
Motor Vehicle,Non DAC,72739317,20220310,1657,4,NULL,RING                                    ,NULL,RD   ,KY3005  ,KY3005  ,047 KY-3005    ,KY3005                                         ,N,37.7276,-85.88577,1,2022,O,047-KY-3005  -000,6.454,0,0,0,0,0,0,0,1,0,0,1,0,0,Y
Motor Vehicle,DAC,72739371,20220307,2000,1,NULL,DIXIE                                   ,N ,AVE  ,US0031W ,US0031W ,047 US-31W     ,US0031W                                        ,N,37.73397,-85.88684,5,2022,O,047-US-0031W -000,19.9,0,0,0,0,0,0,1,0,0,0,1,0,0,Y
Motor Vehicle,DAC,72740277,20220314,116,1,NULL,RING                                    ,NULL,RD   ,KY3005  ,KY3005  ,047 KY-3005    ,KY3005                                         ,N,37.72839,-85.8837,5,2022,O,047-KY-3005  -000,6.567,0,1,0,0,0,0,1,0,0,0,0,0,0,Y
Motor Vehicle,DAC,72740374,20220303,1515,4,NULL,DIXIE                                   ,N ,AVE  ,US0031W ,US0031W ,047 US-31W-10  ,US0031W                                        ,N,37.70896,-85.87438,5,2022,O,047-US-0031W -000,18.05,0,0,0,0,0,0,1,1,0,0,0,0,0,Y
Motor Vehicle,DAC,72740375,20220305,1525,6,NULL,WALMART                                 ,NULL,LN   ,NULL,NULL,047 PR-1004    ,PR1004                                         ,N,37.7317,-85.88411,1,2022,O,047-PR-1004  -000,0.233,0,0,1,0,0,0,0,1,0,0,1,0,0,Y
Motor Vehicle,DAC,72740494,20220314,1634,1,NULL,MULBERRY                                ,N ,ST   ,US0062  ,US0062  ,047 US-62-10   ,US0062                                         ,N,37.70466,-85.84667,1,2022,O,047-US-0062  -000,18.992,0,0,0,0,0,0,0,0,0,0,0,0,0,Y
Motor Vehicle,Non DAC,72740504,20220310,1726,4,NULL,PATRIOT                                 ,NULL,PKWY ,KY0361  ,KY0361  ,047 KY-361     ,KY0361                                         ,N,37.7118,-85.89101,8,2022,O,047-KY-0361  -000,1.048,0,0,0,1,0,0,1,0,0,0,0,1,0,Y
Motor Vehicle,Non DAC,72740925,20220315,1626,2,NULL,VETERANS                                ,NULL,WAY  ,NULL,NULL,047 CS-1683    ,CS1683                                         ,N,37.74059,-85.89141,1,2022,O,047-CS-1683  -000,1.223,0,0,1,0,0,0,1,0,0,0,0,0,0,Y
Motor Vehicle,DAC,72740972,20220308,901,2,NULL,MULBERRY                                ,N ,ST   ,US0062  ,US0062  ,047 US-62-10   ,US0062                                         ,N,37.7126,-85.83191,5,2022,O,047-US-0062  -000,19.973,0,1,0,0,0,0,1,0,0,0,1,0,0,Y
Motor Vehicle,DAC,72740974,20220314,1003,1,NULL,DIXIE                                   ,N ,AVE  ,US0031W ,US0031W ,NULL,NULL,N,37.7341,-85.88714,1,2022,O,047-US-0031W -000,19.929,0,0,0,0,0,0,0,1,0,0,1,0,0,Y
Motor Vehicle,DAC,72740975,20220315,734,2,NULL,POPLAR                                  ,W ,ST   ,NULL,NULL,NULL,NULL,N,37.69707,-85.86192,1,2022,O,047-CS-1068  -000,0.336,0,0,0,0,0,0,0,0,0,0,1,0,0,Y
Motor Vehicle,DAC,72741075,20220315,1557,2,NULL,DIXIE                                   ,N ,AVE  ,US0031W ,US0031W ,047 US-31W     ,US0031W                                        ,N,37.73202,-85.8858,4,2022,B,047-US-0031W -000,19.762,0,0,0,0,0,0,0,1,0,0,0,0,0,Y
Motor Vehicle,Non DAC,72741351,20220317,953,4,NULL,RING                                    ,NULL,RD   ,KY3005  ,KY3005  ,047 KY-3005    ,KY3005                                         ,N,37.72805,-85.88453,5,2022,O,047-KY-3005  -000,6.519,0,0,0,0,0,0,1,0,0,0,0,0,0,Y
Motor Vehicle,DAC,72741407,20220317,1157,4,NULL,DIXIE                                   ,N ,AVE  ,US0031W ,US0031W ,047 US-31W-10  ,US0031W                                        ,N,37.73151,-85.88589,5,2022,O,047-US-0031W -000,19.73,0,0,0,1,0,0,1,0,0,0,0,0,0,Y
Motor Vehicle,DAC,72741408,20220317,1250,4,NULL,MILES                                   ,N ,ST   ,KY0251  ,KY0251  ,047 KY-251     ,KY0251                                         ,N,37.71163,-85.85292,1,2022,O,047-KY-0251  -000,1.189,0,0,0,0,0,0,0,0,0,0,1,0,0,Y
Motor Vehicle,DAC,72741413,20220317,1356,4,NULL,DIXIE                                   ,N ,AVE  ,US0031W ,US0031W ,047 US-31W-10  ,US0031W                                        ,N,37.74138,-85.89071,5,2022,O,047-US-0031W -000,20.451,0,0,0,1,0,0,0,0,0,0,0,0,0,Y
Motor Vehicle,DAC,72741679,20220315,1727,2,NULL,NIGHTINGALE                             ,NULL,DR   ,NULL,NULL,047 CS-1275    ,CS1275                                         ,N,37.73518,-85.8792,7,2022,O,047-CS-1275  -000,0.358,0,0,0,0,0,0,1,0,0,0,1,0,0,Y
Motor Vehicle,DAC,72742535,20220318,1510,5,NULL,NULL,NULL,NULL,US0031WB,US0031WB,NULL,NULL,N,37.68771,-85.86883,5,2022,O,047-US-0031WB-131,0.221,0,0,0,0,0,0,1,0,0,0,1,0,0,Y
Motor Vehicle,Non DAC,72742595,20220318,2054,5,NULL,DIXIE                                   ,N ,HWY  ,US0031W ,US0031W ,NULL,NULL,N,37.75712,-85.89799,4,2022,B,047-US-0031W -000,21.627,0,0,1,0,0,0,0,1,0,0,0,0,0,Y
Motor Vehicle,DAC,72742892,20220321,1832,1,903,DOGWOOD                                 ,NULL,CIR  ,NULL,NULL,047 CS-1329    ,CS1329                                         ,N,37.71676,-85.86159,9,2022,O,047-CS-1329  -000,0.04,0,0,0,0,0,0,1,0,0,0,0,1,0,Y
Motor Vehicle,Non DAC,72742902,20220321,1550,1,NULL,LINCOLN                                 ,NULL,PKWY ,KY0061  ,KY0061  ,NULL,NULL,N,37.6666,-85.84073,8,2022,O,047-KY-0061  -000,4.917,0,0,0,0,0,0,0,0,0,0,0,1,0,Y
Motor Vehicle,DAC,72743300,20220322,2147,2,NULL,DIXIE                                   ,N ,AVE  ,US0031W ,US0031W ,047 US-31W-10  ,US0031W                                        ,N,37.73611,-85.88813,5,2022,A,047-US-0031W -000,20.124,0,0,0,0,0,0,0,1,1,0,0,1,0,Y
Motor Vehicle,DAC,72743663,20220323,2335,3,NULL,ORIOLE                                  ,NULL,DR   ,NULL,NULL,047 CS-1397    ,CS1397                                         ,N,37.73989,-85.88174,1,2022,O,047-CS-1397  -000,0.55,0,0,1,0,0,0,0,0,0,0,1,0,0,Y
Motor Vehicle,Non DAC,72743687,20220324,657,4,NULL,MULBERRY                                ,S ,ST   ,US0062  ,US0062  ,047 US-62-10   ,US0062                                         ,N,37.67871,-85.88151,1,2022,A,047-US-0062  -000,16.337,0,0,0,0,0,0,0,0,0,0,1,0,0,Y
Motor Vehicle,DAC,72743709,20220315,825,2,NULL,RING                                    ,NULL,RD   ,KY3005  ,KY3005  ,047 KY-3005    ,KY3005                                         ,N,37.72843,-85.88363,1,2022,O,047-KY-3005  -000,6.572,0,0,0,0,0,0,0,0,0,0,0,0,0,Y
Motor Vehicle,DAC,72743763,20220323,733,3,NULL,MILES                                   ,N ,ST   ,KY0251  ,KY0251  ,047 KY-251     ,KY0251                                         ,N,37.70234,-85.85715,1,2022,O,047-KY-0251  -000,0.539,0,0,0,0,0,0,0,0,0,0,1,0,0,Y
Motor Vehicle,Non DAC,72743792,20220309,1304,3,NULL,MULBERRY                                ,N ,ST   ,US0062  ,US0062  ,047 US-62      ,US0062                                         ,N,37.71532,-85.82641,1,2022,O,047-US-0062  -000,20.307,0,0,0,1,0,0,0,1,0,0,0,0,0,Y
Motor Vehicle,DAC,72743794,20220322,726,2,NULL,DIXIE                                   ,N ,HWY  ,US0031W ,US0031W ,047 US-31W     ,US0031W                                        ,N,37.7579,-85.89802,1,2022,C,047-US-0031W -000,21.679,0,0,0,0,0,0,0,1,0,0,1,0,0,Y
Motor Vehicle,DAC,72743795,20220324,919,4,NULL,DIXIE                                   ,N ,AVE  ,US0031W ,US0031W ,047 US-31W-10  ,US0031W                                        ,N,37.72044,-85.88038,8,2022,O,047-US-0031W -000,18.907,0,0,0,0,0,0,0,0,0,0,0,1,0,Y
Motor Vehicle,Non DAC,72743950,20220324,1456,4,NULL,PATRIOT                                 ,NULL,PKWY ,KY0361  ,KY0361  ,047 KY-361-10  ,KY0361                                         ,N,37.71762,-85.90409,5,2022,B,047-KY-0361  -000,1.868,0,0,0,0,0,0,1,0,0,0,0,0,0,Y
Motor Vehicle,DAC,72743976,20220324,1704,4,NULL,ORIOLE                                  ,NULL,DR   ,NULL,NULL,047 CS-1397    ,CS1397                                         ,N,37.7399,-85.88176,3,2022,O,047-CS-1397  -000,0.549,0,0,0,1,0,0,1,1,0,0,1,0,0,Y
Motor Vehicle,DAC,72744068,20220325,728,5,NULL,GLENVIEW                                ,NULL,DR   ,NULL,NULL,047 CS-1216    ,CS1216                                         ,N,37.72143,-85.84074,1,2022,O,047-CS-1216  -000,0,0,0,1,0,0,0,1,1,0,0,1,0,0,Y
Motor Vehicle,Non DAC,72744519,20220321,655,1,NULL,LINCOLN                                 ,NULL,PKWY ,KY0061  ,KY0061  ,047 KY-61      ,KY0061                                         ,N,37.66958,-85.84535,5,2022,O,047-KY-0061  -000,5.244,0,0,0,0,0,0,1,0,0,0,0,0,0,Y
Motor Vehicle,DAC,72744520,20220322,1349,2,NULL,NICHOLAS ST CONN                        ,NULL,NULL,NULL,NULL,047 CS-1389-71 ,CS1389                                         ,N,37.68778,-85.86828,5,2022,O,047-CS-1389  -071,0.026,0,0,0,0,0,0,0,0,0,0,1,0,0,Y
Motor Vehicle,Non DAC,72744521,20220324,714,4,NULL,LINCOLN                                 ,NULL,PKWY ,KY0061  ,KY0061  ,047 KY-61      ,KY0061                                         ,N,37.66984,-85.84608,5,2022,O,047-KY-0061  -000,5.288,0,0,0,1,0,0,1,0,0,0,0,0,0,Y