Mode,Crash In Disadvantaged Community,MasterFile,CollisionDate,CollisionTime,CollisionDayWeekCode,RoadwayName_HouseBusinessNumber_,RoadwayName_RoadwayName_,RoadwayName_Direction_,RoadwayName_RoadwaySuffix_,RoadwayfromReport,CurrentRoadwayNumber,RSEUniqueGIS,RoadwayIdentifier,ParkingLotIndicator,Latitude,Longitude,MannerofCollisionCode,YR,KABCO,KTC_RT,KTC_MP,Motorcyclist,Commercial Vehicle,Young Driver,Mature Driver,Pedestrian,Bicyclist,Distracted,Aggressive,Impaired,Unrestrained,Intersection,Roadway Departure,Median Cross-over,In City Limits?
Motor Vehicle,DAC,72744612,20220325,2158,5,NULL,ST JOHN                                 ,NULL,RD   ,KY1357  ,KY1357  ,047 KY-1357    ,KY1357                                         ,N,37.70428,-85.87125,8,2022,O,047-KY-1357  -000,16.978,0,0,1,0,0,0,1,0,0,0,1,0,0,Y
Motor Vehicle,DAC,72744613,20220326,2353,6,NULL,MULBERRY                                ,S ,ST   ,US0062  ,US0062  ,047 US-62-10   ,US0062                                         ,N,37.68133,-85.87689,9,2022,C,047-US-0062  -000,16.66,0,0,0,0,0,0,0,0,1,0,0,1,0,Y
Motor Vehicle,Non DAC,72744768,20220326,2130,6,300,SPORTSMAN LAKE                          ,NULL,RD   ,NULL,NULL,047 CS-1520    ,CS1520                                         ,N,37.66356,-85.84049,9,2022,O,047-CS-1520  -000,0.595,0,0,0,0,0,0,0,0,0,0,0,1,0,Y
Motor Vehicle,DAC,72745096,20220322,1543,2,NULL,DIXIE                                   ,N ,AVE  ,US0031W ,US0031W ,047 US-31W-10  ,US0031W                                        ,N,37.72611,-85.88319,1,2022,O,047-US-0031W -000,19.323,0,0,0,0,0,0,0,1,0,0,0,0,0,Y
Motor Vehicle,DAC,72745158,20220328,1418,1,NULL,DIXIE                                   ,E ,AVE  ,US0031W ,US0031W ,NULL,NULL,N,37.69285,-85.85777,5,2022,O,047-US-0031W -001,16.591,0,0,0,0,0,0,1,0,0,0,0,0,0,Y
Motor Vehicle,Non DAC,72745474,20220329,1411,2,NULL,HUTCHERSON                              ,NULL,LN   ,NULL,NULL,NULL,NULL,N,37.72396,-85.91257,1,2022,O,047-CR-1008  -000,0.005,0,0,0,0,0,0,0,1,0,0,1,0,0,Y
Motor Vehicle,Non DAC,72745514,20220329,1543,2,3040,BRUIN                                   ,NULL,LN   ,NULL,NULL,047 LA-1001    ,LA1001                                         ,N,37.67466,-85.91065,5,2022,O,047-LA-1001  -000,0.312,0,0,1,0,0,0,1,0,0,0,0,0,0,Y
Motor Vehicle,Non DAC,72745792,20220330,1707,3,NULL,RING                                    ,NULL,RD   ,KY3005  ,KY3005  ,047 KY-3005    ,KY3005                                         ,N,37.72264,-85.89694,8,2022,O,047-KY-3005  -000,5.749,0,0,0,0,0,0,1,0,0,0,0,1,0,Y
Motor Vehicle,Non DAC,72746047,20220330,1805,3,NULL,RING                                    ,NULL,RD   ,KY3005  ,KY3005  ,047 KY-3005-10 ,KY3005                                         ,N,37.71728,-85.9035,1,2022,O,047-KY-3005  -000,5.257,0,0,0,0,0,0,0,0,0,0,1,0,0,Y
Motor Vehicle,DAC,72746480,20220331,2345,4,NULL,MULBERRY                                ,N ,ST   ,US0062  ,US0062  ,NULL,NULL,N,37.71161,-85.83389,1,2022,O,047-US-0062  -000,19.837,0,0,0,0,0,0,0,0,0,0,0,0,0,Y
Motor Vehicle,DAC,72746529,20220331,1238,4,NULL,POPLAR                                  ,W ,ST   ,NULL,NULL,047 CS-1068    ,CS1068                                         ,N,37.69502,-85.85844,1,2022,O,047-CS-1068  -000,0.094,0,0,0,1,0,0,0,0,0,0,0,0,0,Y
Motor Vehicle,Non DAC,72746588,20220327,1701,0,NULL,RING                                    ,NULL,RD   ,KY3005  ,KY3005  ,047 KY-3005    ,KY3005                                         ,N,37.71674,-85.90389,9,2022,O,047-KY-3005  -000,5.192,0,0,1,0,0,0,0,0,0,0,0,1,0,Y
Motor Vehicle,Non DAC,72746654,20220402,1830,6,NULL,MULBERRY                                ,N ,ST   ,US0062  ,US0062  ,047 US-62-10   ,US0062                                         ,N,37.71421,-85.82865,5,2022,C,047-US-0062  -000,20.166,0,0,1,0,0,0,1,0,0,0,0,0,0,Y
Motor Vehicle,DAC,72746659,20220402,1549,6,NULL,PEAR ORCHARD                            ,NULL,RD   ,NULL,NULL,047 CS-1327    ,CS1327                                         ,N,37.7268,-85.8606,5,2022,O,047-CS-1327  -000,1.149,0,0,0,0,0,0,1,0,0,0,0,0,0,Y
Motor Vehicle,DAC,72746969,20220330,1054,3,NULL,WOODLAND                                ,NULL,DR   ,NULL,NULL,047 CS-1193    ,CS1193                                         ,N,37.71187,-85.87913,1,2022,O,047-CS-1193  -000,1.134,0,0,0,0,0,0,0,1,0,0,1,0,0,Y
Motor Vehicle,DAC,72746972,20220403,1810,0,NULL,NULL,NULL,NULL,I 0065  ,I 0065  ,NULL,NULL,N,37.71334,-85.83069,5,2022,O,047-I -0065  -531,0.251,0,0,0,0,0,0,1,0,0,0,0,0,0,Y
Motor Vehicle,DAC,72747200,20220330,1502,3,NULL,DIXIE                                   ,N ,AVE  ,US0031W ,US0031W ,NULL,NULL,N,37.73124,-85.88546,1,2022,B,047-US-0031W -000,19.704,0,0,0,1,0,0,1,1,0,0,1,0,0,Y
Motor Vehicle,DAC,72747563,20220401,1449,5,NULL,DIXIE                                   ,N ,HWY  ,US0031W ,US0031W ,047 US-31W-10  ,US0031W                                        ,N,37.75804,-85.89837,5,2022,O,047-US-0031W -000,21.669,0,0,0,0,0,0,0,0,0,0,0,0,0,Y
Motor Vehicle,DAC,72747564,20220401,1634,5,NULL,HODGENVILLE                             ,NULL,RD   ,KY0210  ,KY0210  ,047 KY-210     ,KY0210                                         ,N,37.67232,-85.84366,4,2022,C,047-KY-0210  -000,0.134,0,0,0,1,0,0,1,0,0,0,1,0,0,Y
Motor Vehicle,Non DAC,72747771,20220406,1338,3,NULL,DIXIE                                   ,N ,AVE  ,US0031W ,US0031W ,047 US-31W     ,US0031W                                        ,N,37.7461,-85.8926,1,2022,O,047-US-0031W -000,20.793,0,0,0,1,0,0,1,0,0,0,0,0,0,Y
Motor Vehicle,DAC,72748149,20220404,2330,1,610,MANTLE                                  ,N ,AVE  ,NULL,NULL,047 CS-1025    ,CS1025                                         ,N,37.70924,-85.85753,8,2022,O,047-CS-1025  -000,0.8,0,0,0,0,0,0,0,0,0,0,0,0,0,Y
Motor Vehicle,DAC,72748215,20220403,1856,0,NULL,MULBERRY                                ,N ,ST   ,US0062  ,US0062  ,047 US-62      ,US0062                                         ,N,37.70916,-85.83843,5,2022,O,047-US-0062  -000,19.549,0,0,0,0,0,0,0,0,0,0,1,0,0,Y
Motor Vehicle,DAC,72748216,20220404,1518,1,NULL,DIXIE                                   ,N ,AVE  ,US0031W ,US0031W ,NULL,NULL,N,37.71932,-85.87982,5,2022,O,047-US-0031W -000,18.825,0,0,0,0,0,0,1,0,0,0,1,0,0,Y
Motor Vehicle,Non DAC,72748235,20220407,1151,4,NULL,PATRIOT                                 ,NULL,PKWY ,KY0361  ,KY0361  ,047 KY-361     ,KY0361                                         ,N,37.72182,-85.9099,1,2022,O,047-KY-0361  -000,2.299,0,0,0,1,0,0,0,1,0,0,1,0,0,Y
Motor Vehicle,Non DAC,72748261,20220406,1359,3,NULL,DIXIE                                   ,N ,AVE  ,US0031W ,US0031W ,047 US-31W-10  ,US0031W                                        ,N,37.74585,-85.89276,9,2022,O,047-US-0031W -000,20.779,0,0,0,0,0,0,0,0,0,0,0,1,0,Y
Motor Vehicle,DAC,72748303,20220407,1929,4,NULL,ST JOHN                                 ,NULL,RD   ,KY1357  ,KY1357  ,047 KY-1357    ,KY1357                                         ,N,37.7005,-85.88134,5,2022,O,047-KY-1357  -000,16.355,0,0,0,0,0,0,1,0,0,0,1,0,0,Y
Motor Vehicle,DAC,72748391,20220407,1317,4,NULL,HODGENVILLE                             ,NULL,RD   ,KY0210  ,KY0210  ,047 KY-210     ,KY0210                                         ,N,37.67333,-85.84543,1,2022,O,047-KY-0210  -000,0.022,0,0,1,1,0,0,1,1,0,0,1,0,0,Y
Motor Vehicle,DAC,72748660,20220404,1820,1,NULL,WALMART                                 ,NULL,EXT  ,NULL,NULL,047 PR-1005    ,PR1005                                         ,N,37.7305,-85.88415,1,2022,O,047-PR-1005  -000,0.05,0,0,0,0,0,0,0,1,0,0,0,0,0,Y
Motor Vehicle,DAC,72748735,20220408,1012,5,NULL,DIXIE                                   ,E ,AVE  ,US0031W ,US0031W ,NULL,NULL,N,37.67395,-85.84579,5,2022,O,047-US-0031W -000,15.08,0,0,0,0,0,0,1,0,0,0,0,0,0,Y
Motor Vehicle,Non DAC,72748779,20220323,134,3,NULL,LEITCHFIELD                             ,NULL,RD   ,US0062  ,US0062  ,047 US-62-10   ,US0062                                         ,N,37.67182,-85.91169,1,2022,O,047-US-0062  -000,14.588,0,0,0,0,0,0,1,0,0,0,0,1,0,N
Motor Vehicle,DAC,72748780,20220404,1522,1,NULL,DIXIE                                   ,N ,AVE  ,US0031W ,US0031W ,047 US-31W     ,US0031W                                        ,N,37.7409,-85.89027,8,2022,O,047-US-0031W -000,20.406,0,0,1,0,0,0,1,0,0,0,1,0,0,Y
Motor Vehicle,DAC,72749046,20220410,1323,0,NULL,DIXIE                                   ,N ,AVE  ,US0031W ,US0031W ,047 US-31W     ,US0031W                                        ,N,37.70883,-85.874,1,2022,O,047-US-0031W -000,18.032,0,0,0,0,0,0,0,1,0,0,1,0,0,Y
Motor Vehicle,DAC,72749222,20220309,404,3,NULL,DIXIE                                   ,N ,AVE  ,US0031W ,US0031W ,047 US-31W-10  ,US0031W                                        ,N,37.71866,-85.8795,8,2022,O,047-US-0031W -000,18.782,0,0,0,0,0,0,1,1,0,0,0,1,0,Y
Motor Vehicle,Non DAC,72749223,20220310,2015,4,NULL,TOWNE                                   ,NULL,DR   ,NULL,NULL,047 CS-1448    ,CS1448                                         ,N,37.73315,-85.88997,1,2022,O,047-CS-1448  -000,0.177,0,0,1,0,0,0,1,1,0,0,0,0,0,Y
Motor Vehicle,DAC,72749224,20220314,2140,1,NULL,MULBERRY                                ,N ,ST   ,US0062  ,US0062  ,047 US-62-10   ,US0062                                         ,N,37.71235,-85.83242,1,2022,B,047-US-0062  -000,19.943,0,0,1,0,0,0,1,1,0,0,0,0,0,Y
Motor Vehicle,Non DAC,72749353,20220401,1518,5,NULL,LINCOLN                                 ,NULL,PKWY ,KY0061  ,KY0061  ,047 KY-61      ,KY0061                                         ,N,37.65801,-85.83621,5,2022,O,047-KY-0061  -000,4.264,0,0,1,0,0,0,1,1,0,0,0,1,0,Y
Motor Vehicle,DAC,72749354,20220402,1837,6,NULL,NULL,NULL,NULL,I 0065  ,I 0065  ,NULL,NULL,N,37.71387,-85.8306,5,2022,O,047-I -0065  -531,0.214,0,0,0,0,0,0,1,1,0,0,0,0,0,Y
Motor Vehicle,DAC,72749528,20220411,2043,1,NULL,DIXIE                                   ,N ,AVE  ,US0031W ,US0031W ,047 US-31W-10  ,US0031W                                        ,N,37.73116,-85.88568,1,2022,O,047-US-0031W -000,19.703,0,0,1,0,0,0,1,1,0,0,1,0,0,Y
Motor Vehicle,Non DAC,72749878,20220411,1611,1,NULL,DIXIE                                   ,N ,HWY  ,US0031W ,US0031W ,047 US-31W-10  ,US0031W                                        ,N,37.757,-85.89788,8,2022,O,047-US-0031W -000,21.617,0,0,0,0,0,0,1,0,0,0,0,1,0,Y
Motor Vehicle,DAC,72750261,20220412,1655,2,NULL,31W                                     ,NULL,BYP  ,US0031WB,US0031WB,047 US-31WB-10 ,US0031WB                                       ,N,37.70028,-85.88206,5,2022,O,047-US-0031WB-000,2.169,0,0,0,0,0,0,1,0,0,0,0,0,0,Y
Motor Vehicle,DAC,72750320,20220412,1700,2,NULL,ST JOHN                                 ,NULL,RD   ,KY1357  ,KY1357  ,047 KY-1357    ,KY1357                                         ,N,37.70071,-85.88061,1,2022,O,047-KY-1357  -000,16.403,0,0,0,1,0,0,1,0,0,0,1,0,0,Y
Motor Vehicle,DAC,72750395,20220413,1232,3,NULL,DIXIE                                   ,N ,AVE  ,US0031W ,US0031W ,047 US-31W     ,US0031W                                        ,N,37.73099,-85.88536,5,2022,O,047-US-0031W -000,19.685,0,0,0,0,0,0,0,0,0,0,0,0,0,Y
Motor Vehicle,DAC,72750593,20220412,1301,2,NULL,MULBERRY                                ,N ,ST   ,US0062  ,US0062  ,047 US-62-10   ,US0062                                         ,N,37.70988,-85.83738,1,2022,C,047-US-0062  -000,19.618,0,0,0,0,0,0,0,1,0,0,0,0,0,Y
Motor Vehicle,DAC,72750594,20220414,802,4,NULL,DIXIE                                   ,N ,AVE  ,US0031W ,US0031W ,047 US-31W     ,US0031W                                        ,N,37.73729,-85.88842,5,2022,O,047-US-0031W -000,20.184,0,0,0,0,0,0,1,0,0,0,0,0,0,Y
Motor Vehicle,DAC,72750669,20220413,1734,3,NULL,DIXIE                                   ,N ,AVE  ,US0031W ,US0031W ,047 US-31W     ,US0031W                                        ,N,37.73121,-85.88544,5,2022,O,047-US-0031W -000,19.706,0,0,0,0,0,0,1,0,0,0,0,0,0,Y
Motor Vehicle,DAC,72750685,20220414,1849,4,NULL,HELM                                    ,NULL,ST   ,NULL,NULL,047 CS-1127    ,CS1127                                         ,N,37.69461,-85.86415,1,2022,O,047-CS-1127  -000,0.386,0,0,1,0,0,0,0,0,0,0,1,0,0,Y
Motor Vehicle,DAC,72750855,20220415,1040,5,NULL,MILES                                   ,N ,ST   ,KY0251  ,KY0251  ,047 KY-251     ,KY0251                                         ,N,37.69973,-85.85952,1,2022,O,047-KY-0251  -000,0.318,0,0,0,1,0,0,0,1,0,0,0,0,0,Y
Motor Vehicle,DAC,72751130,20220408,1229,5,NULL,DIXIE                                   ,N ,AVE  ,US0031W ,US0031W ,047 US-31W-10  ,US0031W                                        ,N,37.72033,-85.88033,5,2022,O,047-US-0031W -000,18.899,0,0,0,0,0,0,1,0,0,0,0,0,0,Y
Motor Vehicle,DAC,72751131,20220410,1148,0,NULL,DIXIE                                   ,N ,AVE  ,US0031W ,US0031W ,047 US-31W     ,US0031W                                        ,N,37.72686,-85.88326,5,2022,O,047-US-0031W -000,19.373,0,0,0,0,0,0,1,0,0,0,0,0,0,Y
Motor Vehicle,Non DAC,72751501,20220415,810,5,NULL,HODGENVILLE                             ,NULL,RD   ,KY0210  ,KY0210  ,047 KY-210     ,KY0210                                         ,N,37.66658,-85.83844,1,2022,O,047-KY-0210  -000,0.631,0,0,1,0,0,0,1,0,0,0,1,0,0,Y
Motor Vehicle,DAC,72751502,20220416,1402,6,NULL,DIXIE                                   ,N ,AVE  ,US0031W ,US0031W ,047 US-31W     ,US0031W                                        ,N,37.71783,-85.8791,8,2022,O,047-US-0031W -000,18.733,0,0,0,0,0,0,1,0,0,0,0,1,0,Y
Motor Vehicle,Non DAC,72751770,20220417,1325,0,NULL,WILSON                                  ,S ,RD   ,KY0447  ,KY0447  ,047 KY-447     ,KY0447                                         ,N,37.7467,-85.89588,8,2022,O,047-KY-0447  -000,0.205,0,0,0,0,0,0,0,1,0,0,0,1,0,Y
Motor Vehicle,Non DAC,72752041,20220418,2008,1,NULL,RING                                    ,NULL,RD   ,KY3005  ,KY3005  ,047 KY-3005-10 ,KY3005                                         ,N,37.72702,-85.88855,8,2022,C,047-KY-3005  -000,6.3,0,0,0,0,0,0,1,0,0,0,0,1,0,Y
Motor Vehicle,DAC,72752043,20220414,2024,4,NULL,SPRINGFIELD                             ,NULL,RD   ,NULL,NULL,047 CS-1530    ,CS1530                                         ,N,37.68726,-85.84256,9,2022,C,047-CS-1530  -000,0.042,0,0,1,0,0,0,0,1,0,0,0,0,0,Y
Motor Vehicle,DAC,72752426,20220419,1931,2,NULL,NICHOLAS ST CONN                        ,NULL,NULL,NULL,NULL,047 CS-1389-71 ,CS1389                                         ,N,37.68772,-85.86824,5,2022,C,047-CS-1389  -071,0.022,0,0,1,0,0,0,1,0,0,0,0,0,0,Y
Motor Vehicle,Non DAC,72752739,20220420,1535,3,NULL,RING                                    ,NULL,RD   ,KY3005  ,KY3005  ,047 KY-3005-10 ,KY3005                                         ,N,37.6792,-85.91501,8,2022,C,047-KY-3005  -000,2.469,0,0,0,0,0,0,0,0,0,0,1,0,0,Y
Motor Vehicle,Non DAC,72752772,20220420,138,3,NULL,31W                                     ,NULL,BYP  ,US0031WB,US0031WB,047 US-31WB-10 ,US0031WB                                       ,N,37.67663,-85.86046,9,2022,O,047-US-0031WB-000,0.077,0,0,0,0,0,0,0,0,0,0,0,1,0,Y
Motor Vehicle,Non DAC,72752830,20220420,1341,3,NULL,LINCOLN                                 ,NULL,PKWY ,KY0061  ,KY0061  ,047 KY-61      ,KY0061                                         ,N,37.66576,-85.83974,8,2022,O,047-KY-0061  -000,4.817,0,1,0,0,0,0,0,1,0,0,0,1,0,Y
Motor Vehicle,Non DAC,72752931,20220421,830,4,NULL,PATRIOT                                 ,NULL,PKWY ,KY0361  ,KY0361  ,047 KY-361-10  ,KY0361                                         ,N,37.71111,-85.88948,5,2022,O,047-KY-0361  -000,0.951,0,0,1,0,0,0,0,1,0,0,0,0,0,Y
Motor Vehicle,Non DAC,72752960,20220419,750,2,NULL,LINCOLN                                 ,NULL,PKWY ,KY0061  ,KY0061  ,047 KY-61      ,KY0061                                         ,N,37.66958,-85.84553,5,2022,O,047-KY-0061  -000,5.253,0,0,0,0,0,0,1,0,0,0,0,0,0,Y
Motor Vehicle,Non DAC,72753214,20220422,832,5,110,CECILIANNA                              ,NULL,DR   ,NULL,NULL,047 CR-1010C   ,CR1010C                                        ,N,37.7285,-85.91323,9,2022,B,047-CR-1010C -000,0.182,0,0,1,0,0,0,0,1,0,1,0,1,0,Y
Motor Vehicle,DAC,72753585,20220415,1442,5,NULL,DIXIE                                   ,N ,AVE  ,US0031W ,US0031W ,047 US-31W-10  ,US0031W                                        ,N,37.73118,-85.88569,1,2022,O,047-US-0031W -000,19.703,0,0,0,0,0,0,1,0,0,0,0,0,0,Y
Motor Vehicle,DAC,72753753,20220422,1735,5,NULL,MILES                                   ,N ,ST   ,KY0251  ,KY0251  ,047 KY-251     ,KY0251                                         ,N,37.71162,-85.85292,1,2022,O,047-KY-0251  -000,1.189,0,0,0,0,0,0,0,1,0,0,1,0,0,Y
Motor Vehicle,DAC,72753809,20220423,1657,6,NULL,NIGHTINGALE                             ,NULL,DR   ,NULL,NULL,047 CS-1275    ,CS1275                                         ,N,37.73057,-85.87753,5,2022,C,047-CS-1275  -000,0.029,0,0,0,0,0,0,1,0,0,0,0,0,0,Y
Motor Vehicle,Non DAC,72753987,20220424,1200,0,2515,RIDGESTONE                              ,NULL,DR   ,NULL,NULL,047 CS-1538    ,CS1538                                         ,N,37.75604,-85.87408,9,2022,O,047-CS-1538  -000,0.397,0,0,0,0,0,0,1,0,0,0,0,1,0,Y
Motor Vehicle,DAC,72754112,20220415,1924,5,NULL,DIXIE                                   ,N ,AVE  ,US0031W ,US0031W ,047 US-31W     ,US0031W                                        ,N,37.72595,-85.88273,5,2022,O,047-US-0031W -000,19.305,0,0,0,1,0,0,1,0,0,0,0,0,0,Y
Motor Vehicle,DAC,72754552,20220425,1554,1,NULL,DIXIE                                   ,N ,AVE  ,US0031W ,US0031W ,047 US-31W-10  ,US0031W                                        ,N,37.73106,-85.88563,5,2022,O,047-US-0031W -000,19.695,0,0,0,0,0,0,0,0,0,0,0,0,0,Y
Motor Vehicle,Non DAC,72754569,20220106,945,4,NULL,RING                                    ,NULL,RD   ,KY3005  ,KY3005  ,047 KY-3005-10 ,KY3005                                         ,N,37.72665,-85.88915,1,2022,O,047-KY-3005  -000,6.259,0,0,0,1,0,0,0,0,0,0,0,1,0,Y
Motor Vehicle,Non DAC,72754570,20220203,1018,4,NULL,RING                                    ,NULL,RD   ,KY3005  ,KY3005  ,047 KY-3005-10 ,KY3005                                         ,N,37.67924,-85.915,1,2022,O,047-KY-3005  -000,2.467,0,0,1,0,0,0,0,1,0,0,1,0,0,Y
Motor Vehicle,DAC,72754686,20220426,1355,2,NULL,CARDINAL                                ,NULL,DR   ,KY0361  ,KY0361  ,047 KY-361     ,KY0361                                         ,N,37.70732,-85.87334,5,2022,O,047-KY-0361  -000,0.028,0,0,0,0,0,0,0,0,0,0,0,0,0,Y
Motor Vehicle,DAC,72755078,20220425,1327,1,NULL,DIXIE                                   ,N ,AVE  ,US0031W ,US0031W ,047 US-31W-10  ,US0031W                                        ,N,37.72733,-85.88378,1,2022,C,047-US-0031W -000,19.399,0,0,0,0,0,0,0,0,0,0,0,0,0,Y
Motor Vehicle,Non DAC,72755079,20220426,846,2,NULL,LEITCHFIELD                             ,NULL,RD   ,US0062  ,US0062  ,047 US-62      ,US0062                                         ,N,37.67802,-85.88461,5,2022,O,047-US-0062  -000,16.163,0,0,1,0,0,0,0,1,0,0,0,0,0,Y
Motor Vehicle,DAC,72755286,20220422,1131,5,NULL,31W                                     ,NULL,BYP  ,US0031WB,US0031WB,047 US-31WB    ,US0031WB                                       ,N,37.70011,-85.88174,5,2022,O,047-US-0031WB-000,2.163,0,0,0,0,0,0,1,0,0,0,0,0,0,Y
Motor Vehicle,DAC,72755527,20220422,2152,5,NULL,RING                                    ,NULL,RD   ,KY3005  ,KY3005  ,047 KY-3005    ,KY3005                                         ,N,37.72845,-85.88355,5,2022,O,047-KY-3005  -000,6.577,0,0,1,0,0,0,1,0,0,0,1,0,0,Y
Motor Vehicle,Non DAC,72755706,20220428,800,4,NULL,ROANOKE                                 ,NULL,DR   ,NULL,NULL,047 CS-1118    ,CS1118                                         ,N,37.67143,-85.84452,8,2022,O,047-CS-1118  -000,0.043,0,1,0,0,0,0,0,0,0,0,0,1,0,Y
Motor Vehicle,Non DAC,72755707,20220429,715,5,NULL,DIXIE                                   ,S ,HWY  ,US0031W ,US0031W ,047 US-31W     ,US0031W                                        ,N,37.66885,-85.84669,5,2022,O,047-US-0031W -000,14.734,0,0,0,0,0,0,1,0,0,0,0,0,0,Y
Motor Vehicle,DAC,72755708,20220429,949,5,NULL,STRAWBERRY                              ,NULL,ALY  ,NULL,NULL,047 CS-1060    ,CS1060                                         ,N,37.6933,-85.85995,1,2022,O,047-CS-1060  -000,0.6,0,0,0,1,0,0,0,0,0,0,1,0,0,Y
Motor Vehicle,Non DAC,72755786,20220424,1717,0,NULL,TOWNE                                   ,NULL,DR   ,NULL,NULL,NULL,NULL,N,37.73378,-85.88791,1,2022,O,047-CS-1448  -000,0.061,0,0,0,0,0,0,1,1,0,0,0,0,0,Y
Motor Vehicle,DAC,72755885,20220429,1115,5,NULL,ST JOHN                                 ,NULL,RD   ,KY1357  ,KY1357  ,047 KY-1357    ,KY1357                                         ,N,37.7001,-85.88209,5,2022,O,047-KY-1357  -000,16.312,0,0,0,1,0,0,1,0,0,0,0,0,0,Y
Motor Vehicle,Non DAC,72756034,20220428,712,4,NULL,LEITCHFIELD                             ,NULL,RD   ,US0062  ,US0062  ,NULL,NULL,N,37.67828,-85.88318,1,2022,O,047-US-0062  -000,16.241,0,0,0,0,0,0,0,0,0,0,0,0,0,Y
Motor Vehicle,DAC,72756043,20220428,1144,4,NULL,RING                                    ,NULL,RD   ,KY3005  ,KY3005  ,047 KY-3005    ,KY3005                                         ,N,37.72841,-85.88373,5,2022,O,047-KY-3005  -000,6.567,0,0,0,0,0,0,0,0,0,0,0,0,0,Y
Motor Vehicle,Non DAC,72756238,20220429,1526,5,NULL,LINCOLN                                 ,NULL,PKWY ,KY0061  ,KY0061  ,NULL,NULL,N,37.6694,-85.84475,5,2022,O,047-KY-0061  -000,5.209,0,0,0,1,0,0,1,0,0,0,0,0,0,Y
Motor Vehicle,Non DAC,72756329,20220429,1900,5,NULL,NULL,NULL,NULL,I 0065  ,I 0065  ,NULL,NULL,N,37.71438,-85.82776,5,2022,O,047-I -0065  -511,0.297,0,0,0,0,0,0,1,0,0,0,0,0,0,Y
Motor Vehicle,DAC,72756452,20220424,1417,0,NULL,FEEDERS SUPPLY                          ,NULL,LN   ,NULL,NULL,047 PR-1006    ,PR1006                                         ,N,37.72976,-85.88167,1,2022,O,047-PR-1006  -000,0.03,0,0,0,1,0,0,1,0,0,0,0,0,0,Y
Motor Vehicle,DAC,72756616,20220501,1806,0,NULL,MULBERRY                                ,N ,ST   ,US0062  ,US0062  ,047 US-62-10   ,US0062                                         ,N,37.70999,-85.8372,5,2022,O,047-US-0062  -000,19.63,0,0,0,0,0,0,1,0,0,0,0,0,0,Y
Motor Vehicle,Non DAC,72756748,20220425,1300,1,NULL,RING                                    ,NULL,RD   ,KY3005  ,KY3005  ,047 KY-3005    ,KY3005                                         ,N,37.6976,-85.90958,4,2022,O,047-KY-3005  -000,3.795,0,0,0,1,0,0,0,1,0,0,0,0,0,Y
Motor Vehicle,DAC,72756749,20220425,920,1,NULL,DIXIE                                   ,N ,AVE  ,US0031W ,US0031W ,047 US-31W     ,US0031W                                        ,N,37.73431,-85.88727,5,2022,O,047-US-0031W -000,19.956,0,0,0,0,0,0,0,1,0,0,0,0,0,Y
Motor Vehicle,DAC,72756951,20220502,1652,1,NULL,MULBERRY                                ,N ,ST   ,US0062  ,US0062  ,047 US-62      ,US0062                                         ,N,37.71216,-85.83249,5,2022,O,047-US-0062  -000,19.933,0,0,1,1,0,0,0,1,0,0,0,1,0,Y
Motor Vehicle,DAC,72757422,20220503,1606,2,NULL,RING                                    ,NULL,RD   ,KY3005  ,KY3005  ,047 KY-3005    ,KY3005                                         ,N,37.729,-85.88191,1,2022,O,047-KY-3005  -000,6.674,0,0,0,0,0,0,0,0,0,0,1,0,0,Y
Motor Vehicle,Non DAC,72757472,20220504,55,3,NULL,RING                                    ,NULL,RD   ,KY3005  ,KY3005  ,047 KY-3005    ,KY3005                                         ,N,37.69258,-85.91223,9,2022,O,047-KY-3005  -000,3.418,0,0,1,0,0,0,0,0,1,0,0,1,0,Y
Motor Vehicle,DAC,72757852,20220430,1029,6,NULL,US31W BYP N TURN LANE                   ,NULL,NULL,US0031WB,US0031WB,047 US-31WB-24 ,US0031WB                                       ,N,37.71889,-85.87984,8,2022,O,047-US-0031WB-024,0.036,0,0,0,0,0,0,1,0,0,0,0,1,0,Y