Mode,Crash In Disadvantaged Community,MasterFile,CollisionDate,CollisionTime,CollisionDayWeekCode,RoadwayName_HouseBusinessNumber_,RoadwayName_RoadwayName_,RoadwayName_Direction_,RoadwayName_RoadwaySuffix_,RoadwayfromReport,CurrentRoadwayNumber,RSEUniqueGIS,RoadwayIdentifier,ParkingLotIndicator,Latitude,Longitude,MannerofCollisionCode,YR,KABCO,KTC_RT,KTC_MP,Motorcyclist,Commercial Vehicle,Young Driver,Mature Driver,Pedestrian,Bicyclist,Distracted,Aggressive,Impaired,Unrestrained,Intersection,Roadway Departure,Median Cross-over,In City Limits?
Motor Vehicle,DAC,72757853,20220501,1317,0,NULL,BUFFALO CREEK                           ,NULL,DR   ,NULL,NULL,047 CS-1431    ,CS1431                                         ,N,37.71283,-85.83215,1,2022,O,047-CS-1431  -000,0.032,0,0,0,0,0,0,1,1,0,0,1,0,0,Y
Motor Vehicle,Non DAC,72757876,20220501,1418,0,NULL,NEW GLENDALE                            ,NULL,RD   ,KY1136  ,KY1136  ,047 KY-1136    ,KY1136                                         ,N,37.6745,-85.86063,5,2022,O,047-KY-1136  -000,9.705,0,0,0,0,0,0,1,0,0,0,0,0,0,Y
Motor Vehicle,Non DAC,72757889,20220505,653,4,NULL,LINCOLN                                 ,NULL,PKWY ,KY0061  ,KY0061  ,047 KY-61      ,KY0061                                         ,N,37.66761,-85.84168,5,2022,O,047-KY-0061  -000,5,0,0,0,0,0,0,1,0,0,0,0,0,0,Y
Motor Vehicle,DAC,72758994,20220506,1545,5,NULL,COLLEGE ST RD                           ,NULL,NULL,NULL,NULL,047 CS-1124    ,CS1124                                         ,N,37.692,-85.87185,5,2022,O,047-CS-1124  -000,1.469,0,0,0,0,0,0,1,0,0,0,1,0,0,Y
Motor Vehicle,DAC,72758995,20220506,1316,5,NULL,MULBERRY                                ,N ,ST   ,US0062  ,US0062  ,047 US-62-10   ,US0062                                         ,N,37.71262,-85.83188,5,2022,O,047-US-0062  -000,19.971,0,0,0,1,0,0,1,0,0,0,0,0,0,Y
Motor Vehicle,DAC,72758996,20220506,1316,5,NULL,MULBERRY                                ,N ,ST   ,US0062  ,US0062  ,047 US-62-10   ,US0062                                         ,N,37.71262,-85.83186,5,2022,O,047-US-0062  -000,19.982,0,0,1,1,0,0,1,0,0,0,0,0,0,Y
Motor Vehicle,DAC,72759057,20220506,1542,5,NULL,31W                                     ,NULL,BYP  ,US0031WB,US0031WB,047 US-31WB-10 ,US0031WB                                       ,N,37.7002,-85.88202,1,2022,A,047-US-0031WB-000,2.161,0,0,0,0,0,0,0,1,0,0,1,0,0,Y
Motor Vehicle,DAC,72759058,20220507,1837,6,NULL,MULBERRY                                ,N ,ST   ,US0062  ,US0062  ,047 US-62      ,US0062                                         ,N,37.69385,-85.85944,1,2022,O,047-US-0062  -000,17.966,0,0,1,0,0,0,1,0,0,0,1,0,0,Y
Motor Vehicle,DAC,72759184,20220508,1313,0,NULL,DIXIE                                   ,N ,AVE  ,US0031W ,US0031W ,047 US-31W-10  ,US0031W                                        ,N,37.74141,-85.89077,8,2022,O,047-US-0031W -000,20.455,0,0,0,1,0,0,1,0,0,0,0,1,0,Y
Motor Vehicle,DAC,72759395,20220507,2140,6,NULL,RING                                    ,NULL,RD   ,KY3005  ,KY3005  ,047 KY-3005    ,KY3005                                         ,N,37.72813,-85.88417,5,2022,O,047-KY-3005  -000,6.536,0,0,0,0,0,0,0,0,0,0,0,0,0,Y
Motor Vehicle,Non DAC,72759409,20220502,726,1,1323,ST JOHN                                 ,NULL,RD   ,KY1357  ,KY1357  ,047 KY-1357    ,KY1357                                         ,N,37.69464,-85.90643,1,2022,O,047-KY-1357  -000,14.85,0,0,0,0,0,0,1,0,0,0,0,0,0,Y
Motor Vehicle,Non DAC,72760515,20220511,1813,3,NULL,PATRIOT                                 ,NULL,PKWY ,KY0361  ,KY0361  ,047 KY-361     ,KY0361                                         ,N,37.71168,-85.89066,1,2022,O,047-KY-0361  -000,1.028,0,0,0,0,0,0,1,1,0,0,1,0,0,Y
Motor Vehicle,DAC,72760577,20220505,1440,4,NULL,MULBERRY                                ,N ,ST   ,US0062  ,US0062  ,047 US-62      ,US0062                                         ,N,37.71256,-85.83204,5,2022,O,047-US-0062  -000,19.964,0,0,0,0,0,0,0,1,0,0,1,0,0,Y
Motor Vehicle,DAC,72760578,20220506,1324,5,NULL,MULBERRY                                ,N ,ST   ,US0062  ,US0062  ,047 US-62      ,US0062                                         ,N,37.71245,-85.83275,1,2022,O,047-US-0062  -000,19.929,0,0,0,0,0,0,0,1,0,0,0,0,0,Y
Motor Vehicle,DAC,72760614,20220501,1444,0,NULL,MULBERRY                                ,N ,ST   ,US0062  ,US0062  ,047 US-62      ,US0062                                         ,N,37.69388,-85.85942,8,2022,O,047-US-0062  -000,17.967,0,0,0,0,0,0,1,0,0,0,1,0,0,Y
Motor Vehicle,Non DAC,72760787,20220512,830,4,NULL,DIXIE                                   ,N ,AVE  ,US0031W ,US0031W ,047 US-31W-10  ,US0031W                                        ,N,37.74187,-85.8908,5,2022,C,047-US-0031W -000,20.485,0,0,0,1,0,0,1,0,0,0,0,0,0,Y
Motor Vehicle,DAC,72761165,20220513,1045,5,NULL,DIXIE                                   ,W ,AVE  ,US0031W ,US0031W ,047 US-31W     ,US0031W                                        ,N,37.69478,-85.86105,6,2022,O,047-US-0031W -000,16.825,0,0,0,1,0,0,1,0,0,0,0,0,0,Y
Motor Vehicle,Non DAC,72761482,20220503,1313,2,NULL,BUFORD                                  ,NULL,LN   ,NULL,NULL,047 CS-1206    ,CS1206                                         ,N,37.72528,-85.89139,5,2022,O,047-CS-1206  -000,0.006,0,0,0,0,0,0,1,1,0,0,0,0,0,Y
Motor Vehicle,DAC,72761483,20220513,753,5,NULL,DIXIE                                   ,W ,AVE  ,US0031W ,US0031W ,047 US-31W     ,US0031W                                        ,N,37.69605,-85.86326,1,2022,O,047-US-0031W -000,16.962,0,0,0,0,0,0,0,1,0,0,0,0,0,Y
Motor Vehicle,DAC,72761856,20220512,921,4,NULL,MILES                                   ,N ,ST   ,KY0251  ,KY0251  ,047 KY-251     ,KY0251                                         ,N,37.72654,-85.84706,1,2022,O,047-KY-0251  -000,2.266,0,0,0,1,0,0,1,0,0,0,1,0,0,Y
Motor Vehicle,DAC,72762083,20220511,1319,3,NULL,BUFFALO CREEK                           ,NULL,DR   ,NULL,NULL,047 CS-1431    ,CS1431                                         ,N,37.71353,-85.83275,5,2022,O,047-CS-1431  -000,0.092,0,0,0,0,0,0,0,0,0,0,0,0,0,Y
Motor Vehicle,Non DAC,72762233,20220511,1523,3,NULL,PATRIOT                                 ,NULL,PKWY ,KY0361  ,KY0361  ,047 KY-361-10  ,KY0361                                         ,N,37.71727,-85.90352,8,2022,O,047-KY-0361  -000,1.826,0,0,0,1,0,0,0,0,0,0,1,0,0,Y
Motor Vehicle,Non DAC,72762375,20220511,1950,3,226,CROGHAN                                 ,NULL,DR   ,NULL,NULL,047 CS-1123    ,CS1123                                         ,N,37.69886,-85.89675,9,2022,O,047-CS-1123  -000,0.309,0,0,0,0,0,0,0,0,1,0,0,1,0,Y
Motor Vehicle,DAC,72762420,20220516,1742,1,NULL,MULBERRY                                ,S ,ST   ,US0062  ,US0062  ,NULL,NULL,N,37.68868,-85.86682,1,2022,O,047-US-0062  -000,17.417,0,0,0,0,0,0,1,1,0,0,1,0,0,Y
Motor Vehicle,DAC,72762421,20220516,1703,1,NULL,VALLEY CREEK                            ,NULL,RD   ,KY0567  ,KY0567  ,047 KY-567     ,KY0567                                         ,N,37.67233,-85.84367,5,2022,O,047-KY-0567  -000,0.001,0,0,0,0,0,0,1,0,0,0,1,0,0,Y
Motor Vehicle,Non DAC,72762807,20220516,1746,1,NULL,MULBERRY                                ,N ,ST   ,US0062  ,US0062  ,047 US-62      ,US0062                                         ,N,37.71433,-85.82801,1,2022,O,047-US-0062  -000,20.196,0,1,1,0,0,0,0,0,0,0,1,0,0,Y
Motor Vehicle,DAC,72762837,20220501,2030,0,NULL,ST JOHN                                 ,NULL,RD   ,KY1357  ,KY1357  ,047 KY-1357    ,KY1357                                         ,N,37.69997,-85.88225,5,2022,O,047-KY-1357  -000,16.285,0,0,1,0,0,0,1,0,0,0,1,0,0,Y
Motor Vehicle,DAC,72763079,20220518,1713,3,NULL,US31W BYP N TURN LANE                   ,NULL,NULL,US0031WB,US0031WB,NULL,NULL,N,37.70052,-85.88182,5,2022,O,047-US-0031WB-021,0.025,0,0,0,0,0,0,1,0,0,0,0,0,0,Y
Motor Vehicle,Non DAC,72763187,20220518,2013,3,NULL,DIXIE                                   ,N ,AVE  ,US0031W ,US0031W ,047 US-31W     ,US0031W                                        ,N,37.75087,-85.89462,7,2022,O,047-US-0031W -000,21.132,0,0,0,1,0,0,1,0,0,0,1,0,0,Y
Motor Vehicle,DAC,72763377,20220519,1247,4,NULL,WILLOW CREEK                            ,NULL,DR   ,NULL,NULL,047 CS-1582    ,CS1582                                         ,N,37.69255,-85.87093,5,2022,O,047-CS-1582  -000,0.001,0,0,0,0,0,0,1,0,0,0,1,0,0,Y
Motor Vehicle,DAC,72763378,20220519,1224,4,NULL,DIXIE                                   ,N ,AVE  ,US0031W ,US0031W ,047 US-31W-10  ,US0031W                                        ,N,37.73124,-85.88573,8,2022,O,047-US-0031W -000,19.699,0,0,0,1,0,0,1,0,0,0,1,0,0,Y
Motor Vehicle,DAC,72763431,20220519,1236,4,NULL,MULBERRY                                ,N ,ST   ,US0062  ,US0062  ,NULL,NULL,N,37.71248,-85.83219,5,2022,O,047-US-0062  -000,19.961,0,0,1,0,0,0,1,1,0,0,0,0,0,Y
Motor Vehicle,DAC,72763979,20220514,2033,6,NULL,DIXIE                                   ,W ,AVE  ,US0031W ,US0031W ,047 US-31W     ,US0031W                                        ,N,37.70116,-85.8679,5,2022,O,047-US-0031W -000,17.398,0,0,1,0,0,0,1,0,0,0,0,0,0,Y
Motor Vehicle,DAC,72763980,20220515,1539,0,NULL,QUAIL RUN                               ,NULL,RD   ,NULL,NULL,047 CS-1442    ,CS1442                                         ,N,37.73531,-85.87767,2,2022,O,047-CS-1442  -000,0.171,0,0,0,0,0,0,1,0,0,0,0,0,0,Y
Motor Vehicle,DAC,72764403,20220515,1054,0,NULL,RING                                    ,NULL,RD   ,KY3005  ,KY3005  ,047 KY-3005    ,KY3005                                         ,N,37.72871,-85.88285,4,2022,O,047-KY-3005  -000,6.619,0,0,0,1,0,0,0,1,0,0,0,0,0,Y
Motor Vehicle,Non DAC,72764404,20220519,1331,4,NULL,RING                                    ,NULL,RD   ,KY3005  ,KY3005  ,047 KY-3005-10 ,KY3005                                         ,N,37.71737,-85.90338,5,2022,O,047-KY-3005  -000,5.243,0,0,0,1,0,0,0,0,0,0,1,0,0,Y
Motor Vehicle,DAC,72764507,20220521,840,6,NULL,RING                                    ,NULL,RD   ,KY3005  ,KY3005  ,047 KY-3005    ,KY3005                                         ,N,37.73351,-85.86306,9,2022,C,047-KY-3005  -000,7.77,0,0,0,0,0,0,0,0,0,0,0,1,0,Y
Motor Vehicle,DAC,72764508,20220521,1329,6,NULL,LAYMAN                                  ,NULL,LN   ,NULL,NULL,047 CS-1180    ,CS1180                                         ,N,37.71254,-85.87725,5,2022,O,047-CS-1180  -000,0.054,0,0,0,0,0,0,1,0,0,0,0,0,0,Y
Motor Vehicle,DAC,72765322,20220524,1551,2,NULL,DIXIE                                   ,W ,AVE  ,US0031W ,US0031W ,NULL,NULL,N,37.69494,-85.86137,5,2022,O,047-US-0031W -000,16.856,0,0,0,0,0,0,1,0,0,0,1,0,0,Y
Motor Vehicle,DAC,72765355,20220519,56,4,1300,DIXIE                                   ,N ,AVE  ,US0031W ,US0031W ,047 US-31W-10  ,US0031W                                        ,N,37.72069,-85.88058,9,2022,O,047-US-0031W -000,18.928,0,0,1,0,0,0,0,0,1,0,0,1,0,Y
Motor Vehicle,DAC,72765446,20220525,1228,3,NULL,DIXIE                                   ,E ,AVE  ,US0031W ,US0031W ,047 US-31W     ,US0031W                                        ,N,37.68314,-85.85028,5,2022,O,047-US-0031W -000,15.757,0,0,0,1,0,0,1,0,0,0,0,0,0,Y
Motor Vehicle,DAC,72765464,20220524,1613,2,NULL,WESTPORT                                ,NULL,RD   ,NULL,NULL,047 CS-1573    ,CS1573                                         ,N,37.70075,-85.88063,1,2022,O,047-CS-1573  -000,0.555,0,0,1,0,0,0,1,0,0,0,1,0,0,Y
Motor Vehicle,DAC,72766185,20220526,1315,4,NULL,DIXIE                                   ,W ,AVE  ,US0031W ,US0031W ,NULL,NULL,N,37.70162,-85.86837,1,2022,O,047-US-0031W -000,17.439,0,0,0,0,0,0,0,1,0,0,1,0,0,Y
Motor Vehicle,DAC,72766255,20220527,823,5,NULL,DIXIE                                   ,N ,AVE  ,US0031W ,US0031W ,047 US-31W     ,US0031W                                        ,N,37.73804,-85.88891,1,2022,O,047-US-0031W -000,20.217,0,0,1,0,0,0,1,1,0,0,1,0,0,Y
Motor Vehicle,DAC,72766496,20220520,1701,5,NULL,WALMART                                 ,NULL,DR   ,NULL,NULL,047 CS-1558    ,CS1558                                         ,N,37.73126,-85.88536,5,2022,O,047-CS-1558  -000,0.075,0,0,0,0,0,0,1,0,0,0,0,0,0,Y
Motor Vehicle,DAC,72766604,20220527,1118,5,NULL,DIXIE                                   ,N ,AVE  ,US0031W ,US0031W ,047 US-31W-10  ,US0031W                                        ,N,37.71089,-85.87562,1,2022,O,047-US-0031W -000,18.198,0,0,0,1,0,0,0,0,0,0,0,0,0,Y
Motor Vehicle,DAC,72766722,20220527,1327,5,NULL,BANKVIEW                                ,NULL,DR   ,NULL,NULL,047 CS-1148    ,CS1148                                         ,N,37.71787,-85.87912,5,2022,O,047-CS-1148  -000,0.015,0,0,1,1,0,0,1,0,0,0,0,0,0,Y
Motor Vehicle,Non DAC,72766727,20220522,1337,0,NULL,LINCOLN                                 ,NULL,PKWY ,KY0061  ,KY0061  ,047 KY-61      ,KY0061                                         ,N,37.6686,-85.84303,5,2022,O,047-KY-0061  -000,5.099,0,0,0,1,0,0,1,1,0,0,0,0,0,Y
Motor Vehicle,Non DAC,72766728,20220526,752,4,NULL,KY1600                                  ,NULL,NULL,KY1600  ,KY1600  ,047 KY-1600    ,KY1600                                         ,N,37.72756,-85.91682,5,2022,O,047-KY-1600  -000,0.008,0,0,0,0,0,0,0,1,0,0,0,0,0,Y
Motor Vehicle,DAC,72766829,20220528,252,6,NULL,DIXIE                                   ,E ,AVE  ,US0031W ,US0031W ,047 US-31W     ,US0031W                                        ,N,37.68047,-85.84872,1,2022,O,047-US-0031W -000,15.561,0,0,1,0,0,0,0,1,0,0,0,0,0,Y
Motor Vehicle,Non DAC,72766952,20220526,1336,4,NULL,TOWNE                                   ,NULL,DR   ,NULL,NULL,047 CS-1448    ,CS1448                                         ,N,37.73359,-85.88815,1,2022,O,047-CS-1448  -000,0.078,0,1,0,0,0,0,1,0,0,0,1,0,0,Y
Motor Vehicle,DAC,72766953,20220527,1257,5,NULL,RING                                    ,NULL,RD   ,KY3005  ,KY3005  ,047 KY-3005    ,KY3005                                         ,N,37.73215,-85.84433,1,2022,C,047-KY-3005  -000,8.828,0,0,1,1,0,0,1,0,0,0,1,0,0,Y
Motor Vehicle,Non DAC,72767110,20220520,1232,5,NULL,RING                                    ,NULL,RD   ,KY3005  ,KY3005  ,047 KY-3005    ,KY3005                                         ,N,37.70986,-85.90756,5,2022,O,047-KY-3005  -000,4.661,0,0,0,1,0,0,1,1,0,0,0,0,0,Y
Motor Vehicle,DAC,72767111,20220526,1812,4,NULL,DIECKS                                  ,NULL,DR   ,NULL,NULL,047 CS-1061    ,CS1061                                         ,N,37.70912,-85.87341,5,2022,O,047-CS-1061  -000,0.039,0,0,1,0,0,0,0,1,0,0,0,0,0,Y
Motor Vehicle,DAC,72767143,20220523,1024,1,NULL,DIXIE                                   ,N ,AVE  ,US0031W ,US0031W ,047 US-31W-10  ,US0031W                                        ,N,37.70905,-85.8745,1,2022,O,047-US-0031W -000,18.059,0,0,0,0,0,0,0,1,0,0,0,0,0,Y
Motor Vehicle,DAC,72767145,20220525,1538,3,513,DIECKS                                  ,NULL,DR   ,NULL,NULL,047 CS-1061    ,CS1061                                         ,N,37.71001,-85.86351,2,2022,O,047-CS-1061  -000,0.665,0,0,0,0,0,0,0,0,0,0,0,0,0,Y
Motor Vehicle,DAC,72767169,20220527,1147,5,NULL,MULBERRY                                ,S ,ST   ,US0062  ,US0062  ,NULL,NULL,N,37.6878,-85.86834,1,2022,O,047-US-0062  -000,17.306,0,0,0,0,0,0,0,1,0,0,0,0,0,Y
Motor Vehicle,DAC,72767227,20220525,1054,3,NULL,QUINCE                                  ,NULL,ALY  ,NULL,NULL,047 CS-1013    ,CS1013                                         ,N,37.69159,-85.8583,1,2022,O,047-CS-1013  -000,0.464,0,0,0,0,0,0,0,1,0,0,1,0,0,Y
Motor Vehicle,DAC,72767692,20220531,1227,2,NULL,RING                                    ,NULL,RD   ,KY3005  ,KY3005  ,047 KY-3005    ,KY3005                                         ,N,37.72851,-85.88348,5,2022,O,047-KY-3005  -000,6.582,0,0,0,0,0,0,1,0,0,0,0,0,0,Y
Motor Vehicle,Non DAC,72767693,20220523,1022,1,NULL,RING                                    ,NULL,RD   ,KY3005  ,KY3005  ,047 KY-3005    ,KY3005                                         ,N,37.72189,-85.89797,1,2022,O,047-KY-3005  -000,5.673,0,0,0,0,0,0,1,0,0,0,0,0,0,Y
Motor Vehicle,Non DAC,72768226,20220524,648,2,NULL,RING                                    ,NULL,RD   ,KY3005  ,KY3005  ,047 KY-3005-10 ,KY3005                                         ,N,37.68531,-85.91572,5,2022,O,047-KY-3005  -000,2.767,0,0,0,1,0,0,1,0,0,0,0,0,0,Y
Motor Vehicle,Non DAC,72768504,20220529,1748,0,NULL,LINCOLN                                 ,NULL,PKWY ,KY0061  ,KY0061  ,047 KY-61      ,KY0061                                         ,N,37.66975,-85.84584,5,2022,B,047-KY-0061  -000,5.273,0,0,0,1,0,0,1,0,0,0,0,0,0,Y
Motor Vehicle,DAC,72768588,20220602,1602,4,NULL,MULBERRY                                ,N ,ST   ,US0062  ,US0062  ,047 US-62-10   ,US0062                                         ,N,37.70971,-85.83776,5,2022,O,047-US-0062  -000,19.597,0,0,0,0,0,0,1,0,0,0,0,0,0,Y
Motor Vehicle,DAC,72768877,20220515,1334,0,NULL,RING                                    ,NULL,RD   ,KY3005  ,KY3005  ,047 KY-3005    ,KY3005                                         ,N,37.73233,-85.85145,8,2022,O,047-KY-3005  -000,8.437,0,0,0,0,0,0,1,0,0,0,0,1,0,Y
Motor Vehicle,DAC,72768878,20220522,1359,0,NULL,DIXIE                                   ,N ,AVE  ,US0031W ,US0031W ,047 US-31W     ,US0031W                                        ,N,37.73347,-85.88656,5,2022,O,047-US-0031W -000,19.866,0,0,1,0,0,0,1,0,0,0,0,0,0,Y
Motor Vehicle,DAC,72769202,20220604,2104,6,NULL,MILES                                   ,S ,ST   ,NULL,NULL,047 CS-1126    ,CS1126                                         ,N,37.6931,-85.86513,4,2022,O,047-CS-1126  -000,0.227,0,0,1,0,0,0,1,1,0,0,1,0,0,Y
Motor Vehicle,DAC,72769320,20220603,1104,5,NULL,DOLPHIN                                 ,NULL,DR   ,NULL,NULL,047 CS-1430    ,CS1430                                         ,N,37.7099,-85.83736,3,2022,O,047-CS-1430  -000,0.013,0,0,0,0,0,0,1,1,0,0,1,0,0,Y
Motor Vehicle,DAC,72769372,20220603,1255,5,NULL,POPLAR                                  ,W ,ST   ,NULL,NULL,047 CS-1068    ,CS1068                                         ,N,37.7049,-85.87035,1,2022,O,047-CS-1068  -000,1.044,0,0,0,1,0,0,1,0,0,0,0,0,0,Y
Motor Vehicle,Non DAC,72769502,20220605,1908,0,NULL,LINCOLN                                 ,NULL,PKWY ,KY0061  ,KY0061  ,047 KY-61-10   ,KY0061                                         ,N,37.66551,-85.83986,1,2022,O,047-KY-0061  -000,4.827,0,0,0,1,0,0,0,0,0,0,1,0,0,Y
Motor Vehicle,DAC,72769560,20220527,2327,5,NULL,MULBERRY                                ,N ,ST   ,US0062  ,US0062  ,NULL,NULL,N,37.71246,-85.83208,5,2022,O,047-US-0062  -000,19.964,0,0,1,0,0,0,1,0,0,0,0,0,0,Y
Motor Vehicle,DAC,72769924,20220606,1621,1,NULL,31W                                     ,NULL,BYP  ,US0031WB,US0031WB,047 US-31WB-10 ,US0031WB                                       ,N,37.70226,-85.88328,8,2022,O,047-US-0031WB-000,2.326,0,0,0,1,0,0,1,0,0,0,1,0,0,Y
Motor Vehicle,DAC,72770415,20220512,1426,4,NULL,DIXIE                                   ,N ,AVE  ,US0031W ,US0031W ,047 US-31W-10  ,US0031W                                        ,N,37.73236,-85.88629,8,2022,O,047-US-0031W -000,19.794,0,0,1,0,0,0,1,0,0,0,0,1,0,Y
Motor Vehicle,DAC,72770416,20220607,1451,2,NULL,MULBERRY                                ,N ,ST   ,US0062  ,US0062  ,047 US-62-10   ,US0062                                         ,N,37.70936,-85.83843,8,2022,O,047-US-0062  -000,19.556,0,0,1,0,0,0,1,0,0,0,1,0,0,Y
Motor Vehicle,Non DAC,72770738,20220607,2210,2,710,PINE VALLEY                             ,NULL,DR   ,NULL,NULL,047 CS-1533    ,CS1533                                         ,N,37.75652,-85.88367,9,2022,O,047-CS-1533  -000,0.734,0,0,0,0,0,0,1,0,1,0,0,1,0,Y
Motor Vehicle,DAC,72770761,20220530,2030,1,NULL,DIXIE                                   ,W ,AVE  ,US0031W ,US0031W ,047 US-31W     ,US0031W                                        ,N,37.69388,-85.85943,1,2022,O,047-US-0031W -000,16.701,0,0,0,1,0,0,1,1,0,0,1,0,0,Y
Motor Vehicle,Non DAC,72770762,20220602,203,4,NULL,PATRIOT                                 ,NULL,PKWY ,KY0361  ,KY0361  ,047 KY-361-10  ,KY0361                                         ,N,37.71782,-85.9046,5,2022,O,047-KY-0361  -000,1.899,0,0,0,0,0,0,1,0,1,0,0,0,0,Y
Motor Vehicle,Non DAC,72770786,20220607,1200,2,NULL,DIXIE                                   ,N ,AVE  ,US0031W ,US0031W ,047 US-31W     ,US0031W                                        ,N,37.74354,-85.89145,5,2022,O,047-US-0031W -000,20.601,0,0,0,0,0,0,0,1,0,0,0,0,0,Y
Motor Vehicle,DAC,72771088,20220609,1650,4,NULL,NULL,NULL,NULL,I 0065  ,I 0065  ,NULL,NULL,N,37.71349,-85.83066,5,2022,O,047-I -0065  -531,0.241,0,0,0,1,0,0,1,0,0,0,0,0,0,Y
Motor Vehicle,DAC,72771102,20220609,1824,4,NULL,NULL,NULL,NULL,I 0065  ,I 0065  ,NULL,NULL,N,37.71319,-85.83073,5,2022,O,047-I -0065  -531,0.262,0,0,1,0,0,0,1,0,0,0,0,0,0,Y
Motor Vehicle,DAC,72771142,20220609,2005,4,NULL,ST JAMES                                ,NULL,AVE  ,NULL,NULL,047 CS-1028    ,CS1028                                         ,N,37.70614,-85.85787,7,2022,O,047-CS-1028  -000,0.129,0,0,0,0,0,0,1,0,0,0,0,0,0,Y
Motor Vehicle,Non DAC,72771518,20220610,1438,5,NULL,DIXIE                                   ,N ,HWY  ,US0031W ,US0031W ,047 US-31W     ,US0031W                                        ,N,37.75257,-85.89567,1,2022,O,047-US-0031W -000,21.283,0,0,0,0,0,0,1,0,0,0,0,0,0,Y
Motor Vehicle,DAC,72771616,20220611,1420,6,NULL,COMMERCE                                ,NULL,DR   ,NULL,NULL,047 CS-1108    ,CS1108                                         ,N,37.71096,-85.8333,1,2022,C,047-CS-1108  -000,0.046,0,0,0,1,0,0,0,1,0,0,0,0,0,Y
Motor Vehicle,DAC,72771783,20220609,1345,4,NULL,WINDVIEW                                ,NULL,PL   ,NULL,NULL,047 CS-1587    ,CS1587                                         ,N,37.72261,-85.83963,5,2022,O,047-CS-1587  -000,0.013,0,0,1,0,0,0,1,0,0,0,0,0,0,Y
Motor Vehicle,Non DAC,72771836,20220612,1350,0,NULL,TOWNE                                   ,NULL,DR   ,NULL,NULL,047 CS-1448    ,CS1448                                         ,N,37.73048,-85.89383,8,2022,O,047-CS-1448  -000,0.471,0,0,0,1,0,0,0,1,0,0,0,1,0,Y
Motor Vehicle,DAC,72772008,20220612,4,0,NULL,DIXIE                                   ,N ,AVE  ,US0031W ,US0031W ,047 US-31W     ,US0031W                                        ,N,37.72833,-85.88393,1,2022,C,047-US-0031W -000,19.474,0,0,0,1,0,0,0,1,0,0,1,0,0,Y
Motor Vehicle,DAC,72772142,20220602,654,4,NULL,31W                                     ,NULL,BYP  ,US0031WB,US0031WB,047 US-31WB    ,US0031WB                                       ,N,37.69263,-85.87261,8,2022,O,047-US-0031WB-000,1.356,0,0,0,0,0,0,1,0,0,0,0,1,0,Y
Motor Vehicle,DAC,72772154,20220610,1432,5,NULL,DIXIE                                   ,N ,AVE  ,US0031W ,US0031W ,047 US-31W     ,US0031W                                        ,N,37.71023,-85.87493,1,2022,C,047-US-0031W -000,18.142,0,0,0,1,0,0,0,1,0,0,0,0,0,Y
Motor Vehicle,Non DAC,72772155,20220611,1039,6,NULL,VETERANS                                ,NULL,WAY  ,NULL,NULL,047 CS-1683    ,CS1683                                         ,N,37.73019,-85.89405,1,2022,C,047-CS-1683  -000,0.367,0,0,0,1,0,0,1,0,0,0,0,0,0,Y
Motor Vehicle,DAC,72772281,20220609,1152,4,NULL,MULBERRY                                ,N ,ST   ,US0062  ,US0062  ,047 US-62      ,US0062                                         ,N,37.70244,-85.85022,8,2022,O,047-US-0062  -000,18.752,0,0,1,0,0,0,0,1,0,0,0,1,0,Y
Motor Vehicle,DAC,72772282,20220608,1834,3,NULL,DIXIE                                   ,N ,AVE  ,US0031W ,US0031W ,047 US-31W     ,US0031W                                        ,N,37.7273,-85.8835,9,2022,O,047-US-0031W -000,19.405,0,1,0,0,0,0,0,0,0,0,0,1,0,Y
Motor Vehicle,DAC,72772818,20220615,753,3,NULL,NICHOLAS                                ,NULL,ST   ,NULL,NULL,047 CS-1389    ,CS1389                                         ,N,37.68857,-85.86553,9,2022,O,047-CS-1389  -000,0.623,0,0,0,0,0,0,0,0,0,0,0,0,0,Y