Mode,Crash In Disadvantaged Community,MasterFile,CollisionDate,CollisionTime,CollisionDayWeekCode,RoadwayName_HouseBusinessNumber_,RoadwayName_RoadwayName_,RoadwayName_Direction_,RoadwayName_RoadwaySuffix_,RoadwayfromReport,CurrentRoadwayNumber,RSEUniqueGIS,RoadwayIdentifier,ParkingLotIndicator,Latitude,Longitude,MannerofCollisionCode,YR,KABCO,KTC_RT,KTC_MP,Motorcyclist,Commercial Vehicle,Young Driver,Mature Driver,Pedestrian,Bicyclist,Distracted,Aggressive,Impaired,Unrestrained,Intersection,Roadway Departure,Median Cross-over,In City Limits?
Motor Vehicle,DAC,72772877,20220615,1434,3,NULL,MULBERRY                                ,S ,ST   ,US0062  ,US0062  ,NULL,NULL,N,37.68938,-85.86582,1,2022,O,047-US-0062  -000,17.488,0,0,1,0,0,0,0,1,0,0,1,0,0,Y
Motor Vehicle,Non DAC,72773093,20220615,2136,3,NULL,ROUTT                                   ,NULL,DR   ,NULL,NULL,047 CS-1285    ,CS1285                                         ,N,37.73607,-85.88906,2,2022,O,047-CS-1285  -000,0.061,0,0,0,0,0,0,1,0,0,0,0,0,0,Y
Motor Vehicle,DAC,72773253,20220616,1246,4,NULL,POPLAR                                  ,W ,ST   ,NULL,NULL,047 CS-1068    ,CS1068                                         ,N,37.70461,-85.87003,5,2022,O,047-CS-1068  -000,1.031,0,0,1,0,0,0,1,0,0,0,0,0,0,Y
Motor Vehicle,DAC,72773322,20220616,913,4,NULL,WALL                                    ,NULL,ST   ,NULL,NULL,047 CS-1556    ,CS1556                                         ,N,37.696,-85.86049,3,2022,O,047-CS-1556  -000,0.01,0,0,0,0,0,0,0,0,0,0,0,1,0,Y
Motor Vehicle,DAC,72773477,20220616,1801,4,NULL,DIXIE                                   ,E ,AVE  ,US0031W ,US0031W ,047 US-31W     ,US0031W                                        ,N,37.67674,-85.84655,8,2022,O,047-US-0031W -000,15.278,0,0,0,1,0,0,0,0,0,0,1,0,0,Y
Motor Vehicle,Non DAC,72773875,20220617,2029,5,NULL,PATRIOT                                 ,NULL,PKWY ,KY0361  ,KY0361  ,047 KY-361     ,KY0361                                         ,N,37.71733,-85.90331,1,2022,O,047-KY-0361  -000,1.822,0,0,1,0,0,0,0,1,0,0,1,0,0,Y
Motor Vehicle,Non DAC,72774041,20220618,911,6,2004,MULBERRY                                ,N ,ST   ,US0062  ,US0062  ,047 US-62-10   ,US0062                                         ,N,37.71467,-85.82774,5,2022,O,047-US-0062  -000,20.225,0,0,0,0,0,0,0,0,0,0,0,0,0,Y
Motor Vehicle,Non DAC,72774201,20220618,2204,6,NULL,LINCOLN                                 ,NULL,PKWY ,KY0061  ,KY0061  ,047 KY-61      ,KY0061                                         ,N,37.65859,-85.83631,8,2022,O,047-KY-0061  -000,4.302,0,0,1,0,0,0,0,0,0,0,0,1,0,Y
Motor Vehicle,DAC,72774213,20220618,1450,6,NULL,BELLWOOD                                ,NULL,DR   ,NULL,NULL,047 CS-1062    ,CS1062                                         ,N,37.70899,-85.86913,1,2022,O,047-CS-1062  -000,0.31,0,0,0,0,0,0,0,1,0,0,1,0,0,Y
Motor Vehicle,DAC,72774269,20220613,1210,1,NULL,WK9001 E                                ,NULL,NULL,WK9001  ,WK9001  ,047 WK-9001    ,WK9001                                         ,N,37.66988,-85.84647,5,2022,O,047-WK-9001  -000,136.795,0,0,0,0,0,0,1,0,0,0,1,0,0,Y
Motor Vehicle,DAC,72774270,20220617,1139,5,NULL,MULBERRY                                ,N ,ST   ,US0062  ,US0062  ,047 US-62-10   ,US0062                                         ,N,37.71332,-85.8305,5,2022,C,047-US-0062  -000,20.053,0,0,0,0,0,0,1,0,0,0,0,0,0,Y
Motor Vehicle,DAC,72774497,20220603,1800,5,NULL,BEECH                                   ,NULL,ST   ,NULL,NULL,047 CS-1030    ,CS1030                                         ,N,37.70131,-85.8559,4,2022,O,047-CS-1030  -000,0.227,0,0,0,0,0,0,0,1,0,0,1,0,0,Y
Motor Vehicle,DAC,72774498,20220610,901,5,NULL,RING                                    ,NULL,RD   ,KY3005  ,KY3005  ,047 KY-3005    ,KY3005                                         ,N,37.72978,-85.8404,5,2022,O,047-KY-3005  -000,9.118,0,0,1,0,0,0,1,1,0,0,0,0,0,Y
Motor Vehicle,Non DAC,72774512,20220620,832,1,NULL,VANDERBILT                              ,NULL,DR   ,NULL,NULL,047 CS-1613    ,CS1613                                         ,N,37.70037,-85.89114,1,2022,O,047-CS-1613  -000,0,0,0,0,1,0,0,1,0,0,0,1,0,0,Y
Motor Vehicle,DAC,72774596,20220620,1000,1,NULL,RING                                    ,NULL,RD   ,KY3005  ,KY3005  ,047 KY-3005    ,KY3005                                         ,N,37.73381,-85.86201,5,2022,O,047-KY-3005  -000,7.832,0,0,1,1,0,0,1,0,0,0,0,0,0,Y
Motor Vehicle,DAC,72774638,20220620,1309,1,NULL,DIXIE                                   ,N ,AVE  ,US0031W ,US0031W ,047 US-31W     ,US0031W                                        ,N,37.73931,-85.88928,5,2022,O,047-US-0031W -000,20.299,0,0,1,1,0,0,1,1,0,0,0,0,0,Y
Motor Vehicle,DAC,72774783,20220620,1513,1,NULL,DIXIE                                   ,N ,AVE  ,US0031W ,US0031W ,047 US-31W-10  ,US0031W                                        ,N,37.70517,-85.87196,5,2022,O,047-US-0031W -000,17.739,0,0,1,0,0,0,1,0,0,0,0,1,0,Y
Motor Vehicle,DAC,72774891,20220620,1450,1,NULL,MULBERRY                                ,N ,ST   ,US0062  ,US0062  ,047 US-62      ,US0062                                         ,N,37.69945,-85.85438,5,2022,O,047-US-0062  -000,18.441,0,0,0,1,0,0,0,1,0,0,0,0,0,Y
Motor Vehicle,DAC,72774912,20220621,1029,2,NULL,DIXIE                                   ,N ,AVE  ,US0031W ,US0031W ,047 US-31W     ,US0031W                                        ,N,37.73244,-85.88609,1,2022,O,047-US-0031W -000,19.794,0,0,0,0,0,0,1,0,0,0,0,0,0,Y
Motor Vehicle,DAC,72775345,20220622,1146,3,NULL,CARDINAL                                ,NULL,DR   ,KY0361  ,KY0361  ,047 KY-361     ,KY0361                                         ,N,37.70992,-85.8826,9,2022,O,047-KY-0361  -000,0.564,0,0,0,0,0,0,0,0,0,0,0,1,0,Y
Motor Vehicle,DAC,72775511,20220618,1126,6,NULL,US31W BYP S TURN LANE                   ,NULL,NULL,US0031WB,US0031WB,047 US-31WB-22 ,US0031WB                                       ,N,37.70028,-85.88227,5,2022,O,047-US-0031WB-022,0.03,0,0,1,0,0,0,0,1,0,0,0,0,0,Y
Motor Vehicle,DAC,72775512,20220622,749,3,NULL,US31W BYP S TURN LANE                   ,NULL,NULL,US0031WB,US0031WB,047 US-31WB-23 ,US0031WB                                       ,N,37.69989,-85.88194,5,2022,O,047-US-0031WB-023,0.028,0,0,0,0,0,0,1,1,0,0,0,0,0,Y
Motor Vehicle,DAC,72775642,20220622,1028,3,NULL,DIXIE                                   ,E ,AVE  ,US0031W ,US0031W ,047 US-31W     ,US0031W                                        ,N,37.68983,-85.85471,9,2022,O,047-US-0031W -000,16.315,0,0,0,0,0,0,1,1,0,0,0,1,0,Y
Motor Vehicle,Non DAC,72775643,20220622,1408,3,NULL,COLLEGE ST RD                           ,NULL,NULL,NULL,NULL,047 CS-1124    ,CS1124                                         ,N,37.68798,-85.88304,9,2022,O,047-CS-1124  -000,0.633,0,0,0,0,0,0,0,0,0,0,0,1,0,Y
Motor Vehicle,DAC,72775711,20220623,1119,4,NULL,KY210 TURN LANE                         ,NULL,NULL,KY0210  ,KY0210  ,047 KY-210-21  ,KY0210                                         ,N,37.67359,-85.84565,5,2022,O,047-KY-0210  -021,0.023,0,0,1,0,0,0,0,0,0,0,0,0,0,Y
Motor Vehicle,DAC,72775757,20220623,913,4,NULL,BUFFALO CREEK                           ,NULL,DR   ,NULL,NULL,047 CS-1431    ,CS1431                                         ,N,37.71354,-85.83273,1,2022,O,047-CS-1431  -000,0.088,0,0,0,0,0,0,1,0,0,0,0,0,0,Y
Motor Vehicle,Non DAC,72775871,20220616,1027,4,NULL,HAWKINS                                 ,NULL,DR   ,NULL,NULL,047 CS-1553    ,CS1553                                         ,N,37.67106,-85.84075,9,2022,O,047-CS-1553  -000,0.11,0,1,0,0,0,0,0,0,0,0,0,1,0,Y
Motor Vehicle,DAC,72775872,20220621,1514,2,NULL,DIXIE                                   ,N ,AVE  ,US0031W ,US0031W ,047 US-31W     ,US0031W                                        ,N,37.71674,-85.87827,1,2022,O,047-US-0031W -000,18.63,0,0,1,0,0,0,0,1,0,0,0,0,0,Y
Motor Vehicle,DAC,72775915,20220618,1748,6,NULL,RING                                    ,NULL,RD   ,KY3005  ,KY3005  ,047 KY-3005    ,KY3005                                         ,N,37.71812,-85.83963,1,2022,B,047-KY-3005  -000,9.939,0,0,1,1,0,0,1,0,0,0,1,0,0,Y
Motor Vehicle,DAC,72775916,20220619,1755,0,NULL,DIXIE                                   ,N ,AVE  ,US0031W ,US0031W ,047 US-31W-10  ,US0031W                                        ,N,37.70517,-85.87195,8,2022,O,047-US-0031W -000,17.739,0,0,0,0,0,0,0,1,0,0,0,1,0,Y
Motor Vehicle,Non DAC,72775982,20220622,1731,3,NULL,DIXIE                                   ,N ,AVE  ,US0031W ,US0031W ,047 US-31W-10  ,US0031W                                        ,N,37.74346,-85.89167,8,2022,O,047-US-0031W -000,20.605,0,0,0,0,0,0,1,0,0,0,0,1,0,Y
Motor Vehicle,Non DAC,72776057,20220623,934,4,NULL,RING                                    ,NULL,RD   ,KY3005  ,KY3005  ,NULL,NULL,N,37.69598,-85.91041,8,2022,O,047-KY-3005  -000,3.673,0,0,0,1,0,0,0,0,0,0,0,1,0,Y
Motor Vehicle,Non DAC,72776392,20220617,1103,5,NULL,ST JOHN                                 ,NULL,RD   ,KY1357  ,KY1357  ,047 KY-1357    ,KY1357                                         ,N,37.69575,-85.91048,1,2022,O,047-KY-1357  -000,14.611,0,0,0,1,0,0,1,0,0,0,1,0,0,Y
Motor Vehicle,Non DAC,72776393,20220619,1229,0,NULL,HODGENVILLE                             ,NULL,RD   ,KY0210  ,KY0210  ,047 KY-210     ,KY0210                                         ,N,37.66648,-85.83837,5,2022,O,047-KY-0210  -000,0.625,0,0,0,0,0,0,0,0,0,0,1,0,0,Y
Motor Vehicle,DAC,72776426,20220625,1202,6,NULL,RING                                    ,NULL,RD   ,KY3005  ,KY3005  ,047 KY-3005    ,KY3005                                         ,N,37.72199,-85.83955,1,2022,O,047-KY-3005  -000,9.672,0,0,0,0,0,0,1,0,0,0,0,0,0,Y
Motor Vehicle,DAC,72776537,20220624,1627,5,NULL,MULBERRY                                ,N ,ST   ,US0062  ,US0062  ,047 US-62-10   ,US0062                                         ,N,37.7082,-85.84068,1,2022,B,047-US-0062  -000,19.379,0,0,0,0,0,0,1,1,0,0,0,1,0,Y
Motor Vehicle,Non DAC,72776919,20220626,1854,0,NULL,SPORTSMAN LAKE                          ,NULL,RD   ,NULL,NULL,047 CS-1520    ,CS1520                                         ,N,37.66552,-85.83988,1,2022,B,047-CS-1520  -000,0.733,0,0,1,0,0,0,0,0,0,0,1,0,0,Y
Motor Vehicle,DAC,72776923,20220623,1528,4,NULL,DIXIE                                   ,W ,AVE  ,US0031W ,US0031W ,047 US-31W     ,US0031W                                        ,N,37.69393,-85.85952,5,2022,O,047-US-0031W -000,16.698,0,0,0,0,0,0,0,1,0,0,1,0,0,Y
Motor Vehicle,DAC,72776924,20220624,1759,5,NULL,CENTRAL                                 ,NULL,AVE  ,NULL,NULL,047 CS-1072    ,CS1072                                         ,N,37.69481,-85.85383,1,2022,O,047-CS-1072  -000,0.237,0,0,0,0,0,0,0,1,0,0,1,0,0,Y
Motor Vehicle,DAC,72776951,20220625,235,6,271,METTS                                   ,NULL,CT   ,NULL,NULL,047 CS-1346    ,CS1346                                         ,N,37.71482,-85.85021,3,2022,O,047-CS-1346  -000,0.352,0,0,0,0,0,0,0,0,0,0,0,0,0,Y
Motor Vehicle,Non DAC,72776970,20220612,2226,0,NULL,RING                                    ,NULL,RD   ,KY3005  ,KY3005  ,047 KY-3005-10 ,KY3005                                         ,N,37.67914,-85.91495,1,2022,B,047-KY-3005  -000,2.464,0,0,1,0,0,0,0,0,0,0,1,0,0,Y
Motor Vehicle,Non DAC,72776971,20220619,1955,0,NULL,PATRIOT                                 ,NULL,PKWY ,KY0361  ,KY0361  ,047 KY-361-10  ,KY0361                                         ,N,37.72761,-85.91678,4,2022,O,047-KY-0361  -000,2.843,0,0,1,0,0,0,1,1,0,0,0,0,0,Y
Motor Vehicle,DAC,72776972,20220625,321,6,NULL,BEECH                                   ,NULL,ST   ,NULL,NULL,047 CS-1030    ,CS1030                                         ,N,37.70069,-85.85541,7,2022,O,047-CS-1030  -000,0.177,0,0,0,0,0,0,1,0,0,0,0,0,0,Y
Motor Vehicle,DAC,72777112,20220614,1714,2,NULL,DIXIE                                   ,E ,AVE  ,US0031W ,US0031W ,047 US-31W     ,US0031W                                        ,N,37.67351,-85.84579,1,2022,C,047-US-0031W -000,15.049,0,0,0,0,0,0,0,1,0,0,1,0,0,Y
Motor Vehicle,Non DAC,72777191,20220627,1710,1,NULL,RING                                    ,NULL,RD   ,KY3005  ,KY3005  ,047 KY-3005-10 ,KY3005                                         ,N,37.7254,-85.8915,5,2022,O,047-KY-3005  -000,6.1,0,0,0,0,0,0,1,0,0,0,1,0,0,Y
Motor Vehicle,Non DAC,72777238,20220627,2151,1,NULL,BLACK BRANCH                            ,N ,RD   ,NULL,NULL,047 CS-1551    ,CS1551                                         ,N,37.67929,-85.91463,5,2022,O,047-CS-1551  -000,0.683,0,0,0,0,0,0,1,0,0,0,0,0,0,Y
Motor Vehicle,DAC,72777421,20220628,1357,2,NULL,FREEMAN LAKE PARK                       ,NULL,RD   ,NULL,NULL,047 CS-1728    ,CS1728                                         ,N,37.71825,-85.87805,1,2022,O,047-CS-1728  -000,0.049,0,0,0,0,0,0,1,0,0,0,0,0,0,Y
Motor Vehicle,Non DAC,72777449,20220627,1801,1,NULL,RING                                    ,NULL,RD   ,KY3005  ,KY3005  ,047 KY-3005-10 ,KY3005                                         ,N,37.69583,-85.91054,8,2022,O,047-KY-3005  -000,3.653,0,0,0,0,0,0,1,1,0,0,0,1,0,Y
Motor Vehicle,DAC,72777757,20220629,1342,3,NULL,DIXIE                                   ,N ,AVE  ,US0031W ,US0031W ,047 US-31W     ,US0031W                                        ,N,37.71795,-85.87886,1,2022,O,047-US-0031W -000,18.721,0,0,1,0,0,0,0,1,0,0,1,0,0,Y
Motor Vehicle,Non DAC,72777771,20220629,1424,3,NULL,MULBERRY                                ,N ,ST   ,US0062  ,US0062  ,047 US-62      ,US0062                                         ,N,37.71436,-85.82838,8,2022,O,047-US-0062  -000,20.182,0,1,0,0,0,0,0,0,0,0,0,1,0,Y
Motor Vehicle,Non DAC,72777932,20220629,2303,3,NULL,RR THOMAS                               ,NULL,CT   ,NULL,NULL,NULL,NULL,N,37.69571,-85.9092,9,2022,O,047-CS-1443  -000,0.02,0,0,0,0,0,0,1,0,0,0,0,1,0,Y
Motor Vehicle,DAC,72778134,20220628,1622,2,NULL,SKYBLUE                                 ,NULL,AVE  ,NULL,NULL,047 CS-1444    ,CS1444                                         ,N,37.73642,-85.8865,1,2022,O,047-CS-1444  -000,0.08,0,0,1,0,0,0,0,1,0,0,1,0,0,Y
Motor Vehicle,DAC,72778162,20220629,1240,3,NULL,MULBERRY                                ,N ,ST   ,US0062  ,US0062  ,047 US-62-10   ,US0062                                         ,N,37.7099,-85.83735,4,2022,O,047-US-0062  -000,19.62,0,0,1,0,0,0,0,1,0,0,1,0,0,Y
Motor Vehicle,Non DAC,72778164,20220630,1431,4,NULL,DIXIE                                   ,N ,AVE  ,US0031W ,US0031W ,047 US-31W-10  ,US0031W                                        ,N,37.74421,-85.89204,8,2022,O,047-US-0031W -000,20.66,0,0,1,0,0,0,1,0,0,0,0,1,0,Y
Motor Vehicle,DAC,72778244,20220623,1851,4,NULL,NULL,NULL,NULL,I 0065  ,I 0065  ,NULL,NULL,N,37.71319,-85.83073,5,2022,O,047-I -0065  -531,0.262,0,0,0,0,0,0,1,0,0,0,0,0,0,Y
Motor Vehicle,DAC,72778288,20220630,2059,4,NULL,WALMART                                 ,NULL,DR   ,NULL,NULL,047 CS-1558    ,CS1558                                         ,N,37.73168,-85.88412,1,2022,O,047-CS-1558  -000,0,0,0,1,0,0,0,0,0,0,0,1,0,0,Y
Motor Vehicle,Non DAC,72778354,20220627,2158,1,NULL,PATRIOT                                 ,NULL,PKWY ,KY0361  ,KY0361  ,047 KY-361-10  ,KY0361                                         ,N,37.71728,-85.90335,4,2022,O,047-KY-0361  -000,1.823,0,0,0,1,0,0,1,1,0,0,1,0,0,Y
Motor Vehicle,DAC,72778355,20220629,1808,3,NULL,RING                                    ,NULL,RD   ,KY3005  ,KY3005  ,NULL,NULL,N,37.70941,-85.83866,5,2022,O,047-KY-3005  -000,10.559,0,0,0,1,0,0,1,0,0,0,0,0,0,Y
Motor Vehicle,DAC,72778543,20220701,1409,5,NULL,RING                                    ,NULL,RD   ,KY3005  ,KY3005  ,047 KY-3005    ,KY3005                                         ,N,37.73011,-85.87763,5,2022,O,047-KY-3005  -000,6.924,0,0,1,0,0,0,1,0,0,0,0,0,0,Y
Motor Vehicle,Non DAC,72778950,20220630,1636,4,NULL,RING                                    ,NULL,RD   ,KY3005  ,KY3005  ,047 KY-3005    ,KY3005                                         ,N,37.72156,-85.8981,5,2022,O,047-KY-3005  -000,5.652,0,0,1,0,0,0,1,0,0,0,0,0,0,Y
Motor Vehicle,Non DAC,72779132,20220630,1107,4,NULL,WOODLAND                                ,NULL,DR   ,NULL,NULL,047 CS-1193    ,CS1193                                         ,N,37.72126,-85.88351,3,2022,B,047-CS-1193  -000,0.455,0,0,0,1,0,0,1,1,0,0,1,0,0,Y
Motor Vehicle,DAC,72779249,20220702,2134,6,NULL,DIXIE                                   ,N ,AVE  ,US0031W ,US0031W ,047 US-31W-10  ,US0031W                                        ,N,37.71354,-85.87696,1,2022,B,047-US-0031W -000,18.396,0,0,0,0,0,0,0,1,0,1,1,0,0,Y
Motor Vehicle,Non DAC,72779827,20220628,1330,2,NULL,LEITCHFIELD                             ,NULL,RD   ,US0062  ,US0062  ,047 US-62      ,US0062                                         ,N,37.66955,-85.91775,8,2022,O,047-US-0062  -000,14.106,0,0,1,0,0,0,1,0,0,0,0,1,0,N
Motor Vehicle,DAC,72779828,20220629,1106,3,NULL,DIXIE                                   ,N ,AVE  ,US0031W ,US0031W ,047 US-31W     ,US0031W                                        ,N,37.71648,-85.87812,8,2022,O,047-US-0031W -000,18.61,0,0,1,1,0,0,1,1,0,0,0,1,0,Y
Motor Vehicle,DAC,72779829,20220705,1110,2,NULL,PUBLIC                                  ,NULL,SQ   ,US0031W ,US0031W ,047 US-31W-1   ,US0031W                                        ,N,37.69284,-85.858,2,2022,O,047-US-0031W -001,16.605,0,0,0,1,0,0,0,0,0,0,0,0,0,Y
Motor Vehicle,DAC,72780002,20220706,1116,3,NULL,DIXIE                                   ,N ,AVE  ,US0031W ,US0031W ,047 US-31W-10  ,US0031W                                        ,N,37.71788,-85.87911,1,2022,B,047-US-0031W -000,18.721,0,0,0,0,0,0,0,1,0,0,1,0,0,Y
Motor Vehicle,DAC,72780054,20220615,2008,3,NULL,RING                                    ,NULL,RD   ,KY3005  ,KY3005  ,047 KY-3005    ,KY3005                                         ,N,37.72922,-85.88075,1,2022,O,047-KY-3005  -000,6.731,0,0,0,0,0,0,0,0,0,0,1,0,0,Y
Motor Vehicle,DAC,72780331,20220701,907,5,NULL,DIXIE                                   ,N ,AVE  ,US0031W ,US0031W ,047 US-31W     ,US0031W                                        ,N,37.71848,-85.87916,5,2022,B,047-US-0031W -000,18.759,0,0,0,0,0,0,1,0,0,0,0,0,0,Y
Motor Vehicle,Non DAC,72780395,20220707,1242,4,NULL,WOODLAND                                ,NULL,DR   ,NULL,NULL,047 CS-1193    ,CS1193                                         ,N,37.72671,-85.8856,1,2022,O,047-CS-1193  -000,0.062,0,0,0,1,0,0,1,1,0,0,0,1,0,Y
Motor Vehicle,DAC,72780820,20220703,1456,0,NULL,DIXIE                                   ,E ,AVE  ,US0031W ,US0031W ,047 US-31W     ,US0031W                                        ,N,37.67107,-85.8462,1,2022,C,047-US-0031W -000,14.89,0,0,0,0,0,0,1,1,0,1,0,0,0,Y
Motor Vehicle,DAC,72780821,20220707,1512,4,NULL,MAIN                                    ,N ,ST   ,NULL,NULL,047 CS-1320    ,CS1320                                         ,N,37.69522,-85.8562,8,2022,O,047-CS-1320  -000,0.165,0,0,1,0,0,0,0,0,0,0,0,0,0,Y
Motor Vehicle,DAC,72780907,20220707,1607,4,NULL,PATRIOT                                 ,NULL,PKWY ,US0031WB,US0031WB,NULL,NULL,N,37.71072,-85.88815,8,2022,O,047-US-0031WB-312,0.098,0,1,0,0,0,0,1,0,0,0,0,0,0,Y
Motor Vehicle,DAC,72780909,20220708,1328,5,NULL,LAKEWOOD                                ,NULL,DR   ,NULL,NULL,047 CS-1273    ,CS1273                                         ,N,37.747,-85.88071,1,2022,O,047-CS-1273  -000,1.177,0,0,0,0,0,0,0,1,0,0,1,0,0,Y
Motor Vehicle,Non DAC,72781158,20220630,1819,4,NULL,RING                                    ,NULL,RD   ,KY3005  ,KY3005  ,047 KY-3005    ,KY3005                                         ,N,37.69714,-85.90976,7,2022,O,047-KY-3005  -000,3.761,0,0,1,1,0,0,0,0,0,0,0,1,1,Y
Motor Vehicle,DAC,72781159,20220703,1514,0,NULL,MULBERRY                                ,N ,ST   ,US0062  ,US0062  ,047 US-62      ,US0062                                         ,N,37.69501,-85.85841,1,2022,O,047-US-0062  -000,18.059,0,0,0,0,0,0,1,0,0,0,1,0,0,Y
Motor Vehicle,DAC,72781160,20220702,1616,6,NULL,PUBLIC                                  ,NULL,SQ   ,US0031W ,US0031W ,047 US-31W     ,US0031W                                        ,N,37.69286,-85.85765,8,2022,O,047-US-0031W -000,16.608,0,0,0,0,0,0,1,0,0,0,1,0,0,Y
Motor Vehicle,DAC,72781269,20220708,1611,5,1835,DIXIE                                   ,N ,AVE  ,US0031W ,US0031W ,047 US-31W     ,US0031W                                        ,N,37.73702,-85.88832,5,2022,O,047-US-0031W -000,20.171,0,0,1,0,0,0,0,1,0,0,0,0,0,Y
Motor Vehicle,DAC,72781270,20220708,1729,5,1835,DIXIE                                   ,N ,AVE  ,US0031W ,US0031W ,047 US-31W     ,US0031W                                        ,N,37.73712,-85.88833,5,2022,O,047-US-0031W -000,20.176,0,0,0,1,0,0,0,1,0,0,0,0,0,Y
Motor Vehicle,DAC,72781358,20220708,1050,5,NULL,DIXIE                                   ,E ,AVE  ,US0031W ,US0031W ,047 US-31W     ,US0031W                                        ,N,37.69072,-85.85524,5,2022,O,047-US-0031W -000,16.38,0,0,0,1,0,0,1,0,0,0,1,0,0,Y
Motor Vehicle,DAC,72781457,20220709,1913,6,NULL,PEAR ORCHARD                            ,NULL,RD   ,NULL,NULL,047 CS-1327    ,CS1327                                         ,N,37.73375,-85.86174,9,2022,O,047-CS-1327  -000,1.629,0,0,1,0,0,0,0,0,0,0,1,0,0,Y
Motor Vehicle,DAC,72781500,20220710,1422,0,NULL,DIXIE                                   ,N ,AVE  ,US0031W ,US0031W ,047 US-31W     ,US0031W                                        ,N,37.74069,-85.89016,5,2022,O,047-US-0031W -000,20.392,0,0,1,0,0,0,1,0,0,0,0,0,0,Y
Motor Vehicle,DAC,72781617,20220706,1132,3,NULL,MULBERRY                                ,N ,ST   ,US0062  ,US0062  ,047 US-62-10   ,US0062                                         ,N,37.71315,-85.83078,5,2022,O,047-US-0062  -000,20.036,0,0,0,0,0,0,0,1,0,0,0,0,0,Y
Motor Vehicle,DAC,72781725,20220708,1258,5,NULL,DIXIE                                   ,N ,AVE  ,US0031W ,US0031W ,047 US-31W     ,US0031W                                        ,N,37.71594,-85.87784,8,2022,O,047-US-0031W -000,18.57,0,1,1,0,0,0,1,0,0,0,0,1,0,Y
Motor Vehicle,Non DAC,72781935,20220708,1323,5,NULL,DIXIE                                   ,N ,AVE  ,US0031W ,US0031W ,047 US-31W     ,US0031W                                        ,N,37.75054,-85.89456,5,2022,O,047-US-0031W -000,21.126,0,0,1,0,0,0,1,0,0,0,0,0,0,Y
Motor Vehicle,DAC,72782129,20220705,938,2,NULL,DIXIE                                   ,N ,AVE  ,US0031W ,US0031W ,047 US-31W-10  ,US0031W                                        ,N,37.71278,-85.8765,1,2022,O,047-US-0031W -000,18.334,0,0,0,1,0,0,1,0,0,0,1,0,0,Y
Motor Vehicle,Non DAC,72782310,20220712,732,2,NULL,RING                                    ,NULL,RD   ,KY3005  ,KY3005  ,047 KY-3005-10 ,KY3005                                         ,N,37.7254,-85.89151,1,2022,O,047-KY-3005  -000,6.1,0,0,0,0,0,0,1,0,0,0,1,0,0,Y
Motor Vehicle,Non DAC,72783049,20220712,2304,2,NULL,DIXIE                                   ,S ,HWY  ,US0031W ,US0031W ,047 US-31W     ,US0031W                                        ,N,37.65331,-85.85036,5,2022,A,047-US-0031W -000,13.645,0,0,0,0,0,0,1,0,1,0,0,0,0,Y
Motor Vehicle,DAC,72783050,20220712,2055,2,NULL,DIXIE                                   ,E ,AVE  ,US0031W ,US0031W ,047 US-31W     ,US0031W                                        ,N,37.69169,-85.85601,5,2022,O,047-US-0031W -000,16.463,0,0,1,0,0,0,1,0,0,0,0,0,0,Y
Motor Vehicle,DAC,72783096,20220708,1053,5,NULL,RING                                    ,NULL,RD   ,KY3005  ,KY3005  ,047 KY-3005    ,KY3005                                         ,N,37.73255,-85.86976,7,2022,C,047-KY-3005  -000,7.393,0,0,0,0,0,0,1,0,0,0,0,1,0,Y
Motor Vehicle,DAC,72783097,20220709,1125,6,NULL,DIXIE                                   ,N ,AVE  ,US0031W ,US0031W ,047 US-31W-10  ,US0031W                                        ,N,37.72129,-85.8808,5,2022,O,047-US-0031W -000,18.97,0,0,0,0,0,0,1,0,0,0,0,0,0,Y