Mode,Crash In Disadvantaged Community,MasterFile,CollisionDate,CollisionTime,CollisionDayWeekCode,RoadwayName_HouseBusinessNumber_,RoadwayName_RoadwayName_,RoadwayName_Direction_,RoadwayName_RoadwaySuffix_,RoadwayfromReport,CurrentRoadwayNumber,RSEUniqueGIS,RoadwayIdentifier,ParkingLotIndicator,Latitude,Longitude,MannerofCollisionCode,YR,KABCO,KTC_RT,KTC_MP,Motorcyclist,Commercial Vehicle,Young Driver,Mature Driver,Pedestrian,Bicyclist,Distracted,Aggressive,Impaired,Unrestrained,Intersection,Roadway Departure,Median Cross-over,In City Limits?
Motor Vehicle,DAC,72783098,20220714,1715,4,NULL,WESTPORT                                ,NULL,RD   ,NULL,NULL,047 CS-1573    ,CS1573                                         ,N,37.70973,-85.88489,1,2022,O,047-CS-1573  -000,1.229,0,0,1,0,0,0,1,0,0,0,0,0,0,Y
Motor Vehicle,DAC,72783210,20220710,931,0,NULL,CARDINAL                                ,NULL,DR   ,KY0361  ,KY0361  ,047 KY-361     ,KY0361                                         ,N,37.71001,-85.88306,9,2022,A,047-KY-0361  -000,0.59,0,0,0,0,0,0,0,0,0,0,0,1,0,Y
Motor Vehicle,DAC,72783284,20220714,2236,4,NULL,POPLAR                                  ,W ,ST   ,NULL,NULL,047 CS-1068    ,CS1068                                         ,N,37.69707,-85.86192,1,2022,O,047-CS-1068  -000,0.336,0,0,1,0,0,0,1,0,0,0,1,0,0,Y
Motor Vehicle,Non DAC,72783531,20220715,851,5,NULL,RING                                    ,NULL,RD   ,KY3005  ,KY3005  ,047 KY-3005    ,KY3005                                         ,N,37.71996,-85.90043,5,2022,O,047-KY-3005  -000,5.485,0,0,0,0,0,0,0,0,0,0,0,0,0,Y
Motor Vehicle,DAC,72783807,20220706,35,3,NULL,DIXIE                                   ,N ,AVE  ,US0031W ,US0031W ,047 US-31W-10  ,US0031W                                        ,N,37.71255,-85.87647,9,2022,O,047-US-0031W -000,18.322,0,0,0,0,0,0,0,1,1,0,0,1,0,Y
Motor Vehicle,Non DAC,72784080,20220718,536,1,NULL,ST JOHN                                 ,NULL,RD   ,KY1357  ,KY1357  ,047 KY-1357    ,KY1357                                         ,N,37.69577,-85.91049,1,2022,O,047-KY-1357  -000,14.603,0,0,1,0,0,0,1,0,0,0,1,0,0,Y
Motor Vehicle,DAC,72784088,20220718,548,1,NULL,MULBERRY                                ,N ,ST   ,US0062  ,US0062  ,047 US-62      ,US0062                                         ,N,37.69388,-85.85943,5,2022,O,047-US-0062  -000,17.966,0,0,0,0,0,0,0,0,0,0,1,0,0,Y
Motor Vehicle,DAC,72784116,20220712,1438,2,NULL,BUTTERFIELD                             ,NULL,DR   ,NULL,NULL,047 CS-1718    ,CS1718                                         ,N,37.6779,-85.86658,7,2022,O,047-CS-1718  -000,0.09,0,1,0,0,0,0,1,0,0,0,0,0,0,Y
Motor Vehicle,Non DAC,72784117,20220713,1157,3,NULL,PATRIOT                                 ,NULL,PKWY ,KY0361  ,KY0361  ,047 KY-361-10  ,KY0361                                         ,N,37.71715,-85.90306,5,2022,O,047-KY-0361  -000,1.804,0,0,0,1,0,0,1,0,0,0,0,0,0,Y
Motor Vehicle,DAC,72784118,20220713,1226,3,NULL,DIXIE                                   ,W ,AVE  ,US0031W ,US0031W ,047 US-31W     ,US0031W                                        ,N,37.70406,-85.87104,8,2022,O,047-US-0031W -000,17.662,0,0,0,0,0,0,1,0,1,0,0,1,0,Y
Motor Vehicle,DAC,72784786,20220716,1422,6,NULL,DIXIE                                   ,N ,AVE  ,US0031W ,US0031W ,047 US-31W     ,US0031W                                        ,N,37.73784,-85.88878,8,2022,O,047-US-0031W -000,20.211,0,0,0,0,0,0,1,0,0,0,0,1,0,Y
Motor Vehicle,DAC,72784855,20220718,1555,1,128,DIXIE                                   ,W ,AVE  ,US0031W ,US0031W ,047 US-31W     ,US0031W                                        ,N,37.69367,-85.8591,5,2022,O,047-US-0031W -000,16.684,0,0,0,0,0,0,1,0,0,0,0,0,0,Y
Motor Vehicle,DAC,72784856,20220718,1731,1,NULL,FRENCH                                  ,NULL,ST   ,NULL,NULL,047 CS-1390    ,CS1390                                         ,N,37.71163,-85.85291,5,2022,O,047-CS-1390  -000,0,0,0,0,0,0,0,1,0,0,0,1,0,0,Y
Motor Vehicle,DAC,72784989,20220719,1605,2,NULL,MULBERRY                                ,N ,ST   ,US0062  ,US0062  ,047 US-62      ,US0062                                         ,N,37.71224,-85.83231,5,2022,B,047-US-0062  -000,19.945,0,0,1,0,0,0,1,0,0,0,0,0,0,Y
Motor Vehicle,Non DAC,72785429,20220721,1359,4,NULL,BLACK BRANCH                            ,N ,RD   ,NULL,NULL,047 CS-1551    ,CS1551                                         ,N,37.67698,-85.91882,1,2022,C,047-CS-1551  -000,0.961,0,0,0,0,0,0,1,1,0,0,0,0,0,Y
Motor Vehicle,DAC,72785638,20220714,1109,4,NULL,DIXIE                                   ,W ,AVE  ,US0031W ,US0031W ,047 US-31W     ,US0031W                                        ,N,37.70094,-85.86765,5,2022,O,047-US-0031W -000,17.379,0,0,0,0,0,0,1,1,0,0,0,0,0,Y
Motor Vehicle,DAC,72785983,20220718,903,1,NULL,RING                                    ,NULL,RD   ,KY3005  ,KY3005  ,047 KY-3005    ,KY3005                                         ,N,37.73052,-85.84089,1,2022,O,047-KY-3005  -000,9.063,0,0,0,1,0,0,0,1,0,0,1,0,0,Y
Motor Vehicle,DAC,72786237,20220721,1319,4,NULL,MULBERRY                                ,S ,ST   ,US0062  ,US0062  ,047 US-62      ,US0062                                         ,N,37.69354,-85.85972,5,2022,O,047-US-0062  -000,17.939,0,0,0,1,0,0,0,1,0,0,0,0,0,Y
Motor Vehicle,Non DAC,72786427,20220724,515,0,710,PINE VALLEY                             ,NULL,DR   ,NULL,NULL,047 CS-1533    ,CS1533                                         ,N,37.75684,-85.88395,9,2022,O,047-CS-1533  -000,0.744,0,0,0,0,0,0,1,0,0,0,0,1,0,Y
Motor Vehicle,DAC,72786828,20220725,1210,1,NULL,MAIN                                    ,N ,ST   ,NULL,NULL,047 CS-1320    ,CS1320                                         ,N,37.70806,-85.84084,1,2022,O,047-CS-1320  -000,0.013,0,0,0,0,0,0,0,1,0,0,1,0,0,Y
Motor Vehicle,Non DAC,72786923,20220721,1200,4,NULL,VETERANS                                ,NULL,WAY  ,NULL,NULL,047 CS-1683    ,CS1683                                         ,N,37.73009,-85.89419,1,2022,O,047-CS-1683  -000,0.359,0,0,0,0,0,0,1,0,0,0,1,0,0,Y
Motor Vehicle,Non DAC,72787259,20220725,1625,1,NULL,RING                                    ,NULL,RD   ,KY3005  ,KY3005  ,047 KY-3005    ,KY3005                                         ,N,37.69559,-85.91051,5,2022,O,047-KY-3005  -000,3.644,0,0,0,1,0,0,1,0,0,0,0,0,0,Y
Motor Vehicle,DAC,72787281,20220726,1600,2,NULL,NULL,NULL,NULL,I 0065  ,I 0065  ,NULL,NULL,N,37.7132,-85.83076,5,2022,O,047-I -0065  -531,0.261,0,0,0,0,0,0,1,1,0,0,0,0,0,Y
Motor Vehicle,DAC,72787549,20220726,2220,2,625,MAIN                                    ,N ,ST   ,NULL,NULL,047 CS-1320    ,CS1320                                         ,N,37.69942,-85.84941,8,2022,O,047-CS-1320  -000,0.637,0,0,0,0,0,0,0,0,0,0,0,0,0,Y
Motor Vehicle,DAC,72787672,20220727,1401,3,NULL,DIXIE                                   ,N ,AVE  ,US0031W ,US0031W ,047 US-31W     ,US0031W                                        ,N,37.73024,-85.88496,1,2022,O,047-US-0031W -000,19.627,0,0,0,1,0,0,1,1,0,0,1,0,0,Y
Motor Vehicle,DAC,72787718,20220721,1458,4,NULL,NULL,NULL,NULL,I 0065  ,I 0065  ,NULL,NULL,N,37.71329,-85.83059,5,2022,O,047-I -0065  -531,0.253,0,0,0,0,0,0,1,0,0,0,0,0,0,Y
Motor Vehicle,DAC,72788329,20220727,1449,3,NULL,MULBERRY                                ,N ,ST   ,US0062  ,US0062  ,047 US-62-10   ,US0062                                         ,N,37.70458,-85.84674,1,2022,B,047-US-0062  -000,18.998,0,0,0,1,0,0,0,0,0,0,1,0,0,Y
Motor Vehicle,DAC,72788330,20220727,1642,3,NULL,MULBERRY                                ,S ,ST   ,US0062  ,US0062  ,047 US-62-10   ,US0062                                         ,N,37.68789,-85.86849,1,2022,O,047-US-0062  -000,17.313,0,0,0,0,0,0,1,1,0,0,0,0,0,Y
Motor Vehicle,DAC,72788369,20220730,1223,6,NULL,DIXIE                                   ,E ,AVE  ,US0031W ,US0031W ,047 US-31W     ,US0031W                                        ,N,37.69177,-85.85607,2,2022,O,047-US-0031W -000,16.469,0,1,0,1,0,0,0,0,0,0,0,0,0,Y
Motor Vehicle,DAC,72788610,20220731,1255,0,NULL,JEFFERSON                               ,NULL,PL   ,NULL,NULL,047 CS-1274    ,CS1274                                         ,N,37.71847,-85.85321,5,2022,O,047-CS-1274  -000,0.04,0,0,0,1,0,0,1,0,0,0,0,0,0,Y
Motor Vehicle,Non DAC,72788627,20220730,1310,6,NULL,RING                                    ,NULL,RD   ,KY3005  ,KY3005  ,047 KY-3005-10 ,KY3005                                         ,N,37.72687,-85.88881,8,2022,O,047-KY-3005  -000,6.283,0,0,0,1,0,0,1,1,0,0,0,1,0,Y
Motor Vehicle,DAC,72788762,20220730,1508,6,NULL,RING                                    ,NULL,RD   ,KY3005  ,KY3005  ,047 KY-3005    ,KY3005                                         ,N,37.72832,-85.88394,1,2022,O,047-KY-3005  -000,6.553,0,0,0,1,0,0,1,0,0,0,0,1,0,Y
Motor Vehicle,DAC,72788763,20220731,1750,0,NULL,MULBERRY                                ,N ,ST   ,US0062  ,US0062  ,047 US-62-10   ,US0062                                         ,N,37.71251,-85.83211,1,2022,O,047-US-0062  -000,19.967,0,0,0,0,0,0,1,1,0,0,0,0,0,Y
Motor Vehicle,DAC,72789071,20220801,1847,1,NULL,DIXIE                                   ,S ,HWY  ,US0031W ,US0031W ,047 US-31W     ,US0031W                                        ,N,37.66987,-85.84646,5,2022,O,047-US-0031W -000,14.806,0,0,0,1,0,0,1,0,0,0,1,0,0,Y
Motor Vehicle,Non DAC,72789110,20220730,2049,6,1770-,LINCOLN                                 ,NULL,PKWY ,KY0061  ,KY0061  ,047 KY-61      ,KY0061                                         ,N,37.65507,-85.83637,9,2022,O,047-KY-0061  -000,4.059,0,0,0,0,0,0,0,0,0,0,0,0,0,Y
Motor Vehicle,DAC,72789272,20220802,936,2,NULL,MULBERRY                                ,N ,ST   ,US0062  ,US0062  ,047 US-62      ,US0062                                         ,N,37.71159,-85.83353,1,2022,O,047-US-0062  -000,19.856,0,0,1,1,0,0,0,1,0,0,1,0,0,Y
Motor Vehicle,DAC,72789292,20220802,737,2,NULL,DIXIE                                   ,N ,AVE  ,US0031W ,US0031W ,047 US-31W     ,US0031W                                        ,N,37.71934,-85.87957,5,2022,O,047-US-0031W -000,18.817,0,0,0,0,0,0,1,0,0,0,1,0,0,Y
Motor Vehicle,DAC,72789445,20220801,1818,1,NULL,KENNEDY                                 ,NULL,ST   ,NULL,NULL,NULL,NULL,N,37.68817,-85.85297,5,2022,O,047-CS-1012  -000,0.142,0,0,0,0,0,0,1,0,0,0,1,0,0,Y
Motor Vehicle,DAC,72789672,20220726,1222,2,NULL,SAINT JOHN                              ,NULL,RD   ,KY1357  ,KY1357  ,047 KY-1357    ,KY1357                                         ,N,37.70242,-85.87675,5,2022,O,047-KY-1357  -000,16.64,0,0,0,0,0,0,0,1,0,0,0,0,0,Y
Motor Vehicle,DAC,72789780,20220803,1630,3,NULL,31W                                     ,NULL,BYP  ,US0031WB,US0031WB,047 US-31WB-10 ,US0031WB                                       ,N,37.6928,-85.87333,5,2022,O,047-US-0031WB-000,1.459,0,0,0,0,0,0,1,0,0,0,0,0,0,Y
Motor Vehicle,DAC,72789812,20220803,1542,3,2915,RING                                    ,NULL,RD   ,KY3005  ,KY3005  ,047 KY-3005    ,KY3005                                         ,N,37.71722,-85.83973,1,2022,C,047-KY-3005  -000,10.001,0,0,0,0,0,0,1,1,0,0,0,0,0,Y
Motor Vehicle,DAC,72790343,20220804,1449,4,NULL,31W                                     ,NULL,BYP  ,US0031WB,US0031WB,047 US-31WB    ,US0031WB                                       ,N,37.70024,-85.88189,4,2022,B,047-US-0031WB-000,2.167,0,0,1,0,0,0,0,1,0,0,1,0,0,Y
Motor Vehicle,DAC,72790494,20220805,1252,5,NULL,MULBERRY                                ,N ,ST   ,US0062  ,US0062  ,047 US-62-10   ,US0062                                         ,N,37.71138,-85.83443,5,2022,O,047-US-0062  -000,19.805,0,0,0,0,0,0,0,0,0,0,0,0,0,Y
Motor Vehicle,DAC,72790721,20220805,1116,5,NULL,DIXIE                                   ,N ,AVE  ,US0031W ,US0031W ,047 US-31W     ,US0031W                                        ,N,37.70805,-85.87338,1,2022,O,047-US-0031W -000,17.963,0,0,0,1,0,0,1,0,0,0,0,0,0,Y
Motor Vehicle,Non DAC,72790874,20220806,1022,6,NULL,LEITCHFIELD                             ,NULL,RD   ,US0062  ,US0062  ,047 US-62      ,US0062                                         ,N,37.6717,-85.9116,9,2022,C,047-US-0062  -000,14.589,0,1,0,1,0,0,0,0,0,0,0,1,0,N
Motor Vehicle,DAC,72791143,20220806,1332,6,NULL,DIXIE                                   ,N ,AVE  ,US0031W ,US0031W ,047 US-31W     ,US0031W                                        ,N,37.71792,-85.87895,1,2022,O,047-US-0031W -000,18.725,0,0,0,0,0,0,0,1,0,0,1,0,0,Y
Motor Vehicle,Non DAC,72791197,20220806,1308,6,NULL,TOWNE                                   ,NULL,DR   ,NULL,NULL,047 CS-1448    ,CS1448                                         ,N,37.73279,-85.89081,5,2022,O,047-CS-1448  -000,0.234,0,0,0,0,0,0,1,0,0,0,0,0,0,Y
Motor Vehicle,DAC,72791398,20220807,2344,0,503,WALNUT                                  ,NULL,ST   ,NULL,NULL,047 CS-1560    ,CS1560                                         ,N,37.69654,-85.85017,3,2022,O,047-CS-1560  -000,0.037,0,0,0,0,0,0,0,0,0,0,0,0,0,Y
Motor Vehicle,Non DAC,72791508,20220803,1556,3,907,PETERSON                                ,NULL,DR   ,NULL,NULL,047 CS-1251    ,CS1251                                         ,N,37.68419,-85.91538,5,2022,O,047-CS-1251  -000,0.014,0,0,0,1,0,0,1,0,0,0,0,0,0,Y
Motor Vehicle,DAC,72792635,20220809,1437,2,NULL,MULBERRY                                ,S ,ST   ,US0062  ,US0062  ,047 US-62-10   ,US0062                                         ,N,37.68789,-85.8684,1,2022,C,047-US-0062  -000,17.309,0,0,1,0,0,0,0,1,0,0,0,0,0,Y
Motor Vehicle,Non DAC,72793078,20220812,840,5,NULL,RING                                    ,NULL,RD   ,KY3005  ,KY3005  ,047 KY-3005    ,KY3005                                         ,N,37.72211,-85.89763,1,2022,B,047-KY-3005  -000,5.697,0,0,0,1,0,0,1,1,0,0,0,0,0,Y
Motor Vehicle,DAC,72793104,20220809,1238,2,NULL,DIXIE                                   ,N ,AVE  ,US0031W ,US0031W ,047 US-31W-10  ,US0031W                                        ,N,37.7131,-85.87672,8,2022,O,047-US-0031W -000,18.327,0,0,0,1,0,0,1,0,0,0,0,1,0,Y
Motor Vehicle,DAC,72793143,20220812,1123,5,NULL,DIXIE                                   ,N ,AVE  ,US0031W ,US0031W ,047 US-31W     ,US0031W                                        ,N,37.73392,-85.88679,5,2022,O,047-US-0031W -000,19.897,0,0,1,0,0,0,0,0,0,0,0,0,0,Y
Motor Vehicle,Non DAC,72793753,20220812,1057,5,NULL,GATES                                   ,NULL,RD   ,NULL,NULL,047 CS-1245    ,CS1245                                         ,N,37.69641,-85.88911,3,2022,O,047-CS-1245  -000,0.743,0,0,1,0,0,0,1,0,0,0,0,1,0,Y
Motor Vehicle,Non DAC,72793754,20220813,1405,6,NULL,DIXIE                                   ,S ,HWY  ,US0031W ,US0031W ,047 US-31W     ,US0031W                                        ,N,37.65968,-85.84887,5,2022,O,047-US-0031W -000,14.094,0,0,0,0,0,0,0,1,0,0,0,0,0,Y
Motor Vehicle,DAC,72793822,20220809,1732,2,NULL,WK9001 E                                ,NULL,NULL,WK9001  ,WK9001  ,047 WK-9001    ,WK9001                                         ,N,37.66995,-85.84679,5,2022,O,047-WK-9001  -000,136.777,0,0,0,0,0,0,1,0,0,0,0,0,0,Y
Motor Vehicle,DAC,72793823,20220809,1222,2,NULL,DIXIE                                   ,N ,AVE  ,US0031W ,US0031W ,047 US-31W-10  ,US0031W                                        ,N,37.70909,-85.87448,8,2022,O,047-US-0031W -000,18.06,0,0,0,0,0,0,0,0,0,0,0,1,0,Y
Motor Vehicle,Non DAC,72793824,20220813,1210,6,NULL,RING                                    ,NULL,RD   ,KY3005  ,KY3005  ,047 KY-3005    ,KY3005                                         ,N,37.72645,-85.88947,2,2022,O,047-KY-3005  -000,6.236,0,0,0,1,0,0,1,0,0,0,0,0,0,Y
Motor Vehicle,DAC,72793825,20220813,912,6,NULL,PIGEON                                  ,NULL,PASS ,NULL,NULL,047 CS-1422    ,CS1422                                         ,N,37.73373,-85.87654,2,2022,O,047-CS-1422  -000,0.111,0,0,0,1,0,0,1,0,0,0,0,0,0,Y
Motor Vehicle,DAC,72793860,20220811,1047,4,NULL,DIXIE                                   ,N ,AVE  ,US0031W ,US0031W ,047 US-31W     ,US0031W                                        ,N,37.71418,-85.87698,8,2022,O,047-US-0031W -000,18.438,0,0,0,0,0,0,0,1,0,0,0,1,0,Y
Motor Vehicle,DAC,72794246,20220811,1500,4,NULL,MULBERRY                                ,N ,ST   ,US0062  ,US0062  ,047 US-62      ,US0062                                         ,N,37.695,-85.85841,1,2022,O,047-US-0062  -000,18.06,0,0,1,0,0,0,1,0,0,0,1,0,0,Y
Motor Vehicle,DAC,72794684,20220810,1710,3,NULL,31W                                     ,NULL,BYP  ,US0031WB,US0031WB,047 US-31WB-10 ,US0031WB                                       ,N,37.70069,-85.88235,5,2022,O,047-US-0031WB-000,2.15,0,0,0,0,0,0,1,1,0,0,0,0,0,Y
Motor Vehicle,DAC,72794713,20220811,1812,4,NULL,RING                                    ,NULL,RD   ,KY3005  ,KY3005  ,047 KY-3005    ,KY3005                                         ,N,37.73017,-85.87733,5,2022,O,047-KY-3005  -000,6.941,0,0,1,0,0,0,0,1,0,0,1,0,0,Y
Motor Vehicle,DAC,72795169,20220813,1300,6,NULL,CHILDERS                                ,NULL,CT   ,NULL,NULL,047 CS-1083-30 ,CS1083                                         ,N,37.73801,-85.88895,5,2022,O,047-CS-1083  -030,0.006,0,0,0,0,0,0,0,0,0,0,1,0,0,Y
Motor Vehicle,Non DAC,72795170,20220818,532,4,NULL,MULBERRY                                ,N ,ST   ,US0062  ,US0062  ,047 US-62      ,US0062                                         ,N,37.71446,-85.82809,1,2022,B,047-US-0062  -000,20.191,0,0,0,0,0,0,0,1,0,0,1,0,0,Y
Motor Vehicle,DAC,72795500,20220817,1454,3,NULL,MILES                                   ,N ,ST   ,KY0251  ,KY0251  ,NULL,NULL,N,37.70719,-85.85476,5,2022,B,047-KY-0251  -000,0.879,0,0,1,0,0,0,1,1,0,0,1,0,0,Y
Motor Vehicle,DAC,72795622,20220809,1105,2,NULL,FRENCH                                  ,NULL,ST   ,NULL,NULL,047 CS-1390    ,CS1390                                         ,N,37.70996,-85.84943,7,2022,O,047-CS-1390  -000,0.228,0,0,0,1,0,0,1,0,0,0,0,1,0,Y
Motor Vehicle,DAC,72795623,20220815,1245,1,NULL,31W                                     ,NULL,BYP  ,US0031WB,US0031WB,047 US-31WB    ,US0031WB                                       ,N,37.69157,-85.87111,5,2022,O,047-US-0031WB-000,1.32,0,0,0,0,0,0,1,0,0,0,1,0,0,Y
Motor Vehicle,DAC,72795700,20220819,1340,5,NULL,FRENCH                                  ,NULL,ST   ,NULL,NULL,047 CS-1390    ,CS1390                                         ,N,37.70701,-85.84836,5,2022,O,047-CS-1390  -000,0.443,0,0,0,0,0,0,0,1,0,0,0,0,0,Y
Motor Vehicle,DAC,72795856,20220820,40,6,NULL,DIXIE                                   ,N ,AVE  ,US0031W ,US0031W ,047 US-31W     ,US0031W                                        ,N,37.74153,-85.89053,8,2022,O,047-US-0031W -000,20.449,0,0,0,0,0,0,1,0,0,0,0,1,0,Y
Motor Vehicle,DAC,72795871,20220820,10,6,424,PARK                                    ,NULL,AVE  ,NULL,NULL,047 CS-1082    ,CS1082                                         ,N,37.69382,-85.86613,7,2022,O,047-CS-1082  -000,0.072,0,0,0,0,0,0,0,0,0,0,0,0,0,Y
Motor Vehicle,DAC,72796251,20220821,1216,0,NULL,RING                                    ,NULL,RD   ,KY3005  ,KY3005  ,047 KY-3005    ,KY3005                                         ,N,37.72831,-85.88399,8,2022,O,047-KY-3005  -000,6.551,0,0,0,1,0,0,0,0,0,0,1,0,0,Y
Motor Vehicle,DAC,72796495,20220816,1450,2,NULL,NULL,NULL,NULL,I 0065  ,I 0065  ,NULL,NULL,N,37.71319,-85.83074,5,2022,O,047-I -0065  -531,0.262,0,0,0,0,0,0,1,0,0,0,0,0,0,Y
Motor Vehicle,DAC,72796528,20220821,1420,0,NULL,MULBERRY                                ,N ,ST   ,US0062  ,US0062  ,047 US-62      ,US0062                                         ,N,37.71239,-85.83199,5,2022,O,047-US-0062  -000,19.968,0,0,0,0,0,0,0,0,0,0,0,0,0,Y
Motor Vehicle,Non DAC,72796681,20220816,1020,2,4531,DIXIE                                   ,N ,HWY  ,US0031W ,US0031W ,047 US-31W-10  ,US0031W                                        ,N,37.75114,-85.89575,9,2022,C,047-US-0031W -000,21.198,0,0,0,1,0,0,0,0,0,0,0,1,0,Y
Motor Vehicle,Non DAC,72796865,20220823,854,2,NULL,PATRIOT                                 ,NULL,PKWY ,KY0361  ,KY0361  ,047 KY-361-10  ,KY0361                                         ,N,37.71728,-85.90342,1,2022,O,047-KY-0361  -000,1.824,0,0,0,1,0,0,1,0,0,0,1,0,0,Y
Motor Vehicle,DAC,72797175,20220823,1616,2,NULL,31W                                     ,NULL,BYP  ,US0031WB,US0031WB,047 US-31WB-10 ,US0031WB                                       ,N,37.70177,-85.88303,5,2022,O,047-US-0031WB-000,2.291,0,0,0,1,0,0,0,1,0,0,0,0,0,Y
Motor Vehicle,DAC,72797306,20220824,1200,3,NULL,DIXIE                                   ,N ,AVE  ,US0031W ,US0031W ,047 US-31W-10  ,US0031W                                        ,N,37.70898,-85.87439,5,2022,C,047-US-0031W -000,18.051,0,0,0,0,0,0,0,0,0,0,0,0,0,Y
Motor Vehicle,DAC,72797411,20220824,1033,3,NULL,DIXIE                                   ,N ,AVE  ,US0031W ,US0031W ,047 US-31W     ,US0031W                                        ,N,37.70424,-85.8712,8,2022,O,047-US-0031W -000,17.677,0,0,0,0,0,0,1,0,0,0,1,0,0,Y
Motor Vehicle,DAC,72797503,20220814,1733,0,NULL,US31W BYP S TURN LANE FROM  COLLEGE ST E,NULL,NULL,US0031WB,US0031WB,047 US-31WB-28 ,US0031WB                                       ,N,37.69178,-85.87185,5,2022,O,047-US-0031WB-028,0.025,0,0,0,0,0,0,0,1,0,0,0,0,0,Y
Motor Vehicle,DAC,72797504,20220818,1621,4,NULL,MULBERRY                                ,N ,ST   ,US0062  ,US0062  ,047 US-62      ,US0062                                         ,N,37.69404,-85.85927,5,2022,O,047-US-0062  -000,17.98,0,0,0,0,0,0,1,0,0,0,0,0,0,Y
Motor Vehicle,DAC,72797505,20220819,1219,5,NULL,DIXIE                                   ,N ,AVE  ,US0031W ,US0031W ,047 US-31W-10  ,US0031W                                        ,N,37.72911,-85.88461,5,2022,O,047-US-0031W -000,19.55,0,0,1,0,0,0,1,0,0,0,0,0,0,Y
Motor Vehicle,Non DAC,72797590,20220823,2153,2,NULL,RING                                    ,NULL,RD   ,KY3005  ,KY3005  ,047 KY-3005    ,KY3005                                         ,N,37.69576,-85.91045,4,2022,B,047-KY-3005  -000,3.654,0,0,1,0,0,0,1,1,0,0,1,0,0,Y
Motor Vehicle,DAC,72797921,20220825,1525,4,NULL,MILES                                   ,S ,ST   ,NULL,NULL,047 CS-1126    ,CS1126                                         ,N,37.69539,-85.86344,5,2022,O,047-CS-1126  -000,0.042,0,0,0,0,0,0,1,1,0,0,0,0,0,Y
Motor Vehicle,Non DAC,72797940,20220824,1125,3,NULL,KY1600                                  ,NULL,NULL,KY1600  ,KY1600  ,047 KY-1600    ,KY1600                                         ,N,37.72751,-85.9169,5,2022,O,047-KY-1600  -000,0.007,0,0,0,0,0,0,1,0,0,0,1,0,0,Y
Motor Vehicle,DAC,72798318,20220822,1221,1,NULL,31W                                     ,NULL,BYP  ,US0031WB,US0031WB,NULL,NULL,N,37.7002,-85.88178,4,2022,C,047-US-0031WB-000,2.169,0,0,1,0,0,0,0,1,0,0,1,0,0,Y
Motor Vehicle,DAC,72798498,20220826,1805,5,NULL,DIXIE                                   ,N ,AVE  ,US0031W ,US0031W ,047 US-31W-10  ,US0031W                                        ,N,37.70935,-85.87473,1,2022,O,047-US-0031W -000,18.083,0,0,0,0,0,0,1,0,0,0,0,0,0,Y
Motor Vehicle,DAC,72798499,20220826,1709,5,NULL,31W                                     ,NULL,BYP  ,US0031WB,US0031WB,047 US-31WB-10 ,US0031WB                                       ,N,37.70222,-85.8835,5,2022,C,047-US-0031WB-000,2.33,0,0,0,0,0,0,1,0,0,0,0,0,0,Y
Motor Vehicle,Non DAC,72798574,20220826,411,5,801,RING                                    ,NULL,RD   ,KY3005  ,KY3005  ,047 KY-3005    ,KY3005                                         ,N,37.70745,-85.90774,9,2022,O,047-KY-3005  -000,4.492,0,0,0,0,0,0,0,0,1,0,0,1,0,Y
Motor Vehicle,DAC,72798645,20220816,1630,2,1506,YORKSHIRE                               ,NULL,DR   ,NULL,NULL,047 CS-1600    ,CS1600                                         ,N,37.71971,-85.84486,9,2022,O,047-CS-1600  -000,0.094,0,0,0,0,0,0,0,0,0,0,0,1,0,Y