Mode,Crash In Disadvantaged Community,MasterFile,CollisionDate,CollisionTime,CollisionDayWeekCode,RoadwayName_HouseBusinessNumber_,RoadwayName_RoadwayName_,RoadwayName_Direction_,RoadwayName_RoadwaySuffix_,RoadwayfromReport,CurrentRoadwayNumber,RSEUniqueGIS,RoadwayIdentifier,ParkingLotIndicator,Latitude,Longitude,MannerofCollisionCode,YR,KABCO,KTC_RT,KTC_MP,Motorcyclist,Commercial Vehicle,Young Driver,Mature Driver,Pedestrian,Bicyclist,Distracted,Aggressive,Impaired,Unrestrained,Intersection,Roadway Departure,Median Cross-over,In City Limits?
Motor Vehicle,DAC,72798646,20220824,1735,3,NULL,MULBERRY                                ,N ,ST   ,US0062  ,US0062  ,047 US-62      ,US0062                                         ,N,37.71159,-85.83353,5,2022,O,047-US-0062  -000,19.856,0,0,0,0,0,0,1,0,0,0,1,0,0,Y
Motor Vehicle,DAC,72798647,20220824,1546,3,205,MERCER                                  ,NULL,ST   ,NULL,NULL,047 CS-1184    ,CS1184                                         ,N,37.7124,-85.88075,2,2022,O,047-CS-1184  -000,0.059,0,0,1,1,0,0,1,0,0,0,0,0,0,Y
Motor Vehicle,DAC,72798776,20220826,1341,5,NULL,US31W BYP N TURN LANE                   ,NULL,NULL,US0031WB,US0031WB,NULL,NULL,N,37.70068,-85.882,5,2022,O,047-US-0031WB-021,0.039,0,0,1,0,0,0,1,0,0,0,0,0,0,Y
Motor Vehicle,DAC,72798914,20220825,1613,4,NULL,DIXIE                                   ,E ,AVE  ,US0031W ,US0031W ,047 US-31W     ,US0031W                                        ,N,37.68811,-85.85292,8,2022,O,047-US-0031W -000,16.179,0,0,0,0,0,0,0,1,0,0,0,1,0,Y
Motor Vehicle,Non DAC,72799314,20220830,952,2,NULL,COLLEGE ST RD                           ,NULL,NULL,NULL,NULL,047 CS-1124    ,CS1124                                         ,N,37.69084,-85.87944,5,2022,C,047-CS-1124  -000,0.97,0,0,1,0,0,0,1,0,0,0,0,0,0,Y
Motor Vehicle,Non DAC,72799391,20220830,748,2,NULL,KY1600                                  ,NULL,NULL,KY1600  ,KY1600  ,047 KY-1600    ,KY1600                                         ,N,37.72743,-85.91721,5,2022,O,047-KY-1600  -000,0.006,0,0,0,0,0,0,0,1,0,0,0,0,0,Y
Motor Vehicle,Non DAC,72799774,20220831,751,3,NULL,PATRIOT                                 ,NULL,PKWY ,KY0361  ,KY0361  ,047 KY-361     ,KY0361                                         ,N,37.72092,-85.90863,5,2022,O,047-KY-0361  -000,2.205,0,0,1,0,0,0,0,1,0,0,0,0,0,Y
Motor Vehicle,DAC,72799978,20220831,1640,3,NULL,MULBERRY                                ,N ,ST   ,US0062  ,US0062  ,047 US-62-10   ,US0062                                         ,N,37.71053,-85.83612,5,2022,O,047-US-0062  -000,19.698,0,0,0,0,0,0,1,0,0,0,0,0,0,Y
Motor Vehicle,DAC,72799982,20220824,1610,3,NULL,DIXIE                                   ,E ,AVE  ,US0031W ,US0031W ,047 US-31W     ,US0031W                                        ,N,37.68814,-85.85298,1,2022,O,047-US-0031W -000,16.183,0,0,0,0,0,0,1,0,0,0,1,0,0,Y
Motor Vehicle,Non DAC,72799983,20220831,1601,3,NULL,PETERSON                                ,NULL,DR   ,NULL,NULL,047 CS-1251    ,CS1251                                         ,N,37.67793,-85.88801,1,2022,O,047-CS-1251  -000,1.693,0,0,0,1,0,0,1,0,0,0,1,0,0,Y
Motor Vehicle,Non DAC,72800045,20220901,802,4,NULL,VETERANS                                ,NULL,WAY  ,NULL,NULL,NULL,NULL,N,37.72642,-85.8922,5,2022,O,047-CS-1683  -000,0.086,0,0,0,1,0,0,0,1,0,0,0,0,0,Y
Motor Vehicle,Non DAC,72800088,20220901,911,4,NULL,PARK                                    ,W ,RD   ,NULL,NULL,047 CS-1542    ,CS1542                                         ,N,37.68603,-85.90404,9,2022,O,047-CS-1542  -000,1.468,0,0,1,0,0,0,0,0,0,0,0,1,0,Y
Motor Vehicle,DAC,72800501,20220818,1027,4,NULL,SYCAMORE                                ,NULL,ST   ,NULL,NULL,047 CS-1026    ,CS1026                                         ,N,37.70225,-85.86748,1,2022,O,047-CS-1026  -000,0.064,0,0,0,1,0,0,1,0,0,0,1,0,0,Y
Motor Vehicle,Non DAC,72800585,20220902,1405,5,NULL,PATRIOT                                 ,NULL,PKWY ,KY0361  ,KY0361  ,047 KY-361     ,KY0361                                         ,N,37.72405,-85.91255,8,2022,C,047-KY-0361  -000,2.501,0,0,0,0,0,0,1,0,0,0,1,0,0,Y
Motor Vehicle,Non DAC,72800949,20220902,657,5,NULL,PATRIOT                                 ,NULL,PKWY ,KY0361  ,KY0361  ,NULL,NULL,N,37.71574,-85.90072,8,2022,O,047-KY-0361  -000,1.644,0,0,0,0,0,0,0,0,0,0,0,1,0,Y
Motor Vehicle,Non DAC,72800950,20220902,1200,5,NULL,TOWNE                                   ,NULL,CTR  ,NULL,NULL,NULL,NULL,N,37.73295,-85.88742,1,2022,O,047-PR-1010  -000,0.382,0,0,1,1,0,0,0,0,0,0,0,0,0,Y
Motor Vehicle,DAC,72801318,20220902,1711,5,NULL,PUBLIC                                  ,NULL,SQ   ,US0031W ,US0031W ,047 US-31W-1   ,US0031W                                        ,N,37.69285,-85.85785,8,2022,O,047-US-0031W -001,16.603,0,1,0,1,0,0,0,0,0,0,1,0,0,Y
Motor Vehicle,DAC,72801479,20220829,1556,1,NULL,MULBERRY                                ,N ,ST   ,US0062  ,US0062  ,047 US-62      ,US0062                                         ,N,37.71134,-85.834,5,2022,O,047-US-0062  -000,19.826,0,0,1,0,0,0,1,1,0,0,0,0,0,Y
Motor Vehicle,Non DAC,72801480,20220831,1225,3,NULL,SHADOW CREEK                            ,NULL,LN   ,NULL,NULL,047 CS-1666    ,CS1666                                         ,N,37.75784,-85.88239,2,2022,O,047-CS-1666  -000,0.044,0,0,0,0,0,0,1,0,0,0,0,0,0,Y
Motor Vehicle,DAC,72801481,20220831,1253,3,NULL,DIXIE                                   ,N ,AVE  ,US0031W ,US0031W ,047 US-31W     ,US0031W                                        ,N,37.73362,-85.88662,5,2022,O,047-US-0031W -000,19.876,0,0,0,0,0,0,1,1,0,0,0,0,0,Y
Motor Vehicle,Non DAC,72801482,20220831,1340,3,NULL,RING                                    ,NULL,RD   ,KY3005  ,KY3005  ,047 KY-3005    ,KY3005                                         ,N,37.6721,-85.91216,1,2022,O,047-KY-3005  -000,1.947,0,0,0,0,0,0,0,0,0,0,0,0,0,Y
Motor Vehicle,DAC,72801483,20220901,1133,4,NULL,MULBERRY                                ,N ,ST   ,US0062  ,US0062  ,047 US-62      ,US0062                                         ,N,37.69927,-85.85454,8,2022,O,047-US-0062  -000,18.426,0,0,0,1,0,0,1,0,0,0,0,1,0,Y
Motor Vehicle,DAC,72801558,20220731,2210,0,200,SYCAMORE                                ,NULL,ST   ,NULL,NULL,047 CS-1026    ,CS1026                                         ,N,37.70326,-85.86609,9,2022,O,047-CS-1026  -000,0.169,0,0,0,0,0,0,0,0,0,0,0,0,0,Y
Motor Vehicle,DAC,72802162,20220905,1606,1,NULL,MULBERRY                                ,N ,ST   ,US0062  ,US0062  ,047 US-62-10   ,US0062                                         ,N,37.71343,-85.83016,8,2022,O,047-US-0062  -000,20.074,0,0,0,0,0,0,1,0,0,0,1,0,0,Y
Motor Vehicle,DAC,72802240,20220907,805,3,NULL,DIXIE                                   ,E ,AVE  ,US0031W ,US0031W ,047 US-31W     ,US0031W                                        ,N,37.6878,-85.85244,5,2022,O,047-US-0031W -000,16.136,0,0,0,0,0,0,1,1,0,0,0,0,0,Y
Motor Vehicle,DAC,72802707,20220907,1429,3,NULL,EVERGREEN                               ,NULL,TRL  ,NULL,NULL,047 CS-1676    ,CS1676                                         ,N,37.73371,-85.85535,5,2022,O,047-CS-1676  -000,0.012,0,0,0,0,0,0,0,1,0,0,0,0,0,Y
Motor Vehicle,Non DAC,72802708,20220907,1333,3,NULL,PATRIOT                                 ,NULL,PKWY ,KY0361  ,KY0361  ,047 KY-361     ,KY0361                                         ,N,37.71572,-85.90032,5,2022,O,047-KY-0361  -000,1.625,0,0,1,1,0,0,0,1,0,0,0,0,0,Y
Motor Vehicle,Non DAC,72802709,20220907,746,3,NULL,US31W BYP S TURN LANE TO  COLLEGE ST W  ,NULL,NULL,US0031WB,US0031WB,047 US-31WB-29 ,US0031WB                                       ,N,37.69185,-85.87248,5,2022,O,047-US-0031WB-029,0.034,0,0,1,0,0,0,1,0,0,0,0,0,0,Y
Motor Vehicle,DAC,72802769,20220905,1431,1,NULL,US31W BYP S TURN LANE                   ,NULL,NULL,US0031WB,US0031WB,047 US-31WB-23 ,US0031WB                                       ,N,37.69991,-85.88197,5,2022,O,047-US-0031WB-023,0.026,0,0,1,0,0,0,0,1,0,0,0,0,0,Y
Motor Vehicle,Non DAC,72802770,20220906,1210,2,NULL,DIXIE                                   ,N ,AVE  ,US0031W ,US0031W ,047 US-31W     ,US0031W                                        ,N,37.75066,-85.89471,5,2022,O,047-US-0031W -000,21.138,0,0,0,0,0,0,0,1,0,0,0,0,0,Y
Motor Vehicle,Non DAC,72803402,20220909,1957,5,NULL,PATRIOT                                 ,NULL,PKWY ,KY0361  ,KY0361  ,047 KY-361-10  ,KY0361                                         ,N,37.71728,-85.90354,5,2022,B,047-KY-0361  -000,1.826,0,0,1,0,0,0,1,0,0,0,1,0,0,Y
Motor Vehicle,DAC,72803446,20220909,1503,5,NULL,DIXIE                                   ,N ,AVE  ,US0031W ,US0031W ,047 US-31W     ,US0031W                                        ,N,37.73802,-85.88882,5,2022,O,047-US-0031W -000,20.219,0,0,1,0,0,0,1,0,0,0,1,0,0,Y
Motor Vehicle,Non DAC,72803513,20220902,750,5,NULL,DIXIE                                   ,N ,AVE  ,US0031W ,US0031W ,047 US-31W     ,US0031W                                        ,N,37.75072,-85.89473,5,2022,O,047-US-0031W -000,21.142,0,0,0,1,0,0,0,0,0,0,1,0,0,Y
Motor Vehicle,Non DAC,72803553,20220910,1436,6,NULL,DIXIE                                   ,N ,AVE  ,US0031W ,US0031W ,047 US-31W-10  ,US0031W                                        ,N,37.74552,-85.89267,8,2022,O,047-US-0031W -000,20.756,0,0,0,1,0,0,0,0,0,0,0,0,0,Y
Motor Vehicle,Non DAC,72803604,20220909,1014,5,NULL,VETERANS                                ,NULL,WAY  ,NULL,NULL,047 CS-1683    ,CS1683                                         ,N,37.72583,-85.89186,5,2022,O,047-CS-1683  -000,0.042,0,0,0,0,0,0,1,0,0,0,0,0,0,Y
Motor Vehicle,DAC,72803605,20220909,1840,5,NULL,ST JOHN                                 ,NULL,RD   ,KY1357  ,KY1357  ,047 KY-1357    ,KY1357                                         ,N,37.70401,-85.87168,5,2022,O,047-KY-1357  -000,16.95,0,0,0,1,0,0,1,0,0,0,0,0,0,Y
Motor Vehicle,Non DAC,72803800,20220911,1006,0,NULL,VETERANS                                ,NULL,WAY  ,NULL,NULL,047 CS-1683    ,CS1683                                         ,N,37.73042,-85.89411,5,2022,O,047-CS-1683  -000,0.383,0,0,0,1,0,0,0,1,0,0,0,0,0,Y
Motor Vehicle,DAC,72803856,20220909,1539,5,NULL,DIXIE                                   ,W ,AVE  ,US0031W ,US0031W ,NULL,NULL,N,37.69714,-85.86422,1,2022,O,047-US-0031W -000,17.055,0,0,1,0,0,0,1,0,0,0,0,0,0,Y
Motor Vehicle,DAC,72803869,20220908,1322,4,NULL,DIXIE                                   ,N ,AVE  ,US0031W ,US0031W ,NULL,NULL,N,37.73343,-85.8866,5,2022,O,047-US-0031W -000,19.864,0,0,1,1,0,0,1,0,0,0,0,0,0,Y
Motor Vehicle,Non DAC,72803870,20220909,1127,5,NULL,BLACK BRANCH                            ,N ,RD   ,NULL,NULL,047 CS-1551    ,CS1551                                         ,N,37.67917,-85.9149,1,2022,O,047-CS-1551  -000,0.692,0,1,0,0,0,0,1,1,0,0,1,0,0,Y
Motor Vehicle,Non DAC,72803946,20220911,1553,0,NULL,LINCOLN                                 ,NULL,PKWY ,KY0061  ,KY0061  ,NULL,NULL,N,37.66986,-85.84608,5,2022,O,047-KY-0061  -000,5.288,0,0,0,0,0,0,0,1,0,0,0,0,0,Y
Motor Vehicle,DAC,72804221,20220912,1634,1,NULL,PEAR ORCHARD                            ,NULL,RD   ,NULL,NULL,047 CS-1327    ,CS1327                                         ,N,37.71706,-85.85547,1,2022,C,047-CS-1327  -000,0.41,0,0,0,1,0,0,0,1,0,0,1,0,0,Y
Motor Vehicle,DAC,72804503,20220912,836,1,NULL,MAIN                                    ,N ,ST   ,NULL,NULL,047 CS-1320    ,CS1320                                         ,N,37.69419,-85.85698,1,2022,O,047-CS-1320  -000,0.082,0,0,0,1,0,0,1,0,0,0,1,0,0,Y
Motor Vehicle,DAC,72804516,20220913,1308,2,NULL,MULBERRY                                ,N ,ST   ,US0062  ,US0062  ,047 US-62      ,US0062                                         ,N,37.69947,-85.85437,5,2022,O,047-US-0062  -000,18.442,0,0,0,0,0,0,1,0,0,0,1,0,0,Y
Motor Vehicle,DAC,72805115,20220914,2032,3,NULL,MULBERRY                                ,S ,ST   ,US0062  ,US0062  ,047 US-62-10   ,US0062                                         ,N,37.688,-85.86829,1,2022,O,047-US-0062  -000,17.316,0,0,1,0,0,0,1,1,0,0,1,0,0,Y
Motor Vehicle,DAC,72805261,20220915,902,4,NULL,MULBERRY                                ,N ,ST   ,US0062  ,US0062  ,047 US-62      ,US0062                                         ,N,37.69795,-85.85572,9,2022,C,047-US-0062  -000,18.313,0,0,0,0,0,0,0,1,0,1,0,1,0,Y
Motor Vehicle,Non DAC,72805284,20220729,1305,5,NULL,LEITCHFIELD                             ,NULL,RD   ,US0062  ,US0062  ,047 US-62      ,US0062                                         ,N,37.67631,-85.90022,8,2022,O,047-US-0062  -000,15.291,0,0,0,0,0,0,1,0,0,0,0,1,0,Y
Motor Vehicle,Non DAC,72805285,20220731,1143,0,1510,RING                                    ,NULL,RD   ,KY3005  ,KY3005  ,047 KY-3005-10 ,KY3005                                         ,N,37.72702,-85.88916,2,2022,O,047-KY-3005  -000,6.27,0,0,0,0,0,0,1,0,0,1,0,0,0,Y
Motor Vehicle,Non DAC,72805286,20220804,1426,4,NULL,LEITCHFIELD                             ,NULL,RD   ,US0062  ,US0062  ,047 US-62-10   ,US0062                                         ,N,37.67125,-85.91302,5,2022,O,047-US-0062  -000,14.509,0,0,0,1,0,0,1,0,0,0,0,0,0,N
Motor Vehicle,Non DAC,72805324,20220913,1430,2,NULL,ALTEC                                   ,NULL,DR   ,NULL,NULL,NULL,NULL,N,37.66707,-85.92417,2,2022,O,047-CS-1008  -000,0.035,0,1,0,0,0,0,0,0,0,0,0,0,0,Y
Motor Vehicle,DAC,72805359,20220915,616,4,NULL,DIXIE                                   ,N ,AVE  ,US0031W ,US0031W ,047 US-31W-10  ,US0031W                                        ,N,37.70433,-85.87134,5,2022,O,047-US-0031W -000,17.685,0,0,0,0,0,0,1,0,0,0,0,0,0,Y
Motor Vehicle,DAC,72805373,20220915,1104,4,NULL,RING                                    ,NULL,RD   ,KY3005  ,KY3005  ,047 KY-3005    ,KY3005                                         ,N,37.73225,-85.84564,8,2022,O,047-KY-3005  -000,8.758,0,0,0,0,0,0,1,0,0,0,0,1,0,Y
Motor Vehicle,Non DAC,72805644,20220909,1916,5,NULL,LEITCHFIELD                             ,NULL,RD   ,US0062  ,US0062  ,047 US-62-10   ,US0062                                         ,N,37.67679,-85.89881,3,2022,O,047-US-0062  -000,15.363,0,0,0,0,0,0,0,1,0,0,1,0,0,N
Motor Vehicle,DAC,72805699,20220916,1340,5,NULL,DIXIE                                   ,N ,AVE  ,US0031W ,US0031W ,047 US-31W-10  ,US0031W                                        ,N,37.72003,-85.88018,5,2022,O,047-US-0031W -000,18.877,0,0,0,0,0,0,1,0,0,0,0,0,0,Y
Motor Vehicle,DAC,72805806,20220916,1607,5,NULL,MULBERRY                                ,N ,ST   ,US0062  ,US0062  ,047 US-62-10   ,US0062                                         ,N,37.71233,-85.83231,1,2022,O,047-US-0062  -000,19.948,0,0,0,0,0,0,0,0,0,0,0,0,0,Y
Motor Vehicle,DAC,72805972,20220916,1200,5,NULL,DIXIE                                   ,W ,AVE  ,US0031W ,US0031W ,NULL,NULL,N,37.70325,-85.87015,5,2022,O,047-US-0031W -000,17.588,0,0,0,0,0,0,1,0,0,0,0,0,0,Y
Motor Vehicle,Non DAC,72806070,20220917,1240,6,NULL,ST JOHN                                 ,NULL,RD   ,KY1357  ,KY1357  ,047 KY-1357    ,KY1357                                         ,N,37.69435,-85.90513,5,2022,C,047-KY-1357  -000,14.925,0,0,1,0,0,0,0,0,0,0,0,0,0,Y
Motor Vehicle,Non DAC,72806150,20220916,1634,5,NULL,DIXIE                                   ,N ,AVE  ,US0031W ,US0031W ,NULL,NULL,N,37.75053,-85.89471,5,2022,O,047-US-0031W -000,21.129,0,0,0,0,0,0,1,1,0,0,1,0,0,Y
Motor Vehicle,DAC,72806265,20220914,2020,3,NULL,SHEPHERDSVILLE                          ,NULL,RD   ,KY0251  ,KY0251  ,047 KY-251-10  ,KY0251                                         ,N,37.73237,-85.84449,9,2022,O,047-KY-0251  -000,2.697,0,0,0,0,0,0,0,0,0,0,1,0,0,Y
Motor Vehicle,DAC,72806294,20220917,1017,6,NULL,RING                                    ,NULL,RD   ,KY3005  ,KY3005  ,047 KY-3005    ,KY3005                                         ,N,37.72832,-85.884,5,2022,O,047-KY-3005  -000,6.551,0,0,0,0,0,0,1,0,0,0,1,0,0,Y
Motor Vehicle,DAC,72806368,20220918,1402,0,NULL,US31W BYP N TURN LANE                   ,NULL,NULL,US0031WB,US0031WB,047 US-31WB-21 ,US0031WB                                       ,N,37.70054,-85.88189,5,2022,O,047-US-0031WB-021,0.028,0,0,0,0,0,0,0,0,0,0,0,0,0,Y
Motor Vehicle,Non DAC,72806486,20220916,1503,5,NULL,RING                                    ,NULL,RD   ,KY3005  ,KY3005  ,047 KY-3005    ,KY3005                                         ,N,37.68423,-85.91564,1,2022,O,047-KY-3005  -000,2.814,0,0,0,1,0,0,0,0,0,0,1,0,0,Y
Motor Vehicle,DAC,72806487,20220916,1843,5,801,MULBERRY                                ,N ,ST   ,US0062  ,US0062  ,047 US-62      ,US0062                                         ,N,37.70317,-85.849,5,2022,O,047-US-0062  -000,18.837,0,0,1,0,0,0,0,0,0,0,0,0,0,Y
Motor Vehicle,DAC,72806488,20220917,2048,6,NULL,DIXIE                                   ,N ,AVE  ,US0031W ,US0031W ,047 US-31W     ,US0031W                                        ,N,37.72343,-85.88159,1,2022,O,047-US-0031W -000,19.12,0,0,0,0,0,0,0,1,0,0,1,0,0,Y
Motor Vehicle,DAC,72806489,20220917,2030,6,NULL,DIXIE                                   ,N ,AVE  ,US0031W ,US0031W ,047 US-31W     ,US0031W                                        ,N,37.74129,-85.89042,2,2022,O,047-US-0031W -000,20.431,0,0,0,1,0,0,0,0,0,0,1,0,0,Y
Motor Vehicle,DAC,72807058,20220920,1024,2,NULL,NICHOLAS                                ,NULL,ST   ,NULL,NULL,047 CS-1389    ,CS1389                                         ,N,37.68933,-85.85927,9,2022,C,047-CS-1389  -000,0.26,0,0,0,0,0,0,1,0,0,0,0,1,0,Y
Motor Vehicle,DAC,72807789,20220921,1300,3,NULL,DIXIE                                   ,N ,AVE  ,US0031W ,US0031W ,047 US-31W-10  ,US0031W                                        ,N,37.73149,-85.88572,5,2022,O,047-US-0031W -000,19.726,0,0,0,1,0,0,1,0,0,0,0,0,0,Y
Motor Vehicle,DAC,72807854,20220922,1152,4,NULL,DOLPHIN                                 ,NULL,DR   ,NULL,NULL,047 CS-1430    ,CS1430                                         ,N,37.71453,-85.83747,5,2022,O,047-CS-1430  -000,0.335,0,0,1,1,0,0,1,0,0,0,0,0,0,Y
Motor Vehicle,Non DAC,72807910,20220920,915,2,NULL,RING                                    ,NULL,RD   ,KY3005  ,KY3005  ,047 KY-3005-10 ,KY3005                                         ,N,37.71744,-85.90331,5,2022,O,047-KY-3005  -000,5.25,0,0,0,0,0,0,1,0,0,0,0,0,0,Y
Motor Vehicle,DAC,72807914,20220922,1443,4,NULL,MILES                                   ,N ,ST   ,KY0251  ,KY0251  ,047 KY-251     ,KY0251                                         ,N,37.72925,-85.8458,5,2022,O,047-KY-0251  -000,2.465,0,0,0,1,0,0,0,0,0,0,0,0,0,Y
Motor Vehicle,DAC,72808097,20220922,1705,4,NULL,MULBERRY                                ,N ,ST   ,US0062  ,US0062  ,047 US-62-10   ,US0062                                         ,N,37.71259,-85.83193,8,2022,O,047-US-0062  -000,19.975,0,0,0,0,0,0,0,0,0,0,1,0,0,Y
Motor Vehicle,DAC,72808309,20220923,1428,5,NULL,MULBERRY                                ,S ,ST   ,US0062  ,US0062  ,NULL,NULL,N,37.68434,-85.87316,5,2022,O,047-US-0062  -000,16.955,0,0,1,0,0,0,1,0,0,0,0,0,0,Y
Motor Vehicle,DAC,72808528,20220922,1345,4,NULL,RING                                    ,NULL,RD   ,KY3005  ,KY3005  ,047 KY-3005    ,KY3005                                         ,N,37.72848,-85.88349,5,2022,O,047-KY-3005  -000,6.58,0,0,0,0,0,0,0,1,0,0,0,0,0,Y
Motor Vehicle,DAC,72808692,20220923,1656,5,NULL,VALLEY CREEK                            ,NULL,RD   ,KY0567  ,KY0567  ,047 KY-567     ,KY0567                                         ,N,37.67342,-85.84226,1,2022,B,047-KY-0567  -000,0.109,0,0,0,1,0,0,0,1,0,0,1,0,0,Y
Motor Vehicle,DAC,72808731,20220924,1124,6,NULL,NULL,NULL,NULL,US0031WB,US0031WB,NULL,NULL,N,37.71036,-85.8877,5,2022,O,047-US-0031WB-312,0.066,0,0,1,0,0,0,1,0,0,0,0,0,0,Y
Motor Vehicle,DAC,72809320,20220926,1156,1,NULL,PATRIOT                                 ,NULL,PKWY ,KY0361  ,KY0361  ,047 KY-361-10  ,KY0361                                         ,N,37.71077,-85.88817,1,2022,O,047-KY-0361  -000,0.875,0,0,1,1,0,0,1,1,0,0,1,0,0,Y
Motor Vehicle,DAC,72809679,20220927,818,2,NULL,DIXIE                                   ,W ,AVE  ,US0031W ,US0031W ,047 US-31W     ,US0031W                                        ,N,37.7042,-85.87117,5,2022,O,047-US-0031W -000,17.673,0,0,1,0,0,0,1,0,0,0,0,0,0,Y
Motor Vehicle,Non DAC,72809685,20220923,1347,5,NULL,RING                                    ,NULL,RD   ,KY3005  ,KY3005  ,047 KY-3005    ,KY3005                                         ,N,37.67178,-85.91221,5,2022,O,047-KY-3005  -000,1.914,0,0,0,0,0,0,1,0,0,0,1,0,0,N
Motor Vehicle,DAC,72809798,20220927,816,2,NULL,DIXIE                                   ,W ,AVE  ,US0031W ,US0031W ,047 US-31W     ,US0031W                                        ,N,37.70198,-85.86874,1,2022,O,047-US-0031W -000,17.471,0,0,0,0,0,0,0,0,0,0,0,0,0,Y
Motor Vehicle,DAC,72810227,20220928,1010,3,NULL,POPLAR                                  ,W ,ST   ,NULL,NULL,047 CS-1068    ,CS1068                                         ,N,37.70225,-85.8675,1,2022,O,047-CS-1068  -000,0.808,0,0,0,0,0,0,0,1,0,0,1,0,0,Y
Motor Vehicle,Non DAC,72810477,20220929,736,4,NULL,BLACK BRANCH                            ,N ,RD   ,NULL,NULL,047 CS-1551    ,CS1551                                         ,N,37.67926,-85.91482,5,2022,O,047-CS-1551  -000,0.693,0,0,0,0,0,0,1,0,0,0,0,0,0,Y
Motor Vehicle,DAC,72810503,20220929,1039,4,NULL,FRENCH                                  ,NULL,ST   ,NULL,NULL,047 CS-1390    ,CS1390                                         ,N,37.70489,-85.84728,9,2022,O,047-CS-1390  -000,0.598,0,0,0,0,0,0,0,0,0,0,0,1,0,Y
Motor Vehicle,DAC,72810780,20220927,1725,2,NULL,DIXIE                                   ,N ,AVE  ,US0031W ,US0031W ,047 US-31W     ,US0031W                                        ,N,37.73379,-85.88672,8,2022,O,047-US-0031W -000,19.888,0,0,0,1,0,0,0,0,0,0,1,0,0,Y
Motor Vehicle,Non DAC,72810870,20220902,2357,5,NULL,PATRIOT                                 ,NULL,PKWY ,KY0361  ,KY0361  ,047 KY-361-10  ,KY0361                                         ,N,37.71369,-85.89606,1,2022,O,047-KY-0361  -000,1.352,0,0,0,0,0,0,1,0,0,0,0,0,0,Y
Motor Vehicle,DAC,72810871,20220918,2121,0,NULL,MULBERRY                                ,N ,ST   ,US0062  ,US0062  ,047 US-62-10   ,US0062                                         ,N,37.71332,-85.83046,4,2022,O,047-US-0062  -000,20.054,0,0,0,0,0,0,0,1,0,0,1,0,0,Y
Motor Vehicle,Non DAC,72810907,20220926,1549,1,NULL,RING                                    ,NULL,RD   ,KY3005  ,KY3005  ,047 KY-3005    ,KY3005                                         ,N,37.6946,-85.91104,5,2022,O,047-KY-3005  -000,3.549,0,0,0,0,0,0,0,0,0,0,0,0,0,Y
Motor Vehicle,DAC,72811595,20221001,2112,6,NULL,DIXIE                                   ,W ,AVE  ,US0031W ,US0031W ,047 US-31W     ,US0031W                                        ,N,37.70087,-85.86763,1,2022,O,047-US-0031W -000,17.373,0,0,0,0,0,0,0,1,0,0,1,0,0,Y
Motor Vehicle,Non DAC,72811650,20220930,1338,5,NULL,TOWNE                                   ,NULL,DR   ,NULL,NULL,047 CS-1448    ,CS1448                                         ,N,37.73049,-85.89362,9,2022,O,047-CS-1448  -000,0.46,0,0,0,0,0,0,0,0,0,0,0,1,0,Y
Motor Vehicle,Non DAC,72811958,20220928,628,3,NULL,RING                                    ,NULL,RD   ,KY3005  ,KY3005  ,047 KY-3005    ,KY3005                                         ,N,37.67148,-85.91196,5,2022,O,047-KY-3005  -000,1.912,0,0,0,0,0,0,1,0,0,0,1,0,0,N
Motor Vehicle,Non DAC,72812128,20221003,1455,1,NULL,DIXIE                                   ,S ,HWY  ,US0031W ,US0031W ,047 US-31W     ,US0031W                                        ,N,37.66343,-85.84798,5,2022,O,047-US-0031W -000,14.359,0,0,1,0,0,0,1,0,0,0,0,0,0,Y
Motor Vehicle,Non DAC,72812408,20220922,939,4,NULL,PATRIOT                                 ,NULL,PKWY ,KY0361  ,KY0361  ,047 KY-361     ,KY0361                                         ,N,37.71741,-85.90341,8,2022,O,047-KY-0361  -000,1.83,0,0,0,1,0,0,0,0,0,0,1,0,0,Y