Mode,Crash In Disadvantaged Community,MasterFile,CollisionDate,CollisionTime,CollisionDayWeekCode,RoadwayName_HouseBusinessNumber_,RoadwayName_RoadwayName_,RoadwayName_Direction_,RoadwayName_RoadwaySuffix_,RoadwayfromReport,CurrentRoadwayNumber,RSEUniqueGIS,RoadwayIdentifier,ParkingLotIndicator,Latitude,Longitude,MannerofCollisionCode,YR,KABCO,KTC_RT,KTC_MP,Motorcyclist,Commercial Vehicle,Young Driver,Mature Driver,Pedestrian,Bicyclist,Distracted,Aggressive,Impaired,Unrestrained,Intersection,Roadway Departure,Median Cross-over,In City Limits?
Motor Vehicle,DAC,72812791,20221005,855,3,NULL,FARMINGDALE                             ,NULL,DR   ,NULL,NULL,047 CS-1395    ,CS1395                                         ,N,37.7251,-85.83897,2,2022,O,047-CS-1395  -000,0.017,0,0,0,1,0,0,0,1,0,0,0,0,0,Y
Motor Vehicle,DAC,72812808,20221003,1430,1,NULL,DIXIE                                   ,E ,AVE  ,US0031W ,US0031W ,047 US-31W     ,US0031W                                        ,N,37.68314,-85.85024,8,2022,O,047-US-0031W -000,15.757,0,0,0,1,0,0,0,0,0,0,0,1,0,Y
Motor Vehicle,DAC,72813059,20221004,1452,2,NULL,MULBERRY                                ,N ,ST   ,US0062  ,US0062  ,047 US-62-10   ,US0062                                         ,N,37.71237,-85.83232,1,2022,B,047-US-0062  -000,19.949,0,0,1,0,0,0,1,1,0,1,0,0,0,Y
Motor Vehicle,Non DAC,72813063,20221003,1904,1,NULL,RING                                    ,NULL,RD   ,KY3005  ,KY3005  ,047 KY-3005    ,KY3005                                         ,N,37.72548,-85.89147,5,2022,O,047-KY-3005  -000,6.095,0,0,0,0,0,0,1,1,0,0,1,0,0,Y
Motor Vehicle,DAC,72813309,20220930,1429,5,NULL,MULBERRY                                ,N ,ST   ,US0062  ,US0062  ,047 US-62      ,US0062                                         ,N,37.71004,-85.83669,5,2022,O,047-US-0062  -000,19.658,0,0,0,0,0,0,0,1,0,0,0,0,0,Y
Motor Vehicle,DAC,72813686,20221007,1415,5,NULL,MULBERRY                                ,N ,ST   ,US0062  ,US0062  ,047 US-62      ,US0062                                         ,N,37.71238,-85.83199,5,2022,O,047-US-0062  -000,19.968,0,0,0,0,0,0,1,0,0,0,0,0,0,Y
Motor Vehicle,DAC,72813910,20221007,1731,5,NULL,POPLAR                                  ,E ,ST   ,NULL,NULL,047 CS-1002    ,CS1002                                         ,N,37.69318,-85.85418,3,2022,O,047-CS-1002  -000,0.168,0,0,0,0,0,0,0,0,0,0,0,1,0,Y
Motor Vehicle,DAC,72814317,20221009,1019,0,NULL,POPLAR                                  ,W ,ST   ,NULL,NULL,047 CS-1068    ,CS1068                                         ,N,37.70377,-85.86899,3,2022,O,047-CS-1068  -000,0.945,0,0,1,0,0,0,0,0,0,0,1,0,0,Y
Motor Vehicle,DAC,72814376,20221009,930,0,702,HAWKINS                                 ,NULL,DR   ,NULL,NULL,047 CS-1553    ,CS1553                                         ,N,37.68506,-85.85045,9,2022,O,047-CS-1553  -000,1.158,0,0,0,0,0,0,0,0,0,0,0,1,0,Y
Motor Vehicle,DAC,72814576,20221008,2001,6,NULL,DIXIE                                   ,W ,AVE  ,US0031W ,US0031W ,047 US-31W     ,US0031W                                        ,N,37.69527,-85.86181,5,2022,O,047-US-0031W -000,16.876,0,0,1,1,0,0,0,0,0,0,0,0,0,Y
Motor Vehicle,Non DAC,72814577,20221008,2228,6,2529,CHATSWORTH                              ,NULL,DR   ,NULL,NULL,047 CS-1536    ,CS1536                                         ,N,37.7602,-85.88063,9,2022,O,047-CS-1536  -000,0.253,0,0,0,0,0,0,0,0,0,0,0,1,0,Y
Motor Vehicle,Non DAC,72815304,20221011,519,2,604,COLUMBIA                                ,NULL,DR   ,NULL,NULL,047 CS-1225    ,CS1225                                         ,N,37.69987,-85.89249,9,2022,O,047-CS-1225  -000,0.087,0,0,1,0,0,0,0,0,0,0,0,1,0,Y
Motor Vehicle,DAC,72815529,20221012,752,3,NULL,31W                                     ,NULL,BYP  ,US0031WB,US0031WB,047 US-31WB-10 ,US0031WB                                       ,N,37.69276,-85.87328,5,2022,B,047-US-0031WB-000,1.456,0,0,0,0,0,0,1,0,0,0,0,0,0,Y
Motor Vehicle,DAC,72815752,20221010,1659,1,NULL,MULBERRY                                ,S ,ST   ,US0062  ,US0062  ,047 US-62-10   ,US0062                                         ,N,37.68794,-85.8684,1,2022,B,047-US-0062  -000,17.318,0,0,0,1,0,0,0,1,0,0,1,0,0,Y
Motor Vehicle,DAC,72815753,20221011,1514,2,NULL,DIXIE                                   ,N ,AVE  ,US0031W ,US0031W ,047 US-31W     ,US0031W                                        ,N,37.73057,-85.88516,5,2022,O,047-US-0031W -000,19.653,0,0,1,0,0,0,0,1,0,0,0,0,0,Y
Motor Vehicle,DAC,72815754,20221011,1616,2,NULL,DIXIE                                   ,N ,AVE  ,US0031W ,US0031W ,047 US-31W     ,US0031W                                        ,N,37.72837,-85.88402,8,2022,O,047-US-0031W -000,19.473,0,0,1,0,0,0,1,1,0,0,1,0,0,Y
Motor Vehicle,DAC,72815755,20221011,1930,2,NULL,ST JOHN                                 ,NULL,RD   ,KY1357  ,KY1357  ,047 KY-1357    ,KY1357                                         ,N,37.70426,-85.87121,7,2022,O,047-KY-1357  -000,16.98,0,0,1,0,0,0,0,1,0,0,1,0,0,Y
Motor Vehicle,DAC,72815756,20221012,1747,3,NULL,31W                                     ,NULL,BYP  ,US0031WB,US0031WB,047 US-31WB-10 ,US0031WB                                       ,N,37.69192,-85.87193,4,2022,O,047-US-0031WB-000,1.359,0,0,0,0,0,0,1,1,0,0,1,0,0,Y
Motor Vehicle,DAC,72815822,20221010,901,1,NULL,DIXIE                                   ,N ,AVE  ,US0031W ,US0031W ,047 US-31W     ,US0031W                                        ,N,37.70884,-85.87403,1,2022,O,047-US-0031W -000,18.031,0,0,0,0,0,0,1,0,0,0,1,0,0,Y
Motor Vehicle,DAC,72815823,20221010,901,1,NULL,DIXIE                                   ,N ,AVE  ,US0031W ,US0031W ,047 US-31W     ,US0031W                                        ,N,37.70884,-85.87403,1,2022,O,047-US-0031W -000,18.031,0,0,0,1,0,0,1,0,0,0,1,0,0,Y
Motor Vehicle,Non DAC,72815824,20221013,608,4,NULL,BLACK BRANCH                            ,N ,RD   ,NULL,NULL,047 CS-1551    ,CS1551                                         ,N,37.67583,-85.92043,1,2022,O,047-CS-1551  -000,1.085,0,0,0,0,0,0,1,1,0,0,0,0,0,Y
Motor Vehicle,DAC,72815857,20221012,1010,3,NULL,RING                                    ,NULL,RD   ,KY3005  ,KY3005  ,047 KY-3005    ,KY3005                                         ,N,37.72831,-85.88405,5,2022,O,047-KY-3005  -000,6.553,0,0,0,0,0,0,1,0,0,0,1,0,0,Y
Motor Vehicle,DAC,72816103,20220929,1517,4,NULL,MULBERRY                                ,N ,ST   ,US0062  ,US0062  ,NULL,NULL,N,37.69888,-85.85484,5,2022,O,047-US-0062  -000,18.394,0,0,0,0,0,0,1,0,0,0,1,0,0,Y
Motor Vehicle,DAC,72816104,20221003,1751,1,NULL,DIXIE                                   ,E ,AVE  ,US0031W ,US0031W ,047 US-31W     ,US0031W                                        ,N,37.68332,-85.85034,1,2022,O,047-US-0031W -000,15.768,0,1,0,1,0,0,1,1,0,0,1,0,0,Y
Motor Vehicle,DAC,72816105,20221004,1343,2,NULL,RING                                    ,NULL,RD   ,KY3005  ,KY3005  ,047 KY-3005    ,KY3005                                         ,N,37.72856,-85.88337,5,2022,O,047-KY-3005  -000,6.589,0,0,0,0,0,0,1,0,0,0,0,0,0,Y
Motor Vehicle,Non DAC,72816106,20221005,1727,3,200,GREENLEAF                               ,NULL,DR   ,NULL,NULL,047 CS-1742F   ,CS1742F                                        ,N,37.65194,-85.84735,7,2022,O,047-CS-1742F -000,0.019,0,0,0,0,0,0,1,0,0,0,0,0,0,Y
Motor Vehicle,DAC,72816107,20221010,1035,1,NULL,MANTLE                                  ,N ,AVE  ,NULL,NULL,NULL,NULL,N,37.70104,-85.86753,2,2022,O,047-CS-1025  -000,0.011,0,0,0,1,0,0,1,0,0,0,0,0,0,Y
Motor Vehicle,DAC,72816108,20221010,1132,1,NULL,DIXIE                                   ,N ,AVE  ,US0031W ,US0031W ,NULL,NULL,N,37.72796,-85.8838,8,2022,O,047-US-0031W -000,19.453,0,0,1,0,0,0,1,0,0,0,1,0,0,Y
Motor Vehicle,Non DAC,72816109,20221010,1443,1,NULL,PATRIOT                                 ,NULL,PKWY ,KY0361  ,KY0361  ,NULL,NULL,N,37.71716,-85.90344,5,2022,C,047-KY-0361  -000,1.822,0,0,0,0,0,0,1,0,0,0,1,0,0,Y
Motor Vehicle,Non DAC,72816110,20221010,1516,1,NULL,PATRIOT                                 ,NULL,PKWY ,KY0361  ,KY0361  ,NULL,NULL,N,37.71722,-85.90334,5,2022,O,047-KY-0361  -000,1.821,0,0,0,0,0,0,1,0,0,0,1,0,0,Y
Motor Vehicle,DAC,72816193,20221011,1649,2,NULL,31W                                     ,NULL,BYP  ,US0031WB,US0031WB,047 US-31WB-10 ,US0031WB                                       ,N,37.70032,-85.88209,5,2022,O,047-US-0031WB-000,2.179,0,0,0,0,0,0,1,0,0,0,1,0,0,Y
Motor Vehicle,DAC,72816307,20221001,846,6,NULL,DIXIE                                   ,N ,AVE  ,US0031W ,US0031W ,047 US-31W     ,US0031W                                        ,N,37.70423,-85.87119,5,2022,O,047-US-0031W -000,17.678,0,0,1,0,0,0,1,0,0,0,1,0,0,Y
Motor Vehicle,DAC,72816308,20221014,711,5,NULL,MILES                                   ,N ,ST   ,KY0251  ,KY0251  ,047 KY-251     ,KY0251                                         ,N,37.71162,-85.85292,1,2022,C,047-KY-0251  -000,1.189,0,0,1,0,0,0,0,1,0,0,1,0,0,Y
Motor Vehicle,DAC,72816309,20221013,1517,4,NULL,DIXIE                                   ,E ,AVE  ,US0031W ,US0031W ,047 US-31W     ,US0031W                                        ,N,37.66991,-85.84644,5,2022,O,047-US-0031W -000,14.809,0,0,0,1,0,0,1,1,0,0,1,0,0,Y
Motor Vehicle,DAC,72816323,20221007,1400,5,NULL,DIXIE                                   ,N ,AVE  ,US0031W ,US0031W ,047 US-31W     ,US0031W                                        ,N,37.73358,-85.88661,5,2022,O,047-US-0031W -000,19.873,0,0,1,0,0,0,1,1,0,0,0,0,0,Y
Motor Vehicle,DAC,72816428,20221014,1301,5,NULL,DIXIE                                   ,N ,AVE  ,US0031W ,US0031W ,047 US-31W-10  ,US0031W                                        ,N,37.73163,-85.88596,5,2022,O,047-US-0031W -000,19.74,0,0,1,0,0,0,1,0,0,0,0,0,0,Y
Motor Vehicle,Non DAC,72816429,20221014,1353,5,NULL,RING                                    ,NULL,RD   ,KY3005  ,KY3005  ,047 KY-3005    ,KY3005                                         ,N,37.72804,-85.88477,5,2022,O,047-KY-3005  -000,6.411,0,0,0,0,0,0,1,0,0,0,0,0,0,Y
Motor Vehicle,DAC,72816626,20221014,1625,5,NULL,RING                                    ,NULL,RD   ,KY3005  ,KY3005  ,047 KY-3005    ,KY3005                                         ,N,37.73217,-85.84435,1,2022,O,047-KY-3005  -000,8.829,0,0,1,0,0,0,1,1,0,0,1,0,0,Y
Motor Vehicle,Non DAC,72816751,20221015,1044,6,NULL,LINCOLN                                 ,NULL,PKWY ,KY0061  ,KY0061  ,047 KY-61      ,KY0061                                         ,N,37.66561,-85.83997,1,2022,C,047-KY-0061  -000,4.808,0,0,0,0,0,0,1,0,0,0,1,0,0,Y
Motor Vehicle,DAC,72816990,20221013,1530,4,NULL,DIXIE                                   ,N ,AVE  ,US0031W ,US0031W ,047 US-31W-10  ,US0031W                                        ,N,37.73102,-85.88561,8,2022,O,047-US-0031W -000,19.693,0,0,0,0,0,0,1,0,0,0,0,1,0,Y
Motor Vehicle,Non DAC,72816991,20221014,1436,5,NULL,RING                                    ,NULL,RD   ,KY3005  ,KY3005  ,047 KY-3005    ,KY3005                                         ,N,37.72763,-85.88557,5,2022,O,047-KY-3005  -000,6.464,0,0,0,1,0,0,1,0,0,0,0,0,0,Y
Motor Vehicle,DAC,72817030,20221014,1513,5,NULL,DIXIE                                   ,N ,AVE  ,US0031W ,US0031W ,047 US-31W-10  ,US0031W                                        ,N,37.70873,-85.87423,1,2022,O,047-US-0031W -000,18.032,0,0,0,0,0,0,0,1,0,0,1,0,0,Y
Motor Vehicle,DAC,72817429,20221017,1213,1,NULL,COLLEGE                                 ,NULL,ST   ,NULL,NULL,047 CS-1730    ,CS1730                                         ,N,37.69225,-85.87191,5,2022,O,047-CS-1730  -000,0.035,0,0,0,0,0,0,1,0,0,0,1,0,0,Y
Motor Vehicle,DAC,72817466,20221017,1344,1,NULL,DIXIE                                   ,W ,AVE  ,US0031W ,US0031W ,047 US-31W     ,US0031W                                        ,N,37.70092,-85.86765,1,2022,O,047-US-0031W -000,17.377,0,0,1,0,0,0,1,1,0,0,1,0,0,Y
Motor Vehicle,DAC,72817555,20221013,1530,4,950,MULBERRY                                ,N ,ST   ,NULL,NULL,NULL,NULL,N,37.70868,-85.84174,9,2022,O,047-CS-1374  -000,0.211,0,0,0,1,0,0,0,0,0,0,0,1,0,Y
Motor Vehicle,DAC,72817747,20221017,1812,1,NULL,NICHOLAS ST CONN                        ,NULL,NULL,NULL,NULL,NULL,NULL,N,37.68772,-85.86826,5,2022,O,047-CS-1389  -071,0.023,0,0,0,0,0,0,1,0,0,0,0,0,0,Y
Motor Vehicle,DAC,72818087,20221012,1715,3,NULL,VALLEY CREEK                            ,NULL,RD   ,KY0567  ,KY0567  ,047 KY-567     ,KY0567                                         ,N,37.67233,-85.84365,9,2022,O,047-KY-0567  -000,0.001,0,0,0,0,0,0,0,0,0,0,1,0,0,Y
Motor Vehicle,DAC,72818089,20221018,1752,2,NULL,DIXIE                                   ,N ,AVE  ,US0031W ,US0031W ,047 US-31W-10  ,US0031W                                        ,N,37.74112,-85.8906,4,2022,O,047-US-0031W -000,20.432,0,0,0,1,0,0,0,0,0,0,1,0,0,Y
Motor Vehicle,Non DAC,72818090,20221018,1918,2,NULL,PATRIOT                                 ,NULL,PKWY ,KY0361  ,KY0361  ,047 KY-361     ,KY0361                                         ,N,37.72391,-85.91263,1,2022,O,047-KY-0361  -000,2.505,0,0,0,0,0,0,1,1,0,0,1,0,0,Y
Motor Vehicle,Non DAC,72818154,20221015,1138,6,NULL,LINCOLN                                 ,NULL,PKWY ,KY0061  ,KY0061  ,047 KY-61      ,KY0061                                         ,N,37.66565,-85.83969,1,2022,A,047-KY-0061  -000,4.823,0,0,0,0,0,0,1,1,0,0,1,0,0,Y
Motor Vehicle,DAC,72818342,20221017,1745,1,NULL,DIECKS                                  ,NULL,DR   ,NULL,NULL,047 CS-1061    ,CS1061                                         ,N,37.70839,-85.86526,5,2022,O,047-CS-1061  -000,0.491,0,0,0,0,0,0,1,0,0,0,0,1,0,Y
Motor Vehicle,DAC,72818432,20221018,1221,2,NULL,31W                                     ,NULL,BYP  ,US0031WB,US0031WB,047 US-31WB-10 ,US0031WB                                       ,N,37.70043,-85.88215,5,2022,O,047-US-0031WB-000,2.187,0,0,0,0,0,0,1,0,0,0,0,0,0,Y
Motor Vehicle,DAC,72818567,20221019,1529,3,NULL,DIXIE                                   ,N ,AVE  ,US0031W ,US0031W ,047 US-31W-10  ,US0031W                                        ,N,37.70719,-85.87296,4,2022,B,047-US-0031W -000,17.877,0,0,0,1,0,0,0,1,0,0,1,0,0,Y
Motor Vehicle,Non DAC,72818634,20221020,626,4,NULL,BLACK BRANCH                            ,N ,RD   ,NULL,NULL,047 CS-1551    ,CS1551                                         ,N,37.67805,-85.91722,5,2022,O,047-CS-1551  -000,0.851,0,0,0,0,0,0,1,1,0,0,0,0,0,Y
Motor Vehicle,DAC,72818703,20221020,914,4,NULL,RING                                    ,NULL,RD   ,KY3005  ,KY3005  ,NULL,NULL,N,37.72736,-85.83914,1,2022,O,047-KY-3005  -000,9.297,0,0,0,1,0,0,0,1,0,0,0,0,0,Y
Motor Vehicle,Non DAC,72818845,20221020,1408,4,NULL,RING                                    ,NULL,RD   ,KY3005  ,KY3005  ,047 KY-3005-10 ,KY3005                                         ,N,37.72726,-85.88768,5,2022,O,047-KY-3005  -000,6.35,0,0,0,1,0,0,1,0,0,0,0,0,0,Y
Motor Vehicle,Non DAC,72818968,20221019,2203,3,NULL,RING                                    ,NULL,RD   ,KY3005  ,KY3005  ,047 KY-3005    ,KY3005                                         ,N,37.69575,-85.91042,1,2022,B,047-KY-3005  -000,3.655,0,0,1,0,0,0,0,1,0,0,1,0,0,Y
Motor Vehicle,DAC,72819473,20221018,1905,2,NULL,PENNSYLVANIA                            ,NULL,AVE  ,NULL,NULL,047 CS-1080    ,CS1080                                         ,N,37.69622,-85.86755,7,2022,O,047-CS-1080  -000,0.001,0,0,0,1,0,0,0,0,0,0,1,0,0,Y
Motor Vehicle,DAC,72819912,20221014,2233,5,NULL,COMMERCE                                ,NULL,DR   ,NULL,NULL,047 CS-1108    ,CS1108                                         ,N,37.71039,-85.83298,1,2022,O,047-CS-1108  -000,0.081,0,0,0,0,0,0,0,1,0,0,1,0,0,Y
Motor Vehicle,DAC,72820076,20221024,703,1,NULL,31W                                     ,NULL,BYP  ,US0031WB,US0031WB,NULL,NULL,N,37.69942,-85.88133,8,2022,O,047-US-0031WB-000,2.11,0,0,0,1,0,0,0,0,0,0,0,1,0,Y
Motor Vehicle,Non DAC,72820099,20221020,1251,4,NULL,DIXIE                                   ,N ,HWY  ,US0031W ,US0031W ,047 US-31W     ,US0031W                                        ,N,37.75155,-85.89507,1,2022,O,047-US-0031W -000,21.204,0,0,0,0,0,0,1,0,0,0,0,0,0,Y
Motor Vehicle,Non DAC,72820418,20221024,1747,1,NULL,PATRIOT                                 ,NULL,PKWY ,KY0361  ,KY0361  ,047 KY-361-10  ,KY0361                                         ,N,37.71736,-85.90369,5,2022,O,047-KY-0361  -000,1.839,0,0,0,0,0,0,0,0,0,0,1,0,0,Y
Motor Vehicle,DAC,72820503,20221025,748,2,NULL,31W                                     ,NULL,BYP  ,US0031WB,US0031WB,047 US-31WB-10 ,US0031WB                                       ,N,37.69256,-85.87296,5,2022,O,047-US-0031WB-000,1.433,0,1,0,0,0,0,0,0,0,0,0,0,0,Y
Motor Vehicle,Non DAC,72820875,20221025,718,2,NULL,MULBERRY                                ,N ,ST   ,US0062  ,US0062  ,047 US-62-10   ,US0062                                         ,N,37.71634,-85.82372,8,2022,O,047-US-0062  -000,20.472,0,0,0,0,0,0,1,0,0,1,0,1,0,Y
Motor Vehicle,DAC,72821054,20221026,728,3,NULL,MILES                                   ,N ,ST   ,KY0251  ,KY0251  ,047 KY-251     ,KY0251                                         ,N,37.69588,-85.86298,1,2022,B,047-KY-0251  -000,0,0,0,0,0,0,0,1,1,0,0,1,0,0,Y
Motor Vehicle,Non DAC,72821718,20221025,1640,2,NULL,RING                                    ,NULL,RD   ,KY3005  ,KY3005  ,047 KY-3005-10 ,KY3005                                         ,N,37.68324,-85.9159,4,2022,O,047-KY-3005  -000,2.746,0,0,0,0,0,0,0,1,0,0,0,0,0,Y
Motor Vehicle,DAC,72821719,20221026,1816,3,NULL,MANTLE                                  ,N ,AVE  ,NULL,NULL,NULL,NULL,N,37.70688,-85.85989,1,2022,O,047-CS-1025  -000,0.592,0,0,0,0,0,0,0,1,0,0,1,0,0,Y
Motor Vehicle,DAC,72821824,20221027,1124,4,NULL,RING                                    ,NULL,RD   ,KY3005  ,KY3005  ,047 KY-3005    ,KY3005                                         ,N,37.71119,-85.83984,1,2022,O,047-KY-3005  -000,10.423,0,0,0,1,0,0,0,1,0,0,1,0,0,Y
Motor Vehicle,DAC,72821891,20221028,839,5,720,DIXIE                                   ,E ,AVE  ,US0031W ,US0031W ,047 US-31W     ,US0031W                                        ,N,37.67198,-85.84598,1,2022,O,047-US-0031W -000,14.951,0,0,0,0,0,0,1,0,0,0,0,0,0,Y
Motor Vehicle,Non DAC,72822462,20221029,2110,6,NULL,HODGENVILLE                             ,NULL,RD   ,KY0210  ,KY0210  ,047 KY-210     ,KY0210                                         ,N,37.67152,-85.84229,7,2022,O,047-KY-0210  -000,0.229,0,1,0,0,0,0,1,0,0,1,0,0,0,Y
Motor Vehicle,Non DAC,72822490,20221029,2307,6,NULL,RING                                    ,NULL,RD   ,KY3005  ,KY3005  ,047 KY-3005-10 ,KY3005                                         ,N,37.68321,-85.91588,9,2022,O,047-KY-3005  -000,2.744,0,0,0,0,0,0,0,0,1,0,0,1,0,Y
Motor Vehicle,Non DAC,72822597,20221017,1211,1,NULL,RING                                    ,NULL,RD   ,KY3005  ,KY3005  ,047 KY-3005-10 ,KY3005                                         ,N,37.69045,-85.91349,4,2022,O,047-KY-3005  -000,3.252,0,0,0,1,0,0,1,1,0,0,1,0,0,Y
Motor Vehicle,DAC,72822599,20221018,1416,2,NULL,DIXIE                                   ,N ,AVE  ,US0031W ,US0031W ,NULL,NULL,N,37.72856,-85.88436,5,2022,O,047-US-0031W -000,19.509,0,0,0,0,0,0,1,0,0,0,1,0,0,Y
Motor Vehicle,DAC,72822600,20221018,1555,2,NULL,DIXIE                                   ,N ,AVE  ,US0031W ,US0031W ,NULL,NULL,N,37.73425,-85.88721,5,2022,O,047-US-0031W -000,19.944,0,0,1,0,0,0,1,0,0,0,1,0,0,Y
Motor Vehicle,DAC,72822601,20221020,1317,4,NULL,DIXIE                                   ,N ,AVE  ,US0031W ,US0031W ,NULL,NULL,N,37.7161,-85.87795,8,2022,O,047-US-0031W -000,18.582,0,0,0,0,0,0,1,0,0,0,0,1,0,Y
Motor Vehicle,DAC,72823069,20221029,1233,6,NULL,PATRIOT                                 ,NULL,PKWY ,KY0361  ,KY0361  ,047 KY-361-10  ,KY0361                                         ,N,37.71081,-85.88828,5,2022,O,047-KY-0361  -000,0.881,0,0,0,1,0,0,1,0,0,0,0,0,0,Y
Motor Vehicle,Non DAC,72823225,20221031,956,1,NULL,ST JOHN                                 ,NULL,RD   ,KY1357  ,KY1357  ,047 KY-1357    ,KY1357                                         ,N,37.69578,-85.91056,1,2022,C,047-KY-1357  -000,14.605,0,0,0,0,0,0,0,1,0,0,1,0,0,Y
Motor Vehicle,Non DAC,72823406,20221030,1700,0,NULL,LEITCHFIELD                             ,NULL,RD   ,US0062  ,US0062  ,047 US-62      ,US0062                                         ,N,37.67732,-85.89553,9,2022,O,047-US-0062  -000,15.56,0,0,1,0,0,0,0,1,0,0,1,0,0,N
Motor Vehicle,DAC,72823453,20221030,1324,0,NULL,31W                                     ,NULL,BYP  ,US0031WB,US0031WB,NULL,NULL,N,37.70309,-85.88379,5,2022,O,047-US-0031WB-000,2.39,0,0,1,0,0,0,1,0,0,0,0,0,0,Y
Motor Vehicle,DAC,72823462,20221031,850,1,NULL,JOSALE                                  ,NULL,DR   ,NULL,NULL,NULL,NULL,N,37.71109,-85.83758,1,2022,O,047-CS-1643  -000,0.127,0,0,0,1,0,0,0,1,0,0,1,0,0,Y
Motor Vehicle,Non DAC,72823813,20221030,2025,0,NULL,LINCOLN                                 ,NULL,PKWY ,KY0061  ,KY0061  ,047 KY-61-10   ,KY0061                                         ,N,37.66083,-85.8375,9,2022,O,047-KY-0061  -000,4.469,0,0,0,0,0,0,0,0,0,0,0,0,0,Y
Motor Vehicle,DAC,72823870,20221102,505,3,NULL,MULBERRY                                ,N ,ST   ,US0062  ,US0062  ,047 US-62      ,US0062                                         ,N,37.71176,-85.83324,9,2022,O,047-US-0062  -000,19.878,0,0,0,0,0,0,0,0,0,0,0,0,0,Y
Motor Vehicle,DAC,72823877,20221101,1455,2,NULL,MULBERRY                                ,N ,ST   ,US0062  ,US0062  ,047 US-62      ,US0062                                         ,N,37.69387,-85.85942,8,2022,O,047-US-0062  -000,17.966,0,0,0,0,0,0,0,0,0,0,0,1,0,Y
Motor Vehicle,DAC,72823899,20221102,640,3,NULL,MULBERRY                                ,N ,ST   ,US0062  ,US0062  ,047 US-62-10   ,US0062                                         ,N,37.71324,-85.83045,1,2022,O,047-US-0062  -000,20.051,0,0,0,0,0,0,1,0,0,0,0,0,0,Y
Motor Vehicle,Non DAC,72824349,20221102,639,3,NULL,RING                                    ,NULL,RD   ,KY3005  ,KY3005  ,047 KY-3005    ,KY3005                                         ,N,37.68513,-85.91551,5,2022,O,047-KY-3005  -000,2.878,0,0,0,0,0,0,0,0,0,0,0,0,0,Y
Motor Vehicle,DAC,72824835,20221103,1043,4,NULL,SPRINGFIELD                             ,NULL,RD   ,NULL,NULL,047 CS-1530    ,CS1530                                         ,N,37.6874,-85.84429,9,2022,O,047-CS-1530  -000,0.115,0,1,0,0,0,0,0,0,0,0,0,1,0,Y
Motor Vehicle,Non DAC,72824867,20221103,1220,4,NULL,VETERANS                                ,NULL,WAY  ,NULL,NULL,047 CS-1683    ,CS1683                                         ,N,37.73068,-85.89418,1,2022,O,047-CS-1683  -000,0.401,0,0,1,0,0,0,0,0,0,0,0,0,0,Y
Motor Vehicle,DAC,72824868,20221103,1442,4,NULL,DIXIE                                   ,N ,AVE  ,US0031W ,US0031W ,047 US-31W     ,US0031W                                        ,N,37.70875,-85.87397,5,2022,O,047-US-0031W -000,18.026,0,0,0,0,0,0,0,0,0,0,0,0,0,Y
Motor Vehicle,DAC,72824909,20221103,955,4,NULL,MERCER                                  ,NULL,ST   ,NULL,NULL,047 CS-1184    ,CS1184                                         ,N,37.71256,-85.87968,1,2022,O,047-CS-1184  -000,0,0,0,0,0,0,0,0,1,0,0,1,0,0,Y
Motor Vehicle,DAC,72825078,20221030,1620,0,NULL,WK9001 E                                ,NULL,NULL,WK9001  ,WK9001  ,047 WK-9001    ,WK9001                                         ,N,37.66989,-85.84664,5,2022,O,047-WK-9001  -000,136.786,0,0,0,0,0,0,1,0,0,0,1,0,0,Y
Motor Vehicle,Non DAC,72825183,20221030,1507,0,NULL,RING                                    ,NULL,RD   ,KY3005  ,KY3005  ,047 KY-3005-10 ,KY3005                                         ,N,37.72545,-85.89151,1,2022,O,047-KY-3005  -000,6.104,0,0,0,1,0,0,1,1,0,0,1,0,0,Y
Motor Vehicle,Non DAC,72825184,20221104,1658,5,NULL,DIXIE                                   ,N ,AVE  ,US0031W ,US0031W ,047 US-31W-10  ,US0031W                                        ,N,37.74173,-85.89086,5,2022,O,047-US-0031W -000,20.477,0,0,0,0,0,0,1,0,0,0,0,1,0,Y