Mode,Crash In Disadvantaged Community,MasterFile,CollisionDate,CollisionTime,CollisionDayWeekCode,RoadwayName_HouseBusinessNumber_,RoadwayName_RoadwayName_,RoadwayName_Direction_,RoadwayName_RoadwaySuffix_,RoadwayfromReport,CurrentRoadwayNumber,RSEUniqueGIS,RoadwayIdentifier,ParkingLotIndicator,Latitude,Longitude,MannerofCollisionCode,YR,KABCO,KTC_RT,KTC_MP,Motorcyclist,Commercial Vehicle,Young Driver,Mature Driver,Pedestrian,Bicyclist,Distracted,Aggressive,Impaired,Unrestrained,Intersection,Roadway Departure,Median Cross-over,In City Limits?
Motor Vehicle,DAC,72825287,20221031,1742,1,NULL,BUFFALO CREEK                           ,NULL,DR   ,NULL,NULL,NULL,NULL,N,37.71258,-85.83194,1,2022,O,047-CS-1431  -000,0.009,0,0,0,0,0,0,1,0,0,0,1,0,0,Y
Motor Vehicle,DAC,72825462,20221027,240,4,NULL,31W                                     ,NULL,BYP  ,US0031WB,US0031WB,047 US-31WB    ,US0031WB                                       ,N,37.71892,-85.88021,5,2022,O,047-US-0031WB-000,3.727,0,1,0,1,0,0,1,0,1,0,1,0,0,Y
Motor Vehicle,DAC,72825465,20221103,1404,4,NULL,RING                                    ,NULL,RD   ,KY3005  ,KY3005  ,047 KY-3005-10 ,KY3005                                         ,N,37.7282,-85.8844,1,2022,O,047-KY-3005  -000,6.529,0,0,1,1,0,0,1,1,0,0,0,0,0,Y
Motor Vehicle,DAC,72825466,20221105,1151,6,NULL,MULBERRY                                ,N ,ST   ,US0062  ,US0062  ,047 US-62-10   ,US0062                                         ,N,37.7095,-85.83827,5,2022,O,047-US-0062  -000,19.568,0,0,1,0,0,0,1,0,0,0,0,0,0,Y
Motor Vehicle,DAC,72825582,20221031,2031,1,NULL,MULBERRY                                ,N ,ST   ,US0062  ,US0062  ,047 US-62      ,US0062                                         ,N,37.70673,-85.84259,3,2022,K,047-US-0062  -000,19.262,0,0,0,1,0,0,0,1,0,1,0,1,0,Y
Motor Vehicle,DAC,72825704,20221031,620,1,NULL,MULBERRY                                ,N ,ST   ,US0062  ,US0062  ,047 US-62-10   ,US0062                                         ,N,37.7103,-85.83656,9,2022,O,047-US-0062  -000,19.67,0,0,0,0,0,0,0,0,0,0,0,1,0,Y
Motor Vehicle,Non DAC,72826019,20221102,651,3,NULL,LEITCHFIELD                             ,NULL,RD   ,US0062  ,US0062  ,047 US-62-10   ,US0062                                         ,N,37.67496,-85.9039,5,2022,O,047-US-0062  -000,15.019,0,0,1,0,0,0,1,0,0,0,1,0,0,N
Motor Vehicle,Non DAC,72826286,20221107,1330,1,1422,AMANDA JO                               ,NULL,DR   ,NULL,NULL,047 CS-1195    ,CS1195                                         ,N,37.724,-85.89335,2,2022,O,047-CS-1195  -000,0.005,0,0,0,0,0,0,1,0,0,0,0,0,0,Y
Motor Vehicle,Non DAC,72826480,20221107,1545,1,NULL,31W                                     ,NULL,BYP  ,US0031WB,US0031WB,047 US-31WB-10 ,US0031WB                                       ,N,37.67601,-85.85948,5,2022,O,047-US-0031WB-000,0.012,0,0,1,0,0,0,1,0,0,0,1,0,0,Y
Motor Vehicle,DAC,72826658,20221105,1336,6,NULL,A JENKINS                               ,W ,RD   ,KY2802  ,KY2802  ,NULL,NULL,N,37.75795,-85.89818,1,2022,O,047-KY-2802  -000,2.664,0,0,1,1,0,0,0,0,0,0,1,0,0,Y
Motor Vehicle,Non DAC,72826895,20221108,1703,2,NULL,LEITCHFIELD                             ,NULL,RD   ,US0062  ,US0062  ,047 US-62-10   ,US0062                                         ,N,37.67764,-85.88806,1,2022,O,047-US-0062  -000,15.977,0,0,0,0,0,0,0,1,0,0,1,0,0,Y
Motor Vehicle,Non DAC,72826941,20221108,1254,2,NULL,WILSON                                  ,S ,RD   ,KY0447  ,KY0447  ,NULL,NULL,N,37.74573,-85.89288,5,2022,O,047-KY-0447  -000,0.021,0,0,1,0,0,0,1,0,0,0,0,0,0,Y
Motor Vehicle,Non DAC,72826959,20221108,827,2,NULL,31W                                     ,NULL,BYP  ,US0031WB,US0031WB,047 US-31WB-10 ,US0031WB                                       ,N,37.67616,-85.8596,5,2022,O,047-US-0031WB-000,0.023,0,1,0,0,0,0,0,0,0,0,0,0,0,Y
Motor Vehicle,Non DAC,72827018,20221109,751,3,NULL,MULBERRY                                ,S ,ST   ,US0062  ,US0062  ,047 US-62-10   ,US0062                                         ,N,37.67864,-85.88149,5,2022,O,047-US-0062  -000,16.342,0,0,1,0,0,0,1,1,0,0,1,0,0,Y
Motor Vehicle,Non DAC,72827064,20221109,822,3,NULL,RING                                    ,NULL,RD   ,KY3005  ,KY3005  ,047 KY-3005-10 ,KY3005                                         ,N,37.71708,-85.90368,8,2022,O,047-KY-3005  -000,5.217,0,0,0,0,0,0,0,1,0,0,0,1,0,Y
Motor Vehicle,DAC,72827065,20221109,731,3,NULL,RING                                    ,NULL,RD   ,KY3005  ,KY3005  ,047 KY-3005    ,KY3005                                         ,N,37.73218,-85.84443,8,2022,O,047-KY-3005  -000,8.824,0,0,0,1,0,0,0,1,0,0,0,1,0,Y
Motor Vehicle,Non DAC,72827148,20221108,1347,2,NULL,PETERSON                                ,NULL,DR   ,NULL,NULL,047 CS-1251    ,CS1251                                         ,N,37.68422,-85.91548,5,2022,O,047-CS-1251  -000,0.008,0,0,1,1,0,0,0,1,0,0,0,0,0,Y
Motor Vehicle,DAC,72827626,20221110,1209,4,NULL,DIXIE                                   ,N ,AVE  ,US0031W ,US0031W ,047 US-31W-10  ,US0031W                                        ,N,37.70884,-85.87426,5,2022,O,047-US-0031W -000,18.039,0,0,0,1,0,0,0,1,0,0,0,0,0,Y
Motor Vehicle,Non DAC,72827948,20221110,753,4,NULL,LEITCHFIELD                             ,NULL,RD   ,US0062  ,US0062  ,047 US-62      ,US0062                                         ,N,37.6716,-85.91184,1,2022,K,047-US-0062  -000,14.58,0,0,0,0,0,0,0,1,0,0,1,0,0,N
Motor Vehicle,Non DAC,72827971,20221111,723,5,NULL,MULBERRY                                ,S ,ST   ,US0062  ,US0062  ,047 US-62-10   ,US0062                                         ,N,37.67873,-85.88142,1,2022,O,047-US-0062  -000,16.342,0,0,0,0,0,0,0,0,0,0,0,0,0,Y
Motor Vehicle,Non DAC,72828018,20221110,640,4,NULL,LEITCHFIELD                             ,NULL,RD   ,US0062  ,US0062  ,NULL,NULL,N,37.67665,-85.89939,1,2022,C,047-US-0062  -000,15.343,0,0,1,0,0,0,0,1,0,0,0,0,1,Y
Motor Vehicle,DAC,72828095,20221111,1254,5,NULL,ST JOHN                                 ,NULL,RD   ,KY1357  ,KY1357  ,NULL,NULL,N,37.70072,-85.88059,1,2022,O,047-KY-1357  -000,16.402,0,0,0,0,0,0,0,1,0,0,1,0,0,Y
Motor Vehicle,Non DAC,72828358,20221111,1907,5,NULL,LINCOLN                                 ,NULL,PKWY ,KY0061  ,KY0061  ,NULL,NULL,N,37.66984,-85.84608,5,2022,O,047-KY-0061  -000,5.288,0,0,0,0,0,0,1,0,0,0,0,0,0,Y
Motor Vehicle,DAC,72828525,20221111,957,5,NULL,RING                                    ,NULL,RD   ,KY3005  ,KY3005  ,047 KY-3005    ,KY3005                                         ,N,37.73355,-85.86314,8,2022,O,047-KY-3005  -000,7.767,0,0,0,0,0,0,1,0,0,0,0,1,0,Y
Motor Vehicle,DAC,72828526,20221111,1138,5,NULL,DIXIE                                   ,N ,AVE  ,US0031W ,US0031W ,047 US-31W     ,US0031W                                        ,N,37.70897,-85.87383,1,2022,C,047-US-0031W -000,18.019,0,0,0,0,0,0,1,1,0,0,1,0,0,Y
Motor Vehicle,Non DAC,72828527,20221111,1302,5,NULL,COLLEGE ST RD                           ,NULL,NULL,NULL,NULL,047 CS-1124    ,CS1124                                         ,N,37.69093,-85.87951,9,2022,O,047-CS-1124  -000,1.004,0,0,1,0,0,0,0,1,0,0,0,1,0,Y
Motor Vehicle,DAC,72829048,20221111,1524,5,NULL,MULBERRY                                ,N ,ST   ,US0062  ,US0062  ,047 US-62      ,US0062                                         ,N,37.7079,-85.84072,1,2022,O,047-US-0062  -000,19.391,0,0,0,0,0,0,1,1,0,0,1,0,0,Y
Motor Vehicle,DAC,72829049,20221111,1717,5,NULL,MAIN                                    ,N ,ST   ,NULL,NULL,NULL,NULL,N,37.69333,-85.85778,5,2022,O,047-CS-1320  -000,0.007,0,0,0,0,0,0,1,0,0,0,1,0,0,Y
Motor Vehicle,DAC,72829054,20221113,1549,0,NULL,DIXIE                                   ,E ,AVE  ,US0031W ,US0031W ,047 US-31W     ,US0031W                                        ,N,37.67675,-85.84658,1,2022,O,047-US-0031W -000,15.279,0,0,0,0,0,0,1,0,0,0,1,0,0,Y
Motor Vehicle,Non DAC,72829791,20221115,1229,2,NULL,CROSSINGS                               ,NULL,WAY  ,NULL,NULL,047 KY-3005-10 ,KY3005                                         ,N,37.72697,-85.88859,1,2022,O,047-KY-3005  -000,6.298,0,0,0,0,0,0,1,1,0,0,0,0,0,Y
Motor Vehicle,Non DAC,72830593,20221115,2254,2,NULL,RING                                    ,NULL,RD   ,KY3005  ,KY3005  ,047 KY-3005    ,KY3005                                         ,N,37.69204,-85.91257,3,2022,K,047-KY-3005  -000,3.377,0,0,0,0,0,0,0,0,0,1,0,1,1,Y
Motor Vehicle,DAC,72831104,20221103,2017,4,NULL,EXECUTIVE                               ,NULL,DR   ,NULL,NULL,047 CS-1410    ,CS1410                                         ,N,37.71038,-85.83307,5,2022,O,047-CS-1410  -000,0.188,0,0,1,0,0,0,1,0,0,0,1,0,0,Y
Motor Vehicle,DAC,72831132,20221117,1237,4,NULL,SKYLINE                                 ,NULL,DR   ,NULL,NULL,NULL,NULL,N,37.68407,-85.85741,2,2022,O,047-CS-1491  -000,0.597,0,0,0,1,0,0,1,0,0,0,0,0,0,Y
Motor Vehicle,Non DAC,72831254,20221118,703,5,NULL,RING                                    ,NULL,RD   ,KY3005  ,KY3005  ,047 KY-3005    ,KY3005                                         ,N,37.69667,-85.90999,5,2022,O,047-KY-3005  -000,3.726,0,0,0,0,0,0,0,1,0,0,0,0,0,Y
Motor Vehicle,Non DAC,72831462,20221111,1720,5,NULL,RING                                    ,NULL,RD   ,KY3005  ,KY3005  ,047 KY-3005    ,KY3005                                         ,N,37.71028,-85.90764,9,2022,O,047-KY-3005  -000,4.688,0,0,0,0,0,0,0,0,0,0,0,0,0,Y
Motor Vehicle,DAC,72831847,20221118,1722,5,NULL,DIXIE                                   ,N ,AVE  ,US0031W ,US0031W ,047 US-31W     ,US0031W                                        ,N,37.7404,-85.89,5,2022,O,047-US-0031W -000,20.374,0,0,0,0,0,0,1,0,0,0,0,0,0,Y
Motor Vehicle,Non DAC,72831848,20221119,1625,6,NULL,PATRIOT                                 ,NULL,PKWY ,KY0361  ,KY0361  ,047 KY-361     ,KY0361                                         ,N,37.72756,-85.91682,5,2022,O,047-KY-0361  -000,2.831,0,0,1,0,0,0,1,0,0,0,1,0,0,Y
Motor Vehicle,DAC,72832077,20221119,948,6,NULL,DIXIE                                   ,E ,AVE  ,US0031W ,US0031W ,047 US-31W     ,US0031W                                        ,N,37.68332,-85.85041,1,2022,O,047-US-0031W -000,15.765,0,0,0,1,0,0,1,0,0,0,0,0,0,Y
Motor Vehicle,DAC,72832151,20221118,1551,5,NULL,MULBERRY                                ,N ,ST   ,US0062  ,US0062  ,047 US-62      ,US0062                                         ,N,37.70789,-85.84073,7,2022,O,047-US-0062  -000,19.39,0,0,0,1,0,0,1,0,0,0,1,0,0,Y
Motor Vehicle,DAC,72832183,20221120,1641,0,NULL,DIXIE                                   ,N ,AVE  ,US0031W ,US0031W ,047 US-31W-10  ,US0031W                                        ,N,37.70893,-85.87435,5,2022,O,047-US-0031W -000,18.047,0,0,0,0,0,0,1,0,0,0,0,0,0,Y
Motor Vehicle,DAC,72832184,20221120,1717,0,NULL,RING                                    ,NULL,RD   ,KY3005  ,KY3005  ,047 KY-3005    ,KY3005                                         ,N,37.72862,-85.88311,8,2022,O,047-KY-3005  -000,6.604,0,0,0,1,0,0,0,0,0,0,0,1,0,Y
Motor Vehicle,DAC,72832185,20221120,1816,0,NULL,RING                                    ,NULL,RD   ,KY3005  ,KY3005  ,047 KY-3005    ,KY3005                                         ,N,37.72928,-85.88083,7,2022,O,047-KY-3005  -000,6.736,0,0,1,0,0,0,0,1,0,0,1,0,0,Y
Motor Vehicle,DAC,72832313,20221116,1852,3,NULL,SAINT JOHN                              ,NULL,RD   ,KY1357  ,KY1357  ,047 KY-1357    ,KY1357                                         ,N,37.70383,-85.87181,1,2022,O,047-KY-1357  -000,16.857,0,0,0,0,0,0,0,1,0,0,0,0,0,Y
Motor Vehicle,DAC,72832740,20221122,1019,2,NULL,DIXIE                                   ,N ,AVE  ,US0031W ,US0031W ,047 US-31W     ,US0031W                                        ,N,37.70424,-85.8712,1,2022,O,047-US-0031W -000,17.677,0,0,0,1,0,0,1,0,0,0,1,0,0,Y
Motor Vehicle,DAC,72832750,20221122,958,2,NULL,DIXIE                                   ,W ,AVE  ,US0031W ,US0031W ,047 US-31W     ,US0031W                                        ,N,37.704,-85.87097,1,2022,O,047-US-0031W -000,17.656,0,0,0,1,0,0,0,0,0,0,0,0,0,Y
Motor Vehicle,Non DAC,72832772,20221122,1229,2,NULL,TOWNE                                   ,NULL,CTR  ,NULL,NULL,047 PR-1010    ,PR1010                                         ,N,37.73191,-85.88692,1,2022,O,047-PR-1010  -000,0.299,0,0,0,1,0,0,0,0,0,0,0,0,0,Y
Motor Vehicle,Non DAC,72833301,20221123,1459,3,NULL,WILSON                                  ,S ,RD   ,KY0447  ,KY0447  ,047 KY-447     ,KY0447                                         ,N,37.74573,-85.89278,5,2022,O,047-KY-0447  -000,0.016,0,0,0,0,0,0,1,0,0,0,0,0,0,Y
Motor Vehicle,Non DAC,72833505,20221123,1942,3,NULL,WOODLAND                                ,NULL,DR   ,NULL,NULL,047 CS-1193    ,CS1193                                         ,N,37.72406,-85.8846,5,2022,B,047-CS-1193  -000,0.236,0,0,0,0,0,0,1,0,0,0,0,0,0,Y
Motor Vehicle,DAC,72833513,20221123,1643,3,NULL,DIXIE                                   ,N ,AVE  ,US0031W ,US0031W ,047 US-31W-10  ,US0031W                                        ,N,37.73131,-85.88575,5,2022,O,047-US-0031W -000,19.714,0,0,0,1,0,0,1,0,0,0,0,0,0,Y
Motor Vehicle,DAC,72833518,20221123,2247,3,NULL,DIXIE                                   ,N ,AVE  ,US0031W ,US0031W ,047 US-31W-10  ,US0031W                                        ,N,37.70844,-85.87403,9,2022,O,047-US-0031W -000,18.051,0,0,0,0,0,0,0,1,0,0,1,0,0,Y
Motor Vehicle,DAC,72833522,20221122,1709,2,200,SYCAMORE                                ,NULL,ST   ,NULL,NULL,047 CS-1026    ,CS1026                                         ,N,37.70195,-85.86793,5,2022,O,047-CS-1026  -000,0.033,0,0,0,0,0,0,0,0,0,0,0,0,0,Y
Motor Vehicle,DAC,72833636,20221124,1106,4,NULL,DIXIE                                   ,N ,AVE  ,US0031W ,US0031W ,047 US-31W-10  ,US0031W                                        ,N,37.73266,-85.88643,8,2022,O,047-US-0031W -000,19.816,0,1,0,0,0,0,1,0,0,0,0,1,0,Y
Motor Vehicle,DAC,72833743,20221120,154,0,NULL,MULBERRY                                ,N ,ST   ,US0062  ,US0062  ,047 US-62-10   ,US0062                                         ,N,37.70841,-85.84019,9,2022,O,047-US-0062  -000,19.437,0,0,0,0,0,0,1,0,1,0,0,1,0,Y
Motor Vehicle,Non DAC,72834156,20221126,948,6,NULL,VETERANS                                ,NULL,WAY  ,NULL,NULL,047 CS-1683    ,CS1683                                         ,N,37.72954,-85.89391,9,2022,O,047-CS-1683  -000,0.322,0,0,0,0,0,0,0,0,0,0,0,0,0,Y
Motor Vehicle,DAC,72834384,20221126,1449,6,NULL,BUFFALO CREEK                           ,NULL,DR   ,NULL,NULL,NULL,NULL,N,37.71356,-85.8327,1,2022,O,047-CS-1431  -000,0.093,0,0,0,0,0,0,0,1,0,0,0,0,0,Y
Motor Vehicle,DAC,72834596,20221126,1931,6,NULL,DIXIE                                   ,E ,AVE  ,US0031W ,US0031W ,047 US-31W     ,US0031W                                        ,N,37.69263,-85.8572,5,2022,O,047-US-0031W -000,16.555,0,0,1,0,0,0,0,1,0,0,1,0,0,Y
Motor Vehicle,DAC,72834667,20221127,1810,0,NULL,DIXIE                                   ,E ,AVE  ,US0031W ,US0031W ,047 US-31W     ,US0031W                                        ,N,37.68055,-85.84872,9,2022,O,047-US-0031W -000,15.556,0,0,0,0,0,0,0,0,1,0,1,0,0,Y
Motor Vehicle,DAC,72834744,20221115,1125,2,NULL,NULL,NULL,NULL,US0031WB,US0031WB,NULL,NULL,N,37.68959,-85.86603,5,2022,O,047-US-0031WB-123,0.251,0,1,0,0,0,0,0,0,0,0,0,0,0,Y
Motor Vehicle,DAC,72834760,20221121,1238,1,NULL,DIXIE                                   ,N ,AVE  ,US0031W ,US0031W ,047 US-31W-10  ,US0031W                                        ,N,37.72839,-85.88432,8,2022,O,047-US-0031W -000,19.498,0,0,0,1,0,0,1,1,0,0,0,1,0,Y
Motor Vehicle,DAC,72835025,20221128,1710,1,NULL,31W                                     ,NULL,BYP  ,US0031WB,US0031WB,047 US-31WB    ,US0031WB                                       ,N,37.69199,-85.87175,5,2022,O,047-US-0031WB-000,1.365,0,0,1,0,0,0,1,0,0,0,0,0,0,Y
Motor Vehicle,Non DAC,72835125,20221129,723,2,NULL,RING                                    ,NULL,RD   ,KY3005  ,KY3005  ,047 KY-3005-10 ,KY3005                                         ,N,37.68637,-85.91526,5,2022,O,047-KY-3005  -000,2.963,0,0,0,0,0,0,0,1,0,0,0,0,0,Y
Motor Vehicle,DAC,72835402,20221122,1728,2,NULL,MULBERRY                                ,N ,ST   ,US0062  ,US0062  ,047 US-62-10   ,US0062                                         ,N,37.71136,-85.83449,5,2022,B,047-US-0062  -000,19.801,0,0,0,0,0,0,0,1,0,0,0,0,0,Y
Motor Vehicle,DAC,72835510,20221128,1540,1,NULL,NIGHTINGALE                             ,NULL,DR   ,NULL,NULL,047 CS-1275    ,CS1275                                         ,N,37.73426,-85.87882,9,2022,O,047-CS-1275  -000,0.291,0,0,0,1,0,0,0,0,0,0,1,0,0,Y
Motor Vehicle,DAC,72835511,20221128,1942,1,NULL,MULBERRY                                ,N ,ST   ,US0062  ,US0062  ,047 US-62      ,US0062                                         ,N,37.69662,-85.85693,1,2022,O,047-US-0062  -000,18.199,0,0,1,0,0,0,0,1,0,0,1,0,0,Y
Motor Vehicle,DAC,72835558,20221129,2225,2,NULL,SPRINGFIELD                             ,NULL,RD   ,NULL,NULL,047 CS-1530    ,CS1530                                         ,N,37.68726,-85.84247,9,2022,A,047-CS-1530  -000,0.014,0,0,0,0,0,0,0,0,0,1,0,1,0,Y
Motor Vehicle,DAC,72835574,20221129,1659,2,NULL,DIXIE                                   ,N ,AVE  ,US0031W ,US0031W ,047 US-31W     ,US0031W                                        ,N,37.71446,-85.87714,5,2022,O,047-US-0031W -000,18.459,0,0,0,0,0,0,1,0,0,0,0,0,0,Y
Motor Vehicle,Non DAC,72836372,20221129,1628,2,NULL,DIVINITY                                ,S ,WAY  ,NULL,NULL,047 CS-1042B   ,CS1042B                                        ,N,37.7191,-85.90546,9,2022,O,047-CS-1042B -000,0.068,0,0,1,0,0,0,0,0,0,0,0,1,0,Y
Motor Vehicle,Non DAC,72836498,20221129,2305,2,NULL,RING                                    ,NULL,RD   ,KY3005  ,KY3005  ,047 KY-3005    ,KY3005                                         ,N,37.67935,-85.91492,9,2022,O,047-KY-3005  -000,2.478,0,0,1,0,0,0,0,0,0,0,0,1,0,Y
Motor Vehicle,Non DAC,72836589,20221202,141,5,NULL,ST JOHN                                 ,NULL,RD   ,KY1357  ,KY1357  ,047 KY-1357    ,KY1357                                         ,N,37.69743,-85.88916,9,2022,O,047-KY-1357  -000,15.88,0,0,0,0,0,0,0,0,0,0,0,0,0,Y
Motor Vehicle,DAC,72836671,20220825,1352,4,NULL,SYCAMORE                                ,NULL,ST   ,NULL,NULL,047 CS-1026    ,CS1026                                         ,N,37.70227,-85.86749,1,2022,O,047-CS-1026  -000,0.063,0,0,0,0,0,0,1,1,0,0,1,0,0,Y
Motor Vehicle,Non DAC,72837024,20221201,1538,4,NULL,WILSON                                  ,S ,RD   ,KY0447  ,KY0447  ,NULL,NULL,N,37.74576,-85.8927,5,2022,O,047-KY-0447  -000,0.014,0,0,0,0,0,0,0,1,0,0,1,0,0,Y
Motor Vehicle,DAC,72837162,20221203,1250,6,NULL,MULBERRY                                ,N ,ST   ,US0062  ,US0062  ,047 US-62-10   ,US0062                                         ,N,37.7099,-85.83735,8,2022,O,047-US-0062  -000,19.62,0,0,0,1,0,0,0,0,0,0,1,0,0,Y
Motor Vehicle,Non DAC,72837284,20221202,1430,5,NULL,VETERANS                                ,NULL,WAY  ,NULL,NULL,047 CS-1683    ,CS1683                                         ,N,37.74052,-85.89172,1,2022,O,047-CS-1683  -000,1.207,0,0,1,1,0,0,0,0,0,0,0,0,0,Y
Motor Vehicle,Non DAC,72837302,20221201,1252,4,NULL,TOWNE                                   ,NULL,CTR  ,NULL,NULL,047 PR-1010    ,PR1010                                         ,N,37.73126,-85.89091,9,2022,C,047-PR-1010  -000,0.705,0,0,1,0,0,0,1,0,0,0,0,1,0,Y
Motor Vehicle,DAC,72837467,20221116,1751,3,NULL,RING                                    ,NULL,RD   ,KY3005  ,KY3005  ,047 KY-3005    ,KY3005                                         ,N,37.72834,-85.88387,5,2022,O,047-KY-3005  -000,6.557,0,0,0,0,0,0,1,1,0,0,0,0,0,Y
Motor Vehicle,DAC,72837562,20221204,1430,0,NULL,MILES                                   ,S ,ST   ,NULL,NULL,047 CS-1126    ,CS1126                                         ,N,37.69461,-85.86415,1,2022,O,047-CS-1126  -000,0.109,0,0,0,1,0,0,1,1,0,0,1,0,0,Y
Motor Vehicle,DAC,72837563,20221202,1349,5,NULL,US31W BYP N TURN LANE                   ,NULL,NULL,US0031WB,US0031WB,047 US-31WB-21 ,US0031WB                                       ,N,37.70054,-85.8819,5,2022,O,047-US-0031WB-021,0.029,0,0,0,0,0,0,1,1,0,0,0,0,0,Y
Motor Vehicle,DAC,72837675,20221204,2018,0,NULL,DIXIE                                   ,W ,AVE  ,US0031W ,US0031W ,047 US-31W     ,US0031W                                        ,N,37.70089,-85.86762,4,2022,O,047-US-0031W -000,17.373,0,0,1,0,0,0,0,1,0,0,1,0,0,Y
Motor Vehicle,Non DAC,72837803,20221127,1351,0,NULL,31W                                     ,NULL,BYP  ,US0031WB,US0031WB,NULL,NULL,N,37.67592,-85.85932,5,2022,O,047-US-0031WB-000,0.002,0,0,0,0,0,0,1,0,0,0,1,0,0,Y
Motor Vehicle,DAC,72837804,20221201,1558,4,NULL,MILES                                   ,N ,ST   ,KY0251  ,KY0251  ,NULL,NULL,N,37.70548,-85.85546,3,2022,O,047-KY-0251  -000,0.762,0,0,0,0,0,0,0,1,0,0,1,0,0,Y
Motor Vehicle,DAC,72837898,20221205,1116,1,NULL,HAWKINS                                 ,NULL,DR   ,NULL,NULL,047 CS-1553    ,CS1553                                         ,N,37.67343,-85.84225,1,2022,O,047-CS-1553  -000,0.292,0,0,0,0,0,0,1,0,0,0,1,0,0,Y
Motor Vehicle,DAC,72837899,20221204,2220,0,NULL,DIXIE                                   ,N ,AVE  ,US0031W ,US0031W ,047 US-31W-10  ,US0031W                                        ,N,37.71898,-85.87966,5,2022,O,047-US-0031W -000,18.805,0,0,0,0,0,0,1,0,0,0,0,0,0,Y
Motor Vehicle,Non DAC,72837904,20221205,1122,1,NULL,RING                                    ,NULL,RD   ,KY3005  ,KY3005  ,047 KY-3005    ,KY3005                                         ,N,37.72528,-85.8916,5,2022,O,047-KY-3005  -000,6.093,0,0,0,1,0,0,1,1,0,0,0,0,0,Y
Motor Vehicle,Non DAC,72838189,20221205,2306,1,NULL,LINCOLN                                 ,NULL,PKWY ,KY0061  ,KY0061  ,047 KY-61      ,KY0061                                         ,N,37.6673,-85.84113,9,2022,O,047-KY-0061  -000,4.963,0,0,0,0,0,0,0,0,0,0,0,0,0,Y
Motor Vehicle,DAC,72838398,20221201,1258,4,NULL,DIXIE                                   ,N ,AVE  ,US0031W ,US0031W ,047 US-31W     ,US0031W                                        ,N,37.71797,-85.87889,5,2022,O,047-US-0031W -000,18.723,0,0,1,0,0,0,1,0,0,0,1,0,0,Y
Motor Vehicle,DAC,72838411,20221206,610,2,NULL,MILES                                   ,N ,ST   ,KY0251  ,KY0251  ,047 KY-251     ,KY0251                                         ,N,37.70831,-85.85428,1,2022,B,047-KY-0251  -000,0.956,0,0,0,0,0,0,0,1,0,0,1,0,0,Y
Motor Vehicle,Non DAC,72838696,20221206,1534,2,NULL,RING                                    ,NULL,RD   ,KY3005  ,KY3005  ,047 KY-3005-10 ,KY3005                                         ,N,37.72573,-85.89102,5,2022,O,047-KY-3005  -000,6.138,0,0,0,1,0,0,0,0,0,0,0,0,0,Y
Motor Vehicle,Non DAC,72838734,20221206,1428,2,NULL,ST JOHN                                 ,NULL,RD   ,KY1357  ,KY1357  ,047 KY-1357    ,KY1357                                         ,N,37.69451,-85.90609,5,2022,O,047-KY-1357  -000,14.871,0,0,1,0,0,0,1,0,0,0,0,0,0,Y
Motor Vehicle,DAC,72838933,20221207,1252,3,NULL,COMMERCE                                ,NULL,DR   ,NULL,NULL,047 CS-1108    ,CS1108                                         ,N,37.71112,-85.83335,8,2022,O,047-CS-1108  -000,0.034,0,0,0,1,0,0,0,1,0,0,0,1,0,Y
Motor Vehicle,DAC,72838971,20221202,1811,5,NULL,DIXIE                                   ,N ,AVE  ,US0031W ,US0031W ,047 US-31W     ,US0031W                                        ,N,37.70856,-85.87381,8,2022,O,047-US-0031W -000,18.009,0,0,1,0,0,0,0,1,0,0,0,1,0,Y
Motor Vehicle,DAC,72838972,20221202,1905,5,NULL,DIXIE                                   ,N ,AVE  ,US0031W ,US0031W ,047 US-31W     ,US0031W                                        ,N,37.7282,-85.88404,8,2022,O,047-US-0031W -000,19.471,0,0,0,0,0,0,0,1,0,0,1,0,0,Y