Mode,Crash In Disadvantaged Community,MasterFile,CollisionDate,CollisionTime,CollisionDayWeekCode,RoadwayName_HouseBusinessNumber_,RoadwayName_RoadwayName_,RoadwayName_Direction_,RoadwayName_RoadwaySuffix_,RoadwayfromReport,CurrentRoadwayNumber,RSEUniqueGIS,RoadwayIdentifier,ParkingLotIndicator,Latitude,Longitude,MannerofCollisionCode,YR,KABCO,KTC_RT,KTC_MP,Motorcyclist,Commercial Vehicle,Young Driver,Mature Driver,Pedestrian,Bicyclist,Distracted,Aggressive,Impaired,Unrestrained,Intersection,Roadway Departure,Median Cross-over,In City Limits?
Motor Vehicle,Non DAC,72839400,20221121,1400,1,NULL,LEITCHFIELD                             ,NULL,RD   ,US0062  ,US0062  ,047 US-62-10   ,US0062                                         ,N,37.67181,-85.91174,6,2022,O,047-US-0062  -000,14.587,0,1,0,1,0,0,1,0,0,0,0,0,0,N
Motor Vehicle,DAC,72839401,20221208,1035,4,NULL,MULBERRY                                ,S ,ST   ,US0062  ,US0062  ,047 US-62      ,US0062                                         ,N,37.69254,-85.86066,7,2022,O,047-US-0062  -000,17.855,0,0,0,0,0,0,0,0,0,0,0,1,0,Y
Motor Vehicle,DAC,72839876,20221209,1026,5,NULL,DIXIE                                   ,N ,AVE  ,US0031W ,US0031W ,047 US-31W-10  ,US0031W                                        ,N,37.73428,-85.88724,8,2022,O,047-US-0031W -000,19.948,0,0,0,0,0,0,1,0,0,0,0,1,0,Y
Motor Vehicle,DAC,72839905,20221209,1152,5,NULL,DIXIE                                   ,N ,AVE  ,US0031W ,US0031W ,047 US-31W     ,US0031W                                        ,N,37.71055,-85.87515,5,2022,O,047-US-0031W -000,18.167,0,0,0,0,0,0,1,0,0,0,0,0,0,Y
Motor Vehicle,Non DAC,72840311,20221208,1123,4,NULL,DIXIE                                   ,N ,AVE  ,US0031W ,US0031W ,047 US-31W-10  ,US0031W                                        ,N,37.74547,-85.8926,8,2022,O,047-US-0031W -000,20.751,0,0,0,0,0,0,0,1,0,0,0,1,0,Y
Motor Vehicle,Non DAC,72840312,20221210,1201,6,NULL,TOWNE                                   ,NULL,DR   ,NULL,NULL,047 CS-1448    ,CS1448                                         ,N,37.73318,-85.88957,1,2022,O,047-CS-1448  -000,0.16,0,0,0,1,0,0,0,1,0,0,0,0,0,Y
Motor Vehicle,DAC,72840662,20221209,1005,5,NULL,DOLPHIN                                 ,NULL,DR   ,NULL,NULL,047 CS-1430    ,CS1430                                         ,N,37.71109,-85.83757,1,2022,O,047-CS-1430  -000,0.095,0,0,0,1,0,0,1,0,0,0,1,0,0,Y
Motor Vehicle,DAC,72840728,20221209,1404,5,NULL,BEECH                                   ,NULL,ST   ,NULL,NULL,047 CS-1030    ,CS1030                                         ,N,37.69948,-85.85439,5,2022,O,047-CS-1030  -000,0.077,0,0,0,0,0,0,1,1,0,0,0,0,0,Y
Motor Vehicle,Non DAC,72840890,20221211,2101,0,NULL,PATRIOT                                 ,NULL,PKWY ,KY0361  ,KY0361  ,047 KY-361     ,KY0361                                         ,N,37.71825,-85.9049,1,2022,O,047-KY-0361  -000,1.93,0,0,1,0,0,0,1,0,0,0,0,0,0,Y
Motor Vehicle,Non DAC,72840916,20221212,241,1,NULL,VINEYARD                                ,NULL,RD   ,NULL,NULL,047 CS-1742E   ,CS1742E                                        ,N,37.65074,-85.84586,5,2022,O,047-CS-1742E -000,0.181,0,0,0,0,0,0,1,0,0,0,1,0,0,Y
Motor Vehicle,Non DAC,72841032,20221211,1218,0,NULL,RING                                    ,NULL,RD   ,KY3005  ,KY3005  ,047 KY-3005-10 ,KY3005                                         ,N,37.71753,-85.90314,5,2022,O,047-KY-3005  -000,5.26,0,0,0,0,0,0,0,0,0,0,0,0,0,Y
Motor Vehicle,DAC,72841102,20221208,1526,4,NULL,31W                                     ,NULL,BYP  ,US0031WB,US0031WB,047 US-31WB-10 ,US0031WB                                       ,N,37.70132,-85.88269,8,2022,O,047-US-0031WB-000,2.255,0,0,0,0,0,0,1,1,0,0,0,1,0,Y
Motor Vehicle,DAC,72841426,20221207,1317,3,NULL,MANTLE                                  ,N ,AVE  ,NULL,NULL,NULL,NULL,N,37.70304,-85.86464,1,2022,O,047-CS-1025  -000,0.218,0,0,0,1,0,0,1,1,0,0,1,0,0,Y
Motor Vehicle,Non DAC,72841443,20221212,900,1,NULL,PINE VALLEY                             ,NULL,DR   ,NULL,NULL,047 CS-1533    ,CS1533                                         ,N,37.75363,-85.88859,7,2022,C,047-CS-1533  -000,0.393,0,0,0,1,0,0,0,0,0,0,0,1,0,Y
Motor Vehicle,DAC,72841544,20221212,734,1,NULL,RING                                    ,NULL,RD   ,KY3005  ,KY3005  ,047 KY-3005    ,KY3005                                         ,N,37.73348,-85.85503,8,2022,O,047-KY-3005  -000,8.223,0,0,0,0,0,0,0,1,0,0,0,1,0,Y
Motor Vehicle,Non DAC,72842363,20221214,2156,3,NULL,RING                                    ,NULL,RD   ,KY3005  ,KY3005  ,047 KY-3005    ,KY3005                                         ,N,37.71735,-85.90339,8,2022,O,047-KY-3005  -000,5.252,0,0,1,0,0,0,1,0,0,0,1,0,0,Y
Motor Vehicle,Non DAC,72842414,20221212,1336,1,NULL,ST JOHN                                 ,NULL,RD   ,KY1357  ,KY1357  ,047 KY-1357    ,KY1357                                         ,N,37.69577,-85.91042,1,2022,O,047-KY-1357  -000,14.613,0,0,0,0,0,0,0,0,0,0,1,0,0,Y
Motor Vehicle,DAC,72842543,20221209,1728,5,NULL,NULL,NULL,NULL,US0031WB,US0031WB,NULL,NULL,N,37.68793,-85.86858,5,2022,O,047-US-0031WB-132,0.024,0,0,0,0,0,0,1,0,0,0,0,0,0,Y
Motor Vehicle,Non DAC,72842735,20221203,1548,6,NULL,RING                                    ,NULL,RD   ,KY3005  ,KY3005  ,047 KY-3005-10 ,KY3005                                         ,N,37.72218,-85.89803,5,2022,O,047-KY-3005  -000,5.684,0,0,0,1,0,0,1,0,0,0,1,0,0,Y
Motor Vehicle,Non DAC,72842888,20221215,1857,4,NULL,WOODLAND                                ,NULL,DR   ,NULL,NULL,047 CS-1193    ,CS1193                                         ,N,37.72277,-85.88407,4,2022,O,047-CS-1193  -000,0.346,0,0,0,0,0,0,1,1,0,0,1,0,0,Y
Motor Vehicle,DAC,72843001,20221215,1247,4,NULL,DIXIE                                   ,N ,AVE  ,US0031W ,US0031W ,047 US-31W     ,US0031W                                        ,N,37.73297,-85.8863,5,2022,O,047-US-0031W -000,19.831,0,0,0,0,0,0,1,0,0,0,0,0,0,Y
Motor Vehicle,DAC,72843380,20221216,530,5,805,CLIFFORD                                ,NULL,DR   ,NULL,NULL,047 CS-1141    ,CS1141                                         ,N,37.70789,-85.8811,9,2022,O,047-CS-1141  -000,0.447,0,0,0,0,0,0,0,0,1,0,0,1,0,Y
Motor Vehicle,DAC,72843424,20221216,1038,5,NULL,DIXIE                                   ,E ,AVE  ,US0031W ,US0031W ,047 US-31W     ,US0031W                                        ,N,37.67675,-85.84655,5,2022,O,047-US-0031W -000,15.278,0,0,0,0,0,0,0,0,0,0,1,0,0,Y
Motor Vehicle,Non DAC,72843457,20221216,1333,5,NULL,BLACK BRANCH                            ,N ,RD   ,NULL,NULL,047 CS-1551    ,CS1551                                         ,N,37.67742,-85.91802,1,2022,O,047-CS-1551  -000,0.912,0,0,0,0,0,0,0,0,0,0,0,0,0,Y
Motor Vehicle,DAC,72843783,20221218,1110,0,NULL,WESTPORT                                ,NULL,RD   ,NULL,NULL,047 CS-1573    ,CS1573                                         ,N,37.7011,-85.88087,1,2022,O,047-CS-1573  -000,0.583,0,0,0,0,0,0,1,0,0,0,0,0,0,Y
Motor Vehicle,Non DAC,72843797,20221218,1139,0,NULL,DIXIE                                   ,N ,AVE  ,US0031W ,US0031W ,047 US-31W-10  ,US0031W                                        ,N,37.75063,-85.89496,1,2022,O,047-US-0031W -000,21.143,0,0,0,1,0,0,0,1,0,0,1,0,0,Y
Motor Vehicle,Non DAC,72844007,20221218,2058,0,NULL,PINE VALLEY                             ,NULL,DR   ,NULL,NULL,047 CS-1533    ,CS1533                                         ,N,37.75699,-85.88295,9,2022,O,047-CS-1533  -000,0.785,0,0,0,0,0,0,0,0,0,0,0,1,0,Y
Motor Vehicle,DAC,72844329,20221212,1907,1,NULL,MULBERRY                                ,N ,ST   ,US0062  ,US0062  ,047 US-62      ,US0062                                         ,N,37.6996,-85.85426,1,2022,O,047-US-0062  -000,18.453,0,0,0,0,0,0,1,0,0,0,1,0,0,Y
Motor Vehicle,DAC,72844339,20221215,1721,4,NULL,DIXIE                                   ,N ,AVE  ,US0031W ,US0031W ,047 US-31W-10  ,US0031W                                        ,N,37.7242,-85.88226,8,2022,O,047-US-0031W -000,19.184,0,0,0,1,0,0,1,0,0,0,0,1,0,Y
Motor Vehicle,DAC,72844436,20221219,2148,1,NULL,DIXIE                                   ,N ,AVE  ,US0031W ,US0031W ,047 US-31W     ,US0031W                                        ,N,37.70887,-85.87409,3,2022,O,047-US-0031W -000,18.038,0,0,1,0,0,0,0,0,0,0,1,0,0,Y
Motor Vehicle,DAC,72844478,20221219,644,1,NULL,MULBERRY                                ,N ,ST   ,US0062  ,US0062  ,047 US-62      ,US0062                                         ,N,37.70537,-85.84501,9,2022,O,047-US-0062  -000,19.102,0,0,0,0,0,0,1,0,0,0,0,1,0,Y
Motor Vehicle,DAC,72844492,20221219,1433,1,NULL,POPLAR                                  ,W ,ST   ,NULL,NULL,047 CS-1068    ,CS1068                                         ,N,37.69707,-85.86191,1,2022,C,047-CS-1068  -000,0.336,0,0,0,1,0,0,0,1,0,0,1,0,0,Y
Motor Vehicle,DAC,72844534,20221217,1125,6,NULL,NULL,NULL,NULL,I 0065  ,I 0065  ,NULL,NULL,N,37.71333,-85.83068,5,2022,O,047-I -0065  -531,0.252,0,0,0,0,0,0,1,1,0,0,0,0,0,Y
Motor Vehicle,DAC,72844857,20221214,47,3,NULL,DIXIE                                   ,W ,AVE  ,US0031W ,US0031W ,047 US-31W     ,US0031W                                        ,N,37.69388,-85.85947,5,2022,O,047-US-0031W -000,16.701,0,0,0,1,0,0,1,0,0,1,1,0,0,Y
Motor Vehicle,DAC,72844899,20221219,1630,1,NULL,NICHOLAS                                ,NULL,ST   ,NULL,NULL,NULL,NULL,N,37.68946,-85.86191,9,2022,O,047-CS-1389  -000,0.409,0,0,1,0,0,0,0,0,0,0,0,1,0,Y
Motor Vehicle,Non DAC,72844900,20221220,1839,2,NULL,ST JOHN                                 ,NULL,RD   ,KY1357  ,KY1357  ,047 KY-1357    ,KY1357                                         ,N,37.6972,-85.88969,8,2022,O,047-KY-1357  -000,15.846,0,0,1,0,0,0,0,1,0,0,1,0,0,Y
Motor Vehicle,Non DAC,72844977,20221220,1349,2,NULL,RING                                    ,NULL,RD   ,KY3005  ,KY3005  ,047 KY-3005    ,KY3005                                         ,N,37.71691,-85.90371,8,2022,O,047-KY-3005  -000,5.208,0,0,0,0,0,0,1,0,0,0,1,0,0,Y
Motor Vehicle,DAC,72845359,20221219,2142,1,NULL,WALMART                                 ,NULL,DR   ,NULL,NULL,047 CS-1558    ,CS1558                                         ,N,37.73154,-85.88482,9,2022,O,047-CS-1558  -000,0.04,0,0,0,0,0,0,0,0,1,0,0,1,0,Y
Motor Vehicle,DAC,72845407,20221220,2330,2,120,PEAR ORCHARD                            ,NULL,RD   ,NULL,NULL,047 CS-1327    ,CS1327                                         ,N,37.71306,-85.8539,5,2022,O,047-CS-1327  -000,0.117,0,0,0,0,0,0,0,0,1,0,0,1,0,Y
Motor Vehicle,DAC,72845528,20221220,1630,2,NULL,RING                                    ,NULL,RD   ,KY3005  ,KY3005  ,047 KY-3005    ,KY3005                                         ,N,37.72665,-85.83893,1,2022,O,047-KY-3005  -000,9.347,0,0,1,1,0,0,0,0,0,0,1,0,1,Y
Motor Vehicle,DAC,72845558,20221215,1355,4,NULL,US31W BYP N TURN LANE FROM  COLLEGE ST W,NULL,NULL,US0031WB,US0031WB,NULL,NULL,N,37.69229,-85.87188,5,2022,O,047-US-0031WB-027,0.015,0,0,1,0,0,0,1,0,0,0,0,0,0,Y
Motor Vehicle,DAC,72845559,20221219,1147,1,NULL,RING                                    ,NULL,RD   ,KY3005  ,KY3005  ,NULL,NULL,N,37.72895,-85.88185,5,2022,O,047-KY-3005  -000,6.679,0,0,0,1,0,0,1,0,0,0,0,0,0,Y
Motor Vehicle,Non DAC,72845562,20221222,1132,4,NULL,RING                                    ,NULL,RD   ,KY3005  ,KY3005  ,047 KY-3005    ,KY3005                                         ,N,37.69583,-85.91056,1,2022,C,047-KY-3005  -000,3.648,0,0,0,0,0,0,0,1,0,0,1,0,0,Y
Motor Vehicle,DAC,72845626,20221222,1103,4,NULL,DIXIE                                   ,N ,AVE  ,US0031W ,US0031W ,047 US-31W     ,US0031W                                        ,N,37.73564,-85.88764,8,2022,O,047-US-0031W -000,20.08,0,0,0,1,0,0,1,1,0,0,1,0,0,Y
Motor Vehicle,Non DAC,72845683,20221220,1912,2,NULL,RING                                    ,NULL,RD   ,KY3005  ,KY3005  ,047 KY-3005    ,KY3005                                         ,N,37.7277,-85.88536,8,2022,O,047-KY-3005  -000,6.475,0,0,1,0,0,0,1,0,0,0,0,1,0,Y
Motor Vehicle,DAC,72845894,20221221,1732,3,NULL,DIXIE                                   ,N ,AVE  ,US0031W ,US0031W ,047 US-31W     ,US0031W                                        ,N,37.73259,-85.88613,4,2022,O,047-US-0031W -000,19.805,0,0,1,0,0,0,0,1,0,0,1,0,0,Y
Motor Vehicle,DAC,72845895,20221221,1758,3,NULL,RING                                    ,NULL,RD   ,KY3005  ,KY3005  ,047 KY-3005    ,KY3005                                         ,N,37.71468,-85.84042,5,2022,O,047-KY-3005  -000,10.18,0,0,1,0,0,0,0,1,0,0,1,0,0,Y
Motor Vehicle,DAC,72846076,20221223,1255,5,100,WALMART                                 ,NULL,DR   ,NULL,NULL,047 CS-1558    ,CS1558                                         ,N,37.73168,-85.88412,1,2022,O,047-CS-1558  -000,0,0,0,0,0,0,0,0,1,0,0,1,0,0,Y
Motor Vehicle,DAC,72847035,20221221,1407,3,200,DIXIE                                   ,W ,AVE  ,US0031W ,US0031W ,047 US-31W     ,US0031W                                        ,N,37.69383,-85.85945,9,2022,O,047-US-0031W -000,16.7,0,0,0,0,0,0,1,0,0,0,1,0,0,Y
Motor Vehicle,DAC,72847360,20221227,743,2,NULL,MULBERRY                                ,N ,ST   ,US0062  ,US0062  ,047 US-62-10   ,US0062                                         ,N,37.71263,-85.83185,5,2022,O,047-US-0062  -000,19.97,0,0,1,1,0,0,1,0,0,0,0,0,0,Y
Motor Vehicle,DAC,72848122,20221226,1139,1,NULL,MAIN                                    ,N ,ST   ,NULL,NULL,047 CS-1320    ,CS1320                                         ,N,37.70335,-85.84469,1,2022,O,047-CS-1320  -000,1.012,0,0,0,1,0,0,0,1,0,0,1,0,0,Y
Motor Vehicle,Non DAC,72848145,20221228,1448,3,NULL,BLACK BRANCH                            ,N ,RD   ,NULL,NULL,047 CS-1551    ,CS1551                                         ,N,37.67697,-85.91878,1,2022,O,047-CS-1551  -000,0.964,0,0,0,0,0,0,1,1,0,0,1,0,0,Y
Motor Vehicle,Non DAC,72848686,20221230,1128,5,NULL,DIXIE                                   ,N ,AVE  ,US0031W ,US0031W ,047 US-31W-10  ,US0031W                                        ,N,37.74453,-85.89213,1,2022,C,047-US-0031W -000,20.682,0,0,0,0,0,0,1,0,0,0,0,0,0,Y
Motor Vehicle,DAC,72849455,20221209,1852,5,NULL,DIXIE                                   ,N ,AVE  ,US0031W ,US0031W ,047 US-31W     ,US0031W                                        ,N,37.73084,-85.88526,5,2022,O,047-US-0031W -000,19.673,0,0,1,0,0,0,1,0,0,0,0,0,0,Y
Motor Vehicle,DAC,72849456,20221215,2107,4,NULL,POPLAR                                  ,W ,ST   ,NULL,NULL,047 CS-1068    ,CS1068                                         ,N,37.70223,-85.8675,1,2022,O,047-CS-1068  -000,0.805,0,0,0,1,0,0,0,1,0,0,1,0,0,Y
Motor Vehicle,Non DAC,72849728,20221228,1643,3,NULL,LINCOLN                                 ,NULL,PKWY ,KY0061  ,KY0061  ,047 KY-61      ,KY0061                                         ,N,37.66562,-85.83961,5,2022,O,047-KY-0061  -000,4.819,0,0,0,0,0,0,0,0,0,0,0,0,0,Y
Motor Vehicle,Non DAC,72850002,20220103,1408,1,NULL,VETERANS                                ,NULL,WAY  ,NULL,NULL,047 CS-1683    ,CS1683                                         ,N,37.73042,-85.89411,1,2022,O,047-CS-1683  -000,0.383,0,0,0,1,0,0,1,1,0,0,0,0,0,Y
Motor Vehicle,DAC,72852713,20221231,1215,6,NULL,MULBERRY                                ,N ,ST   ,US0062  ,US0062  ,047 US-62-10   ,US0062                                         ,N,37.71263,-85.83184,5,2022,O,047-US-0062  -000,19.983,0,0,0,1,0,0,1,0,0,0,0,0,0,Y
Motor Vehicle,DAC,72853781,20220108,1633,6,NULL,MULBERRY                                ,N ,ST   ,US0062  ,US0062  ,047 US-62      ,US0062                                         ,N,37.70916,-85.83839,1,2022,O,047-US-0062  -000,19.551,0,0,0,0,0,0,1,1,0,0,1,0,0,Y
Motor Vehicle,DAC,72853879,20221203,1222,6,NULL,31W                                     ,NULL,BYP  ,US0031WB,US0031WB,047 US-31WB-10 ,US0031WB                                       ,N,37.70052,-85.88228,5,2022,O,047-US-0031WB-000,2.196,0,0,0,0,0,0,1,0,0,0,1,0,0,Y
Motor Vehicle,DAC,72854669,20221213,1914,2,NULL,DIXIE                                   ,N ,AVE  ,US0031W ,US0031W ,047 US-31W     ,US0031W                                        ,N,37.72829,-85.88422,8,2022,O,047-US-0031W -000,19.468,0,0,1,0,0,0,1,1,0,0,1,0,0,Y
Motor Vehicle,DAC,72854670,20221214,1545,3,NULL,MULBERRY                                ,N ,ST   ,US0062  ,US0062  ,047 US-62      ,US0062                                         ,N,37.71293,-85.8316,4,2022,O,047-US-0062  -000,19.952,0,0,0,0,0,0,0,1,0,0,0,0,0,Y
Motor Vehicle,Non DAC,72854671,20221213,1708,2,NULL,PATRIOT                                 ,NULL,PKWY ,KY0361  ,KY0361  ,047 KY-361     ,KY0361                                         ,N,37.71358,-85.89528,8,2022,C,047-KY-0361  -000,1.3,0,0,0,0,0,0,1,1,0,0,1,0,0,Y
Motor Vehicle,DAC,72854672,20221226,1730,1,NULL,31W                                     ,NULL,BYP  ,US0031WB,US0031WB,047 US-31WB    ,US0031WB                                       ,N,37.69226,-85.87182,4,2022,C,047-US-0031WB-000,1.309,0,0,0,1,0,0,0,1,0,0,1,0,0,Y
Motor Vehicle,DAC,72854673,20221229,1504,4,NULL,MULBERRY                                ,N ,ST   ,US0062  ,US0062  ,047 US-62      ,US0062                                         ,N,37.69566,-85.85782,5,2022,O,047-US-0062  -000,18.114,0,0,0,0,0,0,1,0,0,0,1,0,0,Y
Motor Vehicle,Non DAC,72884728,20220220,1558,0,NULL,DIXIE                                   ,S ,HWY  ,US0031W ,US0031W ,047 US-31W     ,US0031W                                        ,N,37.65334,-85.85049,5,2022,O,047-US-0031W -000,13.626,0,0,1,0,0,0,1,0,0,0,1,0,0,Y
Motorcyclist,Non DAC,72154033,20180209,2115,5,NULL,CECILIANNA,NULL,DR,NULL,NULL,047 CR-1010C,CR1010C,N,37.72931,-85.91277,9,2018,O,047-CR-1010C -000,0.243,1,0,1,0,0,0,0,0,0,0,0,1,0,Y
Motorcyclist,DAC,72160533,20180228,1626,3,NULL,DIXIE,N,AVE,US0031W,US0031W,047 US-31W,US0031W,N,37.70883,-85.87399,1,2018,C,047-US-0031W -000,18.031,1,0,1,1,0,0,0,1,0,0,1,0,0,Y
Motorcyclist,Non DAC,72160923,20180302,1100,5,NULL,MULBERRY,N,ST,US0062,US0062,047 US-62,US0062,N,37.71554,-85.82536,1,2018,K,047-US-0062  -000,20.366,1,0,0,1,0,0,1,1,0,0,0,0,0,Y
Motorcyclist,Non DAC,72176064,20180331,1850,6,NULL,HUTCHERSON,NULL,LN,KY2802,KY2802,047 KY-2802,KY2802,N,37.73706,-85.90652,1,2018,C,047-KY-2802  -000,1.186,1,0,0,0,0,0,0,1,0,0,1,0,0,Y
Motorcyclist,Non DAC,72180426,20180418,2038,3,NULL,PATRIOT,NULL,PKWY,KY0361,KY0361,047 KY-361-10,KY0361,N,37.71106,-85.88935,9,2018,O,047-KY-0361  -000,0.943,1,0,0,1,0,0,0,0,0,0,0,0,0,Y
Motorcyclist,Non DAC,72185554,20180427,651,5,NULL,RING,NULL,RD,KY3005,KY3005,047 KY-3005-10,KY3005,N,37.6716,-85.91202,4,2018,O,047-KY-3005  -000,1.913,1,0,0,0,0,0,1,1,0,0,0,1,0,N
Motorcyclist,DAC,72201157,20180601,1503,5,NULL,DIXIE,W,AVE,US0031W,US0031W,047 US-31W,US0031W,N,37.70296,-85.86985,1,2018,A,047-US-0031W -000,17.562,1,0,0,0,0,0,1,1,0,0,1,0,0,Y
Motorcyclist,DAC,72208854,20180529,1705,2,NULL,NULL,NULL,NULL,US0031WB,US0031WB,NULL,NULL,N,37.69038,-85.86662,9,2018,A,047-US-0031WB-121,0.108,1,0,0,0,0,0,0,0,0,0,0,0,0,Y
Motorcyclist,DAC,72211428,20180627,2025,3,NULL,PATRIOT,NULL,PKWY,KY0361,KY0361,047 KY-361-10,KY0361,N,37.7108,-85.88827,2,2018,O,047-KY-0361  -000,0.88,1,0,1,0,0,0,1,0,0,0,0,0,0,Y
Motorcyclist,Non DAC,72226711,20180311,1433,0,NULL,WOODLAND,NULL,DR,NULL,NULL,047 CS-1193,CS1193,N,37.72546,-85.88515,9,2018,B,047-CS-1193  -000,0.152,1,0,0,0,0,0,1,0,0,0,0,1,0,Y
Motorcyclist,DAC,72234635,20180820,1831,1,NULL,DIXIE,E,AVE,US0031W,US0031W,NULL,NULL,N,37.67975,-85.84832,9,2018,C,047-US-0031W -000,15.508,1,0,0,0,0,0,0,0,0,0,0,0,0,Y
Motorcyclist,DAC,72242077,20180906,1124,4,NULL,PEAR ORCHARD,NW,RD,NULL,NULL,047 CS-1297,CS1297,N,37.74755,-85.87954,9,2018,B,047-CS-1297  -000,0.36,1,0,0,0,0,0,0,0,0,0,0,0,0,Y
Motorcyclist,Non DAC,72246899,20180916,639,0,NULL,BLACK BRANCH,N,RD,NULL,NULL,047 CS-1551,CS1551,N,37.67698,-85.91877,4,2018,A,047-CS-1551  -000,0.963,1,0,0,0,0,0,1,1,0,0,1,0,0,Y
Motorcyclist,Non DAC,72249260,20180922,2222,6,750,BLACK BRANCH,N,RD,NULL,NULL,047 CS-1551,CS1551,N,37.67604,-85.92009,7,2018,B,047-CS-1551  -000,1.061,1,0,0,0,0,0,0,1,0,0,0,1,0,Y
Motorcyclist,DAC,72255085,20181003,1431,3,NULL,DIXIE,N,HWY,US0031W,US0031W,NULL,NULL,N,37.75794,-85.89831,5,2018,C,047-US-0031W -000,21.682,1,0,0,0,0,0,1,0,0,0,0,0,0,Y
Motorcyclist,Non DAC,72255725,20181004,2053,4,NULL,LEITCHFIELD,NULL,RD,US0062,US0062,047 US-62,US0062,N,37.6706,-85.91427,9,2018,B,047-US-0062  -000,14.424,1,0,0,0,0,0,0,0,0,0,0,0,0,N
Motorcyclist,Non DAC,72261058,20181016,1343,2,NULL,LEITCHFIELD,NULL,RD,US0062,US0062,NULL,NULL,N,37.67765,-85.88805,4,2018,C,047-US-0062  -000,15.976,1,0,0,1,0,0,1,1,0,0,1,0,0,Y
Motorcyclist,DAC,72264052,20181021,21,0,204,PEAR ORCHARD,NW,RD,NULL,NULL,047 CS-1297,CS1297,N,37.74459,-85.88757,1,2018,O,047-CS-1297  -000,0.813,1,0,0,0,0,0,0,0,1,0,0,0,0,Y
Motorcyclist,DAC,72278316,20181118,2100,0,NULL,DIXIE,N,AVE,US0031W,US0031W,047 US-31W-10,US0031W,N,37.72863,-85.88439,1,2018,O,047-US-0031W -000,19.515,1,0,0,0,0,0,1,0,0,0,0,0,0,Y
Motorcyclist,DAC,72325540,20190311,38,1,NULL,HODGENVILLE                             ,NULL,RD   ,KY0210  ,KY0210  ,047 KY-210     ,KY0210                                         ,N,37.67269,-85.84429,9,2019,A,047-KY-0210  -000,0.093,1,0,0,0,0,0,0,0,0,0,0,1,0,Y
Motorcyclist,DAC,72327099,20190313,1943,3,NULL,STEWART                                 ,NULL,ST   ,NULL,NULL,047 CS-1509    ,CS1509                                         ,N,37.6994,-85.85262,9,2019,A,047-CS-1509  -000,0.297,1,0,0,0,0,0,0,0,1,0,0,1,0,Y
Motorcyclist,DAC,72338164,20190406,1218,6,NULL,DIXIE                                   ,N ,AVE  ,US0031W ,US0031W ,047 US-31W     ,US0031W                                        ,N,37.71324,-85.87655,1,2019,C,047-US-0031W -000,18.368,1,0,0,0,0,0,1,1,0,0,0,0,0,Y
Motorcyclist,DAC,72346721,20190430,1621,2,NULL,DIXIE                                   ,E ,AVE  ,US0031W ,US0031W ,047 US-31W     ,US0031W                                        ,N,37.69301,-85.85771,9,2019,O,047-US-0031W -000,16.599,1,0,0,0,0,0,0,0,0,0,0,0,0,Y
Motorcyclist,Non DAC,72358119,20190524,2155,5,NULL,COLLEGE ST RD                           ,NULL,NULL,NULL,NULL,047 CS-1124    ,CS1124                                         ,N,37.69139,-85.87919,9,2019,A,047-CS-1124  -000,1.038,1,0,0,0,0,0,0,0,0,0,0,1,0,Y
Motorcyclist,DAC,72364327,20190608,1450,6,NULL,31W                                     ,NULL,BYP  ,US0031WB,US0031WB,047 US-31WB    ,US0031WB                                       ,N,37.69203,-85.87179,8,2019,O,047-US-0031WB-000,1.369,1,0,0,0,0,0,1,0,0,0,1,0,0,Y
Motorcyclist,DAC,72371536,20190625,1557,2,NULL,DIXIE                                   ,N ,AVE  ,US0031W ,US0031W ,047 US-31W-10  ,US0031W                                        ,N,37.71277,-85.87657,1,2019,B,047-US-0031W -000,18.337,1,0,0,1,0,0,1,1,0,0,1,0,0,Y
Motorcyclist,Non DAC,72373020,20190628,950,5,NULL,MULBERRY                                ,N ,ST   ,US0062  ,US0062  ,047 US-62      ,US0062                                         ,N,37.71525,-85.82606,1,2019,C,047-US-0062  -000,20.322,1,0,0,0,0,0,1,0,0,0,0,0,0,Y
Motorcyclist,DAC,72373499,20190628,1831,5,NULL,ST JOHN                                 ,NULL,RD   ,KY1357  ,KY1357  ,047 KY-1357-10 ,KY1357                                         ,N,37.70062,-85.88103,1,2019,O,047-KY-1357  -000,16.38,1,0,0,0,0,0,1,0,0,0,0,0,0,Y
Motorcyclist,DAC,72393075,20190813,1513,2,NULL,DIXIE                                   ,N ,AVE  ,US0031W ,US0031W ,047 US-31W-10  ,US0031W                                        ,N,37.72554,-85.88291,1,2019,K,047-US-0031W -000,19.282,1,0,0,0,0,0,1,0,0,0,0,1,0,Y
Motorcyclist,DAC,72394320,20190816,1548,5,NULL,POPLAR                                  ,W ,ST   ,NULL,NULL,NULL,NULL,N,37.70476,-85.87024,1,2019,O,047-CS-1068  -000,1.041,1,0,0,0,0,0,0,1,0,0,0,0,0,Y