Mode,Crash In Disadvantaged Community,MasterFile,CollisionDate,CollisionTime,CollisionDayWeekCode,RoadwayName_HouseBusinessNumber_,RoadwayName_RoadwayName_,RoadwayName_Direction_,RoadwayName_RoadwaySuffix_,RoadwayfromReport,CurrentRoadwayNumber,RSEUniqueGIS,RoadwayIdentifier,ParkingLotIndicator,Latitude,Longitude,MannerofCollisionCode,YR,KABCO,KTC_RT,KTC_MP,Motorcyclist,Commercial Vehicle,Young Driver,Mature Driver,Pedestrian,Bicyclist,Distracted,Aggressive,Impaired,Unrestrained,Intersection,Roadway Departure,Median Cross-over,In City Limits?
Motorcyclist,DAC,72398088,20190825,456,0,NULL,DIXIE                                   ,E ,AVE  ,US0031W ,US0031W ,047 US-31W     ,US0031W                                        ,N,37.66988,-85.84645,1,2019,A,047-US-0031W -000,14.807,1,0,0,0,0,0,1,1,0,0,1,0,0,Y
Motorcyclist,DAC,72404923,20190909,1235,1,NULL,MULBERRY                                ,N ,ST   ,US0062  ,US0062  ,047 US-62-10   ,US0062                                         ,N,37.71229,-85.83262,5,2019,O,047-US-0062  -000,19.93,1,0,0,0,0,0,1,0,0,0,0,0,0,Y
Motorcyclist,DAC,72405426,20190909,1800,1,NULL,LAKEWOOD                                ,NULL,DR   ,NULL,NULL,047 CS-1273    ,CS1273                                         ,N,37.73734,-85.87727,1,2019,O,047-CS-1273  -000,0.462,1,0,0,0,0,0,1,1,0,0,0,0,0,Y
Motorcyclist,DAC,72406880,20190912,1854,4,NULL,DIXIE                                   ,N ,AVE  ,US0031W ,US0031W ,NULL,NULL,N,37.73939,-85.88949,9,2019,O,047-US-0031W -000,20.307,1,0,1,0,0,0,1,0,0,0,0,0,0,Y
Motorcyclist,DAC,72412038,20190924,2055,2,NULL,NEW GLENDALE                            ,NULL,RD   ,KY1136  ,KY1136  ,047 KY-1136    ,KY1136                                         ,N,37.68328,-85.85047,5,2019,O,047-KY-1136  -000,10.648,1,0,1,0,0,0,1,0,0,0,0,0,0,Y
Motorcyclist,DAC,72414514,20191001,608,2,NULL,31W                                     ,NULL,BYP  ,US0031WB,US0031WB,047 US-31WB-10 ,US0031WB                                       ,N,37.68938,-85.86793,8,2019,O,047-US-0031WB-000,1.083,1,0,0,0,0,0,0,0,0,0,0,1,0,Y
Motorcyclist,DAC,72415749,20191003,1539,4,NULL,31W                                     ,NULL,BYP  ,US0031WB,US0031WB,047 US-31WB-10 ,US0031WB                                       ,N,37.69206,-85.872,9,2019,B,047-US-0031WB-000,1.357,1,0,0,0,0,0,0,0,0,0,1,0,0,Y
Motorcyclist,Non DAC,72488888,20200318,658,3,NULL,ALTEC                                   ,NULL,DR   ,NULL,NULL,047 CS-1008    ,CS1008                                         ,N,37.67124,-85.92809,1,2020,A,047-CS-1008  -000,0.403,1,0,0,0,0,0,1,1,0,0,0,0,0,Y
Motorcyclist,DAC,72492580,20200403,1615,5,NULL,CROSSFIELD                              ,NULL,DR   ,NULL,NULL,047 CS-1725    ,CS1725                                         ,N,37.7464,-85.88692,9,2020,C,047-CS-1725  -000,0.002,1,0,0,0,0,0,0,0,0,0,0,1,0,Y
Motorcyclist,Non DAC,72521192,20200714,645,2,NULL,LEITCHFIELD                             ,NULL,RD   ,US0062  ,US0062  ,047 US-62      ,US0062                                         ,N,37.67396,-85.90598,5,2020,K,047-US-0062  -000,14.89,1,0,1,0,0,0,0,1,0,0,0,0,0,N
Motorcyclist,Non DAC,72562895,20201105,540,4,NULL,RING                                    ,NULL,RD   ,KY3005  ,KY3005  ,047 KY-3005    ,KY3005                                         ,N,37.68428,-85.91572,5,2020,O,047-KY-3005  -000,2.808,1,0,0,0,0,0,1,0,0,0,1,0,0,Y
Motorcyclist,DAC,72600198,20210303,1504,3,NULL,MILES                                   ,N ,ST   ,KY0251  ,KY0251  ,047 KY-251     ,KY0251                                         ,N,37.70237,-85.85716,4,2021,C,047-KY-0251  -000,0.539,1,0,1,1,0,0,0,1,0,0,1,0,0,Y
Motorcyclist,Non DAC,72608556,20210329,2241,1,NULL,BLACK BRANCH                            ,N ,RD   ,NULL,NULL,047 CS-1551    ,CS1551                                         ,N,37.67669,-85.91986,4,2021,A,047-CS-1551  -000,0.921,1,0,0,0,0,0,1,0,0,0,0,0,0,Y
Motorcyclist,Non DAC,72613366,20210413,1422,2,NULL,RING                                    ,NULL,RD   ,KY3005  ,KY3005  ,047 KY-3005-10 ,KY3005                                         ,N,37.72041,-85.89981,8,2021,B,047-KY-3005  -000,5.53,1,0,0,1,0,0,1,0,0,0,0,1,0,Y
Motorcyclist,DAC,72614628,20210404,1704,0,500,VILLAGE                                 ,NULL,DR   ,NULL,NULL,047 CS-1550    ,CS1550                                         ,N,37.70841,-85.86526,7,2021,O,047-CS-1550  -000,0.473,1,0,0,1,0,0,0,0,0,0,1,0,0,Y
Motorcyclist,DAC,72614769,20210417,1157,6,NULL,DIXIE                                   ,E ,AVE  ,US0031W ,US0031W ,047 US-31W     ,US0031W                                        ,N,37.67923,-85.84801,5,2021,A,047-US-0031W -000,15.47,1,0,0,0,0,0,1,0,0,0,0,0,0,Y
Motorcyclist,DAC,72622413,20210501,1146,6,NULL,DIXIE                                   ,E ,AVE  ,US0031W ,US0031W ,047 US-31W     ,US0031W                                        ,N,37.67679,-85.84657,1,2021,B,047-US-0031W -000,15.281,1,0,0,0,0,0,1,0,0,0,1,0,0,Y
Motorcyclist,Non DAC,72635693,20210611,1925,5,NULL,VETERANS                                ,NULL,WAY  ,NULL,NULL,047 CS-1683    ,CS1683                                         ,N,37.73615,-85.89637,3,2021,O,047-CS-1683  -000,0.816,1,0,0,0,0,0,0,0,1,0,0,1,0,Y
Motorcyclist,DAC,72636025,20210609,1440,3,NULL,CRUTCHER                                ,E ,ST   ,NULL,NULL,NULL,NULL,N,37.69436,-85.85304,1,2021,O,047-CS-1004  -000,0.068,1,0,0,0,0,0,1,0,0,0,0,0,0,Y
Motorcyclist,DAC,72637651,20210520,1423,4,NULL,MULBERRY                                ,S ,ST   ,US0062  ,US0062  ,047 US-62-10   ,US0062                                         ,N,37.68721,-85.86951,1,2021,A,047-US-0062  -000,17.239,1,0,1,1,0,0,0,1,0,0,0,1,0,Y
Motorcyclist,DAC,72638273,20210618,2304,5,284,SPRINGFIELD                             ,NULL,RD   ,NULL,NULL,047 CS-1530    ,CS1530                                         ,N,37.68782,-85.84774,9,2021,C,047-CS-1530  -000,0.307,1,0,0,0,0,0,1,0,0,0,0,1,0,Y
Motorcyclist,DAC,72659369,20210816,1729,1,NULL,DIXIE                                   ,N ,AVE  ,US0031W ,US0031W ,047 US-31W-10  ,US0031W                                        ,N,37.72829,-85.88426,1,2021,B,047-US-0031W -000,19.487,1,0,0,0,0,0,0,1,0,0,1,0,0,Y
Motorcyclist,Non DAC,72664578,20210828,35,6,NULL,PINE VALLEY                             ,NULL,DR   ,NULL,NULL,047 CS-1533    ,CS1533                                         ,N,37.75382,-85.88819,9,2021,A,047-CS-1533  -000,0.418,1,0,0,0,0,0,0,0,0,0,0,1,0,Y
Motorcyclist,DAC,72668802,20210909,1359,4,NULL,DIXIE                                   ,N ,AVE  ,US0031W ,US0031W ,047 US-31W-10  ,US0031W                                        ,N,37.71787,-85.87912,4,2021,O,047-US-0031W -000,18.72,1,0,0,0,0,0,1,0,0,0,1,0,0,Y
Motorcyclist,DAC,72669394,20210830,1429,1,NULL,MULBERRY                                ,N ,ST   ,US0062  ,US0062  ,047 US-62      ,US0062                                         ,N,37.71245,-85.83186,1,2021,O,047-US-0062  -000,19.977,1,0,0,0,0,0,0,0,0,0,1,0,0,Y
Motorcyclist,DAC,72679690,20211005,1127,2,NULL,RING                                    ,NULL,RD   ,KY3005  ,KY3005  ,047 KY-3005    ,KY3005                                         ,N,37.72811,-85.88425,5,2021,O,047-KY-3005  -000,6.533,1,0,0,1,0,0,1,0,0,0,0,0,0,Y
Motorcyclist,Non DAC,72686036,20211017,1501,0,NULL,NULL,NULL,NULL,I 0065  ,I 0065  ,NULL,NULL,N,37.71398,-85.82785,9,2021,K,047-I -0065  -511,0.271,1,0,0,0,0,0,0,1,1,0,0,1,0,Y
Motorcyclist,DAC,72735669,20220228,1557,1,NULL,31W                                     ,NULL,BYP  ,US0031WB,US0031WB,047 US-31WB    ,US0031WB                                       ,N,37.69201,-85.87176,5,2022,C,047-US-0031WB-000,1.367,1,0,0,1,0,0,0,0,0,0,0,0,0,Y
Motorcyclist,DAC,72745771,20220328,1631,1,NULL,RING                                    ,NULL,RD   ,KY3005  ,KY3005  ,047 KY-3005    ,KY3005                                         ,N,37.73195,-85.8435,9,2022,B,047-KY-3005  -000,8.879,1,0,0,0,0,0,0,0,0,0,0,1,0,Y
Motorcyclist,DAC,72751158,20220415,1429,5,NULL,DIXIE                                   ,N ,AVE  ,US0031W ,US0031W ,047 US-31W     ,US0031W                                        ,N,37.73601,-85.88782,5,2022,O,047-US-0031W -000,20.111,1,0,0,0,0,0,1,1,0,0,0,0,0,Y
Motorcyclist,Non DAC,72755730,20220428,822,4,NULL,LEITCHFIELD                             ,NULL,RD   ,US0062  ,US0062  ,047 US-62      ,US0062                                         ,N,37.6716,-85.91184,1,2022,A,047-US-0062  -000,14.58,1,0,0,1,0,0,1,0,0,0,1,0,0,N
Motorcyclist,DAC,72764509,20220522,1234,0,NULL,DIXIE                                   ,N ,AVE  ,US0031W ,US0031W ,047 US-31W-10  ,US0031W                                        ,N,37.72658,-85.8834,5,2022,O,047-US-0031W -000,19.357,1,0,0,0,0,0,0,0,0,0,0,0,0,Y
Motorcyclist,Non DAC,72766716,20220528,1305,6,NULL,MULBERRY                                ,S ,ST   ,US0062  ,US0062  ,047 US-62-10   ,US0062                                         ,N,37.68704,-85.8703,8,2022,O,047-US-0062  -000,17.197,1,0,0,0,0,0,0,0,0,0,0,1,0,Y
Motorcyclist,DAC,72769226,20220603,1840,5,NULL,DIXIE                                   ,N ,AVE  ,US0031W ,US0031W ,047 US-31W-10  ,US0031W                                        ,N,37.70883,-85.87429,9,2022,C,047-US-0031W -000,18.04,1,0,0,0,0,0,0,0,0,0,0,0,0,Y
Motorcyclist,DAC,72777317,20220627,931,1,NULL,DIXIE                                   ,N ,AVE  ,US0031W ,US0031W ,047 US-31W     ,US0031W                                        ,N,37.71031,-85.875,1,2022,B,047-US-0031W -000,18.149,1,0,0,0,0,0,0,1,0,0,0,0,0,Y
Motorcyclist,Non DAC,72778356,20220629,1833,3,800,VALLEY CREEK                            ,NULL,RD   ,KY0567  ,KY0567  ,047 KY-567     ,KY0567                                         ,N,37.67542,-85.82936,9,2022,A,047-KY-0567  -000,0.865,1,0,0,1,0,0,0,0,0,0,0,1,0,N
Motorcyclist,DAC,72778924,20220701,1646,5,603,DIXIE                                   ,W ,AVE  ,US0031W ,US0031W ,047 US-31W     ,US0031W                                        ,N,37.70329,-85.87013,9,2022,A,047-US-0031W -000,17.589,1,0,0,0,0,0,0,0,1,0,0,1,0,Y
Motorcyclist,DAC,72778953,20220628,1525,2,NULL,DIXIE                                   ,W ,AVE  ,US0031W ,US0031W ,047 US-31W     ,US0031W                                        ,N,37.69476,-85.86103,5,2022,O,047-US-0031W -000,16.824,1,0,0,0,0,0,1,0,0,0,0,0,0,Y
Motorcyclist,Non DAC,72781934,20220618,754,6,NULL,PATRIOT                                 ,NULL,PKWY ,KY0361  ,KY0361  ,047 KY-361-10  ,KY0361                                         ,N,37.72162,-85.90965,9,2022,A,047-KY-0361  -000,2.28,1,0,0,0,0,0,0,0,0,0,0,1,0,Y
Motorcyclist,DAC,72783565,20220716,1546,6,NULL,DIXIE                                   ,E ,AVE  ,US0031W ,US0031W ,047 US-31W     ,US0031W                                        ,N,37.67193,-85.84607,9,2022,B,047-US-0031W -000,14.939,1,0,0,0,0,0,0,0,0,0,1,0,0,Y
Motorcyclist,Non DAC,72794337,20220802,1807,2,NULL,TOWNE                                   ,NULL,CTR  ,NULL,NULL,047 PR-1010    ,PR1010                                         ,N,37.73165,-85.88681,1,2022,A,047-PR-1010  -000,0.28,1,0,0,0,0,0,1,0,0,0,0,0,0,Y
Motorcyclist,Non DAC,72794685,20220815,1730,1,NULL,MULBERRY                                ,N ,ST   ,US0062  ,US0062  ,047 US-62      ,US0062                                         ,N,37.71517,-85.82631,8,2022,A,047-US-0062  -000,20.307,1,0,0,0,0,0,0,0,0,0,0,1,0,Y
Motorcyclist,Non DAC,72805622,20220915,645,4,NULL,RING                                    ,NULL,RD   ,KY3005  ,KY3005  ,047 KY-3005    ,KY3005                                         ,N,37.69665,-85.90999,1,2022,K,047-KY-3005  -000,3.724,1,0,0,0,0,0,0,1,0,0,0,1,0,Y
Motorcyclist,DAC,72806056,20220916,2001,5,NULL,COLLEGE                                 ,NULL,ST   ,NULL,NULL,047 CS-1730    ,CS1730                                         ,N,37.69218,-85.86313,9,2022,O,047-CS-1730  -000,0.505,1,0,0,0,0,0,0,0,0,0,0,0,0,Y
Motorcyclist,DAC,72822491,20221029,2047,6,NULL,PUBLIC                                  ,NULL,SQ   ,US0031W ,US0031W ,047 US-31W-1   ,US0031W                                        ,N,37.6929,-85.85828,8,2022,O,047-US-0031W -001,16.624,1,0,0,0,0,0,0,1,1,0,0,1,0,Y
Motorcyclist,DAC,72829892,20221108,1711,2,NULL,MAIN                                    ,S ,ST   ,NULL,NULL,047 CS-1321    ,CS1321                                         ,N,37.69096,-85.86053,1,2022,B,047-CS-1321  -000,0.06,1,0,0,0,0,0,0,0,0,0,1,0,0,Y
Motorcyclist,DAC,72842919,20221215,2259,4,NULL,NICHOLAS                                ,NULL,ST   ,NULL,NULL,047 CS-1389    ,CS1389                                         ,N,37.68876,-85.85763,9,2022,A,047-CS-1389  -000,0.177,1,0,0,0,0,0,0,0,0,0,0,1,0,Y
Pedestrian,DAC,72147902,20180129,2000,1,NULL,BELLWOOD,NULL,DR,NULL,NULL,047 CS-1062,BELLWOOD DR,N,37.7073,-85.86856,9,2018,A,047-CS-1062  -000,0.176,0,0,0,0,1,0,0,0,0,0,0,0,0,Y
Pedestrian,Non DAC,72158367,20180219,2339,1,NULL,MULBERRY,N,ST,US0062,US0062,047 US-62,US0062,N,37.7163,-85.82363,9,2018,A,047-US-0062  -000,20.476,1,0,0,0,1,0,0,0,0,0,1,0,0,N
Pedestrian,Non DAC,72179987,20180416,1511,1,NULL,RING,NULL,RD,KY3005,KY3005,047 KY-3005,KY3005,N,37.72799,-85.88454,9,2018,K,047-KY-3005  -000,6.518,0,0,0,1,1,0,0,0,0,0,0,1,0,Y
Pedestrian,DAC,72209248,20180622,1631,5,NULL,MULBERRY,N,ST,US0062,US0062,047 US-62-10,US0062,N,37.70459,-85.84677,9,2018,O,047-US-0062  -000,18.999,0,0,0,0,1,0,0,0,0,0,1,0,0,Y
Pedestrian,DAC,72210506,20180423,718,1,523,BALMORAL,NULL,RD,NULL,NULL,047 CS-1066,CS1066,N,37.70784,-85.86179,9,2018,A,047-CS-1066  -000,0.121,0,0,0,0,1,0,0,0,0,0,0,0,0,Y
Pedestrian,DAC,72226717,20180607,1225,4,NULL,31W,NULL,BYP,US0031WB,US0031WB,047 US-31WB,US0031WB,N,37.69877,-85.88091,9,2018,C,047-US-0031WB-000,2.058,0,0,0,0,1,0,0,0,0,0,0,0,0,Y
Pedestrian,DAC,72249258,20180917,2104,1,NULL,DIXIE,E,AVE,US0031W,US0031W,047 US-31W,US0031W,N,37.67477,-85.84587,7,2018,K,047-US-0031W -000,15.136,0,0,0,0,1,0,1,0,0,0,0,0,0,Y
Pedestrian,Non DAC,72252050,20180926,1318,3,106,VINEYARD,NULL,RD,NULL,NULL,047 CS-1742E,CS1742E,N,37.65145,-85.84886,9,2018,B,047-CS-1742E -000,0.009,0,0,0,0,1,0,1,0,0,0,0,0,0,Y
Pedestrian,DAC,72260017,20181013,2210,6,NULL,DIXIE,N,AVE,US0031W,US0031W,047 US-31W-10,US0031W,N,37.72835,-85.88426,9,2018,A,047-US-0031W -000,19.494,0,0,0,0,1,0,1,0,0,0,0,0,0,Y
Pedestrian,DAC,72273251,20181029,1350,1,NULL,MANTLE,N,AVE,NULL,NULL,047 CS-1025,CS1025,N,37.70089,-85.8676,9,2018,O,047-CS-1025  -000,0.001,0,0,0,1,1,0,1,1,0,0,0,0,0,Y
Pedestrian,DAC,72274055,20181110,1738,6,NULL,MAIN,N,ST,NULL,NULL,047 CS-1320,CS1320,N,37.69335,-85.85772,9,2018,B,047-CS-1320  -000,0.012,0,0,0,1,1,0,1,1,0,0,0,0,0,Y
Pedestrian,Non DAC,72305959,20190122,648,2,NULL,DIXIE                                   ,N ,AVE  ,US0031W ,US0031W ,047 US-31W-10  ,US0031W                                        ,N,37.74235,-85.89116,9,2019,C,047-US-0031W -000,20.523,0,0,0,0,1,0,0,0,0,0,0,0,0,Y
Pedestrian,Non DAC,72348095,20190429,1237,1,NULL,MULBERRY                                ,N ,ST   ,US0062  ,US0062  ,047 US-62      ,US0062                                         ,N,37.71604,-85.82424,9,2019,O,047-US-0062  -000,20.438,0,0,0,1,1,0,1,0,0,0,0,0,0,Y
Pedestrian,DAC,72398350,20190813,1620,2,NULL,TOWNE CTR ENTRANCE                      ,NULL,NULL,NULL,NULL,047 PR-1011    ,PR1011                                         ,N,37.73112,-85.88593,9,2019,B,047-PR-1011  -000,0.027,0,0,0,0,1,0,0,0,0,0,0,0,0,Y
Pedestrian,DAC,72411649,20190924,1707,2,NULL,POPLAR                                  ,W ,ST   ,NULL,NULL,047 CS-1068    ,CS1068                                         ,N,37.70424,-85.8712,9,2019,B,047-CS-1068  -000,1.105,0,0,0,0,1,0,1,0,0,0,1,0,0,Y
Pedestrian,DAC,72434172,20191108,1843,5,NULL,KY210 TURN LANE                         ,NULL,NULL,KY0210  ,KY0210  ,047 KY-210-21  ,KY0210                                         ,N,37.67351,-85.84557,9,2019,A,047-KY-0210  -021,0.017,0,0,0,1,1,0,0,0,0,0,0,0,0,Y
Pedestrian,Non DAC,72441358,20191123,724,6,NULL,MULBERRY                                ,N ,ST   ,US0062  ,US0062  ,047 US-62-10   ,US0062                                         ,N,37.71547,-85.82607,9,2019,B,047-US-0062  -000,20.33,0,0,0,0,1,0,1,0,0,0,0,0,0,Y
Pedestrian,Non DAC,72445823,20191203,1515,2,NULL,RING                                    ,NULL,RD   ,KY3005  ,KY3005  ,047 KY-3005-10 ,KY3005                                         ,N,37.72419,-85.89437,9,2019,O,047-KY-3005  -000,5.926,0,0,0,0,1,0,1,0,0,0,0,1,0,Y
Pedestrian,Non DAC,72471065,20200202,1947,0,NULL,RING                                    ,NULL,RD   ,KY3005  ,KY3005  ,047 KY-3005    ,KY3005                                         ,N,37.72677,-85.8887,9,2020,B,047-KY-3005  -000,6.283,0,0,0,0,1,0,1,0,0,0,0,0,0,Y
Pedestrian,Non DAC,72522123,20200714,645,2,NULL,LEITCHFIELD                             ,NULL,RD   ,US0062  ,US0062  ,047 US-62      ,US0062                                         ,N,37.67401,-85.90587,3,2020,A,047-US-0062  -000,14.897,0,0,0,0,1,0,0,1,0,0,0,0,0,N
Pedestrian,Non DAC,72524821,20200725,2221,6,750,BLACK BRANCH                            ,N ,RD   ,NULL,NULL,047 CS-1551    ,CS1551                                         ,N,37.67619,-85.92001,9,2020,B,047-CS-1551  -000,1.051,0,0,0,0,1,0,1,0,0,0,0,0,0,Y
Pedestrian,DAC,72551660,20201010,2005,6,912,MULBERRY                                ,N ,ST   ,US0062  ,US0062  ,047 US-62      ,US0062                                         ,N,37.70539,-85.84503,9,2020,A,047-US-0062  -000,19.103,0,0,0,0,1,0,0,0,0,0,0,0,0,Y
Pedestrian,DAC,72553035,20201014,1512,3,NULL,MULBERRY                                ,N ,ST   ,US0062  ,US0062  ,047 US-62      ,US0062                                         ,N,37.70409,-85.84722,9,2020,C,047-US-0062  -000,18.954,0,0,0,0,1,0,0,0,0,0,1,0,0,Y
Pedestrian,DAC,72554089,20201018,1214,0,NULL,DIXIE                                   ,N ,AVE  ,US0031W ,US0031W ,047 US-31W     ,US0031W                                        ,N,37.73285,-85.88628,9,2020,A,047-US-0031W -000,19.807,0,0,1,0,1,0,0,0,0,0,0,0,0,Y
Pedestrian,Non DAC,72569624,20201124,952,2,111,TOWNE                                   ,NULL,DR   ,NULL,NULL,047 CS-1448    ,CS1448                                         ,N,37.73339,-85.88896,9,2020,B,047-CS-1448  -000,0.111,0,0,0,1,1,0,1,0,0,0,0,0,0,Y
Pedestrian,DAC,72583924,20210101,1257,5,NULL,DIXIE                                   ,N ,AVE  ,US0031W ,US0031W ,047 US-31W-10  ,US0031W                                        ,N,37.72837,-85.8843,9,2021,O,047-US-0031W -000,19.496,0,0,0,0,1,0,0,0,0,0,1,0,0,Y
Pedestrian,Non DAC,72585673,20210115,115,5,NULL,PATRIOT                                 ,NULL,PKWY ,KY0361  ,KY0361  ,047 KY-361     ,KY0361                                         ,N,37.72767,-85.91662,9,2021,B,047-KY-0361  -000,2.843,0,0,0,0,1,0,1,0,0,0,1,0,0,Y
Pedestrian,DAC,72597538,20210122,1118,5,NULL,MAIN                                    ,S ,ST   ,NULL,NULL,047 CS-1321    ,CS1321                                         ,N,37.69284,-85.85814,9,2021,O,047-CS-1321  -000,0.202,0,0,0,0,1,0,1,0,0,0,1,0,0,Y
Pedestrian,DAC,72608582,20210330,2107,2,NULL,DIECKS                                  ,NULL,DR   ,NULL,NULL,NULL,NULL,N,37.70927,-85.8721,9,2021,A,047-CS-1061  -000,0.111,0,0,0,0,1,0,0,1,0,0,0,0,0,Y
Pedestrian,DAC,72621551,20210425,1504,0,NULL,LEE                                     ,NULL,RD   ,NULL,NULL,047 CS-1064    ,CS1064                                         ,N,37.70728,-85.86554,9,2021,B,047-CS-1064  -000,0.002,0,0,0,0,1,0,0,0,0,0,1,0,0,Y
Pedestrian,DAC,72643273,20210701,2216,4,NULL,DIXIE                                   ,N ,AVE  ,US0031W ,US0031W ,047 US-31W     ,US0031W                                        ,N,37.70883,-85.874,9,2021,O,047-US-0031W -000,18.032,0,0,1,0,1,0,0,0,0,0,1,0,0,Y
Pedestrian,DAC,72669249,20210910,1300,5,405,MULBERRY                                ,S ,ST   ,US0062  ,US0062  ,047 US-62      ,US0062                                         ,N,37.68985,-85.86474,9,2021,O,047-US-0062  -000,17.558,0,0,0,0,1,0,0,0,0,0,0,0,0,Y
Pedestrian,DAC,72699864,20211121,1913,0,NULL,DIXIE                                   ,W ,AVE  ,US0031W ,US0031W ,047 US-31W     ,US0031W                                        ,N,37.69408,-85.85981,9,2021,A,047-US-0031W -000,16.733,0,0,0,0,1,0,0,0,0,0,0,0,0,Y
Pedestrian,DAC,72705443,20211201,1545,3,NULL,CRUTCHER                                ,W ,ST   ,NULL,NULL,047 CS-1662    ,CS1662                                         ,N,37.69579,-85.85554,9,2021,C,047-CS-1662  -000,0.003,0,0,0,0,1,0,1,0,0,0,0,0,0,Y
Pedestrian,DAC,72712846,20211216,858,4,NULL,MAIN                                    ,N ,ST   ,NULL,NULL,047 CS-1320    ,CS1320                                         ,N,37.70597,-85.84209,9,2021,B,047-CS-1320  -000,1.244,0,0,0,0,1,0,1,0,0,0,0,0,0,Y
Pedestrian,DAC,72719672,20220111,1720,2,NULL,ST JOHN                                 ,NULL,RD   ,KY1357  ,KY1357  ,047 KY-1357    ,KY1357                                         ,N,37.70341,-85.87289,9,2022,A,047-KY-1357  -000,16.871,0,0,0,0,1,0,0,0,0,0,0,0,0,Y
Pedestrian,Non DAC,72744712,20220305,1539,6,NULL,PINE VALLEY                             ,NULL,DR   ,NULL,NULL,047 CS-1533    ,CS1533                                         ,N,37.75085,-85.89451,9,2022,A,047-CS-1533  -000,0.015,0,0,0,0,1,0,0,0,0,0,0,0,0,Y
Pedestrian,DAC,72749877,20220407,1857,4,NULL,DIXIE                                   ,N ,AVE  ,US0031W ,US0031W ,047 US-31W     ,US0031W                                        ,N,37.71792,-85.87888,9,2022,B,047-US-0031W -000,18.723,0,0,0,1,1,0,0,0,0,0,1,0,0,Y
Pedestrian,Non DAC,72751594,20220416,1645,6,NULL,LINCOLN                                 ,NULL,PKWY ,KY0061  ,KY0061  ,047 KY-61      ,KY0061                                         ,N,37.66956,-85.84517,9,2022,B,047-KY-0061  -000,5.234,0,0,0,0,1,0,0,0,1,0,0,0,0,Y
Pedestrian,DAC,72763383,20220517,1552,2,NULL,RING                                    ,NULL,RD   ,KY3005  ,KY3005  ,047 KY-3005-10 ,KY3005                                         ,N,37.72826,-85.88426,9,2022,A,047-KY-3005  -000,6.536,0,0,0,0,1,0,1,1,0,0,0,0,0,Y
Pedestrian,DAC,72810869,20220903,2130,6,NULL,MULBERRY                                ,N ,ST   ,US0062  ,US0062  ,047 US-62-10   ,US0062                                         ,N,37.70555,-85.84516,9,2022,B,047-US-0062  -000,19.106,0,0,1,0,1,0,0,0,0,0,0,0,0,Y
Pedestrian,DAC,72818704,20221020,813,4,NULL,MULBERRY                                ,N ,ST   ,US0062  ,US0062  ,047 US-62      ,US0062                                         ,N,37.6996,-85.85423,9,2022,C,047-US-0062  -000,18.454,0,0,0,0,1,0,0,0,0,0,0,0,0,Y
Pedestrian,DAC,72824845,20221104,722,5,NULL,DIXIE                                   ,N ,AVE  ,US0031W ,US0031W ,047 US-31W     ,US0031W                                        ,N,37.72906,-85.88437,9,2022,K,047-US-0031W -000,19.536,0,0,0,0,1,0,0,0,0,0,0,0,0,Y
Pedestrian,DAC,72835078,20221128,2040,1,NULL,RING                                    ,NULL,RD   ,KY3005  ,KY3005  ,047 KY-3005    ,KY3005                                         ,N,37.70932,-85.83852,9,2022,O,047-KY-3005  -000,10.569,0,0,0,0,1,0,0,0,0,0,1,0,0,Y
Pedestrian,DAC,72835576,20221128,1910,1,NULL,DIXIE                                   ,W ,AVE  ,US0031W ,US0031W ,047 US-31W     ,US0031W                                        ,N,37.70091,-85.86761,9,2022,B,047-US-0031W -000,17.373,0,0,0,0,1,0,1,0,0,0,1,0,0,Y
Pedestrian,DAC,72844334,20221214,1951,3,NULL,MULBERRY                                ,N ,ST   ,US0062  ,US0062  ,047 US-62-10   ,US0062                                         ,N,37.71201,-85.83311,9,2022,A,047-US-0062  -000,19.892,0,0,0,1,1,0,0,0,0,0,0,0,0,Y
Pedestrian,DAC,72848512,20221220,2158,2,NULL,DIXIE                                   ,E ,AVE  ,US0031W ,US0031W ,047 US-31W     ,US0031W                                        ,N,37.67346,-85.84576,9,2022,A,047-US-0031W -000,15.046,0,0,0,0,1,0,0,0,0,0,1,0,0,Y